time,flux,flux_err
2460312.8670129837,2058.2830810546875,0.87795366142678
2460312.875114638,2061.04201171875,1.0142865701480728
2460312.8820589134,2058.780234375,1.0141152725945
2460312.889003188,2059.4593359375,1.0142194444648849
2460312.8959474624,2056.936640625,1.0133742775336554
2460312.902891738,2057.8742578125,1.0136408090871905
2460312.9098360124,2057.74810546875,1.0140019755899043
2460312.916780287,2057.77921875,1.0142341259107688
2460312.9237245615,2057.71388671875,1.0138609270407664
2460312.930668835,2057.91943359375,1.0136498619722838
2460312.937613109,2057.50177734375,1.0135406727468095
2460312.944557383,2058.0277148437503,1.0139301693670315
2460312.9515016573,2058.03919921875,1.0138755962314057
2460312.957288552,2059.9238671875,1.241862130350998
2460312.965390205,2056.47609375,1.0135275675551945
2460312.972334478,2058.1937695312504,1.0135192690123755
2460312.979278752,2055.59619140625,1.0131666234805723
2460312.9862230252,2057.36232421875,1.0137767815402294
2460312.9931672984,2057.5698632812496,1.0138861820811467
2460313.0001115715,2057.4791015625,1.0138212743149912
2460313.0070558446,2056.6078710937504,1.0134510185251446
2460313.0140001173,2057.948671875,1.0144407352226066
2460313.0209443904,2055.63849609375,1.0133144397382614
2460313.027888663,2057.27490234375,1.0135329880432717
2460313.034832936,2057.13421875,1.0139395624991412
2460313.041777208,2057.9251757812503,1.0136604657699635
2460313.04872148,2057.8473632812506,1.0142768835825247
2460313.0556657524,2058.5843554687503,1.01367098975044
2460313.062610025,2056.48787109375,1.0131772970625372
2460313.0695542973,2059.2926953125,1.0141865899601457
2460313.076498569,2058.1960546875002,1.0135302813091478
2460313.0834428407,2055.2733984375004,1.0131858504775104
2460313.0903871125,2057.2952929687503,1.0136087293913683
2460313.097331384,2059.2106640625,1.0146198146247134
2460313.1042756555,2056.96330078125,1.0136350775425582
2460313.1112199277,2057.2482421875,1.0139821505497526
2460313.118164199,2059.47990234375,1.013865615827269
2460313.1251084697,2058.10177734375,1.0134419486899802
2460313.1320527415,2058.41466796875,1.0141747002907677
2460313.1389970123,2061.32701171875,1.0146702354766497
2460313.145941283,2059.8779296875,1.013948241283766
2460313.152885554,2059.72423828125,1.0137467407208216
2460313.1598298247,2059.8043359375,1.0142383660198115
2460313.1667740955,2060.78326171875,1.0142009602410533
2460313.1737183663,2059.3946484375,1.0141311844933307
2460313.180662637,2058.1940625,1.013896516614686
2460313.187606907,2059.6876171875,1.013748828681229
2460313.1945511773,2058.6021679687497,1.0136963303631514
2460313.2014954477,2059.38158203125,1.013752985625708
2460313.208439718,2060.1618750000002,1.0142605007962067
2460313.2153839883,2060.6459765625,1.0143669247754705
2460313.222328258,2061.0755273437503,1.0142193894362077
2460313.229272528,2062.1705859375,1.0148598185265754
2460313.236216798,2061.9143554687503,1.0147236446502845
2460313.243161068,2059.488046875,1.0138535700754987
2460313.2501053377,2061.52453125,1.01411001416311
2460313.2570496066,2063.0056640625003,1.0149536596751678
2460313.2639938765,2061.695859375,1.0146263628497998
2460313.2709381455,2060.4525,1.0143470107910129
2460313.2778824153,2060.5966406250004,1.0141590426751108
2460313.2848266843,2060.3381835937503,1.0144237916456627
2460313.2917709537,2062.6330078125,1.0145650725914925
2460313.298715223,2067.9344531250003,1.0159156744215208
2460313.305659492,2071.5792187500006,1.0161399937292166
2460313.3126037605,2077.22953125,1.01737224721032
2460313.3195480295,2084.6141015625,1.01912803017562
2460313.3264922984,2089.385390625,1.0199134495263618
2460313.333436567,2099.2930078125,1.0220537014704145
2460313.340380836,2111.17341796875,1.0241471988848299
2460313.347325104,2127.3880078125,1.027884956829174
2460313.3542693723,2141.6204882812503,1.0301432663630345
2460313.361213641,2161.39078125,1.0342665396354978
2460313.3681579097,2185.64865234375,1.039093520011656
2460313.3751021777,2208.69240234375,1.043597442630301
2460313.3820464457,2237.1059765625,1.049317064827411
2460313.388990714,2267.9670703125,1.0552169021053277
2460313.395934982,2297.570390625,1.0601214767127944
2460313.4028792502,2328.2539453125005,1.0663047497755578
2460313.409823518,2363.6821875,1.073613436076148
2460313.416767786,2401.25724609375,1.0799971847313514
2460313.423712054,2441.276484375,1.0879828483016258
2460313.4306563213,2481.67951171875,1.0953450644055926
2460313.4376005894,2524.589296875,1.103374238870913
2460313.444544857,2565.46107421875,1.1108897615125117
2460313.4514891244,2607.84486328125,1.1187685681718242
2460313.4584333915,2643.32935546875,1.1249047113764525
2460313.4653776595,2680.6090429687497,1.1315036501044387
2460313.4723219266,2719.7726953124998,1.1390711917348697
2460313.479266194,2755.9608984374995,1.145425937232177
2460313.4862104612,2798.0958984375006,1.1530249924617586
2460313.4931547283,2837.5668750000004,1.1601967762326242
2460313.500098996,2880.1906640625,1.1678394582639462
2460313.507043263,2921.4273632812497,1.1748762021848045
2460313.51398753,2968.3405078124997,1.1831992910869784
2460313.520931797,3016.90453125,1.1921329570324433
2460313.5278760637,3062.120390625,1.1993957323450206
2460313.534820331,3110.1929296875,1.2075089476547967
2460313.5417645974,3161.6503125,1.2160848484754412
2460313.548708864,3213.0178125,1.2246932941512891
2460313.555653131,3261.8610937500002,1.2328089634398898
2460313.5625973977,3312.8446874999995,1.2414379377391074
2460313.569541665,3364.534921875,1.249605339333763
2460313.5764859314,3410.8873828125,1.2576632005850195
2460313.5834301976,3455.5869140625,1.264478313959384
2460313.590374464,3503.566640625,1.2728622021548959
2460313.597318731,3543.999609375,1.2789182252297857
2460313.604262997,3583.679296875,1.2851324308438252
2460313.6112072635,3619.1355468750003,1.2912005424860504
2460313.61815153,3652.2383203125005,1.2963379999448639
2460313.6250957963,3688.4749218750003,1.3021057076619704
2460313.632040063,3716.7837890625,1.3063017111567061
2460313.6389843286,3748.0461328124998,1.311184235786591
2460313.645928595,3772.957734375,1.3156039536333997
2460313.652872861,3801.8445703125,1.3197494940520564
2460313.6598171275,3825.8252343750005,1.323405922985582
2460313.666761393,3851.1326953125003,1.3275351097527701
2460313.67370566,3873.38296875,1.330853389946212
2460313.6806499255,3894.2237109375,1.3342088414527817
2460313.6875941916,3913.8987890625,1.3374056241675236
2460313.6945384573,3930.6365625000003,1.3402508090037644
2460313.701482723,3949.4196093749997,1.3425383362640009
2460313.708426989,3962.8133203125,1.344675724775504
2460313.715371255,3979.589296875,1.3472039435072334
2460313.7223155205,3995.630390625,1.350069990465917
2460313.7292597867,4007.7489843749995,1.351882343588388
2460313.7362040523,4025.729765625,1.354758868516197
2460313.743148318,4043.0187890624998,1.3572215063806972
2460313.7500925832,4064.0946093750003,1.3607218166234185
2460313.7570368494,4084.9884375,1.363030270320386
2460313.763981115,4104.918984375,1.3663467921531929
2460313.7709253808,4122.9711328125,1.3690829663378776
2460313.777869646,4142.213203125,1.3722202328929827
2460313.784813912,4159.2592968750005,1.3746123626204314
2460313.791758178,4178.7459375,1.377625242548504
2460313.798702443,4198.1479687500005,1.3806163556803768
2460313.8056467087,4214.411484375,1.3829964876636958
2460313.812590974,4233.268359375,1.3853990209557994
2460313.819535239,4249.453125,1.388070728282566
2460313.8264795053,4267.490859375,1.3903799583366758
2460313.8334237705,4284.4845703125,1.3926644053163635
2460313.8403680357,4303.7068359375,1.3957938382528823
2460313.847312301,4322.095078125,1.3989585094525943
2460313.8542565666,4339.65609375,1.4012391361496093
2460313.861200832,4354.613906250001,1.4038300564873312
2460313.8681450975,4365.042070312499,1.4052080316821938
2460313.8750893627,4370.511328125001,1.4059687857356644
2460313.882033628,4378.21171875,1.4065898904627454
2460313.888977893,4382.9335546875,1.4075096370815532
2460313.8959221584,4392.7850390625,1.4087502462933472
2460313.9028664236,4392.869882812501,1.4091894198020356
2460313.909810689,4396.481484375,1.409311822196382
2460313.916754954,4397.975976562499,1.4098880138102838
2460313.9236992192,4400.6119921875,1.4097687089115958
2460313.9306434845,4405.7312109375,1.4107802295650476
2460313.9375877497,4410.8130468750005,1.411694238259928
2460313.944532015,4413.516210937501,1.411876326139007
2460313.95147628,4418.970117187499,1.4129538260684475
2460313.9584205453,4426.009687500001,1.413635553568258
2460313.9653648105,4429.5099609375,1.414581298080744
2460313.9723090758,4442.4404296875,1.416034047907779
2460313.979253341,4448.808281250001,1.4169316425922815
2460313.986197606,4457.681953124999,1.418615104339868
2460313.9931418714,4466.600976562499,1.4198566730660602
2460314.0000861366,4475.415820312501,1.4207851648693675
2460314.007030402,4480.5950390625,1.4215969247176166
2460314.013974667,4488.196171875,1.4224720251300553
2460314.0209189323,4493.6600390625,1.4234945517827053
2460314.027863197,4503.4669921875,1.424677545488638
2460314.0348074622,4508.8967578125,1.4257459381477517
2460314.0417517275,4512.172500000001,1.425691292831922
2460314.048695992,4514.124140625,1.4261484383856071
2460314.0556402574,4516.1634375,1.4266401785173588
2460314.0625845226,4517.9569921875,1.4266854218916842
2460314.069528788,4520.480156250001,1.4271986767768448
2460314.076473053,4522.104140625001,1.427207221277284
2460314.0834173183,4520.605546875001,1.4271759611076593
2460314.0903615835,4521.756445312501,1.4274745363189583
2460314.0973058487,4520.5531640625,1.4270201363198816
2460314.104250114,4516.058906249999,1.426403347223623
2460314.111194379,4516.13765625,1.4263452268577421
2460314.1181386434,4510.5727734375,1.4256977628680936
2460314.1250829087,4509.71625,1.4254580312339
2460314.132027174,4504.8765234375,1.4243127461640024
2460314.138971439,4503.3608203125,1.4243830633338115
2460314.1459157043,4500.082734375,1.4239241479679254
2460314.1528599695,4496.236406250001,1.4234013613947702
2460314.1598042347,4489.298554687501,1.422743942815055
2460314.1667485,4486.059960937499,1.422375813282229
2460314.173692765,4478.8949999999995,1.4214789392887228
2460314.1806370304,4472.842031250001,1.420033112314579
2460314.1875812956,4466.8321875,1.419078867360241
2460314.194525561,4461.513515625,1.4187039629556344
2460314.201469826,4450.7874609375,1.4173480496661812
2460314.2084140913,4443.19359375,1.4160192165554089
2460314.2153583565,4436.2458984375,1.4151592080160995
2460314.2223026217,4434.954492187501,1.414599097420309
2460314.229246887,4430.878007812501,1.4139324754057334
2460314.236191152,4423.3318359375,1.4129246023152202
2460314.2431354173,4419.3178125,1.412358726850201
2460314.2500796826,4412.636484375001,1.4113078406400437
2460314.257023948,4405.8849609375,1.4105269360801014
2460314.263968213,4400.4690234375,1.4095789037234763
2460314.270912478,4389.703710937501,1.4081359306729595
2460314.2778567444,4375.408359375,1.4062271254939762
2460314.2848010096,4364.547890625,1.4042757733657378
2460314.291745275,4349.904609375,1.4019228319879853
2460314.2986895405,4336.3421484375,1.400423138935941
2460314.3056338057,4318.82015625,1.3972563026090425
2460314.3125780714,4298.4404296875,1.3945525764018554
2460314.3195223366,4274.519765625001,1.3914630934360757
2460314.326466602,4257.6323437500005,1.3885992289997633
2460314.333410867,4233.2951953125,1.385172283629865
2460314.340355133,4215.682031249999,1.3823005078601556
2460314.3472993984,4194.314062500001,1.378877756108931
2460314.354243664,4167.820546875,1.3751489718131358
2460314.3611879293,4152.12140625,1.372417747181762
2460314.368132195,4130.654062500001,1.3690871715155897
2460314.37507646,4115.1721875,1.3670464027041387
2460314.3820207263,4095.55265625,1.3644667397583765
2460314.388964992,4082.8327734375002,1.362452145818482
2460314.3959092577,4074.6325781250002,1.3614153895109526
2460314.402853523,4062.8775,1.359311861104648
2460314.409797789,4051.359375,1.3581049711021809
2460314.4167420547,4042.7501953125006,1.3566244329382746
2460314.4236863204,4038.9912890625,1.3558963430018023
2460314.4306305856,4034.8134374999995,1.3552229039568617
2460314.437574852,4030.4601562499997,1.35448897849116
2460314.4445191175,4031.898984375,1.3547618782747914
2460314.451463383,4033.6754296875006,1.354960161716071
2460314.4584076456,4035.2307421875,1.3553228552688894
2460314.4653519113,4037.6394140625,1.3558631892311155
2460314.472296177,4038.0038671875004,1.3561551492722055
2460314.479240443,4039.5720703125003,1.3564530061538738
2460314.4861847092,4044.8797265625,1.3566709414057667
2460314.493128975,4046.9872265625,1.3571313432200593
2460314.500073241,4048.7186718750004,1.356950918735284
2460314.5070175068,4053.3692578124997,1.358582714271306
2460314.5139617734,4053.4348828125003,1.3583718874550073
2460314.520906039,4055.8908984375,1.3580563511360033
2460314.5278503057,4058.9305078125,1.3588181301485458
2460314.5347945713,4061.4065625000003,1.359626630298137
2460314.5417388375,4065.3192187500003,1.3596772674583797
2460314.5486831036,4068.5241796875002,1.36027159646462
2460314.5556273703,4069.0330078125003,1.36051638409809
2460314.562571636,4068.120703125,1.3600179440440676
2460314.5695159025,4068.2675390625004,1.3605199888793258
2460314.5764601687,4066.027265625,1.3597710334845383
2460314.5834044353,4070.8562109375002,1.3603023675440395
2460314.5903487015,4072.956328125,1.3607987239286252
2460314.5972929676,4073.6190234375003,1.36099389703768
2460314.604237234,4077.2997656249995,1.3615832098662837
2460314.611181501,4079.1699609375005,1.361816646895983
2460314.618125767,4077.7899609375,1.3614176700346885
2460314.6250700336,4080.2560546874997,1.361687521537972
2460314.6320143,4079.29640625,1.361981607240078
2460314.6389585664,4080.4299609375,1.36156634203293
2460314.6459028334,4081.4092968749997,1.3622554700412175
2460314.6528471,4079.3694140625,1.3617574998136117
2460314.6597913667,4080.0950390625003,1.3622738914550923
2460314.666735633,4078.727109375,1.3615402879848617
2460314.6736799,4078.17515625,1.3614554799364014
2460314.6806241665,4077.6169921875003,1.3611961242639057
2460314.6875684336,4078.5069140625,1.361495355838487
2460314.6945127,4076.7762890625,1.361498367541315
2460314.7014569673,4075.0475390625,1.361536119371464
2460314.708401234,4078.865390625,1.3617413640161098
2460314.715345501,4081.1987109375004,1.3619162889101701
2460314.722289768,4082.1001171874996,1.3619809664907605
2460314.7292340347,4085.0666015624997,1.362523803374997
2460314.7361783017,4085.8725,1.3625203904810748
2460314.743122569,4086.0962109375,1.3627359115095556
2460314.750066836,4087.5084375,1.362775638483745
2460314.7570111034,4087.8596484375007,1.3629350426251874
2460314.7639553705,4089.0012890625003,1.3633029605412876
2460314.7708996376,4089.3617578125,1.3629869554200116
2460314.7778439047,4089.8690625000004,1.3629587410480168
2460314.784788172,4089.3319921875004,1.3630303904310959
2460314.7917324393,4096.845,1.3640949023903166
2460314.798676707,4096.116445312501,1.3639177017896535
2460314.805620974,4103.6164453125,1.3652857452657525
2460314.8125652415,4102.797421875,1.3648796229504983
2460314.819509509,4102.5699609375,1.36497850813318
2460314.8264537766,4104.6708984375,1.3652800130597447
2460314.833398044,4107.294375,1.365855106999284
2460314.840342311,4108.0154296875,1.3661838382868063
2460314.847286579,4110.4386328125,1.3661835074467132
2460314.8542308467,4112.10796875,1.3665782073555581
2460314.8611751143,4116.597890624999,1.3671604073695642
2460314.8681193823,4117.668515625,1.3671057778785505
2460314.8750636503,4124.305078125,1.368377763449096
2460314.8820079174,4123.1527734375,1.368113001200489
2460314.888952186,4129.37390625,1.3693017025178202
2460314.8958964534,4134.91828125,1.3699353038682753
2460314.902840722,4140.3631640625,1.3704998054351665
2460314.9097849894,4145.143359375,1.371199194792699
2460314.916729258,4151.3750390625,1.3723602850571472
2460314.9236735255,4154.506171875,1.372778907834508
2460314.930617794,4163.073515625,1.3736537844864676
2460314.9375620615,4169.246953125,1.374877616858223
2460314.94450633,4177.4485546875,1.3762486929200801
2460314.951450598,4178.3572265625,1.3765254248420626
2460314.9583948664,4181.8812890625,1.377266017762305
2460314.965339135,4187.4296484375,1.377684692134457
2460314.972283403,4187.7887109375,1.3779576389949135
2460314.9792276714,4187.5369921875,1.3775774553826858
2460314.98617194,4187.061445312501,1.3779484679476435
2460314.993116209,4188.6711328125,1.3780065271083084
2460315.000060477,4188.161718750001,1.3777337289493419
2460315.0070047453,4189.92890625,1.3780892238635907
2460315.013949014,4191.6048046875,1.3779934972309456
2460315.0208932827,4192.830234375,1.379258284976298
2460315.0278375517,4191.708046875,1.378815156735481
2460315.0347818206,4192.6050000000005,1.3784910179762202
2460315.0417260886,4193.94796875,1.378838544090294
2460315.0486703576,4194.1430859375,1.3787138818177673
2460315.0556146265,4192.9941796875,1.3788234112965922
2460315.0625588954,4189.881914062501,1.3780390116731995
2460315.0695031644,4188.4468359375,1.3781483097686476
2460315.0764474333,4184.76375,1.3772600013212057
2460315.0833917023,4183.3618359375005,1.3768384818566008
2460315.090335971,4185.9317578125,1.3774912014267968
2460315.09728024,4183.5373828125,1.3778391788616753
2460315.1042245096,4178.28515625,1.3761660209682995
2460315.111168779,4176.2094140625,1.3761304436115296
2460315.118113048,4178.038007812501,1.3760282174957916
2460315.125057318,4176.518203125,1.3758568740169295
2460315.1320015867,4179.7529296875,1.3762171714209297
2460315.138945856,4180.574296875,1.376744729227475
2460315.1458901255,4181.444414062499,1.376703699226953
2460315.1528343954,4182.622265625,1.3768324577760438
2460315.1597786644,4187.2855078125,1.3773065096305588
2460315.166722934,4185.9959765625,1.3772195019904874
2460315.173667204,4183.8290625,1.3768878341742419
2460315.1806114735,4185.94546875,1.3778030695147603
2460315.1875557434,4186.235742187499,1.3777175998995246
2460315.194500013,4185.7096875,1.3773837335617751
2460315.2014442827,4186.159570312499,1.377089198700351
2460315.2083885525,4187.5196484375,1.3773434424586875
2460315.2153328224,4183.7240625,1.3770076992291091
2460315.2222770923,4181.1894140625,1.376515726605074
2460315.2292213626,4179.8523046875,1.3764898187767438
2460315.236165633,4175.9368359375,1.3760454596078944
2460315.243109903,4172.321953125001,1.3749905128597273
2460315.2500541727,4163.8060546875,1.3739746723839437
2460315.256998443,4155.8881640625,1.3723982055861317
2460315.2639427134,4144.5031640625,1.370942112782539
2460315.2708869837,4137.97265625,1.3699304929551934
2460315.277831254,4126.86796875,1.3684051581543717
2460315.284775524,4115.2294921875,1.3666500724476756
2460315.2917197947,4099.8765234375,1.364367584703789
2460315.298664065,4080.21421875,1.3614203612475615
2460315.305608336,4065.7478906250003,1.3593908262512355
2460315.312552606,4046.2243359375,1.356780287353592
2460315.319496877,4021.2329296875,1.3528091581157524
2460315.326441148,4002.9108984375002,1.3499472276375943
2460315.3333854186,3977.2099218750004,1.3458112762138075
2460315.3403296894,3954.0635156250005,1.3424392827526936
2460315.3472739602,3927.1512890625,1.338148271376144
2460315.354218231,3903.93234375,1.3346907362833778
2460315.361162502,3884.589140625,1.3316867920812456
2460315.3681067727,3866.3933203125002,1.3291535797003071
2460315.375051044,3847.274765625,1.325963449554896
2460315.381995315,3832.5046875000003,1.3237783740965494
2460315.388939586,3820.88859375,1.3225309160628387
2460315.3958838577,3809.8241015625003,1.320794498587616
2460315.4028281285,3803.7254296875,1.319593712072539
2460315.4097724,3801.4414453124996,1.3190231938334729
2460315.416716671,3797.4223828125,1.3183715328481507
2460315.423660943,3800.9385937499997,1.3187935153495143
2460315.4306052146,3796.7298046875,1.31844582222913
2460315.4375494854,3793.1433984375003,1.317749941465869
2460315.4444937576,3790.6641796875006,1.3173841178434953
2460315.451438029,3796.4852343750003,1.3180330652591834
2460315.458382301,3805.4565234375004,1.319659905396049
2460315.4653265723,3814.8469921875003,1.320982632845447
2460315.472270844,3823.1428125,1.3224945272438258
2460315.479215116,3834.7849218750002,1.3242549512498538
2460315.486159388,3848.3245312500003,1.3266653759171587
2460315.4931036597,3856.310390625,1.3275194371710433
2460315.500047932,3865.6740234374997,1.3299492830144974
2460315.5069922036,3877.8341015624997,1.3304802249371637
2460315.5139364754,3886.8162890625003,1.3319971287987953
2460315.520880748,3896.404921875,1.3337229958988555
2460315.5278250203,3904.7606250000003,1.3346194571377763
2460315.5347692925,3908.589140625,1.3352271401831972
2460315.5417135647,3913.6273828125,1.3362393266394246
2460315.548657837,3919.1240624999996,1.3371407926433754
2460315.5556021095,3923.1563671874997,1.3374570485422224
2460315.5625463817,3929.970703125,1.3385230959196737
2460315.5694906544,3932.9356640624997,1.3387416855516279
2460315.576434927,3936.3840234375,1.339332009241078
2460315.5833791997,3936.5647265625,1.3399745715690312
2460315.5903234724,3938.1491015624997,1.3398002086057457
2460315.597267745,3942.7991015625,1.3408393108777867
2460315.6042120177,3938.6799609375,1.3403499691183718
2460315.6111562904,3940.7409375,1.340042082923092
2460315.6181005635,3936.0458203125,1.3396789425293945
2460315.6250448367,3937.6576171875004,1.340256896379051
2460315.6319891093,3937.3946484374997,1.339715615456356
2460315.6389333825,3932.66625,1.3389733435375513
2460315.6458776556,3933.110859375,1.3390322551196112
2460315.6528219287,3933.9698437499997,1.3390967272526373
2460315.659766202,3928.482421875,1.3384355708145945
2460315.666710475,3931.1219531250003,1.3387226622107284
2460315.6736547486,3926.7033984375,1.3385395449467008
2460315.680599022,3924.4580859375005,1.3378842748595983
2460315.6875432953,3924.3261328125004,1.338208670731764
2460315.694487569,3926.5917187500004,1.3378948121469394
2460315.7014318425,3928.1765625000003,1.3382445429668433
2460315.7083761166,3927.6044531250004,1.3382633352928286
2460315.7153203897,3931.0583203125,1.3387966240230529
2460315.722264664,3933.3941015625,1.3392551832014672
2460315.729208937,3935.794921875,1.3400238477216988
2460315.736153211,3938.2620703125,1.339711152847243
2460315.743097485,3941.7727734375003,1.3406569386484855
2460315.7500417586,3943.66734375,1.3407260355443
2460315.7569860327,3945.9540234375,1.3411919035319124
2460315.7639303072,3950.6748046875,1.341731002822334
2460315.770874581,3952.5767578125,1.3426003185756858
2460315.777818855,3951.4676953125004,1.3420012602415172
2460315.7847631294,3953.9327343749997,1.3423962014411377
2460315.7917074035,3953.531953125,1.342223909207273
2460315.798651678,3956.4891796875,1.3426681364327742
2460315.8055959526,3956.2801171875,1.3423841555326004
2460315.812540227,3956.1397265625,1.3424704459823014
2460315.8194845016,3953.62453125,1.3419961054694578
2460315.826428776,3952.5240234375,1.3418648665102577
2460315.8333730507,3954.875625,1.3421236909378405
2460315.840317325,3946.7033203124997,1.341033810438086
2460315.8472615997,3946.5016406249997,1.3413181421479363
2460315.8542058747,3940.6151953125004,1.3406454334582234
2460315.8611501497,3936.3946875,1.3392781733559003
2460315.8680944243,3935.2027734375,1.339454560038564
2460315.8750386992,3928.5553125000006,1.3381001193085584
2460315.8819829742,3924.4553906250003,1.3375639252958837
2460315.8889272497,3923.4120703125004,1.3380868252970293
2460315.8958715247,3921.8415234375,1.3369529493287284
2460315.9028157997,3922.499296875,1.3372865791359363
2460315.909760075,3920.57671875,1.3372124215662815
2460315.91670435,3922.8856640625004,1.3373784600768854
2460315.9236486256,3925.4677734375,1.3381705506799628
2460315.930592901,3927.6742968750004,1.3386131671687564
2460315.9375371765,3929.6786718750004,1.3385887156583782
2460315.9444814525,3936.5792578125,1.3397033002742216
2460315.951425728,3935.2189453124997,1.3393670193780454
2460315.9583700034,3941.634609375,1.340630965956023
2460315.965314279,3943.17328125,1.3404116265005408
2460315.972258555,3944.4629296874996,1.3407663875150921
2460315.9792028307,3945.915703125,1.3412723597741276
2460315.986147106,3949.6212890624997,1.3411578362853682
2460315.9930913826,3945.7373437499996,1.340913401275044
2460316.0000356585,3944.7111328124997,1.3406185041140208
2460316.0069799344,3943.064296875,1.3402371846400916
2460316.013924211,3939.68765625,1.340221066468297
2460316.020868487,3936.0439453125,1.3395948793116765
2460316.0278127627,3932.7451171875,1.3390399223435434
2460316.034757039,3928.1526562500003,1.3385917761704091
2460316.0417013154,3923.701171875,1.3374970295825284
2460316.048645592,3918.6417187499997,1.3367909827194537
2460316.055589866,3914.1704296875,1.3358182890974508
2460316.062534141,3904.256015625,1.334843848625612
2460316.069478418,3900.2022656249997,1.3337396338533136
2460316.0764226946,3889.338515625,1.3321572902889451
2460316.0833669715,3881.9763281250002,1.3311544322463973
2460316.0903112483,3875.9963671875,1.330246683948121
2460316.0972555247,3867.1239843750004,1.3288043334951196
2460316.104199802,3857.3407031250003,1.3273853269010283
2460316.111144079,3849.4282031250004,1.326007808852354
2460316.1180883558,3840.5593359375002,1.3250956510663847
2460316.125032633,3831.9970312499995,1.3241261480363116
2460316.1319769104,3826.1971875000004,1.322674631171697
2460316.138921187,3817.3987500000003,1.3211034194562816
2460316.1458654646,3809.118515625,1.3197353860172922
2460316.152809742,3802.0435546875,1.318639519012267
2460316.159754019,3797.4866015625,1.3184081268364922
2460316.1666982966,3798.169453125,1.3187306569117958
2460316.1736425743,3794.4578906250003,1.317679098276063
2460316.1805868517,3796.7593359375,1.3180888575009162
2460316.187531129,3796.4483203125,1.3182139448462484
2460316.194475407,3796.835390625,1.3178852069362488
2460316.201419685,3798.5439843750005,1.3182267891632224
2460316.208363963,3798.499453125,1.3182243732030743
2460316.21530824,3798.9249609375,1.318288213629171
2460316.2222525184,3800.405859375,1.3183691272881892
2460316.229196796,3802.17046875,1.3186829253034908
2460316.2361410744,3804.37125,1.3190387127408376
2460316.2430853527,3802.8937500000006,1.3192423632225205
2460316.2500296305,3801.3834375,1.3185533396716516
2460316.2569739087,3795.0418359375,1.3178846041209251
2460316.263918187,3789.3643359375,1.3169278784675809
2460316.2708624653,3783.2007421875,1.315657688106063
2460316.2778067435,3776.5887890625004,1.3150039549271662
2460316.2847510222,3766.1267578124994,1.312970809507757
2460316.2916953005,3757.7489062500003,1.3120767370937145
2460316.298639579,3746.1720703124997,1.310514425636515
2460316.3055838584,3735.4114453125003,1.3089774159974403
2460316.3125281367,3722.2440234375003,1.3066071146438427
2460316.3194724154,3709.798828125,1.3043555458594038
2460316.3264166946,3693.3465234375,1.3020188316997712
2460316.3333609733,3673.8526171875,1.2988684032301283
2460316.340305252,3652.3884375000002,1.2956809123750415
2460316.3472495317,3633.8813671874996,1.2930031272036453
2460316.3541938104,3614.3192578125,1.2893271236241015
2460316.3611380896,3596.06296875,1.2863059702735324
2460316.3680823687,3580.011093750001,1.2846724499681106
2460316.375026648,3565.53,1.2817846079442032
2460316.381970927,3553.9044140624997,1.2798838069311727
2460316.388915207,3540.9768750000003,1.2777082780178775
2460316.395859486,3528.8588671875004,1.2758346264334957
2460316.4028037656,3521.2875000000004,1.2747418513918463
2460316.4097480453,3514.8617578125,1.2741940518103252
2460316.4166923244,3510.7264453125003,1.2730433483664425
2460316.4236366046,3510.8494921875003,1.2728535856914682
2460316.430580884,3507.7048828125003,1.272736258226476
2460316.437525164,3506.97140625,1.2722697928423106
2460316.444469444,3509.9471484375003,1.2729106834965493
2460316.451413724,3510.8838281249996,1.2736599714225025
2460316.458358004,3511.1695312499996,1.2731350449697802
2460316.4653022843,3513.225937500001,1.2733858606473685
2460316.4722465635,3517.78640625,1.2741176422685718
2460316.4791908446,3516.2548828125,1.273724956177018
2460316.4861351247,3523.048828125,1.2751953180001794
2460316.493079405,3527.0973046875006,1.275550844131044
2460316.500023685,3533.5646484374997,1.2766870910910593
2460316.5069679655,3539.2549218750005,1.2775634989091034
2460316.513912246,3543.566015625,1.2779343724288974
2460316.520856526,3548.580703125,1.2788911605289728
2460316.5278008073,3553.9275000000002,1.2794654832351127
2460316.534745088,3557.6973046875005,1.2804289670368203
2460316.5416893684,3559.4211328124998,1.2804810623475784
2460316.5486336495,3558.928359375,1.2805265399895067
2460316.5555779305,3560.3532421875,1.2805864213262679
2460316.5625222116,3558.0830859375,1.2803920517016547
2460316.569466492,3559.263046875,1.2807594539127296
2460316.5764107737,3557.3438671874997,1.2805492046296965
2460316.5833550547,3558.246328125,1.280881069731318
2460316.590299336,3559.673671875,1.281029906752192
2460316.597243617,3561.4103906250007,1.2808072089948785
2460316.6041878983,3562.9860937500002,1.2812118485709634
2460316.61113218,3565.8460546875,1.2818303981076962
2460316.618076461,3571.5800390625004,1.2824513099281327
2460316.625020743,3574.6587890625,1.2829674683115184
2460316.631965024,3579.5401171875,1.283838858624873
2460316.638909306,3581.68734375,1.2848128483934558
2460316.645853588,3583.266328125,1.2842162617928115
2460316.652797869,3586.3078124999997,1.2846795752936413
2460316.659742151,3587.1469921875,1.2852601279865317
2460316.666686433,3591.7921874999997,1.2859574875983477
2460316.673630715,3594.1001953125,1.2860994227509492
2460316.680574997,3594.7246875,1.2859864762670963
2460316.687519279,3595.6790625,1.2863953994881712
2460316.694463561,3598.7935546875,1.2866862733558406
2460316.701407843,3599.5105078125,1.2869421608654108
2460316.7083521257,3606.4305468750003,1.2878805191001108
2460316.715296408,3607.8692578124997,1.288267012410033
2460316.7222406906,3613.3212890625,1.2890842923300303
2460316.7291849726,3614.8580859374997,1.2894546392846042
2460316.7361292555,3620.8114453125004,1.2905934379424406
2460316.743073538,3626.7186328125003,1.2912745706179483
2460316.7500178204,3632.9040234375,1.29207064076215
2460316.756962104,3634.9562109375,1.29257092677777
2460316.763906386,3642.7028906250002,1.294150318806482
2460316.770850669,3651.4887890625,1.2951582483363133
2460316.777794952,3656.92828125,1.295949104099542
2460316.7847392354,3665.261953125,1.2973127303793632
2460316.791683518,3671.4610546875006,1.298462884257709
2460316.7986278012,3677.6823046874997,1.2991597263410735
2460316.805572084,3678.1695703125,1.2993348555148685
2460316.8125163675,3676.258359375,1.2992434015261431
2460316.819460651,3674.8778906250004,1.29891747000822
2460316.8264049343,3672.5192578125,1.2982753384884533
2460316.8333492177,3665.8702734375,1.2973847501128264
2460316.840293501,3663.41625,1.2973202989428567
2460316.8472377844,3655.4405859375,1.2956577809102827
2460316.8541820683,3649.2835546875,1.294975726653139
2460316.861126352,3644.2481249999996,1.2942226030778972
2460316.8680706355,3640.6191796875005,1.293580616301398
2460316.87501492,3637.3038281249997,1.2928544991036646
2460316.8819592036,3634.0115625000003,1.2924011865691059
2460316.8889034875,3629.0226562500006,1.2918950565024379
2460316.8958477713,3624.410859375,1.2907566722142125
2460316.902792055,3625.2698437500003,1.290941748757895
2460316.9097363395,3624.7450781249995,1.2908941693635045
2460316.916680624,3627.466640625,1.2911639842457423
2460316.923624908,3628.0611328125,1.291310073300137
2460316.9305691924,3630.582421875,1.2918053656670403
2460316.9375134767,3634.1694140625004,1.2922299504434607
2460316.9444577615,3638.1687890625,1.2929687920985018
2460316.951402046,3642.6590625000003,1.2939885785449352
2460316.95834633,3648.5973046875,1.2947709789041602
2460316.965290615,3652.939921875,1.2953058360941803
2460316.9722348996,3655.751953125,1.2958580557976445
2460316.9791791844,3664.936171875,1.2971682633508141
2460316.986123469,3666.1676953125,1.2976138264805772
2460316.9930677544,3670.3190625,1.297998037985748
2460317.0000120397,3677.1952734375004,1.2993995185893576
2460317.0069563244,3676.4684765625,1.2992251300774482
2460317.013900609,3678.1510546874997,1.299968556207993
2460317.020844895,3682.546875,1.2997193906748814
2460317.0277891797,3681.2009765625003,1.2998820364681543
2460317.034733465,3680.535703125,1.2994580805948543
2460317.04167775,3678.09140625,1.299368225913512
2460317.048622036,3675.6120703125002,1.2989105395834486
2460317.0555663216,3671.1819140625,1.2979825116208297
2460317.0625106073,3666.03375,1.2977094020278201
2460317.069454893,3661.21359375,1.2966570632395436
2460317.0763991787,3654.677109375001,1.2955215017328852
2460317.0833434644,3645.936796875,1.2942779091699326
2460317.09028775,3635.685234375,1.2931198444244139
2460317.097232036,3623.7035156250004,1.2906938072799272
2460317.1041763215,3614.6691796874998,1.2893184091483703
2460317.1111206077,3602.9521875000005,1.2872442645599316
2460317.118064894,3590.4610546874997,1.2854002922472727
2460317.12500918,3575.2698046875,1.2832848292710906
2460317.131953466,3566.9087109375,1.281609037673848
2460317.1388977524,3556.5373828125,1.2799412804273371
2460317.1458420386,3544.05328125,1.278035349648799
2460317.152786325,3537.0650390625,1.276820843823093
2460317.159730612,3529.617890625,1.2757454192471163
2460317.1666748985,3523.7562890625,1.2753304259876688
2460317.173619185,3519.1405078125003,1.274079579411777
2460317.1805634717,3511.2426562500004,1.2726819903829931
2460317.1875077584,3512.3129296875,1.2729751072521853
2460317.194452045,3512.8729687500004,1.2729609101473653
2460317.201396332,3511.4667187500004,1.2726406271396506
2460317.208340619,3514.0893749999996,1.2733486078673266
2460317.215284906,3518.15203125,1.2746179275993312
2460317.222229193,3518.7646875000005,1.27451680293524
2460317.22917348,3523.143046875,1.2747269856725303
2460317.236117767,3526.82015625,1.2752358669058719
2460317.2430620547,3529.519453125,1.2757820772263389
2460317.250006342,3531.9542578124997,1.2760518657927173
2460317.2569506294,3532.199765625,1.276170386844082
2460317.263894917,3532.06265625,1.2760239517927627
2460317.2708392045,3532.00734375,1.2762176100517204
2460317.277783492,3528.32671875,1.275413762268813
2460317.2847277797,3527.52609375,1.2753767359958161
2460317.2916720673,3521.9925000000003,1.2748152620971014
2460317.2986163553,3511.1902734375,1.2727487448868855
2460317.3055606433,3499.6571484375,1.271314266862706
2460317.312504931,3491.67703125,1.2702758936478213
2460317.3194492194,3479.4975,1.267685770428529
2460317.3263935074,3469.2994921875,1.2663370150448257
2460317.3333377955,3460.578515625,1.2647423782764988
2460317.340282083,3452.8174218750005,1.2634910492836904
2460317.347226372,3442.3869140625006,1.2617252319954482
2460317.35417066,3432.8295703125004,1.2601657962099422
2460317.3611149485,3422.9190234375,1.2587542709088289
2460317.368059237,3414.2414062500006,1.257515961609155
2460317.3750035255,3408.2175,1.2559481424177312
2460317.381947814,3397.3838671875,1.2545436568171369
2460317.388892103,3395.282578125,1.2540772127428303
2460317.395836392,3389.3998828125004,1.2530095148634355
2460317.4027806805,3379.70859375,1.251150698842648
2460317.4097249694,3376.0841015624997,1.2509176034587857
2460317.4166692584,3370.7555859375,1.2507985451636132
2460317.4236135473,3369.2240625,1.2496577066365382
2460317.4305578363,3367.4189062499995,1.2493767977893606
2460317.4375021253,3367.0639453125,1.2496795979561293
2460317.4444464147,3367.972734375,1.24968553021273
2460317.451390704,3367.4230078125,1.2493532436084525
2460317.4583349936,3365.3073046874997,1.2495748476557749
2460317.4652792825,3362.7303515624994,1.2484879067237267
2460317.4722235724,3361.699921875,1.2485527723186565
2460317.479167862,3363.2223046875,1.2488222524896686
2460317.4861121513,3362.20875,1.2484951522187093
2460317.493056441,3364.8364453125,1.2488778886072607
2460317.5000007306,3365.0898046875004,1.2494362037080828
2460317.5069450205,3369.1367578124996,1.2498086470883942
2460317.5138893104,3364.9586718749997,1.2487649820626174
2460317.5208336003,3364.828828125,1.2489179920575537
2460317.52777789,3364.1915625,1.24909596904889
2460317.5347221806,3364.8791015624997,1.2489491550584293
2460317.5416664705,3363.8661328125004,1.2488389705364409
2460317.5486107613,3359.3626171875003,1.2481568473389866
2460317.555555051,3355.7293359375,1.2474050323037027
2460317.5624993416,3350.757421875,1.246937999657665
2460317.569443632,3348.8643749999997,1.246480336335873
2460317.5763879227,3345.811875,1.2461160425370752
2460317.583332213,3345.6363281249996,1.24562865159104
2460317.5902765035,3343.0589062500003,1.2458776188999268
2460317.5972207948,3343.244296875,1.2456473512698703
2460317.604165085,3342.0411328124997,1.2456010657297643
2460317.611109376,3345.4198828124995,1.2457457615789327
2460317.618053667,3347.3661328125004,1.246510182351268
2460317.624997958,3352.8973828125,1.2470355843720502
2460317.6319422494,3353.7605859375,1.2479181151964307
2460317.6388865397,3358.3252734375,1.248242372577898
2460317.645830831,3361.667578125,1.2481509087597027
2460317.6527751214,3366.3523828125,1.249325310919837
2460317.659719411,3369.7490625000005,1.2500947092366845
2460317.666663702,3372.51890625,1.2500739623522141
2460317.6736079934,3375.49546875,1.250781415956571
2460317.6805522847,3375.2752734375003,1.2508318770067197
2460317.687496576,3377.2730859375,1.250899652462816
2460317.694440868,3376.8359765625005,1.2513720593097861
2460317.7013851595,3381.790546875,1.25161108352558
2460317.7083294517,3380.7535546875,1.2519700816429633
2460317.715273743,3381.723984375,1.2519017178988665
2460317.7222180353,3384.2513671875004,1.2522634476033283
2460317.729162327,3386.0164453125,1.252530239976259
2460317.7361066192,3390.110859375,1.2530125690038667
2460317.743050911,3392.3463281250006,1.2539009522636293
2460317.749995203,3397.4280468750003,1.2549095056584922
2460317.7569394954,3400.7684765625,1.25482542537279
2460317.7638837877,3404.668125,1.2556609850679765
2460317.7708280804,3407.503359375,1.2557026819933428
2460317.7777723726,3408.958828125,1.2562267335207873
2460317.7847166653,3410.3831250000003,1.2564837097034633
2460317.791660958,3410.5399218750003,1.2564670338991875
2460317.79860525,3410.9937890625,1.2562341509051327
2460317.805549543,3407.664140625,1.2563223044214338
2460317.812493836,3404.2126171875,1.2551308110450383
2460317.819438129,3402.0896484375007,1.2549933982215962
2460317.8263824214,3395.0501953125,1.2539175366373307
2460317.8333267146,3388.8120703125,1.25331859627581
2460317.8402710077,3384.0573046874997,1.252318599557092
2460317.847215301,3380.7153515625,1.2514500049171502
2460317.854159594,3373.9216406250002,1.250428919329016
2460317.861103887,3368.1157031250004,1.2492889380818424
2460317.8680481804,3365.7563671875,1.2489216940620131
2460317.8749924744,3366.069609375,1.2491417479606992
2460317.8819367676,3365.5537499999996,1.2492454563043658
2460317.888881061,3367.6959375,1.2496258904064017
2460317.895825355,3368.824453125,1.2496565213618747
2460317.902769648,3370.6564453124997,1.2499339074760258
2460317.9097139426,3371.1220312499995,1.2498900146783918
2460317.916658236,3368.900390625,1.2497087555440123
2460317.9236025293,3371.8128515625,1.2503734903755455
2460317.930546824,3370.8230859375003,1.249894555971475
2460317.9374911175,3369.9861328125003,1.2499257248521085
2460317.944435412,3369.0685546875006,1.2497472877089713
2460317.951379706,3367.9623046875004,1.2497412714619722
2460317.9583240007,3369.7971093749998,1.2497781869870057
2460317.965268295,3367.5384375,1.2496373439755128
2460317.972212589,3370.3024218749997,1.250299383124654
2460317.9791568834,3370.5523828125,1.2499571128536215
2460317.986101178,3371.3953125000003,1.2501799805336482
2460317.9930454725,3372.4153125,1.2500600423038624
2460317.999989767,3371.7909375,1.2501017421245038
2460318.006934062,3374.7003515625,1.2507354249551936
2460318.0138783567,3375.39234375,1.2505909211642559
2460318.0208226517,3379.1142187499995,1.2513879810960742
2460318.0277669467,3383.2065234375004,1.2518893052633875
2460318.0347112417,3385.9428515625004,1.2520464046250304
2460318.0416555367,3387.8860546875003,1.2527917219913602
2460318.0485998318,3391.542890625,1.2532441638449956
2460318.055544127,3391.482421875,1.253249921772915
2460318.062488422,3391.794375,1.253753663153531
2460318.0694327173,3387.1941796875,1.2528990146150174
2460318.0763770128,3386.8987500000003,1.252297607920836
2460318.0833213083,3379.9169531249995,1.2513016917839805
2460318.0902656037,3373.7916796874997,1.2504186365049024
2460318.097209899,3362.4120703124995,1.2485802220247486
2460318.104154195,3356.2117968750003,1.2479552200169572
2460318.1110984907,3346.2167578124995,1.246044507854734
2460318.1180427866,3333.3769921875005,1.2437778913358346
2460318.1249870826,3320.7889453125003,1.2421919669118278
2460318.131931379,3311.565,1.2402447145342395
2460318.1388756745,3300.9930468749994,1.2386012133887705
2460318.145819971,3287.7057421875,1.236499639557014
2460318.152764267,3275.9456250000003,1.2344183017302317
2460318.1597085632,3267.5576953125,1.2333433025196157
2460318.1666528597,3259.3992187500003,1.231820684248554
2460318.1735971556,3250.54453125,1.2300515360725646
2460318.180541452,3243.786796875,1.2292438940037858
2460318.1874857484,3236.1459375,1.2281218922947297
2460318.1944300453,3231.1107421875004,1.2269898632209661
2460318.201374342,3226.6625390625,1.2260716331275296
2460318.208318639,3223.2798046875,1.2255525296779657
2460318.215262935,3224.666484375,1.226023934133743
2460318.222207232,3224.1301171875,1.225863526510087
2460318.229151529,3225.8538281250003,1.22610351492351
2460318.2360958257,3229.8096093749996,1.2267213048646401
2460318.2430401235,3230.3340234375005,1.226966540060451
2460318.2499844204,3230.7475781249996,1.226878809453691
2460318.2569287177,3233.435625,1.2273333426085624
2460318.263873015,3234.200625,1.2272200295828128
2460318.270817312,3235.6703906250004,1.2280670746242848
2460318.2777616098,3236.5681640625003,1.2278356531163046
2460318.284705907,3236.1994921875,1.2278052736807943
2460318.2916502045,3234.369375,1.2274817336734882
2460318.2985945023,3234.7749609375,1.2274459395387238
2460318.3055388,3228.5269921875,1.2263688211799462
2460318.3124830974,3222.2927343750002,1.2254547552515505
2460318.3194273952,3209.554921875,1.2235141025311995
2460318.3263716935,3200.9163281250003,1.2220214783530914
2460318.3333159913,3193.668046875,1.2212627952370456
2460318.340260289,3185.9033203125,1.2195300260518003
2460318.3472045874,3175.525546875,1.2178301235259843
2460318.3541488857,3169.5760546875003,1.216610309416877
2460318.3610931835,3158.9321484374996,1.214861512324364
2460318.3680374823,3150.4449609375,1.2137628568963106
2460318.3749817805,3138.79640625,1.2116795048846767
2460318.381926079,3131.5928906249997,1.2104340414910393
2460318.3888703776,3121.2713671875003,1.2084904772345635
2460318.3958146763,3112.8608203125,1.207555531839243
2460318.402758975,3108.1188281249997,1.2066611796259201
2460318.4097032733,3103.2380859375007,1.2056380775597855
2460318.416647572,3097.3833984375,1.2050877188098803
2460318.4235918713,3091.8247265625,1.2034789789989346
2460318.43053617,3092.1677343750002,1.2036885951304608
2460318.437480469,3089.3758593750003,1.2032219045960926
2460318.4444247684,3090.6330468749998,1.203200080765946
2460318.451369067,3083.954765625,1.2020300597794802
2460318.458313367,3081.9304687500003,1.2021476129391135
2460318.4652576656,3084.9507421875,1.2026091004341688
2460318.4722019653,3086.47265625,1.202799329173059
2460318.479146265,3089.966484375,1.203501736534949
2460318.4860905637,3091.8261328124995,1.2037089130943743
2460318.493034864,3091.518984375,1.2036128192250428
2460318.499979163,3088.7262890625,1.2030893507813283
2460318.506923463,3086.53171875,1.203146205154013
2460318.513867763,3083.8873828125,1.2021510839023657
2460318.520812063,3078.1843359375,1.2014256690463725
2460318.5277563627,3079.773046875,1.201600023391139
2460318.534700663,3076.655625000001,1.2008974485528543
2460318.5416449625,3075.0833203125003,1.2004776773536205
2460318.548589263,3069.9303515625,1.19988460294757
2460318.5555335633,3066.2976562500003,1.1995588794066154
2460318.5624778634,3062.9473828124997,1.1985763067344066
2460318.569422164,3059.2885546875,1.1984717417647286
2460318.576366464,3055.8121874999997,1.1978559280406869
2460318.5833107647,3055.5863671875,1.1974700605702908
2460318.5902550654,3054.107578125,1.1979822677455805
2460318.597199366,3053.7440625,1.1976167445939083
2460318.6041436666,3054.1316015625002,1.1972347296181602
2460318.611087967,3055.9490625,1.197756854050181
2460318.6180322682,3054.5348437499997,1.1976342892622271
2460318.6249765693,3055.3782421875003,1.1977828817329867
2460318.63192087,3055.6480078125005,1.197613562479796
2460318.638865171,3058.2508593750003,1.1977919211968868
2460318.645809472,3063.749765625,1.1988513005027788
2460318.6527537736,3068.2490625000005,1.199857135211291
2460318.6596980747,3067.9447265625,1.199677896928382
2460318.666642376,3071.6702343750003,1.2001899996721141
2460318.6735866773,3075.5075390625,1.2007503257009586
2460318.680530979,3077.3187890625,1.2012235024523485
2460318.6874752804,3079.0562109375,1.20148412331506
2460318.6944195824,3078.1509375,1.2011083131300009
2460318.701363884,3082.6744921874997,1.2020967629428396
2460318.708308186,3082.7898046875002,1.2022499118218388
2460318.7152524875,3086.7411328125,1.2028166043310298
2460318.723354173,3091.10677734375,1.4736137290900695
2460318.7291410915,3095.2280859375,1.2040752712168195
2460318.736085394,3101.7525,1.2054308834219074
2460318.7430296955,3107.1010546875004,1.206535083088228
2460318.7499739975,3115.9250390625007,1.207498000969639
2460318.7569183,3119.1843750000003,1.208061650145443
2460318.7638626024,3118.9436718750003,1.2085320865168163
2460318.770806905,3121.9026562500003,1.2088843187226623
2460318.7777512074,3123.2771484375003,1.2090433414846578
2460318.78469551,3122.4559570312504,1.4807670553338392
2460318.7916398128,3120.978046875,1.2083636969365983
2460318.798584115,3122.6694140625,1.2089206740425356
2460318.8055284177,3119.3891015625,1.2083528046169718
2460318.8124727206,3116.2536328125,1.2075968221413467
2460318.8194170236,3112.9423828125,1.206942579556981
2460318.8263613265,3112.6681640624997,1.2068486868841737
2460318.8333056294,3106.912265625,1.206620209361757
2460318.840249933,3101.9234765625006,1.2052086681267355
2460318.847194236,3097.8120703125,1.204748593181182
2460318.854138539,3090.8054296875002,1.2033880723780186
2460318.8610828426,3088.6866796875,1.2030443679301488
2460318.868027146,3086.7127734375003,1.2028421649688494
2460318.8749714494,3083.6262890625003,1.2021465195156955
2460318.881915753,3081.1733203125,1.2021675286117963
2460318.8888600566,3077.9109375000003,1.2013855153372288
2460318.89580436,3081.4723828125,1.202017581074818
2460318.9027486644,3078.2958984375,1.2013129446926145
2460318.909692968,3075.5830078125,1.2009694191496223
2460318.9166372716,3070.8590624999997,1.1998286847163675
2460318.9235815755,3065.236171875,1.1990543768043727
2460318.9316832637,3063.5938476562505,1.4680962989835964
2460318.937470184,3061.365234375,1.1983621665339734
2460318.9444144876,3056.2209375,1.1979549979185602
2460318.951358792,3050.9014453125005,1.1966562056082923
2460318.9583030962,3047.3098828125003,1.1956574338244867
2460318.9652474006,3042.3706640625005,1.1952539785941194
2460318.972191706,3039.2984765625006,1.1949978800659846
2460318.97913601,3031.3709765625003,1.1933989854653586
2460318.9860803145,3030.2621484375,1.1929768397845335
2460318.9930246193,3030.5150390625,1.1928123679745353
2460318.999968924,3029.1728906250005,1.1934673654361183
2460319.0069132284,3032.4268359375,1.1934341819401266
2460319.013857534,3034.8665625,1.1936952071909301
2460319.020801839,3039.707578125,1.195091496032296
2460319.0277461433,3044.868515625001,1.195697465773451
2460319.034690449,3045.51421875,1.1960378605316633
2460319.041634754,3045.7913671875,1.1960130237952085
2460319.0485790595,3047.5222265625002,1.1958317849394076
2460319.0555233643,3049.2698437500003,1.1963640739275538
2460319.06246767,3047.5258593750004,1.1962137483524977
2460319.069411976,3046.565859375,1.1958714908119068
2460319.076356281,3046.4776171875,1.1958594630477315
2460319.083300587,3043.8221484375003,1.1957103231685353
2460319.0902448925,3039.785859375,1.1949812010589906
2460319.0971891982,3036.4130859375,1.1943878303378703
2460319.104133504,3033.2848828125,1.1937450213030592
2460319.11107781,3020.809921875001,1.1915213641287061
2460319.118022116,3018.0542578125,1.1906577875655715
2460319.124966422,3010.5196875,1.1897211330093147
2460319.1319107283,3003.2101171875,1.1884718880667733
2460319.1388550345,2998.753359375,1.1874737728309
2460319.1457993407,2995.4947265625,1.1873509453580555
2460319.152743647,2992.4657812500004,1.1869483947530666
2460319.1596879535,2988.2316796875,1.18622326303431
2460319.1666322597,2980.2521484374997,1.184497715599005
2460319.173576567,2972.8058203125,1.182942999077062
2460319.180520873,2961.3041015625,1.1813382184834758
2460319.1874651797,2952.015703125,1.179509850350195
2460319.194409487,2946.160078125,1.1784073488507076
2460319.2013537935,2938.38087890625,1.177496164026778
2460319.2082981,2931.2224218750002,1.175945459090055
2460319.2152424078,2925.4278515625006,1.175305329401012
2460319.2221867144,2924.0423437499994,1.1750256901579823
2460319.229131022,2922.8227734374996,1.1747813044791975
2460319.2360753287,2922.5675390625,1.174934426440733
2460319.2430196363,2925.2016796875,1.1752588748441057
2460319.2499639434,2923.976484375,1.1749711278801034
2460319.4721818143,2820.9716015625,1.156957198393043
2460319.479126124,2815.7224218750002,1.1563918053445137
2460319.486070434,2813.5023046874994,1.1555997414815213
2460319.493014744,2807.81583984375,1.1545407299623736
2460319.499959054,2805.72439453125,1.1542966296207982
2460319.506903364,2802.1031249999996,1.1535201816135023
2460319.513847674,2799.1405078125003,1.1530732557985546
2460319.5207919837,2798.684296875,1.1532761425376643
2460319.5277362945,2794.1994726562502,1.1525793256610146
2460319.534680605,2794.5615820312505,1.152638197353918
2460319.5416249153,2792.6963671875,1.1523165337161128
2460319.5485692252,2794.0374023437503,1.152543176905621
2460319.5555135366,2792.94720703125,1.1519793225179056
2460319.562457847,2793.41390625,1.152178058943033
2460319.569402158,2789.9480859375,1.1511854284668634
2460319.576346468,2788.11427734375,1.150913915769136
2460319.5832907795,2785.8934570312504,1.1506303174033052
2460319.5902350903,2783.0435742187497,1.150248460969886
2460319.5971794017,2781.6164062500006,1.1496564221817815
2460319.604123712,2784.12826171875,1.1507530546054963
2460319.6110680234,2781.98291015625,1.150178472348423
2460319.618012335,2784.19611328125,1.1509105293117912
2460319.624956646,2786.6598632812497,1.151033680795422
2460319.6319009573,2787.454921875,1.1508083820696784
2460319.638845269,2789.254453125,1.150946306098086
2460319.6457895804,2791.03892578125,1.1516831836016483
2460319.652733892,2796.3257226562496,1.1528978485867423
2460319.659678204,2797.4403515625004,1.1528350619284515
2460319.666622516,2797.8725976562496,1.1533178674897984
2460319.6735668276,2799.85025390625,1.1531087439344532
2460319.6805111393,2798.3471484375004,1.1525018024130695
2460319.687455451,2799.37828125,1.1529536352864087
2460319.694399763,2803.5434765624996,1.1536538795126818
2460319.7013440756,2805.710625,1.1542722857869265
2460319.7082883874,2801.8518750000003,1.1537859831783888
2460319.7152326996,2803.37654296875,1.1540831166550365
2460319.722177012,2803.0494140625,1.1537905735754155
2460319.7291213246,2805.92279296875,1.154698070802793
2460319.7360656373,2807.8559179687495,1.1545807416131315
2460319.7430099496,2806.6947070312503,1.1542536630609013
2460319.7499542623,2806.7998828125,1.1541814420766803
2460319.756898575,2804.6796679687504,1.1541566522690758
2460319.7638428877,2802.6716601562507,1.1540338569625352
2460319.770787201,2798.7626953125,1.1526707158233618
2460319.7777315136,2797.8834375,1.1526745224992472
2460319.784675827,2793.621328125,1.1522039717390535
2460319.7916201395,2793.3748828125003,1.1520321534361406
2460319.7985644527,2793.6946289062503,1.1523421625148476
2460319.805508766,2791.2028124999997,1.1519877735775748
2460319.8124530795,2789.6943164062504,1.1514497933494043
2460319.819397393,2783.8456640625004,1.1503162609851516
2460319.826341707,2778.9788671875,1.1492295472901424
2460319.8332860195,2771.5791796875,1.1480797023019031
2460319.840230333,2766.8632617187504,1.1471290338820594
2460319.847174647,2762.9288671875,1.1466658600405457
2460319.8541189604,2759.2993359375,1.1461706368064506
2460319.861063275,2756.6141015625003,1.1454475285759342
2460319.8680075887,2753.576015625,1.1450404740157547
2460319.8749519023,2755.5902929687495,1.1457825825024277
2460319.8818962164,2758.35474609375,1.1461953368569613
2460319.8888405305,2764.47076171875,1.1473902135922982
2460319.895784845,2768.013046875001,1.1475047143897759
2460319.902729159,2771.9080078125003,1.1480970853620063
2460319.9096734733,2773.7313281250003,1.1488021732101577
2460319.916617788,2771.7282421875,1.1482591695109294
2460319.9235621025,2770.97232421875,1.1477850580310445
2460319.930506417,2765.7961523437502,1.1473830615179037
2460319.9374507316,2768.00302734375,1.1470323502973523
2460319.944395046,2765.6355468750003,1.1470438247473447
2460319.951339361,2758.68087890625,1.1460385915800566
2460319.9582836763,2755.6330078124997,1.1454224679313703
2460319.965227991,2751.6834375,1.1442882888822048
2460319.972172306,2747.86921875,1.1438078763759496
2460319.979116621,2743.92515625,1.1430171841445664
2460319.986060936,2741.5430859374997,1.1427733289649604
2460319.993005251,2735.3721093750005,1.1420895879739366
2460319.9999495666,2734.5009375000004,1.1414885423719845
2460320.006893882,2730.563203125,1.140839938712543
2460320.0138381976,2729.28333984375,1.1407747166837763
2460320.020782513,2732.12630859375,1.1414604042161145
2460320.0277268286,2734.2057421875,1.1412617451847809
2460320.0346711446,2736.99375,1.1417798587401442
2460320.04161546,2738.5190625,1.1423761864952044
2460320.048559776,2739.6541406250003,1.1424248039911402
2460320.0555040915,2741.4416601562502,1.1423865353509741
2460320.062448408,2743.1158593750006,1.1424854960326176
2460320.0693927244,2738.8965234374996,1.1424448030765058
2460320.07633704,2740.80884765625,1.142371605712808
2460320.0832813564,2737.9208203125004,1.1419858044972553
2460320.090225673,2734.1630859375,1.1423024017811276
2460320.0971699893,2732.679609375,1.141185823255664
2460320.1041143057,2730.5537109375,1.1404616073783724
2460320.111058622,2725.6791210937504,1.1399382528260207
2460320.1180029386,2724.3936328125,1.140310317081444
2460320.1249472555,2723.1655078125,1.1396144140786058
2460320.131891572,2722.28033203125,1.1396926369265106
2460320.138835889,2720.8918945312503,1.1399097907986866
2460320.145780206,2719.4712304687505,1.1387583496141978
2460320.152724523,2715.8529492187504,1.1383100810134223
2460320.15966884,2714.9857617187504,1.1379452993648023
2460320.166613157,2708.8187109375,1.137398774456589
2460320.1735574743,2704.80533203125,1.136082648474607
2460320.1805017916,2696.39478515625,1.1344429746144262
2460320.187446109,2684.8399218750005,1.1324544694439143
2460320.1943904264,2673.5662500000003,1.1306524388641204
2460320.201334744,2661.74666015625,1.1283458533101167
2460320.2082790616,2653.6013671875003,1.1273185898412226
2460320.2152233794,2643.95361328125,1.1253832399748365
2460320.222167697,2639.2391015625,1.1244041660759077
2460320.229112014,2635.571015625,1.1235804804419527
2460320.2360563325,2631.8369531250005,1.1231851512351447
2460320.2430006503,2634.648046875,1.1234355118632458
2460320.249944968,2635.72341796875,1.1235573509522803
2460320.256889287,2637.8777929687503,1.124516726543681
2460320.2638336048,2639.1931640625003,1.1244172074843546
2460320.2707779235,2641.9862109374994,1.124835745303283
2460320.2777222414,2647.6897851562503,1.1257504921187835
2460320.28466656,2653.70208984375,1.1271453539476985
2460320.2916108784,2658.66615234375,1.1284762335013194
2460320.2985551967,2662.51705078125,1.1286367617912225
2460320.305499516,2663.2142578125,1.1285895298530557
2460320.3124438343,2657.2603125,1.1282865606112542
2460320.319388153,2654.53634765625,1.1271740380877209
2460320.3263324723,2651.5765429687503,1.1268032308777622
2460320.333276791,2649.9019921875,1.1265584584103696
2460320.3402211103,2644.60599609375,1.1252904601585947
2460320.3471654295,2641.8985546874997,1.1246795478424836
2460320.3541097487,2640.6331640625,1.1248531237129056
2460320.361054068,2642.3724023437503,1.1250063720617909
2460320.367998387,2633.6469140625,1.1235617029872695
2460320.3749427064,2630.2461328125005,1.1226586657640338
2460320.3818870257,2626.98251953125,1.1224270746992884
2460320.3888313454,2628.06416015625,1.122290972784339
2460320.395775665,2626.0666992187503,1.121857267276744
2460320.4027199848,2625.96908203125,1.1223901414106134
2460320.4096643045,2623.27248046875,1.1215332010592358
2460320.4166086246,2618.8057031249996,1.1207676276208567
2460320.4235529443,2616.1179492187503,1.1203332482257935
2460320.430497264,2614.4405859375,1.1198830467528709
2460320.437441584,2611.33669921875,1.119223118999041
2460320.4443859044,2605.9212304687503,1.1187770050154546
2460320.4513302245,2599.4617968750003,1.1170748656716254
2460320.458274545,2593.5919335937506,1.1161326772291975
2460320.465218866,2593.4431640625003,1.1161164714444458
2460320.472163186,2586.9521484375,1.1154973364524232
2460320.4791075066,2586.7216406250004,1.1146747580370298
2460320.486051827,2584.48458984375,1.1145822494623758
2460320.4929961483,2584.4133984375003,1.1145973670129754
2460320.4999404685,2582.2358789062505,1.114105525337203
2460320.5068847896,2579.7669726562503,1.1135611017916982
2460320.5138291107,2576.31251953125,1.1132678225612185
2460320.5207734318,2574.07259765625,1.1126021641913417
2460320.527717753,2569.08873046875,1.1120649945363172
2460320.534662074,2564.45578125,1.1112735900570383
2460320.541606395,2562.639375,1.1108992424642017
2460320.548550716,2561.53716796875,1.1103895288667982
2460320.555495037,2558.53166015625,1.1099286023529698
2460320.5624393593,2556.7871484375,1.1092203185384024
2460320.569383681,2557.7902734375,1.109534628068584
2460320.5763280024,2553.09708984375,1.1087550999777656
2460320.583272324,2556.0415429687505,1.1094429340543093
2460320.590216646,2554.0217578125,1.1092950467738671
2460320.5971609675,2552.97234375,1.10864881965476
2460320.60410529,2549.4819726562505,1.1082744769025525
2460320.6110496116,2550.80080078125,1.1081477151020795
2460320.617993934,2549.858671875,1.1081410493899855
2460320.624938256,2547.89361328125,1.1079850194660845
2460320.6318825786,2546.0328515625,1.1078436321736025
2460320.638826901,2545.8474023437507,1.107609912230496
2460320.645771223,2543.1964453125,1.1072773416443842
2460320.6527155456,2541.46962890625,1.10641873161933
2460320.659659868,2541.94845703125,1.106683551428523
2460320.666604191,2537.43029296875,1.1065859011554076
2460320.6735485136,2538.5785546875,1.1063131613246142
2460320.6804928365,2538.3235546875,1.1059486179347906
2460320.6874371595,2537.4386718750006,1.105741926486025
2460320.6943814824,2537.0057226562503,1.1060417564346867
2460320.7013258054,2536.9737890625,1.1059192434034246
2460320.7082701284,2536.28396484375,1.1056269894660316
2460320.7152144513,2533.84177734375,1.105225768290017
2460320.7221587747,2533.32228515625,1.1049705062642468
2460320.729103098,2530.3408007812504,1.1045567742756448
2460320.7360474216,2530.1937304687503,1.1048179457388716
2460320.742991745,2525.3500781250004,1.1036083640637608
2460320.7499360684,2519.7331054687497,1.1026196921491116
2460320.7568803923,2518.3136718750006,1.1022155200726194
2460320.7638247157,2510.1907617187503,1.1008383775281658
2460320.7707690396,2504.6558203125,1.099923088206559
2460320.777713364,2501.33314453125,1.0989888762056268
2460320.784657688,2498.76908203125,1.0990399243163553
2460320.791602012,2498.244140625,1.0980786871161532
2460320.798546336,2493.90275390625,1.0978801600949055
2460320.80549066,2496.4115039062503,1.0979173735435757
2460320.8124349844,2492.25521484375,1.0977913014832805
2460320.8193793087,2493.3357421875003,1.0977228154435246
2460320.8263236335,2495.4929882812503,1.097867909385474
2460320.8332679574,2492.763515625,1.0977435729527882
2460320.8402122823,2489.92359375,1.0975992009403635
2460320.847156607,2487.8762109375,1.0963625404990553
2460320.854100932,2485.5379687500003,1.096504847740269
2460320.8610452567,2484.64529296875,1.0961526677591535
2460320.8679895815,2485.0061718750003,1.0960079888793302
2460320.8749339064,2487.63890625,1.0971409006981154
2460320.881878231,2486.9433984375005,1.0967011604986026
2460320.888822557,2488.2440625000004,1.0967916863068645
2460320.8957668818,2489.28796875,1.0968119723616305
2460320.9027112075,2495.62962890625,1.0982106447660251
2460320.9096555323,2498.1973828124997,1.0986244853779314
2460320.916599858,2498.8700390625,1.0988473971137844
2460320.9235441834,2498.8362304687503,1.0986567170505384
2460320.930488509,2498.7730664062497,1.0990395953227179
2460320.937432835,2494.25701171875,1.0980218460326323
2460320.9443771606,2492.48326171875,1.0979392385245423
2460320.9513214864,2489.5334765625003,1.0971968846667999
2460320.9582658126,2487.270234375,1.096779163359676
2460320.9652101384,2481.94001953125,1.0958288670126577
2460320.9721544646,2479.09013671875,1.095530451398824
2460320.979098791,2477.6508398437504,1.0948596039704153
2460320.9860431165,2472.903984375,1.094169145445007
2460320.992987443,2470.6242773437502,1.0937558778743675
2460320.9999317694,2464.3010156249998,1.092483479893972
2460321.0068760957,2460.25154296875,1.091303035923764
2460321.0138204223,2456.5198242187503,1.0911530872093926
2460321.020764749,2452.16794921875,1.0899767185879632
2460321.0277090757,2452.73390625,1.090575831247723
2460321.034653403,2453.6806640625,1.0899810456902035
2460321.0415977295,2450.6760937500003,1.090304603617444
2460321.0485420567,2450.58685546875,1.0897691300220966
2460321.0554863834,2448.82037109375,1.0897314306424317
2460321.062430708,2449.4757421875,1.0895083565359631
2460321.069375035,2446.21646484375,1.0888261513432473
2460321.076319363,2444.29201171875,1.0892451836769779
2460321.08326369,2443.25431640625,1.0886193238394257
2460321.0902080173,2442.5905078125,1.0878855109939864
2460321.097152345,2439.2596875000004,1.0877309450518435
2460321.1040966725,2435.20119140625,1.0877042323052424
2460321.1110410006,2430.11865234375,1.0863339533985523
2460321.117985328,2426.3623828125,1.0856636845249263
2460321.124929656,2422.03224609375,1.085045829012451
2460321.131873984,2420.74599609375,1.0842730824921294
2460321.1388183115,2418.688828125,1.0839365440657436
2460321.1457626396,2416.349296875,1.0837158627320036
2460321.152706968,2416.2215625000003,1.0831886299970346
2460321.159651296,2414.9775000000004,1.083086071750217
2460321.1665956248,2415.7410937500003,1.0831452342740697
2460321.173539953,2416.6906640625,1.083306764072676
2460321.1804842814,2414.5519921875,1.0826582116405594
2460321.18742861,2413.373671875,1.0828681696004854
2460321.1943729385,2410.74978515625,1.082481570235086
2460321.2013172675,2409.84275390625,1.0821652600132488
2460321.208261596,2409.29994140625,1.0824419073956857
2460321.2152059246,2404.9757812499997,1.0813028769151976
2460321.222150254,2397.96462890625,1.080070533522489
2460321.229094583,2392.6455468749996,1.0789182309104732
2460321.236038912,2392.3583203125,1.0792116597397852
2460321.242983241,2390.2047070312497,1.0786438572457209
2460321.2499275706,2386.99130859375,1.0777249622771876
2460321.2568718996,2389.8638671875,1.0785566290488167
2460321.2638162295,2389.6041796874997,1.0789655882218383
2460321.2707605585,2391.2665429687504,1.0787376668273605
2460321.2777048885,2395.1600390625,1.07953761434547
2460321.284649218,2392.0797656249997,1.0791344635267404
2460321.291593548,2391.3346289062497,1.0784703498219173
2460321.298537878,2384.6375390625003,1.0775268995249794
2460321.3054822073,2381.27853515625,1.0770203526801345
2460321.3124265373,2378.046328125,1.0763345266247772
2460321.3193708677,2377.6754296875,1.0758977794289226
2460321.3263151976,2373.8598046875,1.0757698035330938
2460321.333259528,2369.0193750000003,1.0748117576710443
2460321.3402038584,2363.7075585937505,1.0739115975406663
2460321.347148189,2361.0227929687503,1.0728831035155517
2460321.3540925193,2356.57236328125,1.0723471272270224
2460321.3610368497,2355.7263281250002,1.0717491136875446
2460321.3679811805,2351.075390625,1.070941417892142
2460321.374925511,2348.9776171875,1.0709146792791937
2460321.381869842,2345.9442187500003,1.0700817203327737
2460321.388814173,2346.66486328125,1.070403933709642
2460321.3957585036,2345.8964648437504,1.0700813255873274
2460321.402702835,2344.63962890625,1.0705592907823682
2460321.409647166,2343.3655078125,1.0699724884116688
2460321.416591497,2344.7258789062503,1.0697900773843512
2460321.4235358285,2345.1050390625,1.0700006871329266
2460321.43048016,2347.6548046875,1.071467709048174
2460321.437424491,2346.96158203125,1.0702072230826651
2460321.444368823,2346.65337890625,1.0701256930440115
2460321.4513131543,2347.42013671875,1.0702409840441904
2460321.458257486,2345.4793359375003,1.0698306838529217
2460321.465201818,2344.7535351562506,1.0698460603092383
2460321.4721461493,2346.45380859375,1.0701589833610388
2460321.4790904815,2343.95947265625,1.0696368867387969
2460321.486034814,2344.66365234375,1.070068367888543
2460321.492979146,2339.50341796875,1.0689548000443159
2460321.4999234774,2341.4363085937503,1.06948187521703
2460321.5068678097,2339.57853515625,1.0687348063671134
2460321.513812142,2340.88892578125,1.0691265780343064
2460321.520756475,2336.0698828125,1.0684066373626477
2460321.5277008074,2335.0060546874997,1.067991478212823
2460321.5346451397,2332.6461914062497,1.0672137125285124
2460321.541589473,2329.6625390625004,1.0671832020048526
2460321.548533805,2324.60783203125,1.0668200476346321
2460321.5554781384,2320.76841796875,1.065338062303095
2460321.562422471,2320.38779296875,1.0653895599148049
2460321.569366804,2316.6469921875005,1.0643213713607491
2460321.5763111375,2316.3293554687502,1.0642280888220987
2460321.5832554703,2312.8757812500003,1.0637406336922026
2460321.590199804,2312.064609375,1.063883564329541
2460321.5971441367,2308.2677343749997,1.0627409285284275
2460321.6040884703,2307.4721484375,1.062849495023321
2460321.611032804,2303.45009765625,1.0623425280971321
2460321.617977137,2305.51904296875,1.0623222158561467
2460321.624921471,2303.07087890625,1.061829454130164
2460321.631865805,2300.57115234375,1.061689452298996
2460321.6388101387,2299.847109375,1.061570527085646
2460321.6457544724,2298.8087109375006,1.0611478217197752
2460321.6526988065,2295.28529296875,1.0608314037805975
2460321.6596431406,2294.1073242187504,1.0603786793436554
2460321.6665874748,2292.88201171875,1.0601032932456373
2460321.673531809,2292.8214843749997,1.0601945494880987
2460321.6804761435,2290.74943359375,1.0600567638295402
2460321.6874204776,2290.1234765625,1.05951958055846
2460321.694364812,2291.08564453125,1.0596740899712151
2460321.7013091464,2289.75638671875,1.0591763794047133
2460321.7082534814,2287.8086718750005,1.0591177031251149
2460321.715197816,2285.2184179687497,1.058751560773293
2460321.7221421506,2286.94283203125,1.059176228882946
2460321.729086486,2285.17130859375,1.0584871235557705
2460321.7360308208,2283.3659179687497,1.0583127198346622
2460321.7429751563,2283.27509765625,1.058404378953987
2460321.749919491,2281.82232421875,1.0577771897949144
2460321.7568638264,2280.3753515625,1.0573472988509651
2460321.7638081615,2282.22802734375,1.0583045320576299
2460321.770752497,2281.5425390625,1.057797619986687
2460321.7776968325,2278.77451171875,1.0573931019758025
2460321.7846411676,2277.7473046875,1.057297966116004
2460321.7915855036,2277.4079296875,1.0578033481110947
2460321.7985298396,2271.88623046875,1.055832914964404
2460321.805474175,2270.36607421875,1.0564782270231958
2460321.812418511,2267.7236132812504,1.055033471788373
2460321.819362847,2268.4634765625,1.0558978249826705
2460321.826307183,2267.49005859375,1.0554007276264608
2460321.833251519,2266.32673828125,1.0547323846209005
2460321.8401958556,2262.80291015625,1.0543425330913891
2460321.8471401916,2263.65931640625,1.0548735618737453
2460321.854084528,2264.5166015625,1.0544318304196352
2460321.8610288645,2263.09353515625,1.054502748331659
2460321.8679732014,2263.0043554687504,1.0546077860000695
2460321.8749175374,2262.73640625,1.0541716662561202
2460321.8818618744,2262.5827734375002,1.0541580593035995
2460321.8888062113,2260.9559765625004,1.0537035549328042
2460321.895750548,2262.44578125,1.0541044972521008
2460321.902694885,2263.240546875,1.0545877313473095
2460321.909639222,2265.08103515625,1.054722407560869
2460321.916583559,2266.4982421875006,1.054860179317697
2460321.9235278964,2266.19279296875,1.0547295463812782
2460321.930472234,2268.44630859375,1.0553646819464526
2460321.9374165707,2269.69775390625,1.0556818282675857
2460321.9443609086,2270.20025390625,1.0565398578772076
2460321.951305246,2271.0837890625003,1.055895500491194
2460321.958249584,2267.10158203125,1.055055109300446
2460321.9651939212,2268.8807812500004,1.055505926152448
2460321.972138259,2267.183203125,1.0553243801447343
2460321.979082597,2266.8020507812503,1.0548178409669366
2460321.9860269353,2265.2082421875,1.0547172310668498
2460321.992971273,2266.2126562500002,1.0552231742003577
2460321.9999156115,2267.2468945312503,1.054797465138962
2460322.0068599493,2263.9456640625,1.0545794353121714
2460322.013804288,2259.97763671875,1.0536307549218635
2460322.0207486264,2253.9791015625,1.0524238262967944
2460322.0276929648,2250.15802734375,1.0519696035338362
2460322.0346373036,2243.1755859375003,1.0507455443842468
2460322.0415816423,2239.38234375,1.050400942256066
2460322.0485259807,2239.14849609375,1.0498997252041586
2460322.0554703195,2235.8645507812503,1.0489846382367072
2460322.0624146587,2234.1821484375,1.049030890466649
2460322.0693589975,2231.1636328125,1.0480387565177316
2460322.076303337,2230.6651171875,1.0478323493376933
2460322.083247676,2232.55810546875,1.048539708201007
2460322.090192015,2229.22470703125,1.0478698892656244
2460322.0971363545,2229.99603515625,1.047876420986178
2460322.104080694,2228.67287109375,1.047869940066611
2460322.1110250335,2225.955,1.0470376287962326
2460322.117969373,2221.9252734375,1.0464966741767412
2460322.1249137125,2217.4599609375,1.0454618166338412
2460322.131858052,2214.7557421875,1.0448414218727875
2460322.138802392,2210.4773437500003,1.0441476632379167
2460322.145746732,2207.761171875,1.0436914071599752
2460322.152691072,2207.0709960937497,1.0433132736640125
2460322.159635412,2205.24873046875,1.0434321243583096
2460322.1665797527,2205.47296875,1.0431605283912317
2460322.1735240924,2205.923203125,1.0430593072239482
2460322.180468433,2207.1911718750002,1.0431895051611315
2460322.1874127737,2210.17125,1.0437666702435309
2460322.194357114,2213.1414843750003,1.0441451653634095
2460322.201301455,2214.2806054687503,1.0448685185839632
2460322.208245795,2214.15416015625,1.0449747138511063
2460322.2151901363,2215.9470703125003,1.0453876024665254
2460322.222134477,2214.0242578125,1.0448774249952375
2460322.2290788176,2213.68763671875,1.0446912322583692
2460322.236023159,2215.12986328125,1.0450375039132804
2460322.2429675,2214.93767578125,1.0453657978163615
2460322.2499118415,2212.79490234375,1.0446207556365072
2460322.2568561826,2213.83119140625,1.0455006303713401
2460322.263800524,2211.1098046875,1.043928616685825
2460322.2707448653,2210.7303515625,1.0439826400040375
2460322.277689207,2209.06505859375,1.0442285365793391
2460322.2846335485,2207.89259765625,1.043209611571016
2460322.29157789,2207.04486328125,1.0438268258872603
2460322.298522232,2205.0498046875,1.0430574158137917
2460322.305466574,2204.232890625,1.0427672749124401
2460322.3124109157,2202.9124218750003,1.0422922978424654
2460322.3193552583,2200.298203125,1.0419663121894644
2460322.3262996003,2195.25849609375,1.0411440404614178
2460322.3332439424,2192.4507421875,1.0404876129258362
2460322.340188285,2189.5930664062503,1.0404397526383922
2460322.3471326274,2188.1385937500004,1.0396866488941716
2460322.35407697,2184.36111328125,1.0392650870248532
2460322.3610213124,2184.30416015625,1.0390661691555654
2460322.367965655,2182.69388671875,1.0386611831818018
2460322.3749099975,2181.226640625,1.0380678198314575
2460322.3818543404,2179.059140625,1.0379032528357897
2460322.3887986834,2180.2829296875,1.0384128820377474
2460322.395743027,2179.15330078125,1.0377708238676455
2460322.4026873694,2179.0291406250003,1.037988651977945
2460322.409631713,2177.6480859375,1.0382136947871694
2460322.4165760563,2177.53810546875,1.0375654643321506
2460322.4235203997,2178.4188281250003,1.037837714238337
2460322.430464743,2176.98158203125,1.0373868897182128
2460322.4374090866,2176.31396484375,1.0377005219485818
2460322.44435343,2175.94828125,1.0370610257119763
2460322.4512977735,2177.08400390625,1.0376264100628414
2460322.458242118,2175.72005859375,1.0372960367044672
2460322.4651864613,2174.4631640625003,1.0368574196913227
2460322.4721308057,2174.8957031250006,1.0372950700592647
2460322.479075149,2172.78662109375,1.0368862902702718
2460322.486019494,2174.7178125000005,1.0369045306694942
2460322.492963838,2176.14251953125,1.0373638619747452
2460322.4999081823,2175.48626953125,1.0368351857008506
2460322.5068525267,2172.9478125,1.036415953190945
2460322.5137968715,2174.29400390625,1.0369789865242005
2460322.5207412154,2172.87052734375,1.0364897906346837
2460322.5276855608,2171.31498046875,1.0362073351154
2460322.5346299056,2168.753203125,1.036233810148261
2460322.54157425,2169.1553320312505,1.0366177084583434
2460322.548518595,2168.93173828125,1.0363406702844593
2460322.55546294,2166.72591796875,1.0351306565462806
2460322.562407285,2167.05111328125,1.0353578515588155
2460322.5693516303,2165.3861132812503,1.0358305107685222
2460322.5762959756,2165.1550781250003,1.0353643962172887
2460322.583240321,2165.05916015625,1.034960307946699
2460322.5901846667,2162.92400390625,1.034519817971824
2460322.597129012,2161.6334765625,1.0344481280779318
2460322.604073358,2162.41517578125,1.034899392548873
2460322.6110177035,2161.0770703125,1.0343825392822614
2460322.6179620493,2158.591875,1.0338166851443906
2460322.624906395,2159.06619140625,1.0344875149572856
2460322.6318507413,2157.57943359375,1.0340794017178696
2460322.638795087,2155.568203125,1.0335754535547406
2460322.645739434,2159.73849609375,1.0340315566466407
2460322.652683779,2154.65478515625,1.0333494854841085
2460322.6596281244,2155.321640625,1.0333824656573567
2460322.6665724707,2153.6393554687497,1.0325622735148359
2460322.6735168174,2152.46689453125,1.0327465544298067
2460322.680461164,2153.34568359375,1.0328367042593412
2460322.687405511,2152.924453125,1.0328345679158069
2460322.6943498575,2153.21748046875,1.0328933250822971
2460322.701294204,2152.73150390625,1.0328015523097236
2460322.7082385514,2150.72361328125,1.0326646431408997
2460322.7151828986,2150.516953125,1.0325649882440036
2460322.7221272453,2149.98568359375,1.0325022307776768
2460322.7290715924,2148.17689453125,1.0317411103762495
2460322.73601594,2149.1840625,1.0319973968034057
2460322.7429602877,2148.5506640625003,1.0317511442073077
2460322.749904635,2148.04400390625,1.032595403814382
2460322.756848983,2147.1894140625004,1.0318214995200254
2460322.76379333,2147.9253515625,1.0315273881907006
2460322.7707376783,2148.5032617187503,1.0316082146845615
2460322.777682026,2146.69201171875,1.0314683432106604
2460322.7846263736,2146.88970703125,1.0313455766555564
2460322.7915707217,2148.03556640625,1.0319308828922136
2460322.7985150698,2147.9056640625004,1.031782085959612
2460322.805459418,2148.8613867187505,1.0317912218536667
2460322.8124037664,2146.4138085937498,1.0315306596493359
2460322.819348115,2147.0073046875,1.0319882909581126
2460322.826292463,2146.51505859375,1.0317914080052313
2460322.8332368117,2148.03767578125,1.0316496466488914
2460322.8401811603,2148.0052734375,1.0319436345482231
2460322.8471255093,2145.8706445312505,1.031282407463585
2460322.8540698583,2147.3673046875,1.0317815773486922
2460322.8610142074,2148.70224609375,1.0323100657760376
2460322.8679585564,2147.54390625,1.0318211013781637
2460322.8749029054,2146.5394921875,1.0317441612104665
2460322.8818472545,2148.472734375,1.031632693292458
2460322.8887916035,2147.13767578125,1.0321717095474952
2460322.895735953,2148.12451171875,1.0316960184597808
2460322.9026803025,2146.0719726562497,1.031530304222603
2460322.9096246515,2146.09359375,1.0313635746403593
2460322.916569002,2148.3882421875,1.0317184110957058
2460322.9235133515,2149.1724023437505,1.032222871899354
2460322.9304577014,2148.1535156249997,1.03172686426244
2460322.9374020514,2146.91689453125,1.0314416374737725
2460322.9443464014,2148.12767578125,1.0317879367429115
2460322.9512907513,2149.46958984375,1.0322834533549274
2460322.958235102,2148.28810546875,1.0328643353746731
2460322.9651794517,2149.37701171875,1.0317358274014217
2460322.972123802,2148.33791015625,1.0323060082686824
2460322.9790681526,2149.6220507812504,1.032048541935025
2460322.9860125035,2147.3296875,1.0322090904324621
2460322.992956854,2150.446875,1.0324649292959336
2460322.9999012044,2148.39134765625,1.0316496050993949
2460323.0068455553,2149.7463867187503,1.0323530991361751
2460323.013789906,2148.593671875,1.0323396426157605
2460323.020734257,2149.0719140625,1.0320899831015982
2460323.0276786084,2147.35552734375,1.0318252562569927
2460323.0346229593,2149.2359765625,1.0321457598302481
2460323.0415673107,2148.0534375,1.031662719555737
2460323.048511662,2147.5640039062505,1.031996245436627
2460323.055456014,2149.50919921875,1.0317928745709193
2460323.0624003652,2151.0641015625,1.0326806777287785
2460323.0693447166,2147.0286328125,1.0318209211701521
2460323.076289069,2150.46380859375,1.0321448122214887
2460323.0832334203,2149.46501953125,1.0321159051011193
2460323.0901777726,2149.42623046875,1.0321437274653458
2460323.097122125,2151.13587890625,1.0322369783642265
2460323.104066476,2152.62123046875,1.032423958149238
2460323.1110108285,2151.9454687499997,1.032754838590646
2460323.1179551813,2149.7326171874997,1.0321660510221164
2460323.124899533,2151.0265429687497,1.0322737844243914
2460323.131843886,2148.99498046875,1.0323969852900172
2460323.1387882386,2149.9729687500003,1.0321195655445783
2460323.145732591,2150.3907421875,1.0326191765985795
2460323.1526769437,2154.352265625,1.0331412340169004
2460323.1596212965,2149.7923242187503,1.0321392839252048
2460323.1665656497,2150.2965234375,1.0325583911231486
2460323.1735100024,2149.65568359375,1.0320236652524366
2460323.180454355,2149.96634765625,1.0318799789872097
2460323.187398709,2150.11171875,1.0326102182738153
2460323.194343062,2151.74255859375,1.0325286189182994
2460323.2012874153,2152.256015625,1.0331324467472272
2460323.208231769,2148.648046875,1.032849453950883
2460323.2151761223,2152.4574609375,1.032538705070525
2460323.222120476,2152.0911328125,1.0331457936931645
2460323.2290648296,2150.8913085937497,1.0322154024168095
2460323.236009184,2150.4421875000003,1.032009934097463
2460323.2429535375,2152.20041015625,1.0323791829690658
2460323.249897891,2151.86712890625,1.0323939945912286
2460323.256842246,2150.5245117187496,1.0321754424335483
2460323.2637865995,2153.4706640625004,1.032981515449658
2460323.270730954,2153.6926171875,1.0330589934966667
2460323.2776753083,2152.89990234375,1.0331153312843813
2460323.284619663,2152.66119140625,1.033116032064854
2460323.2915640175,2152.2526171875,1.032390150121537
2460323.298508372,2151.12498046875,1.0326817921202252
2460323.305452727,2153.6868164062503,1.0330402842308084
2460323.312397082,2153.3089453125,1.032857811374977
2460323.3193414365,2152.26498046875,1.0329429366711544
2460323.326285791,2153.8822265625,1.0332279863136329
2460323.333230147,2153.3057812500006,1.0329882422908214
2460323.340174502,2152.2166992187504,1.0326697634822246
2460323.347118857,2152.64947265625,1.0328981374128465
2460323.354063213,2154.795,1.0331280021262603
2460323.361007568,2154.0837890625003,1.033554547442439
2460323.367951924,2152.7766796875003,1.0326980957900742
2460323.374896279,2155.53240234375,1.0335880143050533
2460323.3818406356,2153.65875,1.0330178574466524
2460323.388784991,2153.5895507812506,1.0324801130747605
2460323.395729347,2156.0878710937504,1.0332737678876098
2460323.402673703,2153.2988671875,1.0331098541294517
2460323.409618059,2154.8304492187503,1.033394975947664
2460323.4165624157,2153.02435546875,1.0329622968855816
2460323.4235067717,2153.6449218750004,1.0331383655837416
2460323.430451128,2151.81650390625,1.0326091013399725
2460323.4373954847,2154.5180859375,1.0339016257617024
2460323.444339841,2154.5637304687502,1.0332062238392703
2460323.451284198,2152.8045703125,1.0331203883988442
2460323.4582285546,2152.929609375,1.0327192723198315
2460323.4651729115,2153.85310546875,1.0332171800171779
2460323.472117269,2153.9602734375003,1.0329525814783707
2460323.4790616254,2153.7454101562503,1.0327138137234304
2460323.486005983,2154.6717773437504,1.0336775139622971
2460323.4929503403,2154.19716796875,1.0331124855947513
2460323.499894697,2152.74720703125,1.0330105369223046
2460323.506839055,2155.801171875,1.0332436503214273
2460323.5137834125,2155.390546875,1.0336308911634813
2460323.52072777,2155.8896484375005,1.033363277202815
2460323.5276721283,2153.6745117187506,1.0326768354216065
2460323.5346164857,2156.2992773437504,1.0334821827743879
2460323.5415608436,2154.86296875,1.0328034643984054
2460323.5485052015,2155.1046093749997,1.0332126079767925
2460323.55544956,2155.52244140625,1.033128355557943
2460323.562393918,2154.6312304687503,1.0334327711374127
2460323.5693382765,2154.7886132812496,1.033046010946573
2460323.576282635,2157.70423828125,1.0337549201511647
2460323.583226993,2155.8425390625002,1.0337152630118756
2460323.5901713516,2155.0227539062503,1.0331546002424734
2460323.5971157104,2155.01208984375,1.033353287715001
2460323.6040600687,2154.08455078125,1.0340123523034475
2460323.6110044275,2155.4620312499997,1.0330035502200083
2460323.617948787,2154.40705078125,1.0338043926708165
2460323.6248931456,2156.3864062499997,1.0340686778094574
2460323.6318375045,2157.6839062500003,1.0337737915241922
2460323.6387818637,2157.867890625,1.0339998443032785
2460323.645726223,2155.80181640625,1.0331406528596498
2460323.6526705828,2155.6796484375,1.0335052464577033
2460323.6596149425,2159.34427734375,1.0338680006427745
2460323.666559302,2157.106875,1.0336788851370813
2460323.673503661,2157.2005664062503,1.0338964680443095
2460323.6804480213,2157.1296679687503,1.0337053512382184
2460323.687392381,2158.5500390625,1.034086925136956
2460323.6943367408,2159.8625390624998,1.033814904444913
2460323.701281101,2159.2166015625003,1.0344318971680424
2460323.708225461,2158.90494140625,1.0337133526573221
2460323.7151698214,2158.4811328125,1.033581902855421
2460323.7221141816,2158.4544140625,1.0336518093578866
2460323.729058542,2156.99958984375,1.0336752659867048
2460323.736002902,2156.70498046875,1.033888637357215
2460323.742947263,2158.44041015625,1.0338626201111913
2460323.749891624,2159.8405078125,1.034013345570452
2460323.7568359845,2160.4998046875003,1.0347395075400667
2460323.7637803457,2160.2801367187503,1.0342816080290989
2460323.770724707,2158.3288476562498,1.0338835365601875
2460323.7776690675,2160.4330664062504,1.0339308905626645
2460323.784613429,2160.1298437500004,1.0340741001836136
2460323.7915577902,2160.09826171875,1.0341594950339361
2460323.7985021514,2158.3503515625002,1.0338610887399304
2460323.805446513,2159.56951171875,1.0339947359697579
2460323.8123908746,2159.2072851562502,1.0343006092172993
2460323.819335236,2162.20833984375,1.0344681827927604
2460323.826279598,2160.1612499999997,1.0347348688550417
2460323.83322396,2162.08259765625,1.034568454484267
2460323.8401683215,2161.9880273437498,1.0342742271936578
2460323.8471126836,2161.231875,1.0343217432267995
2460323.8540570457,2161.4134570312503,1.0343976832692132
2460323.8610014077,2161.2171679687503,1.0345154240743402
2460323.86794577,2162.65728515625,1.0353879431371593
2460323.874890133,2164.16994140625,1.0353894430081467
2460323.8818344953,2161.601484375,1.0343841729688492
2460323.8887788574,2165.67990234375,1.0348719371574244
2460323.89572322,2163.00685546875,1.0348667527230893
2460323.9026675834,2164.21083984375,1.035027410094876
2460323.909611946,2166.4777734374998,1.0356861174853766
2460323.9165563094,2162.91474609375,1.0346335979652292
2460323.923500672,2164.34583984375,1.0353630116281978
2460323.9304450355,2165.78630859375,1.035092774736275
2460323.937389398,2164.4806640625,1.2675493840330991
2460323.9443337615,2165.6358984375,1.0355407898104336
2460323.9524355186,2166.1834570312503,1.2686981207435035
2460323.9582224884,2166.02560546875,1.0352225182215666
2460323.9651668523,2165.54009765625,1.0350397500842652
2460323.972111216,2166.416484375,1.0352529737841605
2460323.9790555798,2164.4817773437503,1.0349748624941923
2460323.985999943,2165.5141992187496,1.0351351880124502
2460323.992944307,2165.6869921875,1.0354330300615824
2460323.9998886716,2163.10353515625,1.0344598050069236
2460324.006833036,2165.88205078125,1.0353027403327777
2460324.0137774,2165.4740039062503,1.0354451975601975
2460324.020721764,2166.354609375,1.0356239579675883
2460324.0276661287,2168.7364453124997,1.0356371896154604
2460324.034610493,2165.5425,1.0355618804073248
2460324.041554858,2165.6087695312503,1.035738684338413
2460324.0484992224,2167.41046875,1.0353504487808878
2460324.0554435872,2164.81341796875,1.0351389297806075
2460324.062387952,2167.01771484375,1.035308708108014
2460324.069332317,2165.0421093749997,1.0350147343873477
2460324.0762766823,2166.3033984375,1.0355617996128805
2460324.0832210477,2168.46890625,1.0355283857188842
2460324.0901654125,2166.3793359375,1.036232051086337
2460324.097109778,2169.296484375,1.0359780762549464
2460324.104054143,2168.34375,1.0358944933018268
2460324.110998509,2167.4524218750003,1.0356004540143087
2460324.117942875,2168.1652734374998,1.0366100447983932
2460324.1248872406,2168.31357421875,1.035529635940813
2460324.1318316064,2167.51599609375,1.035808829748538
2460324.138775972,2168.55486328125,1.0354195879023407
2460324.145720338,2168.2229296875003,1.0359293520169393
2460324.1526647042,2168.6325,1.0358883412657611
2460324.1596090705,2166.55552734375,1.0363438249508152
2460324.1665534363,2169.69943359375,1.0361156024720828
2460324.173497803,2165.67333984375,1.0351511412627052
2460324.1804421693,2170.20005859375,1.0357294940921864
2460324.187386536,2167.89486328125,1.035853528288414
2460324.194330903,2168.51958984375,1.0357026007910037
2460324.201275269,2166.40083984375,1.0357186456508252
2460324.208219636,2169.804375,1.0359836012755632
2460324.2151640034,2166.2272851562498,1.0357261794147223
2460324.22210837,2168.38916015625,1.035827403097609
2460324.2290527374,2167.4191406249997,1.0353224528929312
2460324.2359971046,2168.0458593750004,1.0359359847012712
2460324.2429414717,2166.4069335937497,1.0354065828878627
2460324.249885841,2168.05763671875,1.0358241877009966
2460324.256830209,2166.0568359374997,1.0357577145369132
2460324.263774576,2167.87828125,1.035907575111543
2460324.270718944,2168.04990234375,1.036406865584114
2460324.277663312,2168.07404296875,1.03550412424897
2460324.2846076796,2169.02302734375,1.036209565138287
2460324.2915520477,2168.77775390625,1.0359108462620026
2460324.2984964154,2167.13255859375,1.035182457886403
2460324.3054407835,2168.3300390625004,1.0357063854823492
2460324.3123851516,2168.8765429687496,1.0359339966613816
2460324.31932952,2165.9802539062503,1.0355979770463577
2460324.3262738883,2168.68125,1.0359513353173442
2460324.3332182574,2168.9146875,1.0360736483833217
2460324.3401626255,2167.6085156249997,1.0361506201308082
2460324.347106994,2168.9792578125,1.0357821053277947
2460324.3540513627,2168.0326171875,1.0357390034748524
2460324.360995732,2167.6335937500003,1.0353635574901523
2460324.3679401004,2167.8403125,1.0360809361182617
2460324.3748844694,2170.3149023437504,1.0360550687951813
2460324.3818288385,2168.167265625,1.0357630836604907
2460324.388773208,2167.68943359375,1.035867899062969
2460324.3957175775,2166.764296875,1.0358842220995819
2460324.402661946,2167.2271875,1.0353791646263342
2460324.4096063157,2167.8001171875003,1.035743316589005
2460324.416550685,2167.84365234375,1.035316912190768
2460324.4234950547,2166.7766015624998,1.0354661108011107
2460324.430439425,2167.0814648437504,1.035331472240477
2460324.4373837947,2168.7319921875,1.035553224451532
2460324.444328164,2169.0669140625,1.03621968113363
2460324.451272534,2168.3490234375,1.0356176488247255
2460324.458216904,2167.8734179687503,1.0359903676723938
2460324.4651612747,2169.4714453125,1.0368722312486727
2460324.4721056446,2166.5673046875,1.0354805210213072
2460324.4790500146,2168.5091015625003,1.0363666116522419
2460324.485994385,2165.7744140625,1.0351624670894595
2460324.4929387555,2166.4714453125,1.0351349597856574
2460324.499883126,2168.4853125000004,1.0356875233218934
2460324.506827497,2167.8050390625,1.0358329404095032
2460324.513771868,2167.4246484375003,1.0352689044041157
2460324.5207162383,2168.7629882812503,1.0356264910680528
2460324.5276606097,2167.2537890625003,1.0354079153165687
2460324.53460498,2165.5669921875,1.03555201284691
2460324.5415493515,2169.158203125,1.0360146430006694
2460324.5484937225,2168.9207812500003,1.0359017078485455
2460324.555438094,2168.3203125,1.035756843029087
2460324.562382465,2170.81294921875,1.0361196945546636
2460324.5693268366,2168.1684375,1.036509852323946
2460324.576271208,2168.48068359375,1.036433785298856
2460324.58321558,2169.153515625,1.035900843510424
2460324.5901599512,2168.97427734375,1.0358152310698647
2460324.5971043226,2168.780859375,1.0362431533071848
2460324.604048695,2167.2854296875003,1.0357725540253346
2460324.610993067,2170.11990234375,1.0365533648985676
2460324.6179374387,2169.97224609375,1.0362192688863836
2460324.624881811,2168.4227343750003,1.036158059869501
2460324.6318261833,2170.1179687500003,1.0363015132657174
2460324.6387705556,2170.04736328125,1.0361256437127395
2460324.645714928,2171.5030078125,1.0363462288809275
2460324.6526593002,2172.6560156250002,1.036405422152961
2460324.6596036726,2170.70419921875,1.0360650615540046
2460324.6665480454,2173.4014453125,1.0367122385331478
2460324.673492418,2171.6066015625,1.0363005773140648
2460324.6804367905,2171.1833203125,1.0360902334909505
2460324.6873811632,2172.55822265625,1.037114040627838
2460324.6943255365,2173.6246289062506,1.0364042719393975
2460324.7012699093,2173.3794140625,1.036492748349328
2460324.708214282,2172.3001171875003,1.0364753432313654
2460324.7151586553,2173.61671875,1.036911764858213
2460324.7221030286,2174.015625,1.0370243563323913
2460324.729047402,2175.0943945312497,1.037182986887644
2460324.7359917755,2175.2309765625,1.0369238725595404
2460324.742936149,2175.90978515625,1.037256461687874
2460324.749880522,2174.12162109375,1.0369891073111648
2460324.7568248957,2175.90802734375,1.0370066550472246
2460324.7637692695,2175.4787695312502,1.0374181470209638
2460324.7707136436,2176.20140625,1.0374027005372926
2460324.777658017,2176.9548046875,1.0374700055712327
2460324.7846023906,2175.03451171875,1.037247359598497
2460324.7915467652,2174.78126953125,1.0371362380824325
2460324.798491139,2177.1427734375,1.0374982303324896
2460324.805435513,2175.7883789062503,1.0377012075147456
2460324.812379887,2175.1198828125,1.037471612932437
2460324.819324262,2177.304609375,1.037502132054467
2460324.8262686357,2177.2189453124997,1.037426618889888
2460324.8332130103,2175.4173632812503,1.0371624485610675
2460324.8401573845,2176.7502539062502,1.037411750537714
2460324.847101759,2175.5588085937497,1.0375407011017024
2460324.854046134,2175.65701171875,1.0375564615543826
2460324.860990509,2177.0457421875003,1.0372143498225015
2460324.867934883,2176.9815234375,1.0371005455477034
2460324.874879258,2175.69802734375,1.0371710735201234
2460324.8818236333,2176.3913085937497,1.0375226488795122
2460324.888768008,2176.2600585937503,1.0368579476781046
2460324.895712383,2176.0851562499997,1.0374664937829272
2460324.902656758,2175.9267187500004,1.0369964048812477
2460324.9096011333,2174.935078125,1.0372750061989557
2460324.916545509,2176.7824804687502,1.0380041005400815
2460324.923489884,2174.91017578125,1.037815655580397
2460324.930434259,2176.49185546875,1.0379855220755487
2460324.9373786347,2174.2583203125,1.0370050409659508
2460324.9443230103,2175.43248046875,1.037441149384559
2460324.9512673863,2175.5113476562506,1.0371556104961648
2460324.9582117614,2174.534765625,1.036935169904192
2460324.9651561375,2175.8637890625,1.037045821409788
2460324.972100513,2174.5862695312503,1.0374441987519696
2460324.9790448886,2173.2686718749997,1.0367974415419496
2460324.9859892647,2177.150625,1.0373971254626009
2460324.9929336407,2176.55291015625,1.037052273787327
2460324.9998780168,2176.1426953125006,1.037353113615021
2460325.006822393,2175.74478515625,1.0370005233953659
2460325.013766769,2174.19017578125,1.0367412192217709
2460325.020711145,2174.66619140625,1.037004581853021
2460325.0276555214,2173.88091796875,1.0368547811772701
2460325.034599898,2174.7333984375,1.036849110980069
2460325.041544274,2173.59087890625,1.036739381089283
2460325.048488651,2174.88603515625,1.037123089048606
2460325.055433027,2172.8003320312496,1.0367268738437256
2460325.062377404,2174.3651367187504,1.036992444533405
2460325.0693217805,2172.77654296875,1.0366788466686316
2460325.076266157,2172.82318359375,1.0363768708076688
2460325.083210534,2175.1965234374998,1.036933380827244
2460325.0901549105,2173.7454492187503,1.0371561528757995
2460325.0970992874,2173.41591796875,1.0365032459468775
2460325.1040436644,2173.2622265625,1.037058340346057
2460325.1109880414,2175.479765625,1.037186474258301
2460325.1179324184,2174.0230664062497,1.037192756924853
2460325.1248767953,2174.0820703124996,1.0366252056412961
2460325.1318211723,2176.305703125,1.0370746977226089
2460325.1387655498,2175.9619921875,1.0372408391779806
2460325.1457099267,2175.3135937500006,1.0369997454487019
2460325.1526543037,2175.45421875,1.0371104864263618
2460325.1595986816,2173.7299804687505,1.0370233932694233
2460325.1665430586,2173.6255078125,1.036800442756969
2460325.173487436,2174.0754492187502,1.036602535563526
2460325.1804318135,2174.11810546875,1.0372706400833451
2460325.1873761914,2175.8712890625,1.0371459966103995
2460325.194320569,2173.69248046875,1.036909751072
2460325.2012649463,2176.8410156249997,1.037516622180992
2460325.208209324,2175.2660742187504,1.0368104559968814
2460325.2151537016,2174.2792382812504,1.0369009682296981
2460325.222098079,2174.273203125,1.0368946053363293
2460325.2290424574,2175.3518554687503,1.0374738141971227
2460325.235986835,2173.99025390625,1.0367357865210283
2460325.2429312128,2175.4104492187503,1.0367537752235423
2460325.2498755907,2173.33833984375,1.0364940316106506
2460325.256819969,2175.3612890625004,1.036973040806383
2460325.2637643465,2175.098203125,1.0373873320999512
2460325.270708725,2175.5864648437505,1.0368415743855597
2460325.2776531023,2174.28732421875,1.0368466375828362
2460325.2845974807,2173.93927734375,1.0368374775699545
2460325.2915418586,2173.9491210937504,1.0367960849989575
2460325.298486237,2175.5497265625,1.0368426995053885
2460325.3054306153,2173.4254101562497,1.0372464627116373
2460325.312374993,2174.5797070312497,1.0374258944968775
2460325.3193193716,2175.08853515625,1.0369340288756452
2460325.32626375,2174.25234375,1.0367487713523487
2460325.333208128,2174.8877343750005,1.0370078345747917
2460325.3401525063,2175.6809765625003,1.0375633842986074
2460325.347096885,2173.8142382812503,1.036818371696809
2460325.3540412635,2176.06154296875,1.0370517919873499
2460325.360985642,2176.67724609375,1.0370010033235244
2460325.36793002,2175.57205078125,1.0372531801126723
2460325.3748743986,2177.4349804687504,1.0373303019092737
2460325.381818777,2176.48552734375,1.0371662085015223
2460325.388763156,2176.48939453125,1.0371377409367082
2460325.395707534,2178.10259765625,1.0376438092341964
2460325.4026519125,2174.65283203125,1.037452152448263
2460325.4095962914,2177.42384765625,1.0370576502430018
2460325.4165406697,2177.3373632812495,1.0377827155863246
2460325.4234850486,2176.516171875,1.0369412169723538
2460325.430429427,2175.256171875,1.0369081660022264
2460325.437373806,2176.1673632812503,1.0371315911139192
2460325.4443181846,2176.5894140625,1.0371985089670528
2460325.4512625635,2178.06943359375,1.0377605378916415
2460325.458206942,2175.9646875,1.0367706570522237
2460325.4651513207,2176.63828125,1.037662520916084
2460325.4720956995,2179.4499609375,1.037568572968062
2460325.4790400784,2177.8323632812503,1.037975323544879
2460325.485984457,2180.3094140625003,1.0381321533839305
2460325.4929288356,2175.6014062500003,1.0370157328399743
2460325.4998732144,2178.4458984375,1.0380171011670745
2460325.5068175932,2177.20892578125,1.0376627585768239
2460325.513761972,2177.37708984375,1.0376052992670644
2460325.520706351,2176.6058789062504,1.0376279032723144
2460325.5276507298,2176.3460742187503,1.0373043050642272
2460325.5345951086,2175.96943359375,1.0376002364588564
2460325.5415394874,2179.2251953125,1.037453439321374
2460325.5484838663,2179.16525390625,1.0374179381677509
2460325.555428245,2178.1863281250003,1.0383400616486078
2460325.562372624,2177.74177734375,1.0373899021175463
2460325.569317003,2180.0949023437497,1.0380870998517129
2460325.5762613816,2176.462265625,1.037159061224363
2460325.5832057605,2178.4875,1.0376480956406435
2460325.5901501393,2179.0925390625002,1.0375906450512444
2460325.597094518,2178.859921875,1.0378269279267889
2460325.604038897,2179.70150390625,1.0378284518412941
2460325.6109832753,2179.86697265625,1.038463161140198
2460325.617927654,2178.480234375,1.0384178985304715
2460325.6248720335,2178.8953710937503,1.0377053468471695
2460325.631816412,2178.7693359375003,1.0375086790962318
2460325.6387607907,2178.59455078125,1.03767701022026
2460325.6457051695,2181.071953125,1.0382689433385877
2460325.6526495484,2180.0741015625003,1.0376139181249637
2460325.659593927,2181.8630859375003,1.0385433782414797
2460325.6665383056,2179.72306640625,1.0382808635886767
2460325.6734826844,2182.6161328125,1.0387885650206343
2460325.6804270633,2179.2181640625,1.0382581560126407
2460325.6873714416,2181.1352929687505,1.038012436774689
2460325.6943158205,2182.53873046875,1.0388136134403088
2460325.7012601993,2179.29849609375,1.0376477628492387
2460325.7082045777,2181.0959765625,1.0380342683216583
2460325.715148956,2181.59689453125,1.0382075283301393
2460325.722093335,2181.02068359375,1.0379262485587055
2460325.7290377133,2180.26236328125,1.0375155029074128
2460325.735982092,2183.07884765625,1.0383126433756782
2460325.7429264705,2182.916953125,1.0383856462104089
2460325.749870849,2182.14,1.0383652656872169
2460325.756815227,2181.5417578125002,1.0381168168563206
2460325.763759606,2180.0696484375,1.0379295524483059
2460325.7707039844,2179.531875,1.0375264786252452
2460325.7776483623,2180.3031445312504,1.0379640236323786
2460325.7845927407,2180.889375,1.0380739595719575
2460325.791537119,2179.9935351562503,1.0382480258223052
2460325.7984814974,2179.7862890625,1.0380074058466637
2460325.8054258754,2181.74373046875,1.038797132322688
2460325.8123702537,2180.1087890625,1.0378936633306202
2460325.819314632,2179.60951171875,1.0379384004322025
2460325.82625901,2179.9828710937504,1.037767879235925
2460325.8332033884,2179.9158398437503,1.037631140819048
2460325.840147766,2181.9842578125,1.038241654869994
2460326.0623678486,2178.8260546875003,1.0385937715829336
2460326.0693122246,2179.7117578125003,1.0387646697490218
2460326.0762566007,2180.64064453125,1.0388233846450843
2460326.0832009767,2180.6975976562503,1.038641420090724
2460326.0901453528,2179.8091992187497,1.0386189968237336
2460326.097089729,2181.28400390625,1.0385726915371378
2460326.104034105,2181.48169921875,1.0393032375971767
2460326.1109784804,2179.64162109375,1.0384165249045612
2460326.117922856,2180.46421875,1.0388269090611024
2460326.124867232,2179.2326953125,1.0384132490556615
2460326.1318116076,2180.4328710937502,1.038858535275314
2460326.138755983,2179.8374414062496,1.0384783451967141
2460326.1457003583,2179.3729687500004,1.0382257546970333
2460326.1526447334,2178.94640625,1.0384046527598148
2460326.1595891085,2182.1567578125,1.038910917340089
2460326.1665334837,2179.80873046875,1.0383269152056032
2460326.173477859,2180.0808984375003,1.0389894526708399
2460326.180422234,2181.1093359375004,1.0388472850459645
2460326.187366609,2179.063828125,1.0383692258816868
2460326.194310984,2179.7664843750003,1.0383145346430174
2460326.2012553588,2179.58794921875,1.0384254942945197
2460326.2081997334,2181.4192382812503,1.0388526553239792
2460326.2151441085,2182.9216406250002,1.0391037958391116
2460326.2220884827,2181.3585937499997,1.0387195646341052
2460326.229032857,2180.988984375,1.0386194228456682
2460326.2359772315,2183.2900781249996,1.0394153945746245
2460326.2429216057,2183.4740039062503,1.0394276813260037
2460326.24986598,2184.22072265625,1.0391075454576726
2460326.2568103536,2181.36732421875,1.0390385509637314
2460326.263754728,2182.72810546875,1.039468693830135
2460326.270699102,2183.8935937499996,1.0394346193827328
2460326.2776434757,2184.4712109375,1.0396041424749332
2460326.284587849,2184.77208984375,1.0392500879485727
2460326.291532223,2185.1398828125,1.03933247130449
2460326.298476597,2187.12703125,1.039883065471593
2460326.30542097,2186.03982421875,1.0400221219526466
2460326.312365344,2185.87400390625,1.0393351522997263
2460326.319309717,2184.1978125,1.039805254147746
2460326.3262540903,2186.4276562500004,1.0398190651549626
2460326.333198463,2186.056171875,1.0394358348841861
2460326.3401428363,2184.6778125,1.0394517702238029
2460326.347087209,2184.8241796875,1.0392523551797659
2460326.354031582,2185.0910742187502,1.039845899014937
2460326.3609759547,2184.57796875,1.0397314277394203
2460326.367920328,2186.1744140625,1.0399547830211353
2460326.3748647,2188.8089648437503,1.0399384651732702
2460326.3818090726,2187.1848046874998,1.0406364631613072
2460326.3887534454,2186.92529296875,1.039956653333027
2460326.395697817,2185.08509765625,1.039430232747298
2460326.402642189,2185.8224414062497,1.0395735880062944
2460326.409586562,2186.035078125,1.0395995946765675
2460326.4165309337,2186.0409375,1.0398870067717578
2460326.423475306,2185.45833984375,1.039809917833467
2460326.4304196774,2188.69611328125,1.0399636223951603
2460326.4373640493,2187.17484375,1.039832229088679
2460326.444308421,2185.23755859375,1.0395661405492704
2460326.4512527925,2189.06103515625,1.0406571278886816
2460326.458197164,2186.76,1.0393829322798545
2460326.4651415353,2188.3218164062496,1.0398390968431455
2460326.4720859067,2188.7152148437503,1.0400222658848244
2460326.479030278,2188.0644140625004,1.0398040794872707
2460326.4859746494,2186.7932812500003,1.0406747614871341
2460326.4929190204,2187.5532421875,1.0406306365664548
2460326.4998633913,2187.84884765625,1.0396192722743722
2460326.506807762,2188.51529296875,1.040473749816046
2460326.513752133,2187.78263671875,1.03975833791118
2460326.5206965036,2186.89517578125,1.039928953999093
2460326.527640874,2188.5706640625,1.0406806144261171
2460326.534585245,2189.79158203125,1.0400865482052526
2460326.541529615,2191.17369140625,1.0406546544286024
2460326.5484739854,2190.358125,1.0403222112762098
2460326.555418356,2187.27744140625,1.0395685916592505
2460326.562362726,2190.14208984375,1.0401671211542185
2460326.569307096,2189.4890625000003,1.039841358250919
2460326.576251466,2189.4187500000003,1.0405021615548422
2460326.583195836,2189.3977148437502,1.0404178272555507
2460326.5901402053,2189.6138085937505,1.0399604823608317
2460326.597084575,2187.98419921875,1.0403228248952974
2460326.6040289453,2191.066875,1.0409882386729952
2460326.610973314,2187.9648046875,1.0399131925752376
2460326.6179176834,2190.1938867187496,1.0407807209146527
2460326.624862053,2188.55091796875,1.0404735000675511
2460326.6318064225,2188.2711914062497,1.0399823062619498
2460326.6387507915,2189.65892578125,1.0403262925040608
2460326.6456951606,2189.61767578125,1.040589452986932
2460326.65263953,2189.56283203125,1.0401703712602974
2460326.6595838983,2189.93033203125,1.040515736082188
2460326.6665282673,2190.6858984375,1.0403899776109047
2460326.673472636,2188.2308203125,1.040144491279832
2460326.6804170045,2188.8188671875,1.0398692249626684
2460326.687361373,2190.1227539062497,1.0402744418523364
2460326.6943057417,2188.99611328125,1.0398615166230498
2460326.70125011,2189.43673828125,1.03996530880624
2460326.7081944784,2190.19833984375,1.0405344910739998
2460326.7151388465,2189.6528906250005,1.040500105762507
2460326.7220832147,2191.1196093750004,1.0403306608555971
2460326.7290275823,2188.39171875,1.0401012271057646
2460326.7359719505,2189.4137109375,1.040123175994624
2460326.7429163186,2192.9933203125,1.0410576991988132
2460326.7498606863,2190.89806640625,1.0402822708427613
2460326.756805054,2190.2370703125,1.040092322077869
2460326.7637494216,2189.5307226562504,1.0405629855627447
2460326.7706937892,2191.68515625,1.0402901287587878
2460326.777638157,2191.9321289062505,1.0402109188786468
2460326.784582524,2191.1325,1.0405213115450924
2460326.7915268913,2190.6347460937504,1.040223884682337
2460326.7984712585,2191.6338281249996,1.040444613622088
2460326.8054156257,2190.551015625,1.04026004738081
2460326.812359993,2190.79599609375,1.040742914604093
2460326.81930436,2192.3377734375003,1.0404730690260722
2460326.8262487263,2191.0815234375,1.040490551291562
2460326.8331930935,2193.3675585937503,1.0406250823238434
2460326.8401374603,2192.47330078125,1.0404064167232498
2460326.847081827,2189.1322851562504,1.040061232784147
2460326.8540261933,2191.81259765625,1.0413091480635812
2460326.8609705605,2191.66236328125,1.0406687400394008
2460326.8679149267,2191.73642578125,1.0404623238229413
2460326.8748592925,2192.73240234375,1.0414354692939578
2460326.8818036593,2191.0301953125,1.0403725249598756
2460326.888748026,2191.81353515625,1.0411884143359242
2460326.895692392,2189.8337109375,1.0405559035257899
2460326.9026367576,2191.87962890625,1.0404980854222086
2460326.9095811243,2192.4570703125,1.0405133555384944
2460326.91652549,2193.5538281249997,1.0409923830482115
2460326.923469856,2191.8187500000004,1.0405935640609107
2460326.9304142217,2190.97265625,1.0407887239258533
2460326.9373585875,2192.00021484375,1.0406837629224195
2460326.9443029533,2192.98294921875,1.0407148118436218
2460326.951247319,2193.3410742187502,1.0407811483183813
2460326.9581916844,2191.5839648437504,1.0406741684131704
2460326.96513605,2193.6059765625,1.040993296131962
2460326.972080415,2192.51830078125,1.0405085065876036
2460326.9790247804,2193.3065625,1.040694164879216
2460326.9859691462,2191.67109375,1.0404805918009552
2460326.992913511,2191.9860351562497,1.0405337473863405
2460326.9998578764,2192.2541601562502,1.0404244301693224
2460327.006802242,2193.28517578125,1.0409644144748287
2460327.0137466067,2192.46017578125,1.0413954282869
2460327.0206909715,2193.21076171875,1.040514777399993
2460327.0276353364,2193.51333984375,1.0407646543182567
2460327.0345797013,2194.18341796875,1.0410847758081279
2460327.041524066,2195.33349609375,1.0413502895568372
2460327.048468431,2197.01408203125,1.0416182731946504
2460327.055412796,2199.95255859375,1.0421936112673171
2460327.0623571603,2205.0649804687505,1.0433182791261655
2460327.0693015247,2209.4251171875003,1.0445203755357173
2460327.0762458895,2215.55958984375,1.04542882507563
2460327.083190254,2227.93001953125,1.04749113487755
2460327.0901346183,2238.62736328125,1.0495984048457507
2460327.0970789827,2252.6252343749998,1.052357247556518
2460327.104023347,2267.87994140625,1.0554730363295388
2460327.110967711,2283.9424218749996,1.0586766100465737
2460327.117912075,2303.6921484375002,1.0623072554277584
2460327.12485644,2328.68548828125,1.067288063003319
2460327.131800804,2355.1024218750003,1.072319710222864
2460327.1387451678,2383.1404101562503,1.0773423574930403
2460327.1456895317,2413.3172460937503,1.0831137536277884
2460327.1526338956,2444.5807617187497,1.0888307590293043
2460327.1595782596,2472.5252343750003,1.094128959187101
2460327.1665226235,2502.9665039062497,1.1000538841902
2460327.1734669874,2531.8678125,1.1049580173989126
2460327.1804113514,2563.08896484375,1.1105841370348102
2460327.1873557153,2593.63751953125,1.1164811688913612
2460327.1943000783,2623.4728125,1.1216655556619302
2460327.2012444423,2649.84580078125,1.1267354658783388
2460327.2081888057,2677.31103515625,1.131554173131996
2460327.215133169,2700.03533203125,1.1359375304708177
2460327.222077533,2721.363984375,1.139514349784945
2460327.229021896,2743.2328125000004,1.1438004708389384
2460327.2359662596,2765.03923828125,1.1476481889779229
2460327.242910623,2783.9701171875004,1.1509733750009201
2460327.249854986,2806.115390625,1.1551429339419357
2460327.2567993496,2828.6023828125,1.1586865447027719
2460327.263743713,2849.41283203125,1.1621863599135176
2460327.270688076,2869.2999023437496,1.1657932174195038
2460327.277632439,2890.0458398437495,1.1699946602269435
2460327.284576802,2909.901796875,1.1735107337817923
2460327.2915211655,2929.3113281250003,1.1767646267149134
2460327.298465529,2949.0092578125004,1.1796766292597465
2460327.3054098915,2967.3809765624997,1.1834136291336912
2460327.3123542545,2988.361875,1.186758638440741
2460327.3192986175,3010.29421875,1.190761742939964
2460327.32624298,3030.5785546875,1.1940914808285192
2460327.333187343,3051.3458203124997,1.1978131517552173
2460327.340131706,3073.7240625,1.2011644230311516
2460327.347076069,3098.259375,1.2053975919285416
2460327.3540204316,3123.8518359375,1.2096351633192832
2460327.3609647946,3149.9737499999997,1.2142433019905838
2460327.367909157,3177.0615234375,1.219205832314472
2460327.3748535197,3202.861171875,1.2232027505330436
2460327.3817978823,3228.7140234375,1.2273194890472003
2460327.3887422453,3256.1221874999997,1.2323059998972754
2460327.395686608,3285.3312890624998,1.2370113771109474
2460327.4026309703,3313.49765625,1.2418323797491388
2460327.4095753334,3345.613359375,1.2467769321823636
2460327.4165196954,3376.0982812500006,1.2520172182006988
2460327.423464058,3407.4732421875,1.2570589832306054
2460327.4304084205,3443.5897265625003,1.262874035802621
2460327.437352783,3478.9054687500006,1.268956776594728
2460327.4442971456,3515.1987890625005,1.2752304628962559
2460327.4512415077,3551.8808203124995,1.2807461360172903
2460327.45818587,3588.678984375,1.2863635031204754
2460327.4651302323,3625.0433203125,1.292056455894919
2460327.472074595,3662.8871484375,1.2979822595514232
2460327.4790189574,3698.035078125,1.3035133947043913
2460327.48596332,3737.367890625,1.3099295604546677
2460327.492907682,3774.8818359375005,1.315611593902289
2460327.4998520445,3813.0392578124997,1.3217780318915346
2460327.5067964066,3851.1561328125003,1.3279858002256164
2460327.5137407687,3885.1086328125,1.3329376645805835
2460327.5206851307,3925.3114453125004,1.3394340084503324
2460327.5276294933,3960.5459765625005,1.3444828607088777
2460327.5345738553,3995.649140625,1.350230293852391
2460327.5415182174,4033.436015625,1.35575156395959
2460327.5484625795,4067.9287500000005,1.3607782058634086
2460327.5554069416,4103.2327734375,1.3661124712769626
2460327.562351304,4136.5014843750005,1.3709419277582542
2460327.569295666,4169.189765625,1.375882441563457
2460327.5762400283,4200.0924609375,1.3805290484064063
2460327.5831843903,4232.0276953125,1.3851804909233678
2460327.5901287524,4260.896132812501,1.3895161976313413
2460327.5970731145,4293.47671875,1.3943139556929334
2460327.6040174766,4323.491484375,1.3984259904500844
2460327.6109618386,4350.9825,1.4025353404640277
2460327.6179062007,4382.5546875,1.4074569093678357
2460327.624850563,4408.636640625,1.4114589207736241
2460327.631794925,4431.56953125,1.4143141625698303
2460327.638739287,4454.7719531249995,1.4177859874326482
2460327.6456836485,4471.353984375,1.420478983447959
2460327.6526280106,4490.99203125,1.4229038252239488
2460327.6595723727,4505.938242187501,1.4251629976940194
2460327.6665167348,4517.41546875,1.4265480102102368
2460327.673461097,4525.2633984375,1.4276861882667429
2460327.6804054584,4534.7089453125,1.4293735618695609
2460327.6873498205,4541.990976562501,1.4302395604824427
2460327.6942941826,4547.161523437501,1.4312634789317988
2460327.7012385447,4552.683046875,1.4322068149905254
2460327.7081829067,4563.086953125,1.4332342434727339
2460327.7151272683,4563.2963671875,1.4336870108458457
2460327.7220716304,4567.205976562501,1.434379696942423
2460327.7290159925,4571.017382812501,1.434513516935793
2460327.7359603546,4573.7598046875,1.4349385487213595
2460327.742904716,4575.5152734375,1.4353196168698343
2460327.7498490782,4575.6863671875,1.4350689556729808
2460327.7567934403,4580.194453125,1.436228902728325
2460327.763737802,4583.148281250001,1.4364284919300438
2460327.770682164,4588.0362890625,1.436725842498773
2460327.777626524,4590.024023437501,1.4368261832105442
2460327.7845708854,4593.9948046875,1.4379036724567191
2460327.7915152474,4594.7602734375,1.4375342164877807
2460327.798459609,4599.86109375,1.4387321547659804
2460327.805403971,4602.6645703125005,1.4388842005294504
2460327.812348333,4604.8071093749995,1.4391125630866395
2460327.8192926953,4609.0433203125,1.4396527450288643
2460327.826237057,4608.6151171875,1.4397694022885628
2460327.833181419,4614.677578125001,1.4407282037132854
2460327.840125781,4610.8536328125,1.4400899535718652
2460327.847070143,4609.306054687501,1.4400718552416134
2460327.854014505,4607.390625,1.4395593757055278
2460327.860958867,4607.8171875,1.4395952765370812
2460327.867903229,4601.725546875,1.438721099703913
2460327.874847591,4597.3271484375,1.437840857389263
2460327.881791953,4594.201640625,1.4376118717095752
2460327.888736315,4586.493398437499,1.436384853168292
2460327.895680677,4582.852851562499,1.43593802920085
2460327.902625039,4576.3972265625,1.4353986332689044
2460327.9095694013,4567.62,1.4336196565798252
2460327.9165137634,4559.1215625,1.4322369693566264
2460327.9234581254,4551.538828125001,1.4313629822771297
2460327.9304024875,4546.4933203125,1.430549802433472
2460327.9373468496,4536.38390625,1.4291664877129533
2460327.9442912117,4527.81421875,1.4279306130435099
2460327.9512355737,4524.1545703125,1.4271309708470838
2460327.958179936,4511.379492187501,1.4255744380622117
2460327.9651242984,4505.033203125,1.424467926001426
2460327.9720686604,4497.7630078125,1.423768070012361
2460327.9790130225,4492.0463671874995,1.42292506981718
2460327.9859573846,4480.100273437501,1.4209580630856449
2460327.992901747,4474.4565234375,1.4200510544318046
2460327.999846109,4467.623203125,1.419202765246778
2460328.0067904717,4457.264062499999,1.4178061971652332
2460328.013734834,4445.7945703125,1.4160875772710115
2460328.020679196,4437.18890625,1.4152302330174116
2460328.0276235584,4428.5368359375,1.4137473335228128
2460328.0345679205,4418.0937890625,1.4121809072147355
2460328.0415122826,4410.5859375,1.4110704773996987
2460328.048456645,4402.9477734375005,1.4101930198902826
2460328.0554010076,4395.61078125,1.408684569075631
2460328.0623453697,4391.56125,1.4084412443507108
2460328.0692897323,4387.5946875,1.408020191703342
2460328.076234095,4385.7590625,1.40721259259662
2460328.083178457,4385.725546875,1.4077192267393126
2460328.0901228194,4381.91484375,1.40661850656784
2460328.097067182,4379.126015625,1.4066291963219593
2460328.1040115445,4382.9680078125,1.4065540304709823
2460328.110955907,4379.0258203125,1.4064381650534206
2460328.117900269,4375.492734375,1.4054568407202026
2460328.124844632,4372.07015625,1.4052576506633054
2460328.1317889947,4367.1294140625005,1.4044167405065193
2460328.138733357,4361.780039062501,1.4035753480543358
2460328.1456777197,4359.1876171875,1.4029187784519503
2460328.1526220827,4350.9601171875,1.4021048953066702
2460328.159566445,4346.070937500001,1.4014497946286333
2460328.1665108074,4337.455078125,1.3999450042429016
2460328.1734551704,4325.9581640625,1.3982054478787453
2460328.1803995334,4316.2115625,1.3968487373369394
2460328.187343896,4305.80484375,1.395472124633117
2460328.194288259,4296.3975,1.393984420310515
2460328.2012326214,4284.5330859375,1.3926839725472433
2460328.2081769845,4277.279882812501,1.391173175357082
2460328.215121347,4264.5392578125,1.3889166101281578
2460328.2220657095,4252.62796875,1.387448520144157
2460328.229010073,4238.6398828125,1.385491115021658
2460328.2359544355,4227.1147265624995,1.3840612533360346
2460328.242898799,4215.71484375,1.3819646208399694
2460328.2498431616,4203.7955859375,1.3801340235527473
2460328.256787525,4187.346445312501,1.3776780709618341
2460328.2637318876,4172.1984375,1.3754903095447524
2460328.270676251,4155.3713671875,1.3728735745999436
2460328.2776206136,4141.171992187501,1.3707894605246145
2460328.284564977,4123.8075,1.368106167464454
2460328.29150934,4107.1775390625,1.3658177522659154
2460328.298453703,4093.8498046874997,1.3635602090964711
2460328.305398067,4076.1233203125,1.3608377117207098
2460328.3123424295,4060.5458203125,1.3586417125814663
2460328.319286793,4040.188125,1.356487109242548
2460328.326231156,4024.1654296875004,1.3533142103233928
2460328.3331755195,4006.443515625,1.3508960373748573
2460328.340119883,3991.2570703125,1.3482267685095175
2460328.347064246,3976.0042968750004,1.3463577545865313
2460328.3540086094,3962.7727734375003,1.3436608778537733
2460328.360952973,3946.4902734374996,1.3416824923431248
2460328.367897337,3936.856875,1.3405600880729447
2460328.3748417,3928.6871484375,1.3386984610312602
2460328.3817860633,3919.9923046874997,1.337584036539653
2460328.388730427,3917.3057812499997,1.3369610537438017
2460328.3956747907,3914.592421875,1.336306543737517
2460328.4026191547,3913.4409375,1.336215327834237
2460328.4095635177,3916.651875,1.336566899430544
2460328.4165078816,3920.1542578124995,1.337675208826459
2460328.4234522455,3927.8262890624997,1.338473295885169
2460328.430396609,3936.2765624999997,1.3401508947673688
2460328.437340973,3945.6858984375,1.3417434186267208
2460328.4442853364,3959.0225390625,1.3430106250620932
2460328.4512297004,3971.64421875,1.3456579337300567
2460328.4581740643,3988.2704296875004,1.3476703112391561
2460328.465118428,4005.2873437499998,1.3502860375870276
2460328.472062792,4022.6070703125,1.3530965622143902
2460328.479007156,4042.184296875,1.3561283086711924
2460328.48595152,4061.2137890625,1.3586981534411133
2460328.4928958844,4080.6258984375,1.3620310141090288
2460328.499840249,4099.7581640625,1.3644657259695518
2460328.506784613,4121.3469140625,1.367715354197239
2460328.5137289767,4142.738203125001,1.3708179528957771
2460328.5206733407,4165.967109375,1.3744514666188279
2460328.5276177055,4186.098398437501,1.3777222762000587
2460328.5345620695,4207.3153125,1.3812055848550056
2460328.541506434,4233.613125,1.3847352682108898
2460328.5484507983,4252.3067578125,1.3871564216643752
2460328.555395162,4273.367929687501,1.3901718728258672
2460328.562339527,4295.0030859375,1.3933703264797792
2460328.5692838915,4316.460703125001,1.396616823270822
2460328.576228256,4336.0266796875,1.3995675446875306
2460328.5831726203,4356.479179687501,1.4024251393158662
2460328.590116985,4372.1232421875,1.4047221102044851
2460328.5970613495,4390.21734375,1.4074991836497075
2460328.6040057144,4404.787499999999,1.409511947805936
2460328.610950079,4420.4253515625,1.4121845164308524
2460328.6178944437,4431.240234375,1.4134653061592688
2460328.6248388086,4445.435625,1.4158423199654144
2460328.631783173,4454.387929687499,1.4164778903558766
2460328.638727538,4466.1332812499995,1.4181971454650755
2460328.6456719027,4476.5037890625,1.4197396006120029
2460328.652616268,4483.3712109375,1.4211539920893321
2460328.659560633,4496.5353515625,1.4227663963728199
2460328.6665049978,4505.9759765625,1.42398123273563
2460328.673449363,4513.0107421875,1.4249839126449293
2460328.680393728,4519.868203125,1.4259742197083494
2460328.687338093,4528.5525,1.4274603475616854
2460328.6942824586,4534.768945312499,1.428268787949424
2460328.7012268235,4540.766484375,1.4288489773087167
2460328.708171189,4545.5128125,1.4299548045701655
2460328.715115554,4548.072070312501,1.4301023689908117
2460328.7220599195,4553.195390625001,1.4308723329908872
2460328.729004285,4554.5061328125,1.4310577587598823
2460328.73594865,4558.9419140625005,1.4320814352948943
2460328.7428930155,4559.283281250001,1.431767868238315
2460328.7498373813,4563.9041015625,1.4321414184630157
2460328.756781747,4564.1712890625,1.4322149452660036
2460328.763726112,4563.49078125,1.4324807559227717
2460328.7706704778,4557.90375,1.431574632025659
2460328.7776148436,4564.189453125,1.432726376156275
2460328.7845592094,4560.695507812499,1.4319952272439178
2460328.791503575,4562.334375,1.4319919529751326
2460328.798447941,4561.208789062501,1.4317409551820237
2460328.8053923068,4562.087695312501,1.4322273872059261
2460328.8123366726,4565.66625,1.4322759025811653
2460328.8192810384,4564.5080859375,1.432157486728382
2460328.826225405,4569.462421875,1.4332480745515228
2460328.833169771,4567.7746875,1.43264415163799
2460328.8401141367,4569.123632812501,1.4329550993755042
2460328.847058503,4568.973867187501,1.432773764596239
2460328.854002869,4569.2907421875,1.4330100162298978
2460328.860947235,4569.0464062500005,1.4327749611553513
2460328.8678916018,4569.1611328125,1.4329789284954952
2460328.874835968,4568.5323046875,1.4328673547271304
2460328.8817803343,4570.4314453125,1.4331836832997933
2460328.888724701,4574.04046875,1.4333834158892056
2460328.8956690673,4567.385507812501,1.4325461469441354
2460328.9026134335,4573.2346875,1.4338963010172137
2460328.9095578003,4566.418710937501,1.4329231165934326
2460328.916502167,4565.5676953125,1.4328435314712031
2460328.9234465337,4561.7771484375,1.4316921326833099
2460328.9303909,4560.556640625,1.4318156757459108
2460328.9373352667,4558.3621875,1.4312247735522448
2460328.9442796335,4553.694023437501,1.4308226549284033
2460328.9512240007,4550.3667187500005,1.4303392925682834
2460328.9581683674,4546.144453125001,1.4295618136445338
2460328.9651127346,4539.618984375001,1.4286454014817862
2460328.9720571013,4528.5439453125,1.426954913583601
2460328.979001468,4522.898203125,1.4267407654651185
2460328.9859458357,4514.6858203125,1.4250464860150585
2460328.9928902024,4504.992421875,1.4237501357687041
2460328.9998345696,4497.081679687501,1.422278953164012
2460329.006778937,4486.2099609375,1.420909352220776
2460329.0137233045,4479.15375,1.419879147852661
2460329.020667671,4471.1701171875,1.418816225552549
2460329.027612039,4459.789687500001,1.4171649350702131
2460329.034556406,4448.5678125,1.4151944447777198
2460329.0415007737,4433.8018359375,1.4135315248743863
2460329.048445141,4417.5270703125,1.4113050112080208
2460329.0553895086,4403.816015625001,1.4091723474461693
2460329.0623338763,4392.184921875,1.4074006328049598
2460329.069278244,4376.308007812499,1.4051430951274717
2460329.0762226116,4363.9996875,1.4030987686985685
2460329.0831669793,4354.795078125,1.4019993629657312
2460329.0901113474,4341.257578125001,1.3997612794427308
2460329.097055715,4332.33328125,1.398299173553965
2460329.104000083,4324.2167578125,1.39767665996003
2460329.110944451,4312.4762109375,1.3955487489139957
2460329.117888819,4304.834648437501,1.3944750164265283
2460329.124833187,4296.819726562499,1.3933809133798507
2460329.1317775548,4288.4387109375,1.3926394657934669
2460329.1387219233,4280.032148437501,1.3910417319320667
2460329.1456662915,4275.560156250001,1.3899696553967338
2460329.1526106596,4267.600546875,1.3889227859572058
2460329.159555028,4263.2240625,1.3886056864614966
2460329.1664993963,4257.9786328125,1.38793506452436
2460329.1734437644,4254.252421875,1.3869875006491996
2460329.1803881335,4250.412421875,1.386638222211755
2460329.1873325016,4251.6825,1.3874208649713333
2460329.1942768707,4248.8377734375,1.3866672633021138
2460329.201221239,4247.9150390625,1.3861554094290884
2460329.208165608,4249.1859375,1.386234092017909
2460329.2151099765,4248.398789062499,1.3861249355561698
2460329.222054345,4244.9607421875,1.385723155838704
2460329.228998714,4246.2561328125,1.3858592211979002
2460329.2359430827,4241.962148437499,1.385793974414564
2460329.242887452,4238.5004296875,1.3848625531392627
2460329.2498318213,4236.066328125,1.3847299728063451
2460329.25677619,4230.747656250001,1.3843417575417047
2460329.263720559,4225.28765625,1.3830081918179087
2460329.270664928,4221.435234375001,1.3822896732238792
2460329.2776092975,4210.5420703125,1.3806468236513874
2460329.284553667,4204.186523437501,1.3802880745326984
2460329.2914980357,4195.853437500001,1.3785842741727266
2460329.298442405,4184.2477734375,1.3766353120993964
2460329.3053867747,4174.788046875,1.3753554063775433
2460329.312331144,4163.5340625,1.3735092193379677
2460329.3192755138,4151.321367187501,1.3718986802394564
2460329.3262198833,4139.735742187499,1.370302891551126
2460329.333164253,4123.3259765625,1.3679175104255605
2460329.3401086223,4110.047109375,1.3660541412228528
2460329.347052993,4095.0733593750006,1.3633417070655183
2460329.3539973623,4080.9242578125,1.3612510606301063
2460329.360941732,4065.3174609375,1.3591163267837274
2460329.367886102,4050.1763671874996,1.3571843527033032
2460329.374830472,4039.7722265625002,1.3552969600462867
2460329.381774842,4022.5139062499998,1.3526348323798194
2460329.388719212,4012.098984375,1.3509916293280593
2460329.3956635823,4003.3831640625,1.3496247003053565
2460329.4026079522,3993.5295703125,1.3479167635968778
2460329.4095523222,3985.4012109375,1.3469076569818057
2460329.4164966927,3981.6418359374998,1.3461451873756953
2460329.423441063,3978.0730078125,1.3459393010836427
2460329.4303854336,3976.3018359375005,1.3452432196838773
2460329.437329804,3975.9167578125002,1.345231866654409
2460329.4442741745,3981.2037890624997,1.3461518744488592
2460329.451218545,3986.02546875,1.3468411358922843
2460329.4581629154,3987.9107812500006,1.347192346300884
2460329.4651072863,3997.2423046874997,1.3490000318439896
2460329.4720516573,4002.521484375,1.3496037639502523
2460329.4789960277,4009.5233203125003,1.3504527952173475
2460329.4859403986,4023.1702734375,1.3532694402919476
2460329.4928847696,4033.9784765624995,1.3543200042684704
2460329.499829137,4049.1205078125,1.3566670972655814
2460329.5067735068,4065.5623828125003,1.3589962652871508
2460329.513717877,4079.41078125,1.3608855283677672
2460329.5206622486,4095.9826171875006,1.363345746467602
2460329.52760662,4114.304765624999,1.3658541716005186
2460329.534550991,4128.0176953125,1.3682906709557885
2460329.5414953623,4144.151601562501,1.370857240870514
2460329.5484397337,4157.6947265625,1.3727665258158555
2460329.555384105,4175.37,1.3752241054881018
2460329.5623284765,4192.52671875,1.3775514205056512
2460329.5692728483,4208.6733984375,1.3800973732856032
2460329.5762172197,4226.4718359375,1.3827843919992244
2460329.583161591,4244.6914453125,1.3857556818677896
2460329.5901059625,4265.96203125,1.3886301527868243
2460329.597050335,4283.740546875,1.3913618485899146
2460329.6039947066,4301.474765625,1.3941957288383622
2460329.6109390785,4316.128359375,1.3961327293405181
2460329.61788345,4328.3232421875,1.3975973880455366
2460329.624827822,4339.3318359375,1.3994071499568823
2460329.6317721945,4349.6968359375,1.401035763100717
2460329.638716566,4356.8494921875,1.4016879701251437
2460329.6456609387,4360.641679687499,1.4024675132959545
2460329.6526053105,4364.8754296875,1.402944416224144
2460329.6595496833,4370.8812890625,1.4040797974142636
2460329.666494055,4372.641328125,1.404141187680574
2460329.673438428,4376.566171875001,1.4051808898319962
2460329.6803828003,4379.094375,1.4053757237363909
2460329.6873271726,4386.3962109375,1.405980950660137
2460329.694271546,4385.01609375,1.4062816315028368
2460329.7012159177,4388.074453124999,1.406509428820048
2460329.708160291,4384.053632812501,1.4060312429065664
2460329.7151046637,4382.7383203125,1.4060682126658006
2460329.722049036,4375.83515625,1.4047970356190727
2460329.7289934093,4372.511953125,1.4043137382871393
2460329.735937782,4364.390976562499,1.4031463575128005
2460329.742882155,4357.631601562501,1.4018377226316499
2460329.749826528,4349.880234375,1.400863195583687
2460329.7567709014,4343.0328515625,1.4002259643581045
2460329.7637152746,4333.4000390625,1.3984723430095645
2460329.770659648,4321.234218750001,1.3966954869968797
2460329.777604021,4310.79328125,1.3950439004926543
2460329.7845483944,4298.405507812499,1.3938238235080858
2460329.7914927676,4289.60953125,1.3919251684701808
2460329.798437141,4271.4073828125,1.389435521812752
2460329.8053815146,4258.460625000001,1.3876732996951422
2460329.8123258883,4245.9617578125,1.3857973679644886
2460329.819270262,4235.755781250001,1.3839908042281628
2460329.8262146357,4224.2947265625,1.3830627361701877
2460329.833159009,4213.58578125,1.3812723714362323
2460329.840103383,4203.8128125,1.3792653887801773
2460329.8470477574,4194.652734375001,1.3779816919511905
2460329.8539921306,4185.09234375,1.3770302122300002
2460329.8609365053,4180.3691015625,1.376290194187663
2460329.867880879,4175.267812499999,1.3751323405266238
2460329.8748252536,4171.8569531250005,1.3746255421847333
2460329.8817696273,4166.4805078125,1.3741189682055108
2460329.888714002,4165.1390625,1.3737812955644833
2460329.8956583757,4163.346914062499,1.3733256231347726
2460329.9026027503,4165.1996484375,1.3739901643586367
2460329.9095471245,4165.151953125001,1.373523385860089
2460329.916491499,4167.8482031250005,1.374033861347103
2460329.923435874,4168.0386328125,1.3742174453381208
2460329.930380249,4168.268203125,1.3746795338999183
2460329.937324623,4166.9702343750005,1.3737770018905884
2460329.9442689978,4171.0073437500005,1.3742908846479835
2460329.9512133724,4172.0143359375,1.3748892755639475
2460329.9581577475,4173.60609375,1.3754363096060462
2460329.9651021226,4173.4613671875,1.3747939623054544
2460329.9720464977,4172.264999999999,1.374502321371483
2460329.978990873,4169.6723437499995,1.3743735029077568
2460329.985935247,4164.165234375,1.3732631972537461
2460329.992879622,4159.3297265625,1.373071931205752
2460329.9998239973,4152.12140625,1.371797814088685
2460330.0067683733,4141.5502734375,1.3706354953171573
2460330.0137127484,4131.471093749999,1.3686351235496739
2460330.0206571235,4123.64109375,1.3676858585931868
2460330.0276014996,4112.927343750001,1.3658872032968379
2460330.0345458747,4100.8903125,1.3639543837693948
2460330.0414902507,4088.2013671875006,1.3621291625622423
2460330.048434626,4080.2690624999996,1.3613022093298188
2460330.055379002,4061.2766015625,1.3578998859995755
2460330.0623233775,4050.05484375,1.3565042137509973
2460330.0692677535,4037.74078125,1.3543332447730327
2460330.076212129,4024.0207031250006,1.3534086429599315
2460330.083156505,4013.2749609375005,1.3509556190698824
2460330.090100881,4004.3172656250003,1.3495041424441585
2460330.097045257,3989.9725781250004,1.3474741472613008
2460330.1039896333,3981.8944921875004,1.345676108821804
2460330.11093401,3970.0496484375,1.3442384724149214
2460330.117878386,3963.290859375,1.343216656904742
2460330.1248227623,3955.0716796875,1.3418803149618688
2460330.1317671384,3949.026796875,1.340790684956839
2460330.1387115153,3940.2154687500006,1.3399403277854418
2460330.1456558914,3933.6399609375003,1.338656686028153
2460330.1526002684,3927.7719140625,1.3376511059513216
2460330.159544645,3926.2958203125,1.3373981403360116
2460330.1664890214,3921.9507421875,1.33665701120467
2460330.1734333984,3924.0155859374995,1.3370186378385973
2460330.1803777753,3926.3443359375,1.3374789018780493
2460330.1873221523,3930.2840625000003,1.3382720038124944
2460330.1942665293,3933.9868359375,1.338705647114956
2460330.2012109063,3941.7467578125,1.3396168248590195
2460330.2081552832,3947.003203125,1.3409662641707303
2460330.21509966,3953.4609375,1.341444424913995
2460330.2220440377,3964.91671875,1.3435064069363924
2460330.228988415,3971.91140625,1.34434284192403
2460330.235932792,3977.5838671875003,1.3453957443246054
2460330.242877169,3982.5206250000006,1.346482911421133
2460330.249821547,3984.9919921875003,1.346517787829726
2460330.256765925,3987.6421875,1.3471306144987494
2460330.263710302,3989.6576953125004,1.347139261376532
2460330.2706546797,3989.0896875,1.3469855324195275
2460330.2775990576,3991.0475390625,1.3477755762606973
2460330.2845434356,3986.6902734375,1.3466163568569938
2460330.2914878135,3985.3473046875,1.346973038934201
2460330.2984321914,3983.2626562499995,1.3465817708269237
2460330.3053765693,3977.931796875,1.34518459263161
2460330.3123209476,3975.9873046875005,1.3447955031505383
2460330.319265325,3970.4192578125003,1.344006988830234
2460330.3262097035,3966.2374218749997,1.3435916166817468
2460330.333154082,3957.210234375,1.3423011190176632
2460330.3400984597,3953.300390625,1.3414101801883411
2460330.3470428386,3945.9621093750006,1.340605593416737
2460330.353987217,3937.956796875,1.3396017876846578
2460330.3609315953,3925.5671484375002,1.337541003110884
2460330.3678759737,3916.3705078125,1.3360449276533217
2460330.3748203525,3906.0549609375,1.3345918154284278
2460330.381764731,3900.7889062500003,1.3334722844432727
2460330.38870911,3886.7313281250003,1.3314695551587958
2460330.3956534886,3878.2344140625005,1.3301280612883681
2460330.402597868,3870.9048046875,1.3289882428956805
2460330.4095422467,3861.9475781250003,1.3275141481226644
2460330.4164866256,3855.1107421875,1.3270224257006236
2460330.423431005,3845.0262890625,1.3249803842880736
2460330.4303753837,3841.9529296875003,1.324908249675394
2460330.437319763,3835.5323437500006,1.3237105201035684
2460330.444264142,3831.9706640625004,1.3236051029566536
2460330.4512085216,3827.0629687500004,1.3228559886799593
2460330.458152901,3825.1750781250007,1.3218347471023424
2460330.46509728,3821.2280859375,1.3213448111718296
2460330.4720416605,3819.2803124999996,1.3211498341695764
2460330.4789860398,3818.5913671875,1.3211175815985226
2460330.485930419,3820.1764453125,1.3211485332028623
2460330.492874799,3827.3445703125,1.322513718022532
2460330.4998191786,3825.4470703125003,1.3225242486375557
2460330.5067635584,3832.0833984375,1.3234921326656823
2460330.513707939,3838.0243359375,1.3238223644185516
2460330.5206523184,3844.5861328125006,1.3252315520293296
2460330.5275966986,3852.279140625,1.3270881484686377
2460330.5345410784,3859.8915234375004,1.3273149583385453
2460330.541485459,3870.9079687500002,1.329285144119896
2460330.5484298393,3882.4351171875005,1.3310539274599882
2460330.5553742195,3889.3877343750005,1.3322192830144273
2460330.5623186002,3902.381015625,1.3339306882165498
2460330.56926298,3912.5869921875,1.3357732749185607
2460330.5762073607,3918.4010156250006,1.3362456814777535
2460330.5831517414,3928.3908984375,1.3375797294149958
2460330.590096122,3937.8036328125004,1.3394918209359918
2460330.597040503,3949.2167578125004,1.3407456419611226
2460330.6039848835,3960.5224218750004,1.342594483927795
2460330.610929264,3972.2351953125,1.345285559573023
2460330.617873645,3980.01375,1.3455578414604392
2460330.6248180256,3992.92546875,1.347535952079352
2460330.6317624073,4000.93125,1.3487016064094883
2460330.638706788,4010.9678906249997,1.3502592280688293
2460330.6456511696,4018.45828125,1.3512631918990659
2460330.6525955503,4029.5234765625005,1.35334109293364
2460330.659539932,4035.3160546875,1.354103781254851
2460330.666484313,4040.4567187499997,1.3549213886238778
2460330.6734286947,4049.3729296875003,1.356287843698506
2460330.680373076,4053.7821093750003,1.3565170594474125
2460330.6873174575,4057.7644921875,1.3574421804424694
2460330.694261839,4061.90625,1.3585564244919965
2460330.701206221,4062.0575390625004,1.3582308434167674
2460330.7081506024,4063.3838671874996,1.3586568507788022
2460330.7150949845,4067.5017187500002,1.3589255977495187
2460330.7220393666,4067.3759765625,1.3591040402761532
2460330.7289837482,4066.1300390625,1.3584988017881858
2460330.735928131,4062.9870703125002,1.3582237714746779
2460330.7428725124,4058.106796875,1.3576224993548853
2460330.7498168945,4053.1275000000005,1.3567626003194677
2460330.7567612766,4049.52984375,1.3559311889701862
2460330.763705659,4046.7535546875,1.3563815747719616
2460330.7706500418,4036.8123046875003,1.3544623006848233
2460330.7775944243,4032.454921875,1.3537441049718204
2460330.784538806,4026.00609375,1.352448689735218
2460330.7914831894,4017.9280078125,1.3515152748543533
2460330.798427572,4008.3864843750002,1.3498100022991977
2460330.8053719546,3996.2032031250005,1.3482020358553137
2460330.812316337,3989.8991015624997,1.3470692548583596
2460330.8192607197,3980.3648437499996,1.3454386446062372
2460330.8262051027,3968.8245703124994,1.3436603310928608
2460330.8331494858,3958.5697265625004,1.3421545714037644
2460330.8400938683,3946.513125,1.3407211143456788
2460330.847038252,3938.4440625,1.3391976179603153
2460330.853982635,3924.037734375,1.3374929675927263
2460330.860927018,3917.435390625,1.3359129069768372
2460330.8678714014,3907.6030078125,1.3345136729067784
2460330.874815785,3905.2798828125,1.3341144518094257
2460330.8817601684,3898.0393359375,1.333748778379742
2460330.888704552,3890.9733984375,1.3321812479271122
2460330.8956489353,3889.257421875,1.3319816924993513
2460330.902593319,3883.807968750001,1.3306151290418045
2460330.909537703,3885.7244531250003,1.3312345470696862
2460330.9164820863,3883.7765625000006,1.33116110242456
2460330.9234264703,3885.1391015625,1.3311746771225212
2460330.930370854,3885.7842187500005,1.3310212388260279
2460330.937315238,3889.25015625,1.331468255589911
2460330.944259622,3889.1949609375,1.331874381310548
2460330.951204006,3895.5928125000005,1.3329725704094633
2460330.9581483905,3897.5941406250004,1.3332946292492145
2460330.9650927745,3898.9805859374997,1.3334601898907537
2460330.972037159,3903.3721875000006,1.334238458136755
2460330.9789815433,3910.3501171875,1.3349008393430282
2460330.9859259278,3911.7266015625005,1.3349122144297203
2460330.992870312,3913.4851171875002,1.3352064120091576
2460330.9998146966,3915.0915234375,1.335694172403408
2460331.006759081,3910.3427343749995,1.334967070940393
2460331.013703466,3909.87890625,1.334588215429578
2460331.0206478513,3904.6013671875003,1.3342180679880302
2460331.0275922357,3899.167265625,1.3331543089487645
2460331.0345366206,3893.640234375,1.332420499942583
2460331.0414810055,3884.6922656250003,1.3314187241450384
2460331.048425391,3880.3316015625,1.330004324212104
2460331.0553697757,3872.5027734375,1.3291142112473469
2460331.0623141606,3862.344140625,1.3275509393051628
2460331.0692585465,3853.6058203125,1.3264061917602705
2460331.0762029313,3846.9168750000003,1.3251167016348682
2460331.0831473167,3838.9205859374997,1.3237408155323804
2460331.090091702,3829.7489062500003,1.3227727714313169
2460331.097036088,3821.8360546875006,1.3212563455844566
2460331.1039804737,3813.8258203125006,1.3200979701479103
2460331.110924859,3804.52734375,1.318771456356172
2460331.117869245,3796.9241015625,1.3173565397279068
2460331.1248136307,3789.3057421875,1.316601594402574
2460331.131758017,3783.0159375000003,1.314761165669483
2460331.1387024024,3773.276015625,1.3138807678867355
2460331.1456467886,3764.6666015625,1.312044879552342
2460331.1525911745,3755.671640625,1.3114356712278918
2460331.1595355608,3752.754609375,1.310809772460574
2460331.1664799466,3750.3475781250004,1.310136547385858
2460331.173424333,3748.03265625,1.309816264658191
2460331.180368719,3746.9269921875,1.3096625516087421
2460331.187313106,3746.236875,1.309524447365987
2460331.194257492,3751.0951171875004,1.3101969103468425
2460331.201201879,3751.587890625,1.3103116698388242
2460331.2081462652,3760.7690625,1.3117718360076547
2460331.215090652,3767.2571484375003,1.3130534386889499
2460331.2220350355,3775.6140234375002,1.3141392803507286
2460331.228979421,3785.0717578125004,1.3157505677432948
2460331.235923808,3795.8410546875,1.317257466655249
2460331.242868195,3801.9911718750004,1.3178583418167447
2460331.249812582,3810.998203125,1.3192413070791489
2460331.2567569693,3816.2347265625,1.3202969835819658
2460331.263701356,3819.2994140625,1.3208142457150986
2460331.2706457432,3821.328046875,1.3211967483865488
2460331.277590131,3824.69015625,1.321645975333394
2460331.284534518,3823.8221484375003,1.321229630558235
2460331.2914789054,3818.1526171875,1.3204710765760905
2460331.2984232926,3812.7796875,1.3199296594563117
2460331.3053676807,3809.6391796875,1.319230201190197
2460331.312312068,3805.3330078125,1.3187196720307055
2460331.319256456,3798.7904296875004,1.3175217490887932
2460331.3262008433,3791.897812500001,1.3166117029615474
2460331.3331452315,3785.3276953125,1.3153900879802587
2460331.3400896196,3774.982265625,1.3142519769768428
2460331.3470340073,3770.7523828125,1.313434140023155
2460331.3539783955,3761.2457812499997,1.311990815493769
2460331.3609227836,3753.1005468749995,1.310244411977209
2460331.3678671718,3743.6943750000005,1.309255065920995
2460331.37481156,3734.9405859375,1.3080055549997314
2460331.3817559485,3724.6880859375,1.3059473067754306
2460331.3887003367,3716.1939843750006,1.3050216022231764
2460331.395644725,3706.361953125,1.3029909628522918
2460331.402589114,3696.234609375,1.302100642155503
2460331.4095335025,3685.9828125,1.3005055122441627
2460331.416477891,3678.1674609375004,1.2987218893346213
2460331.4234222793,3665.5245703125,1.297139138563244
2460331.430366669,3654.7051171875005,1.2951558556336684
2460331.4373110575,3650.3511328125005,1.294409466632755
2460331.4442554465,3643.9533984375,1.2936525453551626
2460331.4511998356,3638.6333203125,1.2926215496117373
2460331.4581442247,3632.5258593750004,1.2915773428988173
2460331.465088614,3629.02359375,1.2910618924243655
2460331.4720330033,3625.4851171875002,1.2904850660527407
2460331.478977392,3624.3798046875,1.2908143363390998
2460331.485921782,3624.071015625,1.2902355105276146
2460331.4928661715,3620.3487890625,1.2897383737326622
2460331.4998105606,3622.9115625,1.2904189816632128
2460331.50675495,3625.0059375,1.2907203952212758
2460331.5136993397,3627.2403515625006,1.2910912334925764
2460331.5206437297,3633.0740625,1.2921656591476904
2460331.5275881193,3641.3448046875,1.2934386247515932
2460331.5345325093,3647.2161328125003,1.2939774261088879
2460331.5414768993,3654.9179296875004,1.2954315523475424
2460331.5484212893,3667.3620703125002,1.2972165405034755
2460331.5553656793,3675.618984375,1.2989950580262877
2460331.5623100693,3684.9724218750002,1.300055321787768
2460331.56925446,3691.1567578125,1.3009272404447332
2460331.57619885,3696.5935546875003,1.302016869927708
2460331.5831432403,3700.5854296875004,1.3027045530608772
2460331.590087631,3708.5251171875,1.303786530209402
2460331.5970320213,3716.205,1.3049855794699703
2460331.6039764117,3721.7602734375,1.3059880391394094
2460331.610920802,3726.2251171875,1.306564378556103
2460331.617865193,3731.561953125,1.3070319888619981
2460331.6248095836,3742.2043359375,1.3089696834223357
2460331.631753975,3751.6925390625,1.310390881665741
2460331.6386983655,3759.323671875,1.3113765574650926
2460331.645642757,3764.9368359375003,1.3131219969563392
2460331.6525871474,3772.8835546875002,1.3139082850171675
2460331.659531539,3779.4732421875,1.314355829770429
2460331.66647593,3786.2687109375,1.3156842252053962
2460331.673420321,3790.0662890625003,1.3164001979234694
2460331.6803647126,3793.398515625,1.3169114338154544
2460331.6873091045,3798.7780078124997,1.3178616832209242
2460331.6942534954,3801.800859375,1.3177913809719686
2460331.701197887,3805.7989453124997,1.3186320390998516
2460331.7081422787,3808.0991015625004,1.3187362180252848
2460331.71508667,3810.1210546874995,1.319514628465497
2460331.722031062,3813.7998046875,1.3199450420071057
2460331.728975454,3813.4276171875003,1.319919525434658
2460331.7359198458,3815.2074609375,1.3201539280907297
2460331.7428642376,3814.25625,1.319943083552187
2460331.74980863,3815.51625,1.3202280965205253
2460331.756753022,3812.7650390625004,1.3196924391914906
2460331.763697414,3805.1267578125003,1.318922348354655
2460331.770641806,3801.9458203125,1.3181242654282534
2460331.777586199,3793.6101562500003,1.3169463442227167
2460331.784530591,3781.262109375,1.3148313938447582
2460331.7914749836,3774.2245312500004,1.3135991422766078
2460331.7984193764,3763.0920703125,1.3119107260613894
2460331.8053637687,3752.352890625,1.3102772194993617
2460331.812308161,3737.3109375000004,1.3080019794027387
2460331.819252554,3723.5443359375,1.305986504047629
2460331.8261969467,3711.40828125,1.3040445764755026
2460331.83314134,3694.8716015624996,1.3014279843124512
2460331.8400857328,3679.4398828125,1.2988488497390624
2460331.8470301256,3660.8994140625,1.295995178513535
2460331.853974519,3644.7365625,1.2934886186689856
2460331.8609189116,3632.3298046875,1.2915144220026171
2460331.8678633054,3619.7704687499995,1.2894974324114519
2460331.8748076987,3609.0162890625,1.2875748083975145
2460331.881752092,3599.39296875,1.2865869876667217
2460331.8886964857,3590.908828125,1.285331828811063
2460331.8956408785,3585.5520703125,1.2843295538409956
2460331.902585272,3581.7071484374997,1.2838251177366482
2460331.909529666,3580.9170703125005,1.2832859472294615
2460331.9164740597,3579.0239062500004,1.283430310698246
2460331.9234184534,3582.13734375,1.28359581590548
2460331.930362847,3584.6295703125,1.2841019007604861
2460331.937307242,3588.2588671875,1.2846299848566327
2460331.9442516356,3595.2708984375,1.285503088540866
2460331.95119603,3601.8206250000003,1.2866598213725429
2460331.958140424,3611.3310937500005,1.2883024615500165
2460331.9650848177,3619.4459765625,1.289813156939635
2460331.9720292124,3631.3981640625,1.2916106763181234
2460331.9789736066,3643.6804687499994,1.2937284467884482
2460331.985918001,3655.7291015625,1.2955085575021053
2460331.992862396,3666.2784374999997,1.2973611429415872
2460331.99980679,3677.178984375,1.2986398816374256
2460332.0067511853,3687.210703125,1.300718531632614
2460332.0136955795,3694.4459765625,1.301322058589855
2460332.0206399746,3698.6617968749997,1.3020922345329051
2460332.0275843693,3702.122578125,1.3024618302252429
2460332.0345287644,3701.2178906249997,1.3026624386687697
2460332.0414731596,3695.636015625,1.301854480131189
2460332.0484175547,3691.950703125,1.3012982909649307
2460332.0553619494,3683.9895703125003,1.2999009054395814
2460332.062306345,3675.8237109375,1.2983254475620636
2460332.06925074,3666.834140625,1.2972638490580468
2460332.0761951357,3655.8643359375,1.294947536136709
2460332.0831395313,3645.9561328125005,1.2934127056223803
2460332.090083927,3640.8371484375,1.292856471568685
2460332.097028322,3629.2860937500004,1.2908876745880866
2460332.1039727177,3621.1906640625,1.289957616229352
2460332.1109171137,3610.4939062500002,1.2881826140055732
2460332.1178615093,3597.6847265625,1.2860794242050333
2460332.124805905,3589.9154296875004,1.284943548060791
2460332.1317503015,3573.9428906249996,1.2822788010413324
2460332.1386946975,3559.6215234375,1.2802430504277595
2460332.145639093,3549.8438671875006,1.2782824654290612
2460332.152583489,3537.539765625,1.2764022984320647
2460332.159527886,3525.168515625,1.274506676879266
2460332.1664722823,3514.3284375,1.2726707777666777
2460332.1734166783,3509.4104296875,1.2723141684058652
2460332.180361075,3500.933203125,1.270680311041524
2460332.187305472,3492.9994921875004,1.2693416671622242
2460332.1942498684,3488.7840234375,1.2685044589560734
2460332.201194265,3488.0567578124997,1.268492830441391
2460332.2081386615,3486.4135546875004,1.2685829941818432
2460332.2150830585,3491.7633984375,1.2694139332446188
2460332.222027455,3494.5508203125005,1.2698376238530464
2460332.2289718525,3496.8188671875,1.2705284880593946
2460332.2359162495,3510.8109375000004,1.2724157726641139
2460332.2428606465,3516.4226953125,1.2732124761537402
2460332.249805044,3526.22859375,1.2746935103095105
2460332.2567494414,3533.7207421875005,1.276413511641713
2460332.263693838,3535.9578515625,1.276687871385265
2460332.2706382354,3539.242734375,1.2768809498038471
2460332.277582633,3540.8200781250002,1.2777432131901492
2460332.2845270303,3544.4644921875,1.2773990623857647
2460332.2914714287,3542.6544140624997,1.2775368310812072
2460332.298415826,3540.05625,1.2769322985077396
2460332.3053602236,3537.9130078125004,1.2764872074745477
2460332.3123046216,3529.68421875,1.2754159532305624
2460332.3192490195,3526.4614453125,1.2751009736292291
2460332.3261934174,3519.5841796875006,1.2736103764260198
2460332.3331378154,3511.6693359375004,1.2730224245958257
2460332.3400822137,3504.1194140625007,1.271246809134652
2460332.3470266117,3495.1810546875004,1.2701339239654061
2460332.35397101,3489.515390625,1.2690643369684658
2460332.3609154085,3480.9108984375,1.267191485998655
2460332.367859807,3473.0616796875,1.265933403081208
2460332.3748042053,3465.0571875,1.2651729734844106
2460332.381748604,3460.8210937500003,1.263917514694298
2460332.3886930025,3453.4995703125,1.2629030895768178
2460332.395637401,3444.5627343749998,1.2614518785074122
2460332.4025818,3437.986171875,1.2604895438691341
2460332.4095261986,3428.1078515625,1.2587817566758561
2460332.416470598,3422.882578125,1.2582267978396027
2460332.4234149964,3412.958671875,1.2563237680076538
2460332.4303593957,3402.2991796875,1.2548703720848018
2460332.437303795,3393.196875,1.25451467350866
2460332.444248194,3386.13515625,1.2521507872317856
2460332.4511925937,3376.6121484375003,1.250895752088907
2460332.458136993,3369.7400390624994,1.2496407295817742
2460332.4650813923,3363.11765625,1.2484859502521881
2460332.4720257916,3353.925703125,1.2470347436355356
2460332.478970191,3353.58328125,1.2465514906743282
2460332.4859145912,3349.5533203125,1.246156985762431
2460332.4928589906,3346.864921875,1.246125951394048
2460332.4998033904,3352.8535546875005,1.2468879838497233
2460332.50674779,3353.2843359375,1.2468057676335869
2460332.5136921904,3358.7235937500004,1.2478709966079249
2460332.5206365907,3367.607109375,1.24907864033926
2460332.52758099,3373.1442187499997,1.2506360396692928
2460332.5345253907,3379.1017968749998,1.2511028043182337
2460332.5414697905,3388.001953125,1.2524746763053507
2460332.548414191,3397.1280468749997,1.253750994164885
2460332.5553585915,3402.1490625,1.2555282343248904
2460332.562302992,3407.5024218750004,1.2552296658669262
2460332.5692473925,3416.6363671875,1.25702178879191
2460332.5761917927,3417.3540234375,1.2568732269048466
2460332.583136194,3419.07234375,1.2575789815322824
2460332.5900805946,3419.9778515625003,1.257571108697932
2460332.5970249954,3417.013359375,1.2572361349413232
2460332.6039693966,3413.630390625,1.2566470771716738
2460332.6109137973,3407.7621093750004,1.255502046467974
2460332.6178581985,3405.2431640625,1.2553614756278069
2460332.6248025997,3401.8971093750006,1.2549070042887038
2460332.631747001,3397.7745703125,1.2540677245387697
2460332.638691402,3402.0455859374997,1.2542787980292094
2460332.645635803,3402.2506640624997,1.254475248293339
2460332.652580205,3405.3826171875003,1.2554893417584811
2460332.659524606,3409.488515625,1.2561803601378256
2460332.6664690077,3417.6394921875,1.2568736648779886
2460332.6734134094,3421.2450000000003,1.25777782440582
2460332.680357811,3427.3667578125,1.2587232348383341
2460332.6873022127,3436.2290625,1.2601586171251296
2460332.694246615,3447.5117578124996,1.2619545129759295
2460332.701191017,3457.2446484375,1.2638871774100708
2460332.7081354186,3465.6891796875,1.2645866825971341
2460332.715079821,3473.7418359375,1.26634355610966
2460332.722024223,3485.8051171875,1.2682207810686508
2460332.7289686254,3496.2268359375,1.2696321606746188
2460332.7359130275,3501.4150781250005,1.2706504257714417
2460332.7428574297,3509.5535156250003,1.2721303335083467
2460332.7498018327,3513.532734375,1.2727674168153549
2460332.756746235,3517.674375,1.273288096646344
2460332.7636906374,3516.4644140625,1.27306006350341
2460332.77063504,3513.9779296875,1.2726342490237312
2460332.777579443,3509.426015625,1.271884391258184
2460332.784523846,3502.9462500000004,1.270969075253703
2460332.7914682482,3494.326875,1.2696467116952361
2460332.7984126513,3485.97515625,1.268759704235056
2460332.8053570543,3469.4694140625,1.265433513167972
2460332.8123014574,3456.8241796875004,1.263205187418783
2460332.8192458604,3442.7900390625,1.261020914685578
2460332.8261902644,3427.1755078125,1.2586443251129034
2460332.8331346675,3414.344296875,1.2568252757025384
2460332.840079071,3399.1855078125004,1.2540411866453567
2460332.8470234745,3387.8504296875003,1.2527062004070952
2460332.8539678776,3373.7319140625,1.2500847126169015
2460332.8609122816,3364.0846875,1.24878586011095
2460332.867856685,3351.9288281249997,1.2464702091958084
2460332.874801089,3341.44546875,1.2446783802253651
2460332.881745493,3333.473203125,1.2434396068492373
2460332.8886898966,3326.1556640625,1.2421315085722917
2460332.8956343005,3317.4816796874998,1.2406587859527203
2460332.902578705,3310.3024218749997,1.2394337703780665
2460332.909523109,3305.2241015625004,1.2389936112980384
2460332.9164675134,3299.0418749999994,1.2382059789946227
2460332.9234119174,3295.7787890625004,1.2370369066265026
2460332.9303563223,3294.6626953125,1.2371296342905964
2460332.9373007263,3292.9259765625006,1.2373756894012586
2460332.9419303294,3297.312421875,2.143802032470703
2460333.120170066,3271.961953125,2.135725193023682
2460333.1247996707,3262.3319531250004,1.231864836367498
2460333.1317440774,3252.1143750000006,1.2306023182918195
2460333.1386884837,3241.4591015624997,1.2284813617924584
2460333.1456328905,3229.368515625,1.2272471530173645
2460333.1525772973,3218.5608984375,1.2242136879137295
2460333.159521704,3209.2134375,1.2230311050623937
2460333.166466111,3195.591796875,1.2210842834685833
2460333.173410518,3187.6391015625,1.219501519250995
2460333.180354925,3182.0532421875,1.2185076489779305
2460333.187299332,3174.6624609375,1.2169466687188282
2460333.1942437394,3170.2634765625003,1.2167495575271203
2460333.2011881466,3167.2205859375003,1.2162664561363876
2460333.208132554,3163.9334765625003,1.2154673650225398
2460333.215076962,3162.662578125,1.2153551290228133
2460333.222021369,3161.5416796875,1.2151360263217776
2460333.228965777,3163.7594531249997,1.215576001086893
2460333.2359101847,3165.1894921875005,1.2158675519515665
2460333.2428545924,3168.3847265624995,1.2163360267178251
2460333.249799,3172.37484375,1.2165489519299773
2460333.2567434083,3177.183984375,1.2173921729266086
2460333.263687816,3180.103828125,1.2180566785334512
2460333.2706322237,3185.671171875,1.219297261252873
2460333.2775766323,3190.64390625,1.2201859941442543
2460333.2845210405,3193.793203125,1.2204946205992082
2460333.2914654487,3193.71421875,1.2205922389752761
2460333.298409857,3191.7155859375002,1.2198981994336853
2460333.3053542655,3191.7322265625003,1.2201346778387279
2460333.312298674,3190.8539062500004,1.2202303074984078
2460333.3192430823,3188.7805078125,1.2196473881441579
2460333.326187491,3183.6741796875,1.2186010245110592
2460333.3331319,3180.3580078124996,1.218160019584434
2460333.340076309,3173.69015625,1.2173697560324488
2460333.347020718,3169.578632812501,1.2166725403398226
2460333.3539651264,3163.3616015625,1.2155176891514043
2460333.360909536,3154.5693750000005,1.21400145563811
2460333.3678539447,3148.7028515625,1.2127191969166322
2460333.374798354,3142.0144921875003,1.2118786136108057
2460333.3817427633,3133.7151562500003,1.2104173058631367
2460333.3886871724,3129.785625,1.209729155317801
2460333.395631582,3125.6184375,1.2088740033061616
2460333.4025759916,3120.9249609375,1.2082998911261595
2460333.409520401,3115.8734765625,1.2074714131240447
2460333.4164648107,3110.5632421875002,1.2063595742691164
2460333.4234092203,3108.937734375,1.205960387858146
2460333.4303536303,3105.0375000000004,1.2053645004017375
2460333.4372980404,3102.35015625,1.2050617926417375
2460333.44424245,3098.5675781250006,1.204538226142623
2460333.45118686,3092.8525781250005,1.2041253320495608
2460333.45813127,3087.30234375,1.2026746948095923
2460333.4650756805,3086.04140625,1.2022819826196736
2460333.472020091,3080.1496875,1.2013118616377527
2460333.4789645015,3081.381328125,1.2015751941203765
2460333.485908911,3079.4096484375004,1.2013568570881568
2460333.4928533216,3079.005234375,1.200723939031674
2460333.499797732,3079.9051171875,1.2010946162967133
2460333.5067421435,3081.3344531250004,1.2013647038730864
2460333.513686554,3079.8428906249997,1.2014615098349821
2460333.520630965,3078.8162109375003,1.2014690029560293
2460333.5275753755,3076.818515625,1.200598415107634
2460333.5345197865,3075.86953125,1.2006493887548
2460333.541464198,3078.485859375,1.2009485648359153
2460333.548408609,3074.4639843749997,1.2007693322336648
2460333.55535302,3075.8230078125002,1.2004029020593443
2460333.5622974313,3078.3624609375,1.2009887942923887
2460333.5692418427,3079.216640625,1.2009566462580754
2460333.576186254,3079.1640234375004,1.201351260890936
2460333.5831306656,3078.242109375,1.2011298684172937
2460333.5900750775,3076.9702734375,1.2007507414424963
2460333.5970194885,3074.3425781250003,1.2002569311030276
2460333.6039639004,3071.8440234375,1.1999378697149459
2460333.6109083123,3065.5072265625004,1.198904190733616
2460333.6178527237,3059.0682421875003,1.197768166823773
2460333.624797136,3055.667578125,1.1974088157756804
2460333.631741548,3046.7722265625002,1.1958485215775485
2460333.6386859603,3044.8400390624997,1.1955087139668001
2460333.6456303727,3040.0620703125,1.1944611370575515
2460333.652574785,3033.8230078125002,1.1933670238981444
2460333.659519197,3039.9380859375,1.195010589195719
2460333.6664636093,3042.4993359375003,1.1953339338215403
2460333.6734080217,3053.5803515625,1.1968803283210605
2460333.6803524345,3060.97875,1.1981489935806988
2460333.687296847,3070.6345312500002,1.1996883081772989
2460333.6942412597,3077.6694140625004,1.2007094050871723
2460333.701185673,3084.93890625,1.2022185514459696
2460333.7081300854,3095.93484375,1.2038026224160878
2460333.715074498,3103.2996093750003,1.2050930461045897
2460333.722018912,3112.9598437500003,1.206605101263148
2460333.728963325,3119.4823828124995,1.2078772623116565
2460333.7359077386,3122.46703125,1.2088215335466084
2460333.742852151,3123.3830859375,1.2086671326474416
2460333.749796565,3128.6473828125,1.2096407208522362
2460333.756740978,3126.5719921875,1.2088296293448348
2460333.7636853918,3127.5650390625,1.2092343244852928
2460333.770629805,3127.79296875,1.2091334364051065
2460333.777574219,3120.7852734375006,1.2085419661940129
2460333.7845186326,3120.211171875,1.207880148174441
2460333.791463047,3116.824921875,1.2078072399608497
2460333.79840746,3111.0116015625003,1.2067063742483044
2460333.8053518743,3104.9169140625,1.2051282471712346
2460333.8122962886,3097.5798046875,1.2040187811160632
2460333.8192407023,3092.4636328125,1.2036516251957254
2460333.8261851165,3082.8678515624997,1.2018534536430727
2460333.833129531,3075.6903515625,1.20081714175467
2460333.8400739455,3067.380703125,1.1998605294163056
2460333.8470183597,3058.2967968750004,1.197624985256207
2460333.853962774,3052.2041015625,1.1964742212136383
2460333.860907189,3043.516875,1.1950434023544647
2460333.8678516033,3036.7686328124996,1.1945240146079283
2460333.874796018,3028.8575390624997,1.1926130170034657
2460333.8817404327,3021.3371484375,1.1922300467852758
2460333.888684848,3013.9358203125,1.1896636833390752
2460333.895629263,3006.6692578125003,1.1887499646631536
2460333.902573678,2998.8305859374996,1.1874740778127686
2460333.9095180933,2989.827890625,1.1862395285344425
2460333.9164625085,2987.1208593750002,1.1855437782229463
2460333.9234069237,2982.1392187500005,1.1849734260742233
2460333.930351339,2976.6856640624997,1.1838039688737967
2460333.9372957544,2976.4301953125,1.1836277214624793
2460333.94424017,2976.65015625,1.1836837708078194
2460333.9511845857,2974.5010546875,1.1830964442618952
2460333.9581290013,2975.9286328125,1.1835631828441036
2460333.9650734174,2975.0834765625004,1.183201234557022
2460333.9720178326,2975.4596484374997,1.183146996747997
2460333.9789622487,2974.083984375,1.1834624238245464
2460333.9859066647,2976.17625,1.183484557888913
2460333.992851081,2977.7003906249997,1.1837671095044529
2460333.999795497,2975.4697265625,1.1833068209639162
2460334.006739913,2977.9436718750003,1.1836972535033572
2460334.013684329,2980.5414843750004,1.1841894307761192
2460334.020628746,2982.699609375,1.1845966157299952
2460334.027573162,2983.192734375001,1.184534020784245
2460334.0345175792,2984.46234375,1.184879437739536
2460334.0414619953,2984.4428906249996,1.1848104807412876
2460334.0484064124,2984.61375,1.1851966533480223
2460334.0553508294,2982.48609375,1.184717973615727
2460334.0622952455,2979.3704296875003,1.183928047496391
2460334.069239663,2971.9565624999996,1.18282760371736
2460334.07618408,2967.9401953125002,1.1825154408969378
2460334.083128497,2958.8204296874997,1.1804087431653152
2460334.0900729145,2950.83474609375,1.1789578968435115
2460334.0970173315,2940.9014648437496,1.1773087324828984
2460334.103961749,2933.0578125000006,1.1760573436376853
2460334.1109061665,2924.323828125,1.1746012348270154
2460334.117850584,2919.5975390625003,1.1735265824806376
2460334.1247950015,2911.871484375,1.1728012741507507
2460334.131739419,2904.9241992187503,1.1712623302838125
2460334.138683837,2901.6874804687504,1.1706660954328292
2460334.145628255,2892.5827148437497,1.1690026590094411
2460334.1525726723,2889.5255859375006,1.168415387537712
2460334.159517091,2888.7425390625,1.1687612892690904
2460334.1664615087,2883.29666015625,1.1675162346258487
2460334.1734059267,2878.84359375,1.1667419112833535
2460334.180350345,2875.76109375,1.1661222119201715
2460334.187294763,2872.25267578125,1.1654482217494782
2460334.194239182,2867.9283984374997,1.1645737515272174
2460334.2011836004,2863.4731640624996,1.163912800748163
2460334.2081280183,2860.9703320312497,1.1631696859035803
2460334.215072437,2856.204609375,1.1630417550526004
2460334.2220168556,2850.97564453125,1.1619800513319818
2460334.2289612745,2848.3836328125,1.1614471841387222
2460334.2359056934,2847.2180273437502,1.161530438528125
2460334.2428501123,2845.7491992187497,1.161266745601188
2460334.2497945316,2845.6499414062505,1.1606689629813354
2460334.256738951,2844.3953320312503,1.1606989035724937
2460334.26368337,2845.60734375,1.1610560220107555
2460334.2706277887,2847.91013671875,1.1615043762769035
2460334.2775722085,2845.76490234375,1.1613242871865312
2460334.2845166274,2847.6644531250004,1.1612444381306903
2460334.2914610473,2847.8221875,1.1610411781564738
2460334.298405467,2842.4272851562496,1.1606196050432438
2460334.3053498864,2841.0912890625004,1.1603682276949068
2460334.3122943062,2836.5220898437497,1.15911158054508
2460334.319238726,2832.8395312499997,1.159367773951057
2460334.326183146,2830.90341796875,1.158451738929598
2460334.333127566,2823.8995312499997,1.157113549315479
2460334.340071986,2819.27302734375,1.1564263854711159
2460334.347016406,2811.83115234375,1.1554484962454195
2460334.353960826,2805.75087890625,1.1535025645821906
2460334.3609052463,2802.06884765625,1.1532845382415806
2460334.367849667,2798.4003515625004,1.1529200106549884
2460334.3747940874,2794.8046875,1.1518450738887036
2460334.3817385077,2789.5991015625,1.1512046713055935
2460334.3886829284,2787.4382226562498,1.1509491974207737
2460334.395627349,2785.0006640625,1.150473981108621
2460334.40257177,2782.50169921875,1.1500397484099498
2460334.4095161906,2782.74134765625,1.1497515036707666
2460334.4164606114,2782.2265429687504,1.1497425268369936
2460334.4234050326,2780.49357421875,1.1494187787464918
2460334.430349454,2780.5425,1.149150671600178
2460334.437293875,2782.5498046875,1.149844706105959
2460334.4442382962,2784.299296875,1.1507241462636617
2460334.4511827175,2786.60015625,1.1506598191770154
2460334.4581271387,2787.19154296875,1.150596985631494
2460334.4650715603,2787.67611328125,1.1507439400297876
2460334.472015982,2790.327421875,1.151080403453456
2460334.4789604037,2793.8339648437504,1.1521302601794163
2460334.4859048254,2793.198984375,1.1519685742372126
2460334.492849247,2795.309296875,1.1518324320060278
2460334.499793669,2792.7418359375006,1.151445868323184
2460334.506738091,2792.5105664062503,1.151296610973631
2460334.513682513,2792.82275390625,1.151712759715794
2460334.5206269347,2789.62130859375,1.1510023102379254
2460334.527571358,2787.862734375,1.150913677172906
2460334.53451578,2783.285859375,1.150286858701813
2460334.5414602016,2780.80951171875,1.1498319616431745
2460334.5484046247,2776.02205078125,1.1486881420918713
2460334.555349047,2770.53005859375,1.1477022273019661
2460334.56229347,2765.38248046875,1.1464881093246309
2460334.5692378925,2760.0729492187497,1.145899277082405
2460334.5761823156,2753.8734960937495,1.1446133191155787
2460334.583126738,2748.4246289062503,1.144162024996363
2460334.590071161,2743.527421875,1.1428009790856641
2460334.597015584,2737.6703906250004,1.142328774485887
2460334.6039600074,2730.90990234375,1.140647557515764
2460334.6109044305,2725.3686914062505,1.1401538015111832
2460334.6178488536,2715.7777734375,1.1379908308366302
2460334.624793277,2709.9088476562497,1.1365876333457898
2460334.6317377007,2702.52896484375,1.1356801816022437
2460334.638682124,2695.18822265625,1.1342028124746624
2460334.6456265477,2691.0167578125,1.1335143889634074
2460334.6525709713,2688.7589062499997,1.1333553137989891
2460334.6595153953,2686.9525195312494,1.1331339846060773
2460334.666459819,2689.29474609375,1.1329933302612238
2460334.673404243,2687.5252148437503,1.1329397138613542
2460334.680348667,2687.70287109375,1.1328359289044192
2460334.6872930913,2689.6782421875,1.1336030250962725
2460334.6942375153,2695.26134765625,1.1348111501462277
2460334.7011819393,2698.490625,1.135057950174107
2460334.708126364,2702.9514257812502,1.1361061075077068
2460334.7150707883,2706.6603515624997,1.136149841288244
2460334.7220152128,2710.1370117187503,1.1371727895656576
2460334.7289596335,2713.4499609375,1.1375650614932244
2460334.7359040584,2714.473359375,1.1383319550555848
2460334.7428484834,2717.0817773437498,1.1385911502282633
2460334.749792908,2717.61732421875,1.1385681253860394
2460334.756737333,2717.7969140624996,1.1382189230853188
2460334.7636817577,2718.2373632812505,1.1383314840873495
2460334.770626183,2718.223359375,1.1388487355282921
2460334.7775706085,2719.8318164062507,1.1384716175417002
2460334.784515033,2719.4860546875,1.1385408163691277
2460334.7914594584,2715.2786718750003,1.1379679223907193
2460334.798403884,2714.88978515625,1.1381428112828949
2460334.805348309,2713.4077148437505,1.137426475468618
2460334.8122927356,2708.9173828125004,1.1365034300799486
2460334.819237161,2702.6647265625,1.13584415780178
2460334.8261815864,2701.4883984374997,1.1353047559248661
2460334.8331260122,2697.91283203125,1.1345495829072427
2460334.840070438,2693.57296875,1.134175411143029
2460334.8470148644,2689.2987890625004,1.1338036498104747
2460334.8539592903,2682.20619140625,1.1323575375550166
2460334.860903716,2677.71064453125,1.1311827670712582
2460334.8678481425,2670.93755859375,1.130959109978588
2460334.874792569,2667.5085937500003,1.129431450013737
2460334.881736995,2662.24828125,1.128229015817598
2460334.888681422,2656.0292578125,1.1273967648787175
2460334.8956258483,2648.22380859375,1.125924596980123
2460334.902570275,2643.34224609375,1.1251684364358199
2460334.9095147015,2634.8456250000004,1.1236784447430654
2460334.9164591287,2631.184921875,1.122775963979415
2460334.9234035555,2630.422265625,1.122963939949161
2460334.9303479823,2627.816484375,1.1221692597157273
2460334.9372924096,2626.7799609375,1.1216516584668352
2460334.944236837,2623.3342382812502,1.1211478919355302
2460334.951181264,2621.7331054687506,1.1213705216295156
2460334.9581256914,2621.68458984375,1.120597700398672
2460334.9650701187,2620.9280273437503,1.1205964066502327
2460334.972014546,2616.2876953125,1.1206493138845077
2460334.9789589737,2614.5683203125004,1.1198632234362773
2460334.9859034014,2611.96828125,1.1193985398087314
2460334.9928478287,2608.35931640625,1.1186939453654132
2460334.999792257,2602.78259765625,1.1177078755952201
2460335.0067366846,2601.1116796875,1.1175539293441505
2460335.0136811123,2601.7491796875,1.117344132330839
2460335.020625541,2599.8819140625,1.117092614397173
2460335.0275699687,2598.1638281250002,1.1165920836892584
2460335.0345143974,2600.2119140625005,1.1170560311584448
2460335.041458825,2601.1599609375003,1.1172812857862546
2460335.048403254,2599.1844140625,1.117491580345107
2460335.0553476824,2597.60103515625,1.116362393698133
2460335.0622921106,2595.6033984375003,1.116114258154602
2460335.06923654,2593.1411132812505,1.1163199504719115
2460335.0761809684,2588.4624609375,1.1150343031613619
2460335.083125397,2582.8708007812497,1.1144455609774149
2460335.0900698258,2577.8283984375003,1.1131906160324012
2460335.097014255,2573.28369140625,1.1120131411073058
2460335.103958684,2564.7701367187497,1.1111085006646904
2460335.110903113,2560.171875,1.1095651808015032
2460335.1178475427,2556.175546875,1.1090699664185029
2460335.124791972,2551.86533203125,1.1078800274257923
2460335.1317364015,2546.4566601562506,1.1072140598080267
2460335.1386808306,2546.0572265625,1.1071548213012607
2460335.14562526,2542.2384375,1.1064211722042885
2460335.1525696903,2543.45220703125,1.1067303233796906
2460335.1595141194,2539.88865234375,1.1058996080401864
2460335.1664585494,2539.09845703125,1.1063083364582207
2460335.1734029795,2540.65740234375,1.1060614455609077
2460335.180347409,2539.3288476562498,1.1056426687245535
2460335.1872918396,2543.71951171875,1.1066084783650718
2460335.1942362697,2540.3739257812504,1.1059194510448247
2460335.2011806997,2541.44830078125,1.106209443708012
2460335.2081251307,2541.5816015625,1.1062695706426962
2460335.2150695603,2540.1294140625,1.106617820826159
2460335.222013991,2540.1208007812497,1.1061914285403391
2460335.228958422,2536.8331054687496,1.106422977363877
2460335.235902853,2535.0755859375004,1.105881034630424
2460335.242847283,2532.26443359375,1.1046940690587905
2460335.249791714,2530.95181640625,1.1045106963484972
2460335.256736145,2527.8263671874997,1.1044818937694953
2460335.263680576,2523.3329882812504,1.103163790449863
2460335.270625007,2522.1766406249994,1.1027173798952592
2460335.277569438,2519.62734375,1.102064941126072
2460335.28451387,2513.7609374999997,1.1014023907330555
2460335.291458301,2512.6742578125,1.101778581250193
2460335.2984027322,2509.10525390625,1.100348900211335
2460335.3053471637,2505.79265625,1.0997436044379523
2460335.3122915956,2503.605,1.099196338624514
2460335.319236027,2498.8345898437506,1.0982696304148942
2460335.3261804585,2495.15384765625,1.0980164314438396
2460335.3331248905,2493.651796875,1.0977186564245816
2460335.3400693224,2488.13859375,1.0965002997146918
2460335.347013755,2485.54658203125,1.0960608585961293
2460335.3539581867,2482.83228515625,1.0955053062753064
2460335.360902619,2479.6400390625004,1.0951065120034205
2460335.3678470515,2475.4144921875,1.0939306657111605
2460335.374791484,2474.2805859375003,1.0941532859651064
2460335.381735916,2472.0375585937504,1.0940022306348562
2460335.3886803486,2472.31435546875,1.094030975723921
2460335.3956247815,2471.3176171875,1.0940674065118619
2460335.402569214,2471.6644921875,1.0932723991001299
2460335.4095136467,2470.76935546875,1.0937106463611677
2460335.4164580796,2472.60931640625,1.0936954089576216
2460335.4234025124,2473.79625,1.0938665539690617
2460335.4303469458,2475.106640625,1.0944848353299124
2460335.4372913786,2473.958203125,1.0939601199469509
2460335.4442358124,2472.3898242187497,1.0934053728766906
2460335.4511802457,2468.5910156249997,1.0929433130087756
2460335.458124679,2465.5950585937503,1.0922110332856114
2460335.465069112,2465.88328125,1.0927638404813997
2460335.472013546,2465.5687500000004,1.0922931289562048
2460335.4789579795,2463.363515625,1.0922138942739676
2460335.4859024133,2466.8438085937505,1.0927923828536013
2460335.492846847,2468.78794921875,1.0932008116997698
2460335.4997912813,2469.78744140625,1.0934895629975425
2460335.506735715,2473.58818359375,1.0939286808708817
2460335.5136801493,2474.74037109375,1.0941047757976754
2460335.5206245836,2472.8647265625,1.0940688982251585
2460335.527569018,2473.6190625000004,1.0939112673705684
2460335.534513452,2470.72962890625,1.093419590991263
2460335.5414578863,2468.92904296875,1.0931544938811577
2460335.548402321,2464.1247070312497,1.0921071142587842
2460335.555346756,2460.19962890625,1.091656164102958
2460335.5622911905,2455.256015625,1.0901310262534871
2460335.569235625,2451.807890625,1.0896519591657576
2460335.57618006,2447.05083984375,1.0890062147698611
2460335.583124495,2442.75515625,1.087937623463585
2460335.5900689303,2438.220703125,1.087002494257909
2460335.597013365,2437.22642578125,1.0873998802591764
2460335.6039578,2433.0188671875003,1.0868359762701887
2460335.610902236,2430.89080078125,1.0859394552416919
2460335.617846671,2428.83662109375,1.0855525112400197
2460335.624791106,2428.410234375,1.0852323126725134
2460335.6317355423,2428.33640625,1.0855491947194913
2460335.638679978,2422.2165234375,1.0843710624956775
2460335.6456244136,2420.03466796875,1.0838987192948735
2460335.6525688497,2417.18953125,1.0834624700397602
2460335.6595132854,2416.04091796875,1.083295914351116
2460335.6664577215,2413.13162109375,1.0825847203305774
2460335.673402158,2411.13796875,1.0827755383240865
2460335.6803465937,2411.0920312499998,1.0824539048794606
2460335.68729103,2410.48177734375,1.0822615815429473
2460335.6942354664,2408.05998046875,1.0814752352712425
2460335.701179903,2408.6063671875004,1.0815147338376965
2460335.708124339,2409.2785546875007,1.0823588765821148
2460335.7150687757,2407.50609375,1.0821033821199688
2460335.7220132127,2408.29833984375,1.0817134543031215
2460335.72895765,2406.70107421875,1.0818979732958613
2460335.7359020864,2406.20578125,1.081149173475262
2460335.742846523,2402.14060546875,1.0806268209328904
2460335.7497909605,2403.4003125,1.080486131995568
2460335.7567353975,2399.884453125,1.080424303728758
2460335.7636798345,2398.1479101562504,1.0797822816555598
2460335.770624272,2395.98966796875,1.0800040219539513
2460335.7775687096,2394.9811523437497,1.0791367297556085
2460335.784513147,2392.8322265625,1.0791243128724488
2460335.7914575846,2391.16576171875,1.0786827809680386
2460335.798402022,2390.1038671875,1.0780002429861006
2460335.80534646,2384.8525781249996,1.0773805715250757
2460335.812290898,2383.3137304687502,1.0769124983978708
2460335.819235336,2381.08833984375,1.0765900432537725
2460335.826179774,2379.3459375,1.0768018952335126
2460335.8331242125,2377.93640625,1.076696919974253
2460335.84006865,2377.5103710937497,1.0762480084323165
2460335.8470130884,2373.5124023437497,1.0749934797439942
2460335.853957527,2372.104921875,1.0746537850062874
2460335.8609019653,2367.4850976562498,1.0744622777867785
2460335.8678464037,2366.8852734375,1.0739221189140478
2460335.874790842,2366.5140820312504,1.074139768921698
2460335.8817352816,2364.81796875,1.0740329985119788
2460335.8886797205,2366.91708984375,1.0739280877196011
2460335.8956241594,2363.680078125,1.0731028688367124
2460335.902568598,2363.03021484375,1.073208075348693
2460335.9095130377,2361.5554687500003,1.0727218194589885
2460335.9164574766,2356.9729687500003,1.0718151646502625
2460335.923401916,2355.8233593749997,1.071788303847983
2460335.9303463553,2353.8612890625004,1.0722693015576046
2460335.937290795,2351.35083984375,1.0709600243515014
2460335.944235234,2350.7296875000006,1.0705055244115635
2460335.951179674,2345.8514648437504,1.0698153803241512
2460335.9581241137,2342.40064453125,1.0694956262613167
2460335.965068553,2343.381328125,1.0699289151479776
2460335.9720129934,2339.1310546874997,1.0687408483954932
2460335.9789574333,2339.2484179687503,1.068424189410764
2460335.9859018736,2334.9110156250003,1.0684230054013282
2460335.992846314,2333.16169921875,1.0673546537246723
2460335.999790754,2332.79484375,1.0675804610688777
2460336.0067351945,2330.690390625,1.0671788757494771
2460336.013679635,2327.9097656249996,1.0662448886574225
2460336.020624075,2328.12591796875,1.0666060484181596
2460336.027568516,2327.3619140625,1.0663766784028144
2460336.0345129566,2327.6581054687504,1.066303476178937
2460336.0414573974,2325.7156640625,1.0660259880211107
2460336.048401838,2325.5613867187503,1.066419231579359
2460336.05534628,2321.4353906250003,1.065276812285222
2460336.0622907206,2319.67787109375,1.0652269166140689
2460336.069235162,2318.9410546875,1.0654123265543125
2460336.076179603,2314.4210742187497,1.0638917805143786
2460336.083124045,2311.71837890625,1.0640778762977863
2460336.0900684856,2309.2653515625,1.063439147346945
2460336.0970129273,2304.4965234375,1.0623732670980168
2460336.1039573695,2304.74888671875,1.062155890168244
2460336.1109018107,2301.384375,1.0613660757861665
2460336.1178462524,2302.58794921875,1.0615007352562895
2460336.124790694,2298.36908203125,1.061464613435469
2460336.1317351363,2300.15109375,1.0612873454504828
2460336.1386795784,2297.64439453125,1.0606679321778654
2460336.1456240206,2296.2395507812503,1.0606315983590435
2460336.152568463,2298.63064453125,1.0614937977982593
2460336.159512905,2297.69841796875,1.0609150994077565
2460336.1664573476,2298.6376171875,1.0608726141680667
2460336.17340179,2299.22859375,1.0610336401416898
2460336.1803462324,2296.97267578125,1.0604192277196203
2460336.1872906755,2293.8469921875003,1.0602786469954946
2460336.1942351186,2296.32591796875,1.060448089850312
2460336.201179561,2293.7206640625004,1.0600058310099885
2460336.208124004,2293.8133593750003,1.059812874965742
2460336.215068447,2293.4827734375,1.0596674611358172
2460336.22201289,2292.00814453125,1.0594745223017579
2460336.2289573336,2290.646484375,1.0592028039896786
2460336.2359017767,2293.3415625000002,1.060592460332095
2460336.2428462203,2289.8277539062497,1.0593395645265937
2460336.2497906643,2285.7987890625004,1.0589933519268264
2460336.2567351074,2288.6060156250005,1.0596485740159391
2460336.2636795514,2283.7845703125,1.0583651585678722
2460336.270623995,2285.3138085937503,1.0583505812863936
2460336.277568439,2284.96869140625,1.0583184146079243
2460336.284512883,2284.275,1.0584115461669463
2460336.291457327,2282.7296484375,1.0576049571215955
2460336.298401771,2281.0171875,1.0575756270918972
2460336.3053462156,2278.74486328125,1.0574918576530103
2460336.3122906596,2276.2848632812497,1.0568002079998864
2460336.3192351046,2274.8296875,1.0563300117857604
2460336.326179549,2274.2987109375003,1.056328633480576
2460336.3331239936,2273.2194140625,1.0558067264833784
2460336.3400684367,2271.1022460937497,1.055608778313678
2460336.3470128803,2269.5737109375,1.0554085866979124
2460336.353957325,2269.0691015625,1.0550994341193678
2460336.36090177,2271.12791015625,1.0552857083781486
2460336.3678462156,2267.8815234374997,1.0550074924128048
2460336.3747906606,2265.504609375,1.0543098037128147
2460336.3817351055,2265.9300000000003,1.0543614660541278
2460336.388679551,2265.870703125,1.0542015611508873
2460336.395623997,2264.9736328125,1.0544560306854553
2460336.4025684423,2262.87111328125,1.0540971873553804
2460336.4095128877,2262.94529296875,1.053853584546875
2460336.4164573336,2263.37408203125,1.0540692733814216
2460336.4234017795,2262.1301953125,1.0536199841059322
2460336.4303462254,2262.11244140625,1.054863690644739
2460336.4372906717,2260.41123046875,1.053321183716981
2460336.4442351176,2258.5862109375003,1.0535789091724532
2460336.451179564,2256.4776562499997,1.0523560534046958
2460336.45812401,2257.03541015625,1.0527333443950375
2460336.4650684563,2256.87005859375,1.053215045768685
2460336.472012903,2255.36994140625,1.0520919460901095
2460336.4789573494,2256.7204687500002,1.0526929256869162
2460336.4859017967,2253.2384765625,1.0522410460279352
2460336.492846243,2254.6402734375,1.0521828522059036
2460336.4997906904,2254.6060546875,1.052047561875918
2460336.5067351367,2255.90296875,1.0525977294792304
2460336.513679584,2254.6085156249997,1.0521171035826453
2460336.520624031,2253.0173437500002,1.0523302450952354
2460336.527568478,2253.142734375,1.0516914860396611
2460336.534512926,2253.7972265625,1.0523415033429673
2460336.541457373,2252.7687890625,1.052086212051652
2460336.548401821,2252.24625,1.052401698943637
2460336.5553462687,2253.468046875,1.0521868018197449
2460336.5622907165,2254.2374999999997,1.0523857661094442
2460336.569235164,2251.9391601562497,1.052368188422357
2460336.576179612,2252.2103320312503,1.0519788759932513
2460336.5831240597,2254.09060546875,1.0520851344275532
2460336.590068508,2252.9719921875,1.0519327064588142
2460336.597012956,2254.21359375,1.0520742369792393
2460336.603957404,2250.86337890625,1.0517229782424116
2460336.6109018526,2253.5923828125,1.0519845635810012
2460336.6178463013,2252.9717578125,1.052258586945898
2460336.6247907495,2254.0872656250003,1.0522332129453909
2460336.631735198,2253.3621093750003,1.0526558137070359
2460336.638679647,2252.0991796875,1.0518967146966167
2460336.645624096,2251.7820703125003,1.0513859474819924
2460336.6525685447,2251.98498046875,1.0517591591974365
2460336.659512994,2250.84884765625,1.0521406300839715
2460336.666457443,2251.03669921875,1.0516124543229817
2460336.673401892,2252.07498046875,1.0519519402839606
2460336.6803463413,2251.9163085937503,1.0516353619813
2460336.687290791,2253.013828125,1.052036772470639
2460336.6942352406,2252.46861328125,1.051748096057953
2460336.70117969,2251.2924609375,1.0517383407005034
2460336.70812414,2252.123671875,1.051621737672263
2460336.7150685894,2251.44685546875,1.0517594742739993
2460336.7220130395,2251.8324609375,1.0518431195480875
2460336.7289574896,2252.10755859375,1.0517553883991917
2460336.735901939,2252.28216796875,1.0520631291412241
2460336.7428463898,2251.15904296875,1.052031800085713
2460336.74979084,2253.0066796875,1.0520498261923814
2460336.75673529,2252.1348046874996,1.0518733422468143
2460336.763679741,2251.49771484375,1.0516895736259626
2460336.770624191,2252.54865234375,1.0525098160256665
2460336.777568642,2250.96849609375,1.0518122957888525
2460336.784513092,2250.98994140625,1.0519852953439746
2460336.7914575436,2250.2537109375,1.0515334858656096
2460336.7984019946,2250.5948437499997,1.0517517234687792
2460336.805346445,2251.3814648437506,1.0516993731590827
2460336.8122908967,2253.69240234375,1.0521480802316465
2460336.8192353477,2251.87599609375,1.052438167545432
2460336.826179799,2251.1576953125,1.0518708404421988
2460336.8331242506,2254.1672460937502,1.052244671360955
2460336.840068702,2251.28724609375,1.0517434994329034
2460336.8470131536,2251.064765625,1.0513211739390154
2460336.8539576055,2252.0501367187503,1.0521309676156203
2460336.860902057,2248.78787109375,1.0518352868165128
2460336.867846509,2252.67708984375,1.0520928656129815
2460336.874790961,2249.7958007812504,1.051825091037137
2460336.8817354133,2250.4858007812504,1.0515247258356741
2460336.8886798653,2250.46236328125,1.0518053108847136
2460336.895624317,2250.628828125,1.0514549175304955
2460336.90256877,2251.07583984375,1.0517541777263115
2460336.9095132225,2250.1078710937504,1.0513436967053809
2460336.916457675,2249.1105468749997,1.0510652082008975
2460336.923402128,2250.18720703125,1.0512346200911522
2460336.93034658,2250.33474609375,1.0511785732919774
2460336.937291033,2249.936953125,1.051273097177803
2460336.9442354864,2252.16802734375,1.0516401239191904
2460336.95117994,2250.5973046875,1.0517152164456611
2460336.958124392,2250.70587890625,1.0517486937961058
2460336.9650688455,2248.8711328124996,1.051551465890909
2460336.972013299,2251.26416015625,1.0519230436844356
2460336.978957752,2251.6276757812498,1.051824408342964
2460336.9859022056,2250.7128515625,1.051439636601747
2460336.99284666,2250.1529882812497,1.0516463729087826
2460336.999791113,2250.2750976562497,1.051335596605881
2460337.0067355675,2247.46880859375,1.0514238715726238
2460337.013680021,2249.0852343750003,1.0512300952053115
2460337.020624475,2249.15537109375,1.051365076431998
2460337.027568929,2250.2704687499995,1.0516550996764311
2460337.034513383,2248.8826171875,1.0511649928845308
2460337.0414578374,2247.87052734375,1.051174896064919
2460337.048402292,2249.62705078125,1.0517888893177416
2460337.0553467465,2249.3978320312503,1.0513044414134036
2460337.0622912007,2249.07966796875,1.0512987105940694
2460337.069235656,2249.0253515625004,1.051745640980797
2460337.07618011,2248.84154296875,1.0512215587778004
2460337.0831245654,2248.30810546875,1.0509590639009283
2460337.09006902,2249.3015625000003,1.0516531525149748
2460337.0970134754,2248.0464257812496,1.0508055658031776
2460337.1039579306,2249.577421875,1.051339294482845
2460337.110902386,2249.5538671875,1.051047561158074
2460337.117846841,2248.665703125,1.0514902097270145
2460337.1247912967,2247.8321484374997,1.051296329695797
2460337.131735752,2246.6623828125,1.051148196525419
2460337.138680208,2248.8022851562505,1.0513209454146704
2460337.1456246637,2248.9040625000002,1.0517684045943299
2460337.1525691194,2249.1982617187496,1.051789880036067
2460337.1595135755,2250.4238671874996,1.0514003606435471
2460337.1664580316,2249.21548828125,1.0512756196230237
2460337.1734024878,2246.5913671875,1.0506648653636534
2460337.180346944,2245.80234375,1.0506767091508242
2460337.1872914005,2247.32220703125,1.050756415963375
2460337.1942358566,2247.0348632812497,1.0507427654105217
2460337.2011803132,2246.8259765625,1.0511518567708438
2460337.20812477,2245.9916601562504,1.0508380864024234
2460337.2150692265,2245.27400390625,1.0504715475739987
2460337.2220136835,2246.1897656250003,1.0505320840974737
2460337.22895814,2246.1009375,1.0510378913142195
2460337.235902597,2246.8930078125,1.0506645245038204
2460337.2428470547,2244.858515625,1.0503720467917226
2460337.249791512,2245.5872460937503,1.0504014532788963
2460337.256735969,2246.6085937499997,1.0508803335022623
2460337.2636804264,2246.32435546875,1.0508098721391044
2460337.270624884,2245.9299609375003,1.0505792283674464
2460337.277569342,2245.45587890625,1.0501900694753685
2460337.284513799,2243.9455664062502,1.0502150580866434
2460337.291458257,2245.1516015625,1.0508777594094412
2460337.298402715,2244.90568359375,1.0502155110618252
2460337.3053471725,2244.41953125,1.0505929082221412
2460337.312291631,2245.596328125,1.0507427669566252
2460337.319236089,2245.2509765625,1.0504365008708125
2460337.3261805475,2245.60212890625,1.050611703224189
2460337.333125006,2244.0767578124996,1.0507057818466794
2460337.340069465,2245.60857421875,1.0511294375723486
2460337.347013923,2244.6759375,1.0507344115251829
2460337.353958382,2245.8730078125,1.050315995751735
2460337.3609028407,2242.63400390625,1.049902988457746
2460337.3678472997,2245.1200195312504,1.0507228322349296
2460337.3747917586,2242.73044921875,1.049924991879536
2460337.3817362175,2245.0058203125,1.0505965217734734
2460337.3886806765,2242.82900390625,1.0498435138891196
2460337.395625136,2244.72873046875,1.0510233544585599
2460337.4025695953,2243.66056640625,1.0500688163745167
2460337.4095140547,2243.0878125000004,1.0501382661244991
2460337.416458514,2243.2965820312497,1.0498578865945418
2460337.423402974,2244.0769921875,1.0509724210830198
2460337.430347434,2245.4935546875004,1.050885576218402
2460337.4372918936,2243.91375,1.0503403294155493
2460337.4442363535,2242.84828125,1.0500670256813773
2460337.4511808134,2243.37064453125,1.0501293423041556
2460337.4581252737,2243.2130859375,1.0504731615950986
2460337.465069734,2243.71001953125,1.050261191880942
2460337.472014194,2244.1037109374997,1.0504264623694846
2460337.4789586547,2243.61380859375,1.050106650323009
2460337.4859031155,2245.002890625,1.0508451613151248
2460337.492847576,2243.2149609375006,1.0499242378960933
2460337.499792036,2243.8856250000003,1.0500750368659528
2460337.506736497,2244.38625,1.0503606847770406
2460337.5136809577,2243.2415625,1.0506032727508117
2460337.5206254194,2244.15322265625,1.050394561963463
2460337.5275698802,2241.7396289062503,1.0500606376883463
2460337.5345143415,2244.281953125,1.0502198189197154
2460337.5414588028,2242.54587890625,1.0506920386358278
2460337.5484032645,2245.45078125,1.05055217601492
2460337.555347726,2242.7589843749997,1.0505198898312003
2460337.562292187,2243.7694335937504,1.0501989034979518
2460337.569236649,2243.30630859375,1.04998903238824
2460337.576181111,2240.91697265625,1.0498960192347833
2460337.5831255727,2241.435,1.049553449205882
2460337.5900700353,2243.6705859375,1.0498565019595951
2460337.597014497,2242.4938476562497,1.0507773397995654
2460337.603958959,2243.54115234375,1.0505791008266525
2460337.6109034214,2244.4115039062503,1.0505472865116248
2460337.617847884,2244.00046875,1.049814680658664
2460337.6247923463,2239.6221093750005,1.049458487566923
2460337.631736809,2240.4761132812496,1.05058439574678
2460337.6386812716,2241.5937304687504,1.049715806069733
2460337.6456257347,2240.51091796875,1.04996161232062
2460337.6525701974,2240.27056640625,1.0498808460522047
2460337.65951466,2241.32208984375,1.0502031561321974
2460337.6664591236,2242.81283203125,1.0505591332750652
2460337.6734035867,2241.8241796875,1.0496648402572
2460337.68034805,2240.5001953124997,1.0495852785668809
2460337.687292513,2238.4693359375,1.0488945681932211
2460337.6942369766,2240.2151367187503,1.0494873857010192
2460337.70118144,2240.5726171875,1.0496355200903602
2460337.7081259037,2241.11138671875,1.0497443792129746
2460337.7150703673,2239.4678906249997,1.0502156024269411
2460337.7220148314,2241.165703125,1.0495449848531815
2460337.7289592954,2239.59791015625,1.0497468898369573
2460337.735903759,2240.1494531250005,1.0496795323876096
2460337.7428482235,2240.81419921875,1.0496955479737762
2460337.7497926876,2240.3651953125,1.0493091568333124
2460337.756737152,2241.3222656250005,1.0499286713493383
2460337.763681616,2238.7739062500004,1.0490319051167403
2460337.7706260807,2242.33482421875,1.049866066029824
2460337.7775705457,2241.4506445312504,1.049985422540231
2460337.78451501,2241.5993554687498,1.0503475929493096
2460337.791459475,2240.97404296875,1.0497016418198266
2460337.7984039397,2240.65283203125,1.049608719062532
2460337.805348405,2241.4433203124995,1.049763528617892
2460337.81229287,2241.5197265625,1.0495995116651258
2460337.819237335,2239.21939453125,1.0494218858104494
2460337.8261818006,2241.3816796875,1.0500794928191248
2460337.833126266,2238.18240234375,1.0489883791531016
2460337.8400707315,2239.10115234375,1.0498148946853083
2460337.847015197,2240.380546875,1.049799023083742
2460337.8539596624,2241.18017578125,1.0498284827268685
2460337.860904128,2239.93037109375,1.0496386669564781
2460337.867848594,2241.0878906250005,1.0496373391640104
2460337.8747930597,2242.0467773437504,1.0496113526781259
2460337.881737526,2240.8368164062504,1.0497595565738986
2460337.8886819924,2241.1709765625,1.0498633171207292
2460337.895626458,2240.54548828125,1.0496662453998022
2460337.9025709247,2240.1830859375,1.0496548312751113
2460337.9095153906,2240.304609375,1.0498527599244152
2460337.916459857,2240.3499023437503,1.0492729953658515
2460337.9234043243,2240.4065625,1.049670288484108
2460337.9303487907,2240.4255468750002,1.0497248058438233
2460337.9372932576,2239.3464843750003,1.0498545458028337
2460337.9442377244,2238.989296875,1.0491389892946008
2460337.951182192,2237.96947265625,1.0489472728267069
2460337.958126661,2239.298203125,1.049301996675389
2460337.965071128,2239.5952734375,1.0495263053094879
2460337.9720155955,2239.9757812499997,1.0494494426442327
2460337.9789600624,2239.6098046875,1.0494062917822577
2460337.98590453,2238.85048828125,1.0489786563626202
2460337.992848998,2239.22625,1.0495693331290608
2460337.999793465,2239.11158203125,1.0496109758107584
2460338.006737933,2240.242265625,1.049530299179885
2460338.013682401,2238.9596484375,1.0492982441320062
2460338.0206268686,2238.6785156250003,1.0488733627148568
2460338.0275713364,2238.24234375,1.0494866303141046
2460338.0345158046,2237.02453125,1.049431691592731
2460338.041460273,2239.876171875,1.0498150674814306
2460338.048404741,2237.9788476562503,1.0492644614623174
2460338.0553492093,2240.13310546875,1.0502151928711783
2460338.062293678,2240.24994140625,1.0500369731886143
2460338.0692381463,2239.5018750000004,1.0497076120600588
2460338.076182615,2241.7297265625,1.0497864706234925
2460338.0831270833,2239.16765625,1.0493424994324807
2460338.0900715524,2239.6133203125,1.0493613801314798
2460338.097016021,2240.9037890625004,1.049891220150854
2460338.10396049,2241.86279296875,1.0498364547807384
2460338.1109049595,2239.07349609375,1.0493576993385063
2460338.117849428,2240.6347265625,1.0495461522264373
2460338.124793898,2241.06369140625,1.0500221700136128
2460338.1317383666,2239.4042578125,1.0492924007754516
2460338.138682836,2241.2520703124997,1.0496065251702176
2460338.1456273063,2239.17181640625,1.0495732874415247
2460338.1525717755,2239.7133984375,1.0494465263429105
2460338.159516245,2241.9985546875,1.049716319852984
2460338.166460715,2240.9310351562503,1.0494597932377856
2460338.173405185,2239.7501953125,1.0494980306068746
2460338.180349655,2239.5235546875006,1.0494412651874627
2460338.187294124,2239.17427734375,1.0488750361312011
2460338.1942385943,2241.0275390625006,1.049566656416685
2460338.2011830653,2241.0312890625,1.049280012936816
2460338.2081275354,2241.09251953125,1.0499978949232835
2460338.2150720055,2239.9894921874998,1.0495873017270834
2460338.2220164756,2238.8695312500004,1.049169122238492
2460338.2289609467,2240.1441796875,1.0497362372681756
2460338.235905417,2240.4442968749995,1.0496105761301027
2460338.242849888,2239.9466015625,1.0491424840466943
2460338.2497943584,2241.6629296875,1.0495890854785341
2460338.2567388294,2240.72671875,1.0493507473011174
2460338.2636833,2241.471328125,1.0495902779199011
2460338.270627771,2240.311171875,1.0492319464135995
2460338.2775722425,2241.1466015624997,1.0494905043877865
2460338.2845167136,2242.029375,1.0501658174668715
2460338.2914611846,2240.9001562500002,1.0496157865144229
2460338.298405656,2238.2982421875,1.049247335920448
2460338.305350127,2238.30099609375,1.0490242877694829
2460338.312294599,2239.8071484375,1.04985258216978
2460338.3192390706,2240.2733203125003,1.049611658919065
2460338.326183542,2241.7880859375,1.0501899642116197
2460338.333128014,2240.1527929687504,1.0491709016760313
2460338.340072486,2241.59783203125,1.0504329686312717
2460338.347016958,2239.5417773437503,1.049265197076861
2460338.35396143,2241.94529296875,1.0498143878120076
2460338.360905902,2240.9996484375,1.0495940331536788
2460338.367850374,2239.8102539062497,1.0492625527034587
2460338.374794846,2240.88580078125,1.049855021147008
2460338.3817393184,2240.0818359375003,1.0494722148220161
2460338.388683791,2239.4972460937497,1.0493113507463976
2460338.395628263,2240.2190039062502,1.0498010480558466
2460338.4025727357,2238.825234375,1.0494536662960308
2460338.4095172086,2240.6149804687498,1.0495176610558836
2460338.4164616806,2239.9804687500005,1.0495091180622074
2460338.423406154,2240.21548828125,1.0494236898847027
2460338.4303506264,2239.5222656250003,1.0494643033491706
2460338.4372950997,2239.45025390625,1.0490420276627321
2460338.444239572,2240.034375,1.0494242275791854
2460338.4511840455,2239.4034960937497,1.0498427232488547
2460338.4581285184,2241.4167187499997,1.049733872078791
2460338.465072992,2238.58125,1.049417778948549
2460338.472017465,2239.3809375,1.0500555639171163
2460338.478961938,2239.17099609375,1.0497433829032643
2460338.4859064114,2239.2141796875,1.0497111783494542
2460338.4928508853,2238.97078125,1.0494045870459845
2460338.4997953586,2240.64357421875,1.0495683188267113
2460338.5067398325,2239.8077343750006,1.0493892547543626
2460338.513684306,2240.36314453125,1.0498422847347597
2460338.5206287797,2240.1850195312504,1.0497204054893967
2460338.5275732535,2240.7298242187503,1.050237937396963
2460338.5345177273,2240.0835351562496,1.0495200434775434
2460338.541462201,2239.37302734375,1.0496581122463073
2460338.548406675,2239.9118554687498,1.049473424183588
2460338.5553511493,2239.6921875000003,1.049402480773837
2460338.562295623,2238.6680859374997,1.0492941517938446
2460338.5692400974,2238.4039453125,1.0496742662725234
2460338.5761845717,2239.3588476562504,1.0494803980191065
2460338.583129046,2240.0318554687497,1.0497258350099559
2460338.5900735203,2240.3595703124997,1.0496863591316503
2460338.597017995,2240.51548828125,1.049771873988792
2460338.6039624694,2238.8900976562504,1.0494214864241103
2460338.6109069437,2239.64830078125,1.0492434463656803
2460338.6178514184,2240.9932031250005,1.0499354194720725
2460338.624795893,2241.3393164062504,1.0493811474115509
2460338.6317403675,2239.06962890625,1.0496921258049197
2460338.6386848427,2240.4626953125003,1.0498577965700386
2460338.6456293175,2240.96994140625,1.049485569658459
2460338.6525737923,2240.02552734375,1.049396499690295
2460338.6595182675,2238.0052734375,1.0488993005300047
2460338.6664627423,2239.5758789062497,1.049613652550114
2460338.6734072175,2239.0060546875,1.0489606384358796
2460338.6803516927,2239.68755859375,1.0494305299449034
2460338.6872961675,2239.5457031250003,1.0493116220266028
2460338.6942406427,2240.44248046875,1.0496000204688563
2460338.701185118,2239.74708984375,1.0497842680657523
2460338.7081295936,2240.96724609375,1.0495090929657143
2460338.7150740693,2237.4549609375003,1.0492741221591275
2460338.722018544,2241.5766796875,1.0499525226998436
2460338.72896302,2240.5245703125,1.0492633861288174
2460338.7359074955,2239.40923828125,1.0492539752705656
2460338.7428519707,2238.8527734375,1.0495590510156638
2460338.7497964464,2237.7478710937503,1.0494748886803953
2460338.756740922,2238.4960546875004,1.0492309745538888
2460338.763685398,2239.4712890625,1.049356157254903
2460338.7706298735,2237.84958984375,1.0487351339003788
2460338.7775743497,2238.59033203125,1.04956022750971
2460338.7845188254,2240.42712890625,1.0498804838773852
2460338.791463301,2237.5985156250003,1.0490691722582979
2460338.7984077767,2240.2413281249997,1.0497814587778602
2460338.8053522524,2239.25994140625,1.0496723857153765
2460338.812296729,2239.2339257812505,1.0490643734130252
2460338.8192412048,2239.5676757812503,1.0496113407903012
2460338.826185681,2242.9267968749996,1.0498689871279676
2460338.833130157,2239.6905468749997,1.049644665548745
2460338.840074633,2241.24228515625,1.049994678774137
2460338.8470191094,2240.61908203125,1.0501519257177434
2460338.8539635856,2240.58615234375,1.0497747898280798
2460338.8609080617,2239.7572851562504,1.0492757383293352
2460338.867852538,2239.97560546875,1.0490969972000501
2460338.8747970145,2240.3143359375003,1.0493600618599264
2460338.8817414907,2239.9198242187504,1.049206896041991
2460338.8886859673,2238.6662109375,1.0500522978588391
2460338.8956304435,2239.8697265625,1.0503271798304374
2460338.9025749196,2238.74666015625,1.0490688948096927
2460338.9095193963,2240.61896484375,1.0500839710492875
2460338.916463873,2239.114921875,1.0493095025780523
2460338.9234083495,2241.49330078125,1.050096358402725
2460338.9303528257,2240.43310546875,1.0493799946195823
2460338.9372973023,2240.87748046875,1.049898470153989
2460338.944241779,2241.5426953125,1.0497108786633274
2460338.9511862556,2239.8856640625,1.0492191896860363
2460338.958130732,2241.18556640625,1.0498100802022752
2460338.965075209,2238.9570703124996,1.0491958544512332
2460338.9720196854,2240.487421875,1.0498995859255784
2460338.978964162,2239.913203125,1.0498139152871497
2460338.9859086387,2240.10703125,1.049495567158741
2460338.992853116,2240.276953125,1.0494258872623623
2460338.9997975924,2239.7565820312498,1.0500808612907624
2460339.006742069,2238.28201171875,1.0491551905021324
2460339.0136865457,2241.35953125,1.0493298448124992
2460339.0206310223,2238.9017578125,1.0490480393643506
2460339.0275754994,2240.0239453125,1.0494507144106435
2460339.034519976,2239.49396484375,1.050002087761936
2460339.041464453,2239.93658203125,1.0494334961536311
2460339.0484089297,2241.4304296875002,1.0496437672108
2460339.0553534064,2241.5143359375,1.0493664315250566
2460339.0622978834,2238.7014257812502,1.0493259535903536
2460339.06924236,2240.7465820312505,1.0501849530256755
2460339.076186837,2241.4789453125,1.0498157899305738
2460339.083131314,2240.6865234375,1.0496067517540675
2460339.0900757904,2240.49603515625,1.0493083386989612
2460339.0970202675,2241.25083984375,1.0498308187743788
2460339.103964744,2239.4137499999997,1.0498752715173219
2460339.110909221,2238.8581640625002,1.04897340253668
2460339.117853698,2239.8308203125002,1.0490561820595037
2460339.124798175,2241.37787109375,1.049513472671207
2460339.1317426516,2241.8459765625,1.0497349562427631
2460339.1386871287,2241.4763085937498,1.0495048931381332
2460339.1456316053,2242.2273046875,1.0501782115075047
2460339.152576082,2240.4090234375,1.049755716181206
2460339.159520559,2241.36498046875,1.0499569045858137
2460339.1664650356,2240.2764257812505,1.049356158754774
2460339.1734095127,2240.8102734375,1.0493750116349083
2460339.1803539894,2240.914453125,1.0497959020584504
2460339.187298466,2240.047265625,1.0493435692991118
2460339.1942429426,2243.12068359375,1.0498281048079854
2460339.2011874197,2240.481796875,1.0500332993630384
2460339.2081318963,2242.4591015625,1.049777827882613
2460339.215076373,2242.6434375000003,1.0503146812228175
2460339.2220208496,2241.9788671875,1.0496236508999564
2460339.228965326,2241.8037890625,1.050061034039568
2460339.2359098033,2241.31283203125,1.0499964968024937
2460339.24285428,2243.4172265625,1.0505502353060974
2460339.2497987566,2241.7246875,1.0498913272918446
2460339.256743233,2243.47869140625,1.0501257011210379
2460339.2636877093,2241.74560546875,1.0495835527401376
2460339.270632186,2243.32986328125,1.0504281967557334
2460339.2775766626,2241.782578125,1.0501858222637461
2460339.2845211388,2241.7166015625003,1.049796968758757
2460339.2914656154,2242.87640625,1.050453936686686
2460339.298410092,2241.935859375,1.049899108712696
2460339.3053545686,2242.6355859375,1.049811587903318
2460339.312299045,2241.41390625,1.049944059040017
2460339.319243521,2242.281796875,1.049992070325278
2460339.3261879976,2242.95287109375,1.0504190715532549
2460339.3331324738,2242.17251953125,1.0499893114140642
2460339.34007695,2242.13150390625,1.0499466306776026
2460339.347021426,2243.18701171875,1.0502158820750145
2460339.3539659022,2241.860390625,1.049510658905503
2460339.3609103784,2242.7051953124997,1.0499874180841147
2460339.3678548546,2242.29251953125,1.050086655674691
2460339.3747993303,2241.6798632812497,1.0504775173006664
2460339.381743807,2244.59619140625,1.0503853341252893
2460339.3886882826,2243.3668359375,1.0503993445206732
2460339.3956327583,2241.3975000000005,1.0503005424444425
2460339.4025772344,2244.25083984375,1.0505017016299876
2460339.4095217106,2242.8111328125,1.050026018841315
2460339.4164661863,2244.121640625,1.05049902512142
2460339.423410662,2242.9679296875,1.0502751918445878
2460339.4303551377,2242.9648242187504,1.0503068296087286
2460339.437299613,2241.5783203124997,1.04964111123767
2460339.444244089,2243.09185546875,1.0502615199856884
2460339.4511885643,2243.16421875,1.0498666684409605
2460339.45813304,2245.20515625,1.0511773319712587
2460339.465077515,2242.40912109375,1.0501231320915123
2460339.472021991,2245.56744140625,1.050728663224266
2460339.4789664657,2243.25404296875,1.0495640313796522
2460339.4859109414,2242.43783203125,1.0500316745986165
2460339.4928554166,2244.41888671875,1.0505179433516383
2460339.499799892,2242.9539843750003,1.0505421702155864
2460339.5067443666,2244.0596484375,1.0500310589396042
2460339.513688842,2244.3606445312503,1.0503111490380281
2460339.520633317,2242.87998046875,1.0501363274238462
2460339.527577792,2244.43400390625,1.0507200315303453
2460339.5345222666,2246.5914257812497,1.0505029092077887
2460339.5414667414,2245.2367382812504,1.0504987520533648
2460339.548411216,2244.45755859375,1.0502220591888427
2460339.555355691,2243.1281249999997,1.050152956415247
2460339.5623001656,2244.5513085937505,1.0503251299359082
