time,flux,flux_err
2460312.8670129837,2163.84521484375,2.117879363390519
2460312.875114638,2161.587890625,2.4447286161003734
2460312.8820589134,2164.8638509114585,2.445646818669645
2460312.889003188,2163.3277994791665,2.4441487839313365
2460312.8959474624,2160.1560872395835,2.444371534033107
2460312.902891738,2160.8302408854165,2.4448120494334264
2460312.9098360124,2162.6348470052085,2.4449535418918305
2460312.916780287,2164.5425618489585,2.445592189285562
2460312.9237245615,2166.9881184895835,2.447389870873377
2460312.930668835,2164.6695963541665,2.444793261840482
2460312.937613109,2165.892822265625,2.4456345519908953
2460312.944557383,2165.5692545572915,2.4467263276408455
2460312.9515016573,2160.8108723958335,2.444042934478691
2460312.957288552,2161.8375244140625,2.994994000983094
2460312.965390205,2166.4558919270835,2.44841039929782
2460312.972334478,2161.4012858072915,2.443873517882655
2460312.979278752,2164.1536458333335,2.4468619940475596
2460312.9862230252,2164.8250325520835,2.4446292805397065
2460312.9931672984,2161.052734375,2.4449584495620327
2460313.0001115715,2163.2763671875,2.4444385092548293
2460313.0070558446,2159.9306640625,2.444269810607857
2460313.0140001173,2165.2256673177085,2.4455518315160103
2460313.0209443904,2162.019775390625,2.4444055293231055
2460313.027888663,2162.8689778645835,2.4451714290720856
2460313.034832936,2164.1980794270835,2.445501232018757
2460313.041777208,2157.5380859375,2.4416310834705115
2460313.04872148,2165.551025390625,2.446291379636176
2460313.0556657524,2165.9390462239585,2.445945409680947
2460313.062610025,2161.3109537760415,2.4435443813196946
2460313.0695542973,2159.161865234375,2.4430600751887463
2460313.076498569,2163.859375,2.445288866514304
2460313.0834428407,2161.8052571614585,2.446043385561665
2460313.0903871125,2160.3693033854165,2.44441544056182
2460313.097331384,2161.0318196614585,2.443287786613618
2460313.1042756555,2162.20947265625,2.4452408269056987
2460313.1112199277,2165.277099609375,2.445744632430234
2460313.118164199,2165.309326171875,2.446662693511474
2460313.1251084697,2165.8653157552085,2.4451002347172754
2460313.1320527415,2170.4794108072915,2.447460760773084
2460313.1389970123,2170.3866373697915,2.4476987027350994
2460313.145941283,2172.4078776041665,2.448200115788819
2460313.152885554,2170.490234375,2.447380273415987
2460313.1598298247,2167.2257486979165,2.446064569247391
2460313.1667740955,2167.7467447916665,2.4468432386501333
2460313.1737183663,2164.7066243489585,2.444300563992148
2460313.180662637,2164.1118977864585,2.445599929786206
2460313.187606907,2167.4542643229165,2.447602360007936
2460313.1945511773,2165.412109375,2.447201811777151
2460313.2014954477,2168.3098958333335,2.449280293185479
2460313.208439718,2169.7511393229165,2.4483782205355644
2460313.2153839883,2167.9002278645835,2.4491573073815758
2460313.222328258,2166.0885416666665,2.4476262170540375
2460313.229272528,2161.0765787760415,2.44433381748398
2460313.236216798,2162.8277180989585,2.4441320510755404
2460313.243161068,2165.397216796875,2.4455858367134544
2460313.2501053377,2164.1832682291665,2.4457353880581354
2460313.2570496066,2167.2733561197915,2.4465102885827448
2460313.2639938765,2166.091064453125,2.44830325433457
2460313.2709381455,2168.5650227864585,2.44673710791589
2460313.2778824153,2166.8743489583335,2.4472541833838237
2460313.2848266843,2171.1995442708335,2.4499362423324245
2460313.2917709537,2168.5445963541665,2.447752424542542
2460313.298715223,2175.0995279947915,2.4502660733358206
2460313.305659492,2183.2368977864585,2.4534741609314596
2460313.3126037605,2184.4188639322915,2.455500083834812
2460313.3195480295,2192.8264973958335,2.457992599084292
2460313.3264922984,2195.963134765625,2.4599809678597624
2460313.333436567,2206.399658203125,2.4655355322045382
2460313.340380836,2213.02001953125,2.4678187408157024
2460313.347325104,2228.3731282552085,2.4767042649875415
2460313.3542693723,2247.0004069010415,2.482916927346678
2460313.361213641,2273.3984375,2.495186993799885
2460313.3681579097,2296.0846354166665,2.504760285707559
2460313.3751021777,2320.5863444010415,2.5158730383411534
2460313.3820464457,2345.1676432291665,2.5277535753500078
2460313.388990714,2377.655517578125,2.5417257307598367
2460313.395934982,2407.109619140625,2.554928742605656
2460313.4028792502,2440.99853515625,2.5696376693692558
2460313.409823518,2471.3531901041665,2.5821895548080276
2460313.416767786,2510.33251953125,2.5998900186757457
2460313.423712054,2550.725341796875,2.6185370172898077
2460313.4306563213,2596.1592610677085,2.638440795356755
2460313.4376005894,2638.5084635416665,2.6556325010152744
2460313.444544857,2675.505859375,2.6719400507730238
2460313.4514891244,2717.982177734375,2.689660934161721
2460313.4584333915,2752.35791015625,2.7063282642584294
2460313.4653776595,2792.69140625,2.719150298018246
2460313.4723219266,2834.448486328125,2.7389280173290893
2460313.479266194,2868.8055013020835,2.752782628075456
2460313.4862104612,2915.2967936197915,2.77125287912691
2460313.4931547283,2946.5830078125,2.7851303818138002
2460313.500098996,2988.4779459635415,2.803377039137203
2460313.507043263,3029.9131673177085,2.821045824515122
2460313.51398753,3078.3639322916665,2.8394462711827018
2460313.520931797,3121.0342610677085,2.8592239517455975
2460313.5278760637,3170.447998046875,2.8759221051358623
2460313.534820331,3224.4300130208335,2.896597515354989
2460313.5417645974,3277.731201171875,2.9167960302605613
2460313.548708864,3324.4042154947915,2.9358883366009647
2460313.555653131,3379.637939453125,2.957711183097821
2460313.5625973977,3428.1116536458335,2.9747649806271403
2460313.569541665,3474.8009440104165,2.994103916829763
2460313.5764859314,3521.9276529947915,3.011958111935879
2460313.5834301976,3575.7958984375,3.031756148307059
2460313.590374464,3618.063720703125,3.0471818524932566
2460313.597318731,3652.3885091145835,3.0601852226668673
2460313.604262997,3692.1040852864585,3.074907950568278
2460313.6112072635,3729.8114420572915,3.0892393914858958
2460313.61815153,3763.5106608072915,3.101643009703475
2460313.6250957963,3799.852783203125,3.1154762466901498
2460313.632040063,3835.9115397135415,3.1304907298211844
2460313.6389843286,3851.6534016927085,3.1340751819185115
2460313.645928595,3887.203125,3.1469592524717367
2460313.652872861,3907.3133951822915,3.1556659931720525
2460313.6598171275,3935.6080729166665,3.1649687813088563
2460313.666761393,3964.9420572916665,3.176665227490103
2460313.67370566,3984.9732259114585,3.1822845049503825
2460313.6806499255,4008.87060546875,3.191035111890893
2460313.6875941916,4024.4340006510415,3.1973282090677206
2460313.6945384573,4045.750732421875,3.2060423132229783
2460313.701482723,4064.6402180989585,3.2120425913557127
2460313.708426989,4071.53369140625,3.2157269783002094
2460313.715371255,4089.4239908854165,3.2208709771868747
2460313.7223155205,4106.33935546875,3.227167346033129
2460313.7292597867,4121.91943359375,3.2327261211201033
2460313.7362040523,4139.411946614583,3.238385624825431
2460313.743148318,4156.9326171875,3.2445637315918905
2460313.7500925832,4175.866861979167,3.251517445017831
2460313.7570368494,4196.338541666667,3.2588953867391113
2460313.763981115,4219.976399739583,3.2676439594252216
2460313.7709253808,4237.244140625,3.2727354075276995
2460313.777869646,4251.103515625,3.2781738870843093
2460313.784813912,4270.33251953125,3.2849185839651116
2460313.791758178,4293.13232421875,3.293579457929935
2460313.798702443,4313.366536458333,3.2993812056218292
2460313.8056467087,4328.792805989583,3.3051797568140597
2460313.812590974,4346.52880859375,3.310573167592738
2460313.819535239,4363.254069010417,3.3152990897851695
2460313.8264795053,4382.5341796875,3.322683562908079
2460313.8334237705,4394.669270833333,3.3268173443983104
2460313.8403680357,4412.768229166667,3.333675300576116
2460313.847312301,4431.066731770833,3.342022241473332
2460313.8542565666,4443.571940104167,3.3435158851957154
2460313.861200832,4463.994303385417,3.3507000251574883
2460313.8681450975,4462.276041666667,3.3502735924223064
2460313.8750893627,4481.964518229167,3.3566988021896003
2460313.882033628,4488.09814453125,3.3571942176283494
2460313.888977893,4499.019368489583,3.362724356987345
2460313.8959221584,4502.950520833333,3.36511720083519
2460313.9028664236,4502.915201822917,3.3640515956376302
2460313.909810689,4511.349772135417,3.366522050482543
2460313.916754954,4511.792643229167,3.3677682872169092
2460313.9236992192,4517.450846354167,3.3687459667010446
2460313.9306434845,4514.111490885417,3.369694439870102
2460313.9375877497,4516.670572916667,3.3680744491154915
2460313.944532015,4530.008463541667,3.3733243962652497
2460313.95147628,4537.853352864583,3.3756925905561825
2460313.9584205453,4535.197916666667,3.3750585230464636
2460313.9653648105,4543.359049479167,3.377012018940205
2460313.9723090758,4559.50048828125,3.38265496569117
2460313.979253341,4560.244466145833,3.3819434092382115
2460313.986197606,4571.583821614583,3.3863982810803925
2460313.9931418714,4583.435546875,3.3913312060059084
2460314.0000861366,4590.283854166667,3.3929351949214848
2460314.007030402,4592.24365234375,3.3931624299136636
2460314.013974667,4599.150553385417,3.3955793083364156
2460314.0209189323,4606.206380208333,3.3986004237230087
2460314.027863197,4617.65576171875,3.4014073307923223
2460314.0348074622,4621.798828125,3.4033622473318204
2460314.0417517275,4623.7255859375,3.4045160102953775
2460314.048695992,4623.416341145833,3.403968089516683
2460314.0556402574,4623.49755859375,3.403554224873091
2460314.0625845226,4624.8994140625,3.405750520999225
2460314.069528788,4631.3515625,3.4063245912662303
2460314.076473053,4628.138997395833,3.4062155809794668
2460314.0834173183,4634.4482421875,3.408782984026354
2460314.0903615835,4626.50390625,3.4050955577768787
2460314.0973058487,4633.72265625,3.407108073705988
2460314.104250114,4623.931640625,3.4040315118965876
2460314.111194379,4632.494140625,3.4072104556911245
2460314.1181386434,4625.314615885417,3.4047854711680317
2460314.1250829087,4612.778483072917,3.4008528323597744
2460314.132027174,4620.794108072917,3.4034805587254073
2460314.138971439,4618.589518229167,3.4013712341542868
2460314.1459157043,4613.224934895833,3.3996107024981495
2460314.1528599695,4613.80322265625,3.4004791262516796
2460314.1598042347,4607.102376302083,3.3990032624922257
2460314.1667485,4597.31884765625,3.394382519676839
2460314.173692765,4591.626953125,3.3929775565261004
2460314.1806370304,4593.707194010417,3.392436825776356
2460314.1875812956,4578.884114583333,3.389427305676875
2460314.194525561,4574.07373046875,3.3859929688569532
2460314.201469826,4558.520182291667,3.3837041865815376
2460314.2084140913,4556.207845052083,3.380469957648599
2460314.2153583565,4549.075520833333,3.3784451624871394
2460314.2223026217,4537.93017578125,3.375550514195032
2460314.229246887,4533.296223958333,3.3724430300062824
2460314.236191152,4531.014811197917,3.373626418467861
2460314.2431354173,4532.005696614583,3.3743240546164066
2460314.2500796826,4523.101236979167,3.3691176994555625
2460314.257023948,4516.2333984375,3.367605070674461
2460314.263968213,4505.18408203125,3.365168880507064
2460314.270912478,4497.023274739583,3.3602163293650125
2460314.2778567444,4479.479166666667,3.3553250378411956
2460314.2848010096,4465.361490885417,3.349971505799383
2460314.291745275,4459.029296875,3.3479697858062845
2460314.2986895405,4446.223958333333,3.343731940224355
2460314.3056338057,4431.324381510417,3.3379910756887146
2460314.3125780714,4412.171712239583,3.33174617387019
2460314.3195223366,4397.552571614583,3.326869614128885
2460314.326466602,4370.806477864583,3.3167030005046336
2460314.333410867,4346.335774739583,3.310306908620283
2460314.340355133,4325.824055989583,3.301059721983416
2460314.3472993984,4306.015299479167,3.294692783810474
2460314.354243664,4282.74462890625,3.2878384328458488
2460314.3611879293,4259.431966145833,3.278743148194687
2460314.368132195,4250.307942708333,3.2755221247473503
2460314.37507646,4235.252115885417,3.2700166694276547
2460314.3820207263,4211.554361979167,3.2607570455819803
2460314.388964992,4192.896809895833,3.2546038750294404
2460314.3959092577,4185.352701822917,3.253062376050781
2460314.402853523,4170.64111328125,3.2470843387331763
2460314.409797789,4159.88623046875,3.2450449909897254
2460314.4167420547,4149.885904947917,3.2398615740120857
2460314.4236863204,4146.738118489583,3.2401028050160243
2460314.4306305856,4144.8037109375,3.2382114885829605
2460314.437574852,4145.19091796875,3.2381929266470184
2460314.4445191175,4136.673990885417,3.238665776757498
2460314.451463383,4139.140625,3.2367550920436563
2460314.4584076456,4141.513346354167,3.2371725483711113
2460314.4653519113,4141.9814453125,3.238083735936215
2460314.472296177,4149.41845703125,3.240787054814508
2460314.479240443,4150.921875,3.241797771784176
2460314.4861847092,4155.995930989583,3.2427759096272104
2460314.493128975,4164.434407552083,3.247211806992466
2460314.500073241,4163.556315104167,3.2449834084572697
2460314.5070175068,4161.08642578125,3.2435617223942863
2460314.5139617734,4164.788736979167,3.245492899575384
2460314.520906039,4170.047200520833,3.2478412181350733
2460314.5278503057,4169.205729166667,3.2472392427458576
2460314.5347945713,4179.967447916667,3.2510650158696763
2460314.5417388375,4178.412434895833,3.250111030498541
2460314.5486831036,4182.307779947917,3.251334036548529
2460314.5556273703,4184.322591145833,3.253755250076319
2460314.562571636,4184.079752604167,3.251685796617989
2460314.5695159025,4184.252278645833,3.25108624068975
2460314.5764601687,4185.203450520833,3.2535561438309006
2460314.5834044353,4184.157877604167,3.252356509377302
2460314.5903487015,4179.615559895833,3.250206731019024
2460314.5972929676,4189.288736979167,3.2529643085476945
2460314.604237234,4191.122233072917,3.25629967444273
2460314.611181501,4187.34033203125,3.2534140629171397
2460314.618125767,4186.647298177083,3.25362507334728
2460314.6250700336,4193.65478515625,3.254511093377397
2460314.6320143,4189.886555989583,3.2534429487086953
2460314.6389585664,4182.8369140625,3.250386391856754
2460314.6459028334,4186.889485677083,3.256592969799065
2460314.6528471,4187.7607421875,3.2543078782858648
2460314.6597913667,4182.501953125,3.250592123128732
2460314.666735633,4186.854166666667,3.251730925431426
2460314.6736799,4188.892578125,3.2529087791250713
2460314.6806241665,4184.294921875,3.25337571595831
2460314.6875684336,4185.886881510417,3.2535730825992064
2460314.6945127,4188.930338541667,3.2539891530837086
2460314.7014569673,4187.06005859375,3.252079594981192
2460314.708401234,4189.71630859375,3.2536998461660662
2460314.715345501,4195.651529947917,3.2553528058588834
2460314.722289768,4197.245768229167,3.2573732661015153
2460314.7292340347,4200.621907552083,3.258017446746303
2460314.7361783017,4194.6953125,3.254692211212433
2460314.743122569,4199.285319010417,3.257899769620236
2460314.750066836,4207.434895833333,3.2600467588664266
2460314.7570111034,4208.121744791667,3.2602892200104763
2460314.7639553705,4206.619303385417,3.2609385765652
2460314.7708996376,4205.844563802083,3.259193072404994
2460314.7778439047,4201.37841796875,3.258988035164465
2460314.784788172,4207.293131510417,3.2599751622916693
2460314.7917324393,4212.802083333333,3.261207466881047
2460314.798676707,4207.18994140625,3.2590336201717007
2460314.805620974,4206.877115885417,3.2588417021921163
2460314.8125652415,4211.325358072917,3.260815270227441
2460314.819509509,4222.94970703125,3.2662459742488767
2460314.8264537766,4217.6474609375,3.2628796854833966
2460314.833398044,4222.627766927083,3.264753200175633
2460314.840342311,4217.6572265625,3.2649182364019307
2460314.847286579,4220.962727864583,3.265437871761639
2460314.8542308467,4224.345052083333,3.26656967744152
2460314.8611751143,4221.342122395833,3.2668539749023555
2460314.8681193823,4232.607259114583,3.268227128857299
2460314.8750636503,4229.321614583333,3.2677169500986873
2460314.8820079174,4239.12255859375,3.271208290996672
2460314.888952186,4243.050130208333,3.2728028635850746
2460314.8958964534,4249.469401041667,3.2747233864836987
2460314.902840722,4249.360677083333,3.275469775637474
2460314.9097849894,4256.312825520833,3.276470316116292
2460314.916729258,4264.583170572917,3.2807539149991434
2460314.9236735255,4267.8427734375,3.2796738532418694
2460314.930617794,4274.783528645833,3.282781268712769
2460314.9375620615,4284.141276041667,3.287162330525502
2460314.94450633,4291.949544270833,3.289720665154643
2460314.951450598,4287.094563802083,3.287275665357831
2460314.9583948664,4295.923990885417,3.2916877887620637
2460314.965339135,4300.882649739583,3.2913889438395056
2460314.972283403,4297.384440104167,3.2916351285104066
2460314.9792276714,4300.05078125,3.291790112847517
2460314.98617194,4303.69384765625,3.29329324531347
2460314.993116209,4302.410319010417,3.2935796508524504
2460315.000060477,4303.837727864583,3.2933106496023625
2460315.0070047453,4301.03515625,3.2919728622675213
2460315.013949014,4307.963541666667,3.295977732379862
2460315.0208932827,4299.509928385417,3.2939870099638937
2460315.0278375517,4296.902180989583,3.2927437114371165
2460315.0347818206,4301.609700520833,3.293099640760573
2460315.0417260886,4301.056803385417,3.2926944448052655
2460315.0486703576,4298.466471354167,3.290991267559519
2460315.0556146265,4302.051920572917,3.291925496670799
2460315.0625588954,4299.95458984375,3.292311397138065
2460315.0695031644,4299.043131510417,3.290408376667193
2460315.0764474333,4295.34765625,3.290550100470357
2460315.0833917023,4297.400716145833,3.2909053437394333
2460315.090335971,4291.944661458333,3.2905128473244125
2460315.09728024,4292.12451171875,3.2908648324170655
2460315.1042245096,4291.91259765625,3.2895732192477
2460315.111168779,4289.26708984375,3.2912309623024076
2460315.118113048,4297.818033854167,3.290966780095999
2460315.125057318,4293.276041666667,3.291299141755355
2460315.1320015867,4287.900716145833,3.286578725571926
2460315.138945856,4292.636393229167,3.289261276223792
2460315.1458901255,4287.334309895833,3.2863946573319716
2460315.1528343954,4296.783040364583,3.2908112791691106
2460315.1597786644,4290.36474609375,3.288083969762955
2460315.166722934,4298.197102864583,3.291844706392322
2460315.173667204,4295.6240234375,3.2906212551358176
2460315.1806114735,4305.384928385417,3.2944986343355214
2460315.1875557434,4299.284016927083,3.2910490133286405
2460315.194500013,4306.03271484375,3.2934685049534447
2460315.2014442827,4297.885904947917,3.2905257053792294
2460315.2083885525,4298.360677083333,3.290802038070216
2460315.2153328224,4289.945475260417,3.288830024163953
2460315.2222770923,4286.968587239583,3.2865514004752794
2460315.2292213626,4290.0185546875,3.2887323238403696
2460315.236165633,4287.499674479167,3.2872677681827955
2460315.243109903,4278.97802734375,3.2841024339878833
2460315.2500541727,4283.265299479167,3.285976898557505
2460315.256998443,4263.848958333333,3.279686487269671
2460315.2639427134,4253.5048828125,3.279117486447872
2460315.2708869837,4248.359212239583,3.2742386055940162
2460315.277831254,4235.347819010417,3.2703489670786525
2460315.284775524,4229.107421875,3.26735452102166
2460315.2917197947,4215.2822265625,3.2626693940085314
2460315.298664065,4199.177734375,3.256311826278077
2460315.305608336,4175.677734375,3.248796960386951
2460315.312552606,4158.51416015625,3.2414013647741395
2460315.319496877,4146.955891927083,3.2380066289721725
2460315.326441148,4107.885579427083,3.2238553481341565
2460315.3333854186,4081.890869140625,3.215764958481719
2460315.3403296894,4061.0970865885415,3.2077231010061347
2460315.3472739602,4038.407958984375,3.2002254887843207
2460315.354218231,4019.1826985677085,3.1930901597670522
2460315.361162502,3994.3421223958335,3.1838024679541266
2460315.3681067727,3984.7269694010415,3.1819768204656076
2460315.375051044,3963.83935546875,3.1731393447864207
2460315.381995315,3947.0514322916665,3.167617556302273
2460315.388939586,3930.6553548177085,3.162289849413393
2460315.3958838577,3922.5748697916665,3.1587275013297194
2460315.4028281285,3916.0113118489585,3.156725726747536
2460315.4097724,3910.21875,3.154307023109975
2460315.416716671,3911.4131673177085,3.153766537726405
2460315.423660943,3908.3077799479165,3.1530428814657334
2460315.4306052146,3916.7747395833335,3.1584235029999514
2460315.4375494854,3909.568603515625,3.154836444410686
2460315.4444937576,3907.9549967447915,3.1531579120967472
2460315.451438029,3914.950927734375,3.156730603924865
2460315.458382301,3914.5604654947915,3.1557925808818044
2460315.4653265723,3926.1578776041665,3.159768855443483
2460315.472270844,3940.74951171875,3.1657884440102824
2460315.479215116,3947.5887044270835,3.169392695735476
2460315.486159388,3959.5526529947915,3.1715609882241034
2460315.4931036597,3969.7259114583335,3.175613231721188
2460315.500047932,3981.3428548177085,3.179782503937892
2460315.5069922036,4000.0323079427085,3.1859618382487884
2460315.5139364754,3997.4364420572915,3.1851501834313196
2460315.520880748,4009.1075032552085,3.188679175924173
2460315.5278250203,4020.0454915364585,3.193926114266995
2460315.5347692925,4025.8778483072915,3.1959494728381848
2460315.5417135647,4029.9353841145835,3.1963796483389175
2460315.548657837,4037.4495442708335,3.1995510821774835
2460315.5556021095,4038.9231770833335,3.200971367151275
2460315.5625463817,4045.02294921875,3.2020865353543555
2460315.5694906544,4048.8690592447915,3.2031577610916386
2460315.576434927,4058.34814453125,3.2069219147010117
2460315.5833791997,4047.3377278645835,3.202915434288334
2460315.5903234724,4050.409423828125,3.2048031807556376
2460315.597267745,4051.9756673177085,3.2063506980875704
2460315.6042120177,4055.9114583333335,3.208021483285185
2460315.6111562904,4054.9723307291665,3.2053391417495063
2460315.6181005635,4050.36083984375,3.2051243331789316
2460315.6250448367,4053.9005533854165,3.2051620660747475
2460315.6319891093,4048.7578938802085,3.205333595320886
2460315.6389333825,4049.673828125,3.203735564570623
2460315.6458776556,4045.100830078125,3.203120193704327
2460315.6528219287,4038.86767578125,3.199668615957833
2460315.659766202,4032.43505859375,3.198578669285568
2460315.666710475,4042.208251953125,3.2011189240237985
2460315.6736547486,4037.2154134114585,3.2006717222450116
2460315.680599022,4037.02587890625,3.2015176755840202
2460315.6875432953,4035.0823567708335,3.1990978803757346
2460315.694487569,4035.920654296875,3.1988024165209215
2460315.7014318425,4036.636962890625,3.1998262529867603
2460315.7083761166,4034.0891927083335,3.198831191208111
2460315.7153203897,4041.697509765625,3.2018048046695533
2460315.722264664,4043.2078450520835,3.2021277500682577
2460315.729208937,4040.9371744791665,3.201393550188141
2460315.736153211,4051.8455403645835,3.2041044552903553
2460315.743097485,4053.4217122395835,3.2051687683258963
2460315.7500417586,4057.3621419270835,3.2064088032249227
2460315.7569860327,4060.3701171875,3.208965211434952
2460315.7639303072,4064.5830891927085,3.209855668865275
2460315.770874581,4064.3750813802085,3.2099745042688195
2460315.777818855,4062.3697102864585,3.2086674853678474
2460315.7847631294,4061.8028157552085,3.2096799720621614
2460315.7917074035,4065.4253743489585,3.2100140519369087
2460315.798651678,4071.0563151041665,3.2105684001965735
2460315.8055959526,4065.624267578125,3.2088384678244766
2460315.812540227,4072.7269694010415,3.2110706154758044
2460315.8194845016,4059.4122721354165,3.2067934279441737
2460315.826428776,4057.122802734375,3.2067880443104837
2460315.8333730507,4058.357666015625,3.2062110916236377
2460315.840317325,4049.5987955729165,3.204216608318156
2460315.8472615997,4055.259765625,3.2059377642967295
2460315.8542058747,4054.984619140625,3.207113787212337
2460315.8611501497,4051.20947265625,3.204516034143335
2460315.8680944243,4043.1940104166665,3.2022670640285136
2460315.8750386992,4038.8614095052085,3.1995078534555526
2460315.8819829742,4039.5107421875,3.2031276491095926
2460315.8889272497,4035.9154459635415,3.1989871342080995
2460315.8958715247,4040.0732421875,3.1998983074211087
2460315.9028157997,4029.4153645833335,3.1969661443041892
2460315.909760075,4031.5957845052085,3.1974336128852934
2460315.91670435,4035.1797688802085,3.198232930319248
2460315.9236486256,4033.77734375,3.198356007672078
2460315.930592901,4034.426513671875,3.1982777929533506
2460315.9375371765,4050.4195963541665,3.2039868892429895
2460315.9444814525,4057.5817057291665,3.206225049015599
2460315.951425728,4055.962158203125,3.205690612678302
2460315.9583700034,4055.9641927083335,3.2069358271426114
2460315.965314279,4056.70849609375,3.205568479950651
2460315.972258555,4052.234375,3.2049632913269828
2460315.9792028307,4056.377685546875,3.205405226966704
2460315.986147106,4061.110107421875,3.2086030220405193
2460315.9930913826,4053.794921875,3.204655918926504
2460316.0000356585,4054.0919596354165,3.2056203539396093
2460316.0069799344,4059.216064453125,3.2067362941133895
2460316.013924211,4058.2887369791665,3.2070545052818447
2460316.020868487,4051.92236328125,3.204582632993823
2460316.0278127627,4039.8677571614585,3.2009818086247854
2460316.034757039,4034.845703125,3.1995141320844263
2460316.0417013154,4031.283203125,3.1976693476584566
2460316.048645592,4024.2835286458335,3.1953132755403932
2460316.055589866,4027.1561686197915,3.194948650961193
2460316.062534141,4010.41259765625,3.1907246543688212
2460316.069478418,4012.0723470052085,3.1904870588880754
2460316.0764226946,4007.4862467447915,3.1887657766461834
2460316.0833669715,3994.3251953125,3.1832859138364538
2460316.0903112483,3989.408935546875,3.1806465214767474
2460316.0972555247,3981.7958984375,3.1795916901091608
2460316.104199802,3977.647705078125,3.1794891896206
2460316.111144079,3961.8468424479165,3.1718929027254514
2460316.1180883558,3954.47119140625,3.1692698220529167
2460316.125032633,3942.0314127604165,3.1661404219653893
2460316.1319769104,3937.4825846354165,3.1652219053778925
2460316.138921187,3932.4068196614585,3.16067354664664
2460316.1458654646,3925.3776041666665,3.15873932286973
2460316.152809742,3914.9815266927085,3.155195986969668
2460316.159754019,3907.0879720052085,3.152586711562907
2460316.1666982966,3911.6644694010415,3.153707397195008
2460316.1736425743,3911.260986328125,3.154667329120436
2460316.1805868517,3909.9478352864585,3.15589039070971
2460316.187531129,3908.0223795572915,3.1527264013613157
2460316.194475407,3913.3857421875,3.156411879098691
2460316.201419685,3910.9189453125,3.1546807555488345
2460316.208363963,3916.5380859375,3.1553102369618133
2460316.21530824,3915.9913736979165,3.1560967051800337
2460316.2222525184,3914.7330729166665,3.155296910827713
2460316.229196796,3907.8553059895835,3.1525575183295107
2460316.2361410744,3913.9349772135415,3.154998703092259
2460316.2430853527,3908.8134765625,3.1525089092130094
2460316.2500296305,3909.3369140625,3.152991285100279
2460316.2569739087,3908.0987955729165,3.151656726706166
2460316.263918187,3903.3856608072915,3.1497007287700165
2460316.2708624653,3891.95947265625,3.1481180852240915
2460316.2778067435,3889.26025390625,3.1470804870293017
2460316.2847510222,3876.7157389322915,3.1404239266144613
2460316.2916953005,3866.9685872395835,3.1385634187940057
2460316.298639579,3856.8643391927085,3.13578144611369
2460316.3055838584,3849.2601725260415,3.1319173625289145
2460316.3125281367,3840.3623860677085,3.1289757457390475
2460316.3194724154,3824.9099934895835,3.1220302454307034
2460316.3264166946,3811.6123860677085,3.1198525828336767
2460316.3333609733,3783.8868815104165,3.1079379153132236
2460316.340305252,3764.77734375,3.1031128992167596
2460316.3472495317,3748.503173828125,3.095217833004557
2460316.3541938104,3725.418212890625,3.0858066535981155
2460316.3611380896,3708.0673014322915,3.0796584918025034
2460316.3680823687,3698.3125,3.0776293159832213
2460316.375026648,3682.622802734375,3.0706433020422583
2460316.381970927,3666.886962890625,3.0644625493179682
2460316.388915207,3660.2569986979165,3.063117325248419
2460316.395859486,3641.6619466145835,3.054533078006729
2460316.4028037656,3632.3792317708335,3.052421975822415
2460316.4097480453,3628.36474609375,3.051677083870615
2460316.4166923244,3628.6048990885415,3.050679775365415
2460316.4236366046,3615.47705078125,3.0454941285667236
2460316.430580884,3622.512451171875,3.0478134323187636
2460316.437525164,3619.1678873697915,3.0471287514598697
2460316.444469444,3618.16015625,3.046147396486422
2460316.451413724,3625.473388671875,3.049274219727723
2460316.458358004,3626.4267578125,3.0490969272441215
2460316.4653022843,3631.1796875,3.0524610632256723
2460316.4722465635,3632.641845703125,3.0510962850575196
2460316.4791908446,3627.2325846354165,3.0492495013290575
2460316.4861351247,3634.212646484375,3.052511269011005
2460316.493079405,3637.4991048177085,3.0529361882738573
2460316.500023685,3641.349609375,3.05415589349827
2460316.5069679655,3650.9342447916665,3.0580908035122434
2460316.513912246,3658.9405110677085,3.0622613013302593
2460316.520856526,3662.5263671875,3.063717256151419
2460316.5278008073,3671.062255859375,3.066076240268929
2460316.534745088,3677.2220052083335,3.068913500581045
2460316.5416893684,3676.6140950520835,3.0688882957954102
2460316.5486336495,3680.1080729166665,3.0712544759175056
2460316.5555779305,3673.7088216145835,3.0681427202340075
2460316.5625222116,3672.8020833333335,3.066732912041218
2460316.569466492,3670.1309407552085,3.0665167052126328
2460316.5764107737,3669.1993815104165,3.0655971073130153
2460316.5833550547,3674.1346028645835,3.0686597004593317
2460316.590299336,3672.7919108072915,3.068086019800886
2460316.597243617,3677.7098795572915,3.0696582064996734
2460316.6041878983,3679.9353841145835,3.070339319036908
2460316.61113218,3674.9718424479165,3.0676309606913605
2460316.618076461,3682.8761393229165,3.0712264441068555
2460316.625020743,3687.7555338541665,3.072227142972061
2460316.631965024,3690.5867513020835,3.0736577242535428
2460316.638909306,3691.0896809895835,3.074013777646909
2460316.645853588,3689.2806803385415,3.0730499422443063
2460316.652797869,3690.5311686197915,3.075080630491694
2460316.659742151,3702.5829264322915,3.078122951010082
2460316.666686433,3696.624267578125,3.0744962737654347
2460316.673630715,3708.60546875,3.079796789983751
2460316.680574997,3703.9371744791665,3.0789471761014897
2460316.687519279,3711.7750651041665,3.081247883714863
2460316.694463561,3710.6348470052085,3.0808310976928635
2460316.701407843,3712.0169270833335,3.0805675198671754
2460316.7083521257,3718.0140787760415,3.082724028184451
2460316.715296408,3722.7548828125,3.084134022975311
2460316.7222406906,3721.7451171875,3.0856077178480805
2460316.7291849726,3735.8390299479165,3.090831116538198
2460316.7361292555,3729.0897623697915,3.0869851932861
2460316.743073538,3741.9732259114585,3.0917197027515324
2460316.7500178204,3742.5454915364585,3.0908039508572895
2460316.756962104,3747.4554850260415,3.0931404213549296
2460316.763906386,3755.6578776041665,3.098287028373212
2460316.770850669,3765.4449055989585,3.1003736347256847
2460316.777794952,3772.781982421875,3.1020141527913516
2460316.7847392354,3783.9390462239585,3.1072865455011383
2460316.791683518,3781.995361328125,3.1073111808284515
2460316.7986278012,3790.7250162760415,3.109500276028507
2460316.805572084,3787.4397786458335,3.1100494908566305
2460316.8125163675,3785.0735677083335,3.1085114741229933
2460316.819460651,3783.9424641927085,3.107665808801151
2460316.8264049343,3777.8251953125,3.105594334981255
2460316.8333492177,3774.0956217447915,3.104263767650101
2460316.840293501,3772.797607421875,3.103863984965366
2460316.8472377844,3767.9529622395835,3.1014495309088836
2460316.8541820683,3763.211669921875,3.100691703627847
2460316.861126352,3758.3474934895835,3.098245968202249
2460316.8680706355,3754.696533203125,3.095462223477052
2460316.87501492,3749.54638671875,3.0939708411640314
2460316.8819592036,3746.4722493489585,3.0932452199424514
2460316.8889034875,3744.2833658854165,3.09246907674375
2460316.8958477713,3736.0706380208335,3.089998593287532
2460316.902792055,3739.24755859375,3.09121702776473
2460316.9097363395,3739.541748046875,3.092173395306185
2460316.916680624,3739.4817708333335,3.091390737707291
2460316.923624908,3744.9659830729165,3.092409151964398
2460316.9305691924,3746.1771647135415,3.0928657005804703
2460316.9375134767,3757.8382975260415,3.0981914758118063
2460316.9444577615,3757.1830240885415,3.0965143718143544
2460316.951402046,3754.0828450520835,3.0961702870735137
2460316.95834633,3763.9779459635415,3.0993668075072356
2460316.965290615,3768.7965494791665,3.1016282461036493
2460316.9722348996,3773.4142252604165,3.103373338705691
2460316.9791791844,3782.74169921875,3.1064105882884943
2460316.986123469,3780.1140950520835,3.1062627553558304
2460316.9930677544,3784.4789225260415,3.1074724810074392
2460317.0000120397,3786.9345703125,3.1073584512311516
2460317.0069563244,3786.5343424479165,3.1078166518110404
2460317.013900609,3795.17724609375,3.112245149363366
2460317.020844895,3799.2277018229165,3.112503963286239
2460317.0277891797,3785.2025553385415,3.1082498220559116
2460317.034733465,3787.53515625,3.107542022983683
2460317.04167775,3789.256103515625,3.1088535041533407
2460317.048622036,3787.4476725260415,3.1094433267966384
2460317.0555663216,3786.2998046875,3.107975237387867
2460317.0625106073,3775.6341959635415,3.1043025719870303
2460317.069454893,3777.4908854166665,3.1044187063399975
2460317.0763991787,3768.7464192708335,3.101521090679278
2460317.0833434644,3756.5343424479165,3.097082093345715
2460317.09028775,3751.1260579427085,3.0952087366376233
2460317.097232036,3738.6771647135415,3.0897555869559827
2460317.1041763215,3725.3326009114585,3.084636440374572
2460317.1111206077,3717.201904296875,3.082295422980805
2460317.118064894,3701.5025227864585,3.0765832555306205
2460317.12500918,3695.1322428385415,3.075961485666508
2460317.131953466,3682.3441569010415,3.0696817038821336
2460317.1388977524,3673.4348958333335,3.066122508775391
2460317.1458420386,3663.3633626302085,3.062692579434206
2460317.152786325,3654.2526041666665,3.0594177011563866
2460317.159730612,3641.4991048177085,3.053909476178955
2460317.1666748985,3642.081298828125,3.0546378253994804
2460317.173619185,3639.6805826822915,3.053197806629336
2460317.1805634717,3630.593505859375,3.049458020398186
2460317.1875077584,3633.8141276041665,3.0513817993125834
2460317.194452045,3623.5450032552085,3.0470524226026594
2460317.201396332,3628.1357421875,3.050322236803252
2460317.208340619,3624.4507649739585,3.0472022747767102
2460317.215284906,3631.2688802083335,3.0505763945507867
2460317.222229193,3639.391357421875,3.053989123150981
2460317.22917348,3638.1438802083335,3.053373281948165
2460317.236117767,3631.737060546875,3.0516534682716876
2460317.2430620547,3641.9484049479165,3.0547484928757753
2460317.250006342,3646.0234375,3.056304568949637
2460317.2569506294,3642.6966959635415,3.0552685092028544
2460317.263894917,3648.318359375,3.057462145975876
2460317.2708392045,3650.3277994791665,3.057163739713029
2460317.277783492,3648.69775390625,3.057467369561332
2460317.2847277797,3642.009033203125,3.054162608163537
2460317.2916720673,3635.8719889322915,3.054035169606639
2460317.2986163553,3625.0186360677085,3.0487038119741676
2460317.3055606433,3620.5530598958335,3.0481379846144034
2460317.312504931,3604.3033854166665,3.041092101072758
2460317.3194492194,3592.5037434895835,3.0369404664123762
2460317.3263935074,3589.9204915364585,3.0363135959497582
2460317.3333377955,3575.8975423177085,3.030529434596873
2460317.340282083,3561.5491536458335,3.0250046175489675
2460317.347226372,3554.210693359375,3.024396033592755
2460317.35417066,3557.462646484375,3.0238512114507383
2460317.3611149485,3540.5611165364585,3.0172126593399713
2460317.368059237,3530.9566243489585,3.0142237800893725
2460317.3750035255,3516.0867513020835,3.0086342195744407
2460317.381947814,3514.2115885416665,3.0080878673886224
2460317.388892103,3507.09130859375,3.005444532494748
2460317.395836392,3501.4791666666665,3.0011512573211534
2460317.4027806805,3500.0673828125,3.001026385626318
2460317.4097249694,3491.6509602864585,2.998878253416867
2460317.4166692584,3485.5513509114585,2.9959804516361075
2460317.4236135473,3480.1319986979165,2.9945081078855638
2460317.4305578363,3483.21533203125,2.995545098143293
2460317.4375021253,3487.4879557291665,2.996237781287452
2460317.4444464147,3480.2919921875,2.9956156665352363
2460317.451390704,3482.280517578125,2.994848777521495
2460317.4583349936,3477.103515625,2.9930259583317995
2460317.4652792825,3476.080322265625,2.992770108303367
2460317.4722235724,3476.8478190104165,2.9927927403225234
2460317.479167862,3479.8035481770835,2.995837362091333
2460317.4861121513,3477.2565104166665,2.9934766306976166
2460317.493056441,3476.7765299479165,2.9927173934037756
2460317.5000007306,3494.584228515625,2.9994075818607917
2460317.5069450205,3485.8245442708335,2.9960883938147513
2460317.5138893104,3484.6981608072915,2.995738830154752
2460317.5208336003,3484.248779296875,2.995213433859534
2460317.52777789,3484.7408040364585,2.9970360649612324
2460317.5347221806,3489.0559895833335,2.997486529403433
2460317.5416664705,3483.223388671875,2.9956488585740786
2460317.5486107613,3480.0484212239585,2.994673191993634
2460317.555555051,3474.36376953125,2.992841472291797
2460317.5624993416,3476.0782877604165,2.992787429891033
2460317.569443632,3472.664794921875,2.9920884299852664
2460317.5763879227,3470.4853515625,2.9917752127743853
2460317.583332213,3460.2613118489585,2.986515766029664
2460317.5902765035,3462.3936360677085,2.987266337562884
2460317.5972207948,3462.2054850260415,2.9870354671598918
2460317.604165085,3457.0418294270835,2.98549110826416
2460317.611109376,3461.9518229166665,2.988317437054443
2460317.618053667,3454.3646647135415,2.983443133825802
2460317.624997958,3468.21240234375,2.988711227502178
2460317.6319422494,3467.2294108072915,2.9917287810666804
2460317.6388865397,3475.93896484375,2.9940346428836278
2460317.645830831,3475.17724609375,2.9927970993689965
2460317.6527751214,3484.5078125,2.998414601848134
2460317.659719411,3488.2994791666665,2.9971369296124855
2460317.666663702,3494.5599772135415,2.99994262554692
2460317.6736079934,3491.174560546875,2.999924512039348
2460317.6805522847,3491.7203776041665,2.998650228815817
2460317.687496576,3493.5411783854165,2.999112960832108
2460317.694440868,3492.7821451822915,2.9984229354931937
2460317.7013851595,3498.169677734375,3.001613438446238
2460317.7083294517,3498.8323567708335,3.0018205767136608
2460317.715273743,3500.1504720052085,3.001487151556961
2460317.7222180353,3500.559814453125,3.0019409241330366
2460317.729162327,3511.2061360677085,3.0057139983349406
2460317.7361066192,3508.4051920572915,3.0045229286347657
2460317.743050911,3508.65234375,3.004740890474176
2460317.749995203,3511.4584147135415,3.0062624894069714
2460317.7569394954,3520.044921875,3.009310337955778
2460317.7638837877,3522.472412109375,3.0092576038844716
2460317.7708280804,3528.9475911458335,3.0111896737562707
2460317.7777723726,3527.06298828125,3.0117071800267055
2460317.7847166653,3526.7184244791665,3.011957362178677
2460317.791660958,3523.9658203125,3.010782515183845
2460317.79860525,3523.5157063802085,3.0104303852153307
2460317.805549543,3521.8282877604165,3.010309865013999
2460317.812493836,3526.6988118489585,3.011608302586628
2460317.819438129,3517.9742838541665,3.008880140118419
2460317.8263824214,3510.4033203125,3.006080294660953
2460317.8333267146,3511.775390625,3.0075211067977885
2460317.8402710077,3498.8963216145835,3.0017397449459726
2460317.847215301,3493.6315104166665,2.999439058962952
2460317.854159594,3489.8711751302085,2.997507406241325
2460317.861103887,3490.1380208333335,2.9979448514963365
2460317.8680481804,3478.8421223958335,2.993151581967022
2460317.8749924744,3473.728271484375,2.9926599901158273
2460317.8819367676,3481.7644856770835,2.998886692734652
2460317.888881061,3483.7046712239585,2.996000677798193
2460317.895825355,3486.441650390625,2.995447720679834
2460317.902769648,3491.0718587239585,2.9985575744595487
2460317.9097139426,3492.5232747395835,2.998370633234087
2460317.916658236,3497.2950846354165,3.003410113299076
2460317.9236025293,3495.4811197916665,2.999633840072844
2460317.930546824,3489.637451171875,2.9977928013743216
2460317.9374911175,3492.5947265625,2.998031954784413
2460317.944435412,3486.960693359375,2.9970372911484833
2460317.951379706,3487.440673828125,2.9976348027974176
2460317.9583240007,3486.9099934895835,2.9973827745788113
2460317.965268295,3484.778564453125,2.9958689137452432
2460317.972212589,3485.5953776041665,2.997229903615276
2460317.9791568834,3485.0623372395835,2.995937137783571
2460317.986101178,3485.569091796875,2.996271089442294
2460317.9930454725,3490.5249837239585,2.997943362869845
2460317.999989767,3488.7333170572915,2.997963563453572
2460318.006934062,3492.3011881510415,2.998331375072649
2460318.0138783567,3491.3699544270835,2.99788434303777
2460318.0208226517,3490.4022623697915,2.9990315710168836
2460318.0277669467,3489.40966796875,2.9978331470959794
2460318.0347112417,3497.4193522135415,3.000166743609085
2460318.0416555367,3504.34912109375,3.0022493901822247
2460318.0485998318,3506.6692708333335,3.0044311097152394
2460318.055544127,3512.937255859375,3.0061741322620144
2460318.062488422,3509.4038899739585,3.006751197352902
2460318.0694327173,3504.636962890625,3.0024519671363787
2460318.0763770128,3501.9795735677085,3.002647240032168
2460318.0833213083,3497.8247884114585,3.000236996406475
2460318.0902656037,3491.69873046875,2.9992958824116074
2460318.097209899,3485.5867513020835,2.9972638304904025
2460318.104154195,3480.9690755208335,2.994378032607378
2460318.1110984907,3463.0247395833335,2.9875286289972323
2460318.1180427866,3453.8169759114585,2.9844101878225398
2460318.1249870826,3438.2830403645835,2.9778844388427967
2460318.131931379,3427.2577311197915,2.9745703549557163
2460318.1388756745,3418.1668294270835,2.971536296200823
2460318.145819971,3408.5939127604165,2.965545583038859
2460318.152764267,3397.3006184895835,2.9635196828721893
2460318.1597085632,3382.8968912760415,2.958325416084578
2460318.1666528597,3385.8133951822915,2.9580517798596517
2460318.1735971556,3372.077880859375,2.9520252469318287
2460318.180541452,3363.4190266927085,2.9497975506043446
2460318.1874857484,3353.288330078125,2.9465161765765555
2460318.1944300453,3352.3861490885415,2.9454488132112187
2460318.201374342,3337.642822265625,2.9389342233979345
2460318.208318639,3338.9185384114585,2.9393221311722333
2460318.215262935,3337.7120768229165,2.9395760084395524
2460318.222207232,3331.705322265625,2.9373808274219186
2460318.229151529,3330.732666015625,2.936601232168298
2460318.2360958257,3340.0459798177085,2.9414216146961736
2460318.2430401235,3349.1499837239585,2.9436716026058445
2460318.2499844204,3348.9776204427085,2.944267274966745
2460318.2569287177,3349.917724609375,2.9452903318005426
2460318.263873015,3350.2910970052085,2.943557380273972
2460318.270817312,3347.8379720052085,2.9445011857150245
2460318.2777616098,3350.9817708333335,2.9437263471536235
2460318.284705907,3351.73583984375,2.945597304002229
2460318.2916502045,3358.75927734375,2.947741960997513
2460318.2985945023,3352.9054361979165,2.946222982160066
2460318.3055388,3346.3788248697915,2.9430198202544857
2460318.3124830974,3333.210693359375,2.939219176321355
2460318.3194273952,3336.2176106770835,2.940281052384515
2460318.3263716935,3317.638427734375,2.9321811982769934
2460318.3333159913,3313.1138509114585,2.9303212151346774
2460318.340260289,3302.7530924479165,2.9268850399723276
2460318.3472045874,3300.5603841145835,2.9258019561647015
2460318.3541488857,3289.4944661458335,2.921984067744919
2460318.3610931835,3278.0635579427085,2.916132676919899
2460318.3680374823,3264.8517252604165,2.9112193310908143
2460318.3749817805,3260.3153483072915,2.909542226792174
2460318.381926079,3245.641357421875,2.903829735158969
2460318.3888703776,3235.4854329427085,2.898824743048238
2460318.3958146763,3228.2173665364585,2.8961417601900883
2460318.402758975,3230.6581217447915,2.897062660088418
2460318.4097032733,3217.1859537760415,2.8919180903154023
2460318.416647572,3207.4501953125,2.890664314570584
2460318.4235918713,3208.9744466145835,2.8896988858193535
2460318.43053617,3210.1426595052085,2.8901182763129696
2460318.437480469,3202.9015299479165,2.8864316595237565
2460318.4444247684,3199.9317220052085,2.885989877339234
2460318.451369067,3200.460205078125,2.885560267229423
2460318.458313367,3198.3174641927085,2.8846783167015366
2460318.4652576656,3193.0145670572915,2.88289400845931
2460318.4722019653,3201.552490234375,2.8865612816085924
2460318.479146265,3201.26611328125,2.885698334590686
2460318.4860905637,3208.6473795572915,2.890099706814318
2460318.493034864,3214.5956217447915,2.891364865445617
2460318.499979163,3210.3592122395835,2.8907968290278974
2460318.506923463,3202.091796875,2.8865455489659504
2460318.513867763,3204.760498046875,2.8885743440722504
2460318.520812063,3198.5521647135415,2.88605260986248
2460318.5277563627,3200.13916015625,2.88657299349476
2460318.534700663,3198.4427897135415,2.8846307895621024
2460318.5416449625,3190.2574055989585,2.8819968313611715
2460318.548589263,3185.3416341145835,2.881307729500302
2460318.5555335633,3184.539794921875,2.880522714104934
2460318.5624778634,3180.3028157552085,2.8783652991590256
2460318.569422164,3179.3702799479165,2.8773749939323676
2460318.576366464,3170.31591796875,2.874603614811767
2460318.5833107647,3172.3143717447915,2.875028610024783
2460318.5902550654,3172.08154296875,2.8747391048249775
2460318.597199366,3172.6482747395835,2.8749077216703793
2460318.6041436666,3170.5560709635415,2.8745408612224743
2460318.611087967,3170.4093424479165,2.8742640670998063
2460318.6180322682,3168.2598470052085,2.874803939454359
2460318.6249765693,3173.8787434895835,2.8761842283454087
2460318.63192087,3171.5320638020835,2.8765706305888963
2460318.638865171,3181.8330891927085,2.878219606665116
2460318.645809472,3182.821044921875,2.880977678231544
2460318.6527537736,3189.7945963541665,2.8826116827175112
2460318.6596980747,3191.043701171875,2.882316664906409
2460318.666642376,3192.4366048177085,2.884251626633988
2460318.6735866773,3194.7483723958335,2.883731918944745
2460318.680530979,3194.092529296875,2.884929853314169
2460318.6874752804,3197.2423502604165,2.884507663961921
2460318.6944195824,3196.9962565104165,2.884690911195428
2460318.701363884,3204.1405436197915,2.887150634308949
2460318.708308186,3205.6494954427085,2.8888140500556396
2460318.7152524875,3208.6681315104165,2.889424563604179
2460318.723354173,3214.059326171875,3.541229910910629
2460318.7291410915,3215.3784993489585,2.8918471839291136
2460318.736085394,3225.4115397135415,2.8953501615323223
2460318.7430296955,3224.1353352864585,2.89627467975164
2460318.7499739975,3230.908447265625,2.897328884304136
2460318.7569183,3235.639892578125,2.901025598077167
2460318.7638626024,3240.93798828125,2.9024584471958392
2460318.770806905,3243.841796875,2.901764784327814
2460318.7777512074,3243.3151041666665,2.901817525845868
2460318.78469551,3238.0904541015625,3.5545100429893974
2460318.7916398128,3238.8749186197915,2.900175741381597
2460318.798584115,3238.937744140625,2.900422617121997
2460318.8055284177,3240.989013671875,2.902849703456503
2460318.8124727206,3245.1429036458335,2.9020509451542047
2460318.8194170236,3241.6429036458335,2.9009405602092246
2460318.8263613265,3226.2718912760415,2.8958080372234782
2460318.8333056294,3220.010498046875,2.893857995315529
2460318.840249933,3214.2432454427085,2.8913699390591603
2460318.847194236,3211.0970052083335,2.8900638336041435
2460318.854138539,3207.5076497395835,2.8873676258374563
2460318.8610828426,3208.266845703125,2.8882589462259194
2460318.868027146,3206.2411295572915,2.888110436171212
2460318.8749714494,3201.6866048177085,2.8864066316729544
2460318.881915753,3201.8785807291665,2.888666497753832
2460318.8888600566,3196.7129720052085,2.884009113385556
2460318.89580436,3199.6634928385415,2.8853666353007372
2460318.9027486644,3193.3663736979165,2.8821744059215537
2460318.909692968,3190.7469889322915,2.8827829253662767
2460318.9166372716,3191.91064453125,2.8829885439080964
2460318.9235815755,3194.2369791666665,2.88362018051058
2460318.9316832637,3188.7337646484375,3.528614765110846
2460318.937470184,3187.1031901041665,2.8804134366315335
2460318.9444144876,3185.7952473958335,2.8794685409912173
2460318.951358792,3177.5769856770835,2.8762786638803957
2460318.9583030962,3170.1273600260415,2.8736967618622846
2460318.9652474006,3168.1978352864585,2.8732796248587653
2460318.972191706,3154.20654296875,2.8678599920149117
2460318.97913601,3151.4662272135415,2.86753536117654
2460318.9860803145,3140.5598958333335,2.8630938408692734
2460318.9930246193,3145.5081380208335,2.8641376993819794
2460318.999968924,3151.2567545572915,2.868483299526942
2460319.0069132284,3149.2338053385415,2.865732273424429
2460319.013857534,3152.9867350260415,2.867122812077912
2460319.020801839,3156.3668619791665,2.867914167131732
2460319.0277461433,3152.3277180989585,2.869564879009529
2460319.034690449,3156.697509765625,2.8708330471820784
2460319.041634754,3157.6363118489585,2.870399012107162
2460319.0485790595,3166.0901692708335,2.871796035182778
2460319.0555233643,3160.823486328125,2.8722636394366177
2460319.06246767,3159.968994140625,2.8716567306791974
2460319.069411976,3167.6764322916665,2.8739203424615862
2460319.076356281,3166.6529134114585,2.873413732423808
2460319.083300587,3166.9248860677085,2.874492033389114
2460319.0902448925,3162.4679361979165,2.8726146518574622
2460319.0971891982,3156.435791015625,2.8679038298018953
2460319.104133504,3146.9500325520835,2.8646409137993323
2460319.11107781,3142.1707356770835,2.863066476194717
2460319.118022116,3131.7080078125,2.8592608380913913
2460319.124966422,3127.1727701822915,2.8587824608686865
2460319.1319107283,3120.2265625,2.8540780207066487
2460319.1388550345,3120.5313313802085,2.854213136921748
2460319.1457993407,3114.7874348958335,2.8518526841021097
2460319.152743647,3108.1456705729165,2.8493948226590686
2460319.1596879535,3105.5137532552085,2.8471847779391433
2460319.1666322597,3099.7235514322915,2.8462535297074805
2460319.173576567,3090.1031087239585,2.841494001208311
2460319.180520873,3086.880859375,2.8430861159012673
2460319.1874651797,3071.1232096354165,2.834120902511616
2460319.194409487,3057.0079752604165,2.8292421037008757
2460319.2013537935,3049.119140625,2.82757779638912
2460319.2082981,3037.4488118489585,2.820698825074643
2460319.2152424078,3037.6953938802085,2.8214418529655365
2460319.2221867144,3040.7886555989585,2.8226510056891634
2460319.229131022,3042.6673177083335,2.8231142704536865
2460319.2360753287,3037.5597330729165,2.8203113299758376
2460319.2430196363,3037.9314778645835,2.8232615919905637
2460319.2499639434,3038.7822265625,2.8215637199348436
2460319.4721818143,2930.7159016927085,2.7793512587879587
2460319.479126124,2926.8584798177085,2.776366738804261
2460319.486070434,2923.7762858072915,2.775141643081238
2460319.493014744,2921.95703125,2.7746747581478686
2460319.499959054,2920.9200032552085,2.77446233539967
2460319.506903364,2910.8861490885415,2.770256871884636
2460319.513847674,2909.2650553385415,2.7702560471931528
2460319.5207919837,2909.801025390625,2.7682403945857836
2460319.5277362945,2905.5188802083335,2.767726834921746
2460319.534680605,2908.4938151041665,2.7689010205288436
2460319.5416249153,2905.3578287760415,2.768845778411967
2460319.5485692252,2910.4881998697915,2.770780090888595
2460319.5555135366,2912.6776529947915,2.770803169397837
2460319.562457847,2906.8924967447915,2.7678930246997777
2460319.569402158,2899.903076171875,2.765623301082622
2460319.576346468,2903.9864908854165,2.766588604808524
2460319.5832907795,2891.8911946614585,2.7617190374462326
2460319.5902350903,2890.8436686197915,2.7641564185394443
2460319.5971794017,2890.686279296875,2.7618145446355093
2460319.604123712,2887.610595703125,2.7606067220289656
2460319.6110680234,2894.7377115885415,2.7626857513193
2460319.618012335,2895.9982096354165,2.7644203395963736
2460319.624956646,2891.4680989583335,2.761188109119138
2460319.6319009573,2902.017578125,2.7647277703380584
2460319.638845269,2901.8611653645835,2.7652738768839416
2460319.6457895804,2901.1780598958335,2.7647510126355
2460319.652733892,2908.8964029947915,2.7682002671409633
2460319.659678204,2905.528076171875,2.768520928745565
2460319.666622516,2908.2830403645835,2.7680365646936482
2460319.6735668276,2908.64013671875,2.767834992777414
2460319.6805111393,2912.611328125,2.7690987747707023
2460319.687455451,2913.822998046875,2.770493907822885
2460319.694399763,2918.9183756510415,2.771869981491886
2460319.7013440756,2917.484375,2.7736387351095004
2460319.7082883874,2918.3597819010415,2.7736152952376085
2460319.7152326996,2913.6817220052085,2.7721647237265032
2460319.722177012,2912.3045247395835,2.769639676307229
2460319.7291213246,2913.7303059895835,2.772710503354746
2460319.7360656373,2919.5870768229165,2.77442301416443
2460319.7430099496,2923.64208984375,2.775048162921736
2460319.7499542623,2916.6004231770835,2.773830629397043
2460319.756898575,2917.8365071614585,2.7723465696544207
2460319.7638428877,2916.026123046875,2.77395227426384
2460319.770787201,2913.4112141927085,2.7702799625225065
2460319.7777315136,2904.7242838541665,2.766341652467954
2460319.784675827,2909.3094889322915,2.768157608138686
2460319.7916201395,2907.8301595052085,2.7696291462559794
2460319.7985644527,2902.925048828125,2.7657751182691404
2460319.805508766,2903.3667805989585,2.7663680763501897
2460319.8124530795,2899.45458984375,2.7656703858131455
2460319.819397393,2893.1451009114585,2.762265879802374
2460319.826341707,2887.1669108072915,2.7584128211118757
2460319.8332860195,2880.2508951822915,2.756615261866134
2460319.840230333,2883.113525390625,2.7587409376473357
2460319.847174647,2879.935546875,2.755989354489573
2460319.8541189604,2873.938232421875,2.756704421210968
2460319.861063275,2871.8057454427085,2.7531153734117524
2460319.8680075887,2871.611083984375,2.753309622664972
2460319.8749519023,2863.9960123697915,2.753109079547112
2460319.8818962164,2869.8340657552085,2.752321085411193
2460319.8888405305,2870.50732421875,2.7536316571891484
2460319.895784845,2878.920654296875,2.7575747607079326
2460319.902729159,2889.0198567708335,2.7611071629443145
2460319.9096734733,2886.172607421875,2.7603385642823817
2460319.916617788,2890.6529134114585,2.7602254289634343
2460319.9235621025,2888.7757975260415,2.7619990109416768
2460319.930506417,2882.5725911458335,2.75919757818113
2460319.9374507316,2879.9982096354165,2.758528651792888
2460319.944395046,2876.4666341145835,2.756075405606616
2460319.951339361,2872.576904296875,2.7562220555404093
2460319.9582836763,2872.7411295572915,2.7557603364554573
2460319.965227991,2857.017578125,2.7476444739729478
2460319.972172306,2863.045166015625,2.7517560797110274
2460319.979116621,2856.0211588541665,2.748862631461407
2460319.986060936,2853.1295572916665,2.7464861071590154
2460319.993005251,2853.6027018229165,2.7482906728279026
2460319.9999495666,2846.7106119791665,2.745379791831091
2460320.006893882,2844.3252766927085,2.743859328732338
2460320.0138381976,2842.242431640625,2.743444993982704
2460320.020782513,2842.9995930989585,2.742209964045339
2460320.0277268286,2844.6439615885415,2.741953231794318
2460320.0346711446,2844.6144205729165,2.743045549996772
2460320.04161546,2847.2776692708335,2.74430987224888
2460320.048559776,2849.8933919270835,2.7474017277192178
2460320.0555040915,2852.2740071614585,2.745179444921978
2460320.062448408,2853.1064453125,2.7453609826709786
2460320.0693927244,2849.75,2.747000451333083
2460320.07633704,2853.6011555989585,2.7460556046251514
2460320.0832813564,2850.8597819010415,2.7451392301840047
2460320.090225673,2850.6854654947915,2.74582746198308
2460320.0971699893,2850.630859375,2.7443841173022485
2460320.1041143057,2840.7828776041665,2.740533333641396
2460320.111058622,2844.3517252604165,2.7423440303635793
2460320.1180029386,2842.0149739583335,2.7422353971462026
2460320.1249472555,2837.1981608072915,2.7400061540254352
2460320.131891572,2840.6185709635415,2.7417988871665853
2460320.138835889,2838.9131673177085,2.7408685905383465
2460320.145780206,2836.2386881510415,2.7408078691476856
2460320.152724523,2832.0086263020835,2.7380933367885345
2460320.15966884,2830.1915690104165,2.7375682079096335
2460320.166613157,2817.6885579427085,2.732123827854686
2460320.1735574743,2815.3776041666665,2.73044439623702
2460320.1805017916,2804.8426920572915,2.726564470941416
2460320.187446109,2795.8865559895835,2.723545355912933
2460320.1943904264,2781.105712890625,2.7161412921888926
2460320.201334744,2771.6265462239585,2.7113086000855677
2460320.2082790616,2760.8653971354165,2.7072956906610846
2460320.2152233794,2757.9458821614585,2.706781575468637
2460320.222167697,2754.9036458333335,2.7046209927338363
2460320.229112014,2752.1546223958335,2.7036149240570384
2460320.2360563325,2750.4230143229165,2.70260427543737
2460320.2430006503,2754.4493815104165,2.7047998513082057
2460320.249944968,2749.0808919270835,2.70231797037857
2460320.256889287,2748.3623860677085,2.7029271981957446
2460320.2638336048,2754.5318196614585,2.704839879380638
2460320.2707779235,2749.7897135416665,2.702721686879634
2460320.2777222414,2761.8692220052085,2.7074674592403114
2460320.28466656,2770.19873046875,2.711918657536645
2460320.2916108784,2779.2510579427085,2.7178966544395737
2460320.2985551967,2783.6465657552085,2.7187538041524664
2460320.305499516,2778.3585611979165,2.7144986289267017
2460320.3124438343,2776.8404134114585,2.7138859984806114
2460320.319388153,2773.8246256510415,2.7127107276438642
2460320.3263324723,2768.2109375,2.714407801212577
2460320.333276791,2768.9427083333335,2.712489303550981
2460320.3402211103,2763.6931966145835,2.7077552473132105
2460320.3471654295,2757.5568033854165,2.705381842744126
2460320.3541097487,2745.9507649739585,2.701053506866781
2460320.361054068,2754.4659016927085,2.7053656907536414
2460320.367998387,2750.6231282552085,2.7029623566500836
2460320.3749427064,2746.3885904947915,2.7003596571096824
2460320.3818870257,2742.8836263020835,2.698581756504243
2460320.3888313454,2742.88037109375,2.6982065921134044
2460320.395775665,2741.4684244791665,2.6985960905915984
2460320.4027199848,2738.70263671875,2.698292661970749
2460320.4096643045,2734.6861165364585,2.6974782308437715
2460320.4166086246,2730.53369140625,2.694665332983804
2460320.4235529443,2727.5790201822915,2.6938198093911687
2460320.430497264,2725.4796549479165,2.69218926158592
2460320.437441584,2724.7119954427085,2.693187470375586
2460320.4443859044,2714.431884765625,2.689353646270211
2460320.4513302245,2707.1609700520835,2.6872272928492413
2460320.458274545,2708.800048828125,2.6881707029528954
2460320.465218866,2708.00048828125,2.6856109310496525
2460320.472163186,2704.8990071614585,2.684123080370917
2460320.4791075066,2697.9727376302085,2.6822099397616266
2460320.486051827,2702.011474609375,2.682947015063369
2460320.4929961483,2701.43408203125,2.6828186273040298
2460320.4999404685,2701.2981770833335,2.683185733965765
2460320.5068847896,2701.49853515625,2.683017474467114
2460320.5138291107,2700.1331380208335,2.683507552498218
2460320.5207734318,2696.5875651041665,2.6804727455981987
2460320.527717753,2683.8575032552085,2.6752521158293465
2460320.534662074,2686.2925618489585,2.675639307730209
2460320.541606395,2674.06103515625,2.6719283846453448
2460320.548550716,2670.9379069010415,2.6714610690342906
2460320.555495037,2670.6795247395835,2.6714367026318833
2460320.5624393593,2665.6609700520835,2.6678942195854627
2460320.569383681,2667.7582194010415,2.6687756200625863
2460320.5763280024,2662.9393717447915,2.6664357155874496
2460320.583272324,2672.978271484375,2.6711824779577316
2460320.590216646,2671.251220703125,2.671114320616111
2460320.5971609675,2664.7074381510415,2.668078091767157
2460320.60410529,2665.6829427083335,2.669067967473293
2460320.6110496116,2658.546630859375,2.665314233117789
2460320.617993934,2658.8490397135415,2.6658540482842876
2460320.624938256,2655.2489420572915,2.6636939616009947
2460320.6318825786,2655.763427734375,2.6658118773139496
2460320.638826901,2655.2381184895835,2.6642138472214776
2460320.645771223,2658.60595703125,2.6647244949952498
2460320.6527155456,2658.2564290364585,2.665308398723981
2460320.659659868,2657.912841796875,2.66474234710996
2460320.666604191,2655.1190592447915,2.6633270416222516
2460320.6735485136,2655.4906412760415,2.663635413169863
2460320.6804928365,2649.8523763020835,2.660236337634291
2460320.6874371595,2650.499267578125,2.6608594582648624
2460320.6943814824,2656.9623209635415,2.6629510519239576
2460320.7013258054,2655.99267578125,2.6640101714216784
2460320.7082701284,2655.862548828125,2.663710111263084
2460320.7152144513,2655.4749348958335,2.6649044810950078
2460320.7221587747,2654.489501953125,2.6625179563354444
2460320.729103098,2650.2052408854165,2.662160536559975
2460320.7360474216,2647.9881184895835,2.6604859911245287
2460320.742991745,2640.7659505208335,2.6561634391648052
2460320.7499360684,2635.3939615885415,2.6540026262638374
2460320.7568803923,2630.3494466145835,2.6524304450278327
2460320.7638247157,2621.3028157552085,2.6484312988096987
2460320.7707690396,2621.5916341145835,2.6483316195909694
2460320.777713364,2614.0986328125,2.6451627005023366
2460320.784657688,2610.4529622395835,2.643336065655039
2460320.791602012,2610.8108723958335,2.6453058701404086
2460320.798546336,2608.233642578125,2.6424293259996765
2460320.80549066,2606.7235514322915,2.6414983663533396
2460320.8124349844,2606.73681640625,2.642901242786862
2460320.8193793087,2609.1845703125,2.6425413607239325
2460320.8263236335,2605.3163248697915,2.6416514221731267
2460320.8332679574,2607.7654622395835,2.6422618550434893
2460320.8402122823,2599.3241373697915,2.638608767195984
2460320.847156607,2601.1168619791665,2.6398490025195502
2460320.854100932,2606.2074381510415,2.641976206041696
2460320.8610452567,2606.3428548177085,2.641548835335959
2460320.8679895815,2601.5795084635415,2.640124846503466
2460320.8749339064,2609.6089680989585,2.6434388978785184
2460320.881878231,2607.6064453125,2.642213304337304
2460320.888822557,2611.2062174479165,2.6457473529294764
2460320.8957668818,2613.2345377604165,2.6448473563101844
2460320.9027112075,2614.4263509114585,2.644037847004572
2460320.9096555323,2624.1409505208335,2.6517731285915076
2460320.916599858,2617.7498372395835,2.6470931997200444
2460320.9235441834,2616.765380859375,2.648165992866455
2460320.930488509,2618.6483561197915,2.6468132747788533
2460320.937432835,2616.1897786458335,2.6465821202807343
2460320.9443771606,2608.7789713541665,2.6431377350203507
2460320.9513214864,2605.5419921875,2.6433386312428104
2460320.9582658126,2600.989990234375,2.640884606449015
2460320.9652101384,2600.85791015625,2.640013696926433
2460320.9721544646,2600.205322265625,2.6385128623756486
2460320.979098791,2592.6177571614585,2.63566664621903
2460320.9860431165,2592.1250813802085,2.637492712982447
2460320.992987443,2581.9117024739585,2.631769882858316
2460320.9999317694,2587.0088704427085,2.6352210969868453
2460321.0068760957,2580.0372721354165,2.630536769970156
2460321.0138204223,2571.2828776041665,2.6276267229701284
2460321.020764749,2573.1534830729165,2.6278498697652153
2460321.0277090757,2571.9774576822915,2.6272425935612
2460321.034653403,2571.5626627604165,2.6277264443414174
2460321.0415977295,2568.54052734375,2.6261410940329553
2460321.0485420567,2566.7882486979165,2.6244833664658005
2460321.0554863834,2562.6062825520835,2.624413822240285
2460321.062430708,2568.93701171875,2.6257815545844183
2460321.069375035,2564.9837239583335,2.6259933911941205
2460321.076319363,2561.97802734375,2.6232257211151175
2460321.08326369,2566.6493326822915,2.624903230170306
2460321.0902080173,2562.4541015625,2.6221330660434883
2460321.097152345,2555.059814453125,2.6194613079392384
2460321.1040966725,2555.5989583333335,2.621149483186065
2460321.1110410006,2556.89990234375,2.622031944933306
2460321.117985328,2548.9151204427085,2.6194436074374186
2460321.124929656,2542.0689290364585,2.6160505668902223
2460321.131873984,2537.917236328125,2.614541963651081
2460321.1388183115,2540.2395833333335,2.6137283298003315
2460321.1457626396,2534.5839029947915,2.611397735507262
2460321.152706968,2533.3440755208335,2.611009959467012
2460321.159651296,2535.822998046875,2.61226742986866
2460321.1665956248,2529.321044921875,2.6095463541137707
2460321.173539953,2528.6839192708335,2.6091875967711657
2460321.1804842814,2531.6061197916665,2.612544004456381
2460321.18742861,2526.17236328125,2.6093278830207836
2460321.1943729385,2523.8131510416665,2.6088201448209487
2460321.2013172675,2521.5210774739585,2.6060016674749646
2460321.208261596,2521.144775390625,2.607136624309335
2460321.2152059246,2515.0315755208335,2.604317434931966
2460321.222150254,2513.9999186197915,2.6035977585540446
2460321.229094583,2509.5575358072915,2.6026571406212287
2460321.236038912,2513.420654296875,2.6024573931044634
2460321.242983241,2504.7037760416665,2.601901156164691
2460321.2499275706,2503.21923828125,2.5989370646856678
2460321.2568718996,2501.2486165364585,2.597573068111837
2460321.2638162295,2506.92138671875,2.600339769565028
2460321.2707605585,2509.2391764322915,2.6004243291457256
2460321.2777048885,2508.8809407552085,2.600657725312464
2460321.284649218,2509.0826822916665,2.602301305410909
2460321.291593548,2507.9510904947915,2.6001577064221553
2460321.298537878,2509.2838541666665,2.600931909788313
2460321.3054822073,2501.1968587239585,2.5980946909202216
2460321.3124265373,2490.672607421875,2.5921149257507468
2460321.3193708677,2486.7377115885415,2.59025388662573
2460321.3263151976,2485.9686686197915,2.593175027173086
2460321.333259528,2482.9251302083335,2.592358979809157
2460321.3402038584,2473.7333984375,2.5863675686987295
2460321.347148189,2473.0586751302085,2.5838386162334874
2460321.3540925193,2472.1338704427085,2.583538915512692
2460321.3610368497,2469.9798990885415,2.5826541146009436
2460321.3679811805,2469.410888671875,2.5828738780134124
2460321.374925511,2464.022216796875,2.5804639392013713
2460321.381869842,2456.709228515625,2.5769697881105444
2460321.388814173,2455.3146158854165,2.575456441936123
2460321.3957585036,2455.6390787760415,2.5784585633406225
2460321.402702835,2453.973388671875,2.5762805315603163
2460321.409647166,2458.7752278645835,2.5769423408415593
2460321.416591497,2451.8485514322915,2.5746777280423925
2460321.4235358285,2453.7403157552085,2.578712268444631
2460321.43048016,2460.980712890625,2.5817345506777882
2460321.437424491,2459.7005208333335,2.577822013339477
2460321.444368823,2458.4331868489585,2.57790748527358
2460321.4513131543,2454.7901204427085,2.577354030010374
2460321.458257486,2458.4580078125,2.580008273123036
2460321.465201818,2452.8642578125,2.576801867527076
2460321.4721461493,2451.6183268229165,2.576388333941922
2460321.4790904815,2453.84814453125,2.5767789438185127
2460321.486034814,2450.0506184895835,2.5741581282543713
2460321.492979146,2453.9605305989585,2.575239611854054
2460321.4999234774,2451.725341796875,2.574653086737118
2460321.5068678097,2452.413818359375,2.574891539335289
2460321.513812142,2450.1373697916665,2.574925594842227
2460321.520756475,2453.2451985677085,2.576973270895214
2460321.5277008074,2449.9763997395835,2.5743957186498285
2460321.5346451397,2447.8072102864585,2.5731178294772197
2460321.541589473,2444.8738606770835,2.5716499132680597
2460321.548533805,2440.6648763020835,2.5703267529908422
2460321.5554781384,2432.6270345052085,2.5671957685021294
2460321.562422471,2431.0404459635415,2.5656480421697707
2460321.569366804,2427.8699544270835,2.5646352268062036
2460321.5763111375,2428.497314453125,2.5643684795572774
2460321.5832554703,2428.5716145833335,2.566402327358714
2460321.590199804,2423.5748697916665,2.564798402212212
2460321.5971441367,2415.4431966145835,2.559297991370203
2460321.6040884703,2418.0225423177085,2.560920257233409
2460321.611032804,2415.6100260416665,2.560149476245567
2460321.617977137,2412.5026041666665,2.559494070314011
2460321.624921471,2410.55224609375,2.5607087597897564
2460321.631865805,2408.216064453125,2.557026441023874
2460321.6388101387,2406.0813802083335,2.556662650066299
2460321.6457544724,2404.7201334635415,2.5571591383250154
2460321.6526988065,2408.8043619791665,2.5564232703176404
2460321.6596431406,2410.6370442708335,2.5568492952676505
2460321.6665874748,2407.3631998697915,2.5570724279927233
2460321.673531809,2402.2891438802085,2.5541244861858754
2460321.6804761435,2406.8151041666665,2.5558177834318423
2460321.6874204776,2399.87939453125,2.5529795243318323
2460321.694364812,2401.2420247395835,2.5546537390651634
2460321.7013091464,2398.8086751302085,2.5534930858148592
2460321.7082534814,2404.2646484375,2.5549842212574556
2460321.715197816,2405.0989583333335,2.555570190155932
2460321.7221421506,2400.3505045572915,2.5541804953575227
2460321.729086486,2401.4482421875,2.5523720544009394
2460321.7360308208,2401.1666666666665,2.5556112943036555
2460321.7429751563,2394.4805501302085,2.551044843473456
2460321.749919491,2390.52978515625,2.548171505217032
2460321.7568638264,2391.0870768229165,2.548642411442439
2460321.7638081615,2396.27197265625,2.5537820367221897
2460321.770752497,2392.352294921875,2.5489316317100035
2460321.7776968325,2389.2606608072915,2.547687362072002
2460321.7846411676,2384.75927734375,2.54612802555909
2460321.7915855036,2385.3477376302085,2.549803604512846
2460321.7985298396,2380.463623046875,2.545311786515429
2460321.805474175,2379.733642578125,2.5448877020278786
2460321.812418511,2376.8619791666665,2.5440348218208393
2460321.819362847,2376.1410319010415,2.5420578282570436
2460321.826307183,2383.0882975260415,2.5465795332532433
2460321.833251519,2374.8145345052085,2.542321601897219
2460321.8401958556,2376.7587890625,2.5424177450115946
2460321.8471401916,2378.0496419270835,2.5437806040305975
2460321.854084528,2378.4493001302085,2.5443358819894493
2460321.8610288645,2381.7804361979165,2.5444281474403003
2460321.8679732014,2371.11083984375,2.539876613212683
2460321.8749175374,2375.2423502604165,2.5420948687829408
2460321.8818618744,2376.99755859375,2.5431927648618395
2460321.8888062113,2377.5621744791665,2.5426465311708175
2460321.895750548,2381.6896158854165,2.545727181641654
2460321.902694885,2378.5974934895835,2.542800906643554
2460321.909639222,2379.4348958333335,2.5432164453221007
2460321.916583559,2378.3435872395835,2.5422714677076064
2460321.9235278964,2384.109130859375,2.5458237590390533
2460321.930472234,2384.65869140625,2.5471850953030666
2460321.9374165707,2382.6077473958335,2.548259270190805
2460321.9443609086,2390.0799967447915,2.5491494941452455
2460321.951305246,2386.7434895833335,2.548904256369496
2460321.958249584,2381.1060384114585,2.544891082098164
2460321.9651939212,2381.2049967447915,2.5447429048577335
2460321.972138259,2382.0616048177085,2.545094470760523
2460321.979082597,2377.5181477864585,2.543447263530859
2460321.9860269353,2372.3306477864585,2.5412182101012712
2460321.992971273,2374.2149251302085,2.5421567085139256
2460321.9999156115,2379.5970052083335,2.5438509964566816
2460322.0068599493,2375.2251790364585,2.5418309249504416
2460322.013804288,2370.5106608072915,2.542654915394937
2460322.0207486264,2365.5636393229165,2.53756882757148
2460322.0276929648,2361.396484375,2.5361578049733304
2460322.0346373036,2355.0799967447915,2.5345340734339135
2460322.0415816423,2354.4627278645835,2.532679784580928
2460322.0485259807,2355.9832356770835,2.532679491638146
2460322.0554703195,2352.78466796875,2.5318104249100775
2460322.0624146587,2347.2146809895835,2.529492472821102
2460322.0693589975,2344.89208984375,2.52763257992239
2460322.076303337,2342.996826171875,2.526961489984543
2460322.083247676,2344.6194661458335,2.5300687553865147
2460322.090192015,2346.4365234375,2.5300206268583203
2460322.0971363545,2345.703857421875,2.5305699255655703
2460322.104080694,2342.8109537760415,2.5279266409201524
2460322.1110250335,2342.1205240885415,2.5260311393812205
2460322.117969373,2338.5550130208335,2.5261115922535136
2460322.1249137125,2332.9415690104165,2.522732920128974
2460322.131858052,2328.0286458333335,2.5192211935116426
2460322.138802392,2322.008056640625,2.517185696339963
2460322.145746732,2318.1018880208335,2.515377495919909
2460322.152691072,2315.9099934895835,2.514205536340823
2460322.159635412,2318.7964680989585,2.515861923319767
2460322.1665797527,2319.0362955729165,2.516657807156268
2460322.1735240924,2321.5275065104165,2.516731493238429
2460322.180468433,2320.19873046875,2.5169203738584174
2460322.1874127737,2321.9894205729165,2.516995277942199
2460322.194357114,2325.26171875,2.5189775505331613
2460322.201301455,2321.39501953125,2.516291785986402
2460322.208245795,2324.5179850260415,2.5199434286466897
2460322.2151901363,2323.211669921875,2.517065968496
2460322.222134477,2324.596435546875,2.5179524592215237
2460322.2290788176,2327.807861328125,2.5193172169584095
2460322.236023159,2324.2167154947915,2.518807374451801
2460322.2429675,2326.4900716145835,2.5185942467743945
2460322.2499118415,2327.2894694010415,2.519652569361602
2460322.2568561826,2326.001220703125,2.5187164524305143
2460322.263800524,2320.4506022135415,2.516764707910762
2460322.2707448653,2321.6734212239585,2.5203359996051407
2460322.277689207,2325.0894368489585,2.5177503755138497
2460322.2846335485,2322.585205078125,2.517576707603886
2460322.29157789,2325.2958170572915,2.518749166324987
2460322.298522232,2322.692626953125,2.518523810285435
2460322.305466574,2314.341064453125,2.514183178549352
2460322.3124109157,2311.8151041666665,2.511731946721699
2460322.3193552583,2302.9490559895835,2.5078459210321715
2460322.3262996003,2305.1704915364585,2.5115548856012713
2460322.3332439424,2301.8431803385415,2.5086528855620527
2460322.340188285,2302.046142578125,2.508603466539034
2460322.3471326274,2299.85986328125,2.5063559413833993
2460322.35407697,2294.8622233072915,2.5069257684348436
2460322.3610213124,2295.2474772135415,2.505684979533459
2460322.367965655,2296.944580078125,2.507656330295195
2460322.3749099975,2293.36376953125,2.504231680235921
2460322.3818543404,2288.15771484375,2.5016679817595286
2460322.3887986834,2282.4652506510415,2.5002368789120455
2460322.395743027,2282.92236328125,2.5006809399178005
2460322.4026873694,2288.7225748697915,2.5011313417459546
2460322.409631713,2285.30712890625,2.5009606743133714
2460322.4165760563,2287.844482421875,2.5016767810118035
2460322.4235203997,2287.7105305989585,2.5014854747256745
2460322.430464743,2284.3365885416665,2.5016521093344677
2460322.4374090866,2285.344970703125,2.5015061218214982
2460322.44435343,2288.8748372395835,2.502710373573083
2460322.4512977735,2287.0939127604165,2.502620004515076
2460322.458242118,2286.8651529947915,2.502897445269896
2460322.4651864613,2286.1106770833335,2.5007217678084985
2460322.4721308057,2286.9349772135415,2.5008037870540254
2460322.479075149,2285.1099446614585,2.501120623003556
2460322.486019494,2286.2822265625,2.501402206110687
2460322.492963838,2283.0849609375,2.4989377515035076
2460322.4999081823,2286.7798665364585,2.5008456669184294
2460322.5068525267,2286.9922688802085,2.5010264808291662
2460322.5137968715,2288.6722819010415,2.502601467345617
2460322.5207412154,2289.3583170572915,2.5034578868182207
2460322.5276855608,2289.5099283854165,2.501986443584712
2460322.5346299056,2279.927978515625,2.4994828508089233
2460322.54157425,2279.2415364583335,2.497659015386347
2460322.548518595,2280.801513671875,2.500199789774858
2460322.55546294,2270.26123046875,2.493747409907237
2460322.562407285,2275.6388346354165,2.4968062909547153
2460322.5693516303,2274.1600748697915,2.497619600982443
2460322.5762959756,2276.1826985677085,2.4954819792950294
2460322.583240321,2278.65380859375,2.50045391960194
2460322.5901846667,2274.53662109375,2.495975693614081
2460322.597129012,2271.2945149739585,2.4942643199336074
2460322.604073358,2268.2914225260415,2.493702239691009
2460322.6110177035,2266.2278645833335,2.4931681426153536
2460322.6179620493,2265.0399576822915,2.4929636302495
2460322.624906395,2266.9330240885415,2.4949079418547293
2460322.6318507413,2271.3816731770835,2.4946692603273823
2460322.638795087,2266.3023274739585,2.4931035930027665
2460322.645739434,2265.0352376302085,2.4922884993338226
2460322.652683779,2270.704833984375,2.4943495484264164
2460322.6596281244,2270.4208170572915,2.4949350789536107
2460322.6665724707,2268.091552734375,2.4920384561304045
2460322.6735168174,2265.0924479166665,2.4912406863904257
2460322.680461164,2267.2277018229165,2.494775267043503
2460322.687405511,2266.4781087239585,2.491874602546346
2460322.6943498575,2265.27880859375,2.4925556923772
2460322.701294204,2265.77880859375,2.493802647542815
2460322.7082385514,2261.9517415364585,2.4917406594866605
2460322.7151828986,2265.2666015625,2.492492481191771
2460322.7221272453,2258.780029296875,2.4892880174281182
2460322.7290715924,2262.230712890625,2.492640010713916
2460322.73601594,2261.4178059895835,2.489556566103848
2460322.7429602877,2264.7099609375,2.4916664582637016
2460322.749904635,2260.1127115885415,2.491215094636238
2460322.756848983,2260.4833170572915,2.489922499288284
2460322.76379333,2254.4518229166665,2.487489070571647
2460322.7707376783,2256.166748046875,2.4872128675820946
2460322.777682026,2255.9695638020835,2.4880450739440927
2460322.7846263736,2254.2360026041665,2.4882271221628027
2460322.7915707217,2258.456298828125,2.4886734368309407
2460322.7985150698,2258.5088704427085,2.4888857430114943
2460322.805459418,2250.9623209635415,2.486298313372265
2460322.8124037664,2251.280029296875,2.486106094652802
2460322.819348115,2252.2098795572915,2.489443607916552
2460322.826292463,2256.1322428385415,2.4886368350734704
2460322.8332368117,2256.5528971354165,2.4879121322579576
2460322.8401811603,2256.8297526041665,2.489677986251279
2460322.8471255093,2258.6155598958335,2.4893060546249055
2460322.8540698583,2260.45166015625,2.4911378620690163
2460322.8610142074,2251.2987467447915,2.487351108930493
2460322.8679585564,2255.748046875,2.4882080029253877
2460322.8749029054,2260.5491536458335,2.4919030986570383
2460322.8818472545,2260.4134114583335,2.4902081229685087
2460322.8887916035,2255.7958984375,2.4872347559984456
2460322.895735953,2258.5077311197915,2.4894144794915483
2460322.9026803025,2259.12939453125,2.4889207391674804
2460322.9096246515,2258.7428385416665,2.4897948218654187
2460322.916569002,2260.2163899739585,2.4898091273458998
2460322.9235133515,2260.4007161458335,2.4907722626374516
2460322.9304577014,2257.920166015625,2.4881966567752074
2460322.9374020514,2258.6949055989585,2.490971067714315
2460322.9443464014,2262.5922037760415,2.4906237877132846
2460322.9512907513,2257.8335774739585,2.4896241759094027
2460322.958235102,2260.6068522135415,2.490730756165781
2460322.9651794517,2262.2996419270835,2.4922564764455877
2460322.972123802,2256.3091634114585,2.489507380744058
2460322.9790681526,2258.191162109375,2.4905849260111483
2460322.9860125035,2257.537109375,2.4896447019916965
2460322.992956854,2261.1067708333335,2.490981429879398
2460322.9999012044,2263.0887858072915,2.490538456565472
2460323.0068455553,2260.0587565104165,2.489282393776902
2460323.013789906,2256.06689453125,2.4886569300346713
2460323.020734257,2260.4085286458335,2.4909196046101956
2460323.0276786084,2257.07763671875,2.4900140566126208
2460323.0346229593,2257.280029296875,2.4884346870368317
2460323.0415673107,2254.66748046875,2.4876775101199646
2460323.048511662,2260.0286458333335,2.4896921731544612
2460323.055456014,2254.840087890625,2.4876023116270383
2460323.0624003652,2264.2124837239585,2.491629361494619
2460323.0693447166,2268.2084147135415,2.494273807080732
2460323.076289069,2266.6604817708335,2.4923974308343975
2460323.0832334203,2263.7218424479165,2.491606974199034
2460323.0901777726,2264.589111328125,2.4932267183841383
2460323.097122125,2261.65380859375,2.491051054636063
2460323.104066476,2267.1966145833335,2.4914768732432964
2460323.1110108285,2261.7486979166665,2.4905995441307898
2460323.1179551813,2262.56201171875,2.4911384520985558
2460323.124899533,2263.1844889322915,2.4922840690208807
2460323.131843886,2265.71435546875,2.493853974691883
2460323.1387882386,2259.295654296875,2.491820344036296
2460323.145732591,2260.2503255208335,2.4921232185609603
2460323.1526769437,2257.7734375,2.4892553207964014
2460323.1596212965,2261.9593912760415,2.492112395755248
2460323.1665656497,2257.4414876302085,2.4901564725847347
2460323.1735100024,2257.2841796875,2.490254322883781
2460323.180454355,2261.2535807291665,2.4907233109491593
2460323.187398709,2264.0513509114585,2.4917899897511147
2460323.194343062,2260.1571451822915,2.4891934404389926
2460323.2012874153,2262.2958170572915,2.492271020186904
2460323.208231769,2257.16357421875,2.4894328706298876
2460323.2151761223,2258.1122233072915,2.4892969232175948
2460323.222120476,2255.35302734375,2.4876125767541004
2460323.2290648296,2261.35107421875,2.489917097477391
2460323.236009184,2261.431640625,2.4910874661115208
2460323.2429535375,2262.8177083333335,2.4901660426131618
2460323.249897891,2261.4688313802085,2.4911596994537684
2460323.256842246,2266.4361165364585,2.4935145626889845
2460323.2637865995,2263.4698079427085,2.491046487027992
2460323.270730954,2258.3228352864585,2.4894014897872148
2460323.2776753083,2260.723876953125,2.4916504565043565
2460323.284619663,2259.1318359375,2.489636023764754
2460323.2915640175,2263.9871419270835,2.4913596934395694
2460323.298508372,2265.6238606770835,2.492155351251481
2460323.305452727,2264.4374186197915,2.4934688516882786
2460323.312397082,2265.3017578125,2.491941595707644
2460323.3193414365,2266.681640625,2.49354690849012
2460323.326285791,2265.1591796875,2.4930245525181314
2460323.333230147,2267.8841959635415,2.495088280552363
2460323.340174502,2261.3153483072915,2.4910601521762
2460323.347118857,2258.566162109375,2.4937347271013452
2460323.354063213,2255.912353515625,2.48774517644324
2460323.361007568,2265.2217610677085,2.493432962128091
2460323.367951924,2266.0684407552085,2.4949601263895618
2460323.374896279,2269.435302734375,2.4941670025198204
2460323.3818406356,2263.89892578125,2.4918513465794807
2460323.388784991,2257.9695638020835,2.488730581302861
2460323.395729347,2263.8754069010415,2.4914922618109454
2460323.402673703,2261.8544108072915,2.492833020890017
2460323.409618059,2258.1045735677085,2.4902964934156944
2460323.4165624157,2262.4213053385415,2.489574313028205
2460323.4235067717,2258.133056640625,2.490121189492481
2460323.430451128,2263.1538899739585,2.4906975026372877
2460323.4373954847,2264.867919921875,2.493403332631137
2460323.444339841,2263.3600260416665,2.4930567549925486
2460323.451284198,2267.776611328125,2.4922829648022233
2460323.4582285546,2261.1680501302085,2.4919355596235007
2460323.4651729115,2265.0289713541665,2.491989389197399
2460323.472117269,2265.7372233072915,2.4921058247994234
2460323.4790616254,2264.126708984375,2.4908129666876557
2460323.486005983,2268.9354654947915,2.4938637189347683
2460323.4929503403,2267.7503255208335,2.4942492003228556
2460323.499894697,2269.5237630208335,2.4941948229548254
2460323.506839055,2268.8943684895835,2.492285524891169
2460323.5137834125,2266.3319498697915,2.4918943053448035
2460323.52072777,2270.7008463541665,2.4946989293663564
2460323.5276721283,2272.1857096354165,2.4942836175722567
2460323.5346164857,2267.2802734375,2.4935549116113935
2460323.5415608436,2269.166259765625,2.4926243558005
2460323.5485052015,2265.0358072916665,2.491928112450344
2460323.55544956,2267.965087890625,2.4928471129271474
2460323.562393918,2260.3980305989585,2.490318170571645
2460323.5693382765,2262.2236328125,2.4910320060077504
2460323.576282635,2265.7223307291665,2.492969551140415
2460323.583226993,2265.5918782552085,2.4926521296730724
2460323.5901713516,2263.8828938802085,2.4927330440333804
2460323.5971157104,2267.690673828125,2.493529565272248
2460323.6040600687,2257.538818359375,2.490451346228546
2460323.6110044275,2262.0833333333335,2.490399188538896
2460323.617948787,2263.6090494791665,2.4905637617498635
2460323.6248931456,2267.7337239583335,2.493472659257503
2460323.6318375045,2261.1468098958335,2.491895038601803
2460323.6387818637,2267.8916015625,2.49491505284464
2460323.645726223,2260.1060384114585,2.4900262883033677
2460323.6526705828,2265.716796875,2.492032464614669
2460323.6596149425,2266.4319661458335,2.492258994048633
2460323.666559302,2265.7731119791665,2.4920362871790127
2460323.673503661,2265.1631673177085,2.4927716406395146
2460323.6804480213,2270.9384765625,2.4943827645378707
2460323.687392381,2272.4379069010415,2.4946139803835092
2460323.6943367408,2268.5322265625,2.4934208619419653
2460323.701281101,2267.5664876302085,2.4941369260159503
2460323.708225461,2264.7686360677085,2.491346837268623
2460323.7151698214,2269.6416829427085,2.4934379485974625
2460323.7221141816,2271.9043782552085,2.4941445159984066
2460323.729058542,2267.9989420572915,2.494959100297879
2460323.736002902,2267.5684407552085,2.4955381106908727
2460323.742947263,2267.52783203125,2.4939216956255756
2460323.749891624,2270.0774739583335,2.494533755674071
2460323.7568359845,2267.029052734375,2.492979878783299
2460323.7637803457,2269.0686848958335,2.4944723912969513
2460323.770724707,2269.5126139322915,2.4934186203750666
2460323.7776690675,2264.466552734375,2.491717675834163
2460323.784613429,2265.9414876302085,2.4929211075444937
2460323.7915577902,2266.81494140625,2.4922368503667918
2460323.7985021514,2267.9557291666665,2.495174693232979
2460323.805446513,2269.965576171875,2.4963758771014866
2460323.8123908746,2269.5909016927085,2.4943213294800555
2460323.819335236,2272.5808919270835,2.494673427125706
2460323.826279598,2266.6259765625,2.491852565533191
2460323.83322396,2271.345947265625,2.494216679387071
2460323.8401683215,2271.1873372395835,2.495088160308282
2460323.8471126836,2270.4109700520835,2.4946333758052486
2460323.8540570457,2278.27685546875,2.4975605986469134
2460323.8610014077,2272.6766764322915,2.496882534895241
2460323.86794577,2280.8251139322915,2.5040360287462
2460323.874890133,2273.1018880208335,2.4966726155400436
2460323.8818344953,2272.8527018229165,2.4962417337445197
2460323.8887788574,2277.50244140625,2.4981139945875497
2460323.89572322,2276.7860514322915,2.499680756996387
2460323.9026675834,2271.4013671875,2.494904964376734
2460323.909611946,2273.0071614583335,2.5017235262461304
2460323.9165563094,2279.492919921875,2.4977413148930796
2460323.923500672,2279.8339029947915,2.4982577446904006
2460323.9304450355,2280.553955078125,2.498870572921048
2460323.937389398,2279.0833740234375,3.0603310947682716
2460323.9443337615,2278.4930013020835,2.496905757670127
2460323.9524355186,2271.750244140625,3.0582722479356494
2460323.9582224884,2271.8736979166665,2.496690049788604
2460323.9651668523,2276.1634928385415,2.4962064670854733
2460323.972111216,2270.70849609375,2.4939118402939426
2460323.9790555798,2272.2086588541665,2.494294570429194
2460323.985999943,2273.3017578125,2.4960173372441314
2460323.992944307,2265.1343587239585,2.49205034873156
2460323.9998886716,2274.9146321614585,2.49593832105896
2460324.006833036,2271.6875,2.4975307258754085
2460324.0137774,2267.3218587239585,2.49208352434072
2460324.020721764,2273.241455078125,2.4959497221069316
2460324.0276661287,2275.3219401041665,2.4969652502492607
2460324.034610493,2272.132568359375,2.4966701412439973
2460324.041554858,2277.0130208333335,2.498470083391504
2460324.0484992224,2278.5823567708335,2.5003186060406595
2460324.0554435872,2275.9010416666665,2.4982984338652003
2460324.062387952,2282.5662434895835,2.4986171707309275
2460324.069332317,2279.538818359375,2.497709566977208
2460324.0762766823,2280.9483235677085,2.4980539446192522
2460324.0832210477,2278.849365234375,2.4987102063350246
2460324.0901654125,2276.2227376302085,2.4988708215334468
2460324.097109778,2277.20849609375,2.4965465273197647
2460324.104054143,2280.1818033854165,2.5009732317555655
2460324.110998509,2279.394287109375,2.499631157520196
2460324.117942875,2280.9331868489585,2.5006238602221367
2460324.1248872406,2280.4840494791665,2.497637330120077
2460324.1318316064,2278.1913248697915,2.497289648062624
2460324.138775972,2276.1941731770835,2.4961784727702425
2460324.145720338,2279.7670084635415,2.4991699414582507
2460324.1526647042,2280.9412434895835,2.4998490493605017
2460324.1596090705,2279.9398600260415,2.4994245317892685
2460324.1665534363,2277.4495442708335,2.4987034751964776
2460324.173497803,2278.4243977864585,2.4984421402837027
2460324.1804421693,2270.3756510416665,2.4931734021355036
2460324.187386536,2274.6991373697915,2.4955673293900285
2460324.194330903,2274.124755859375,2.496135962300232
2460324.201275269,2274.9061686197915,2.4976563079668965
2460324.208219636,2275.8526204427085,2.4969047071159327
2460324.2151640034,2278.9549153645835,2.4977751051666712
2460324.22210837,2279.5210774739585,2.4981532989853616
2460324.2290527374,2279.9214680989585,2.498947012483271
2460324.2359971046,2275.5493977864585,2.4983186602301197
2460324.2429414717,2276.3251139322915,2.4973930275487177
2460324.249885841,2274.5020345052085,2.494874474823539
2460324.256830209,2273.039306640625,2.495503793311095
2460324.263774576,2273.0132649739585,2.4953770306232754
2460324.270718944,2273.9244791666665,2.49503973955556
2460324.277663312,2279.007568359375,2.497965655067078
2460324.2846076796,2285.4740397135415,2.50077189497359
2460324.2915520477,2280.5074869791665,2.498721276795114
2460324.2984964154,2284.888427734375,2.501319624454082
2460324.3054407835,2281.4325358072915,2.498054155712245
2460324.3123851516,2283.1640625,2.5011994832988327
2460324.31932952,2283.4263509114585,2.4995828643118165
2460324.3262738883,2277.386474609375,2.497413027185585
2460324.3332182574,2276.649169921875,2.5004471392892396
2460324.3401626255,2283.171875,2.50185276530792
2460324.347106994,2281.274169921875,2.5001567939398144
2460324.3540513627,2284.1861979166665,2.499445082537106
2460324.360995732,2278.7437337239585,2.497177180093948
2460324.3679401004,2276.6572265625,2.4994354264453316
2460324.3748844694,2277.263427734375,2.4970440258934707
2460324.3818288385,2275.7012532552085,2.496500716175658
2460324.388773208,2274.4268391927085,2.4971143767639377
2460324.3957175775,2280.0237630208335,2.4997288727845377
2460324.402661946,2279.1769205729165,2.497533271222029
2460324.4096063157,2280.69775390625,2.499261860869329
2460324.416550685,2281.0926920572915,2.499511941981751
2460324.4234950547,2276.4615885416665,2.49743570236272
2460324.430439425,2279.68359375,2.4988123079732634
2460324.4373837947,2278.0945638020835,2.4971322997268897
2460324.444328164,2276.5223795572915,2.5000581310035135
2460324.451272534,2276.38916015625,2.4964411098325927
2460324.458216904,2284.0714518229165,2.499597004991191
2460324.4651612747,2280.263427734375,2.498885184491813
2460324.4721056446,2279.087890625,2.4970432210047666
2460324.4790500146,2283.2124837239585,2.499167309342858
2460324.485994385,2283.413818359375,2.5013090958142055
2460324.4929387555,2278.09326171875,2.498769428223151
2460324.499883126,2280.559326171875,2.4985277796749017
2460324.506827497,2280.6912434895835,2.5000479954187367
2460324.513771868,2280.5663248697915,2.497873912212788
2460324.5207162383,2283.0562337239585,2.499054804195141
2460324.5276606097,2279.6484375,2.4975348412827785
2460324.53460498,2280.7635091145835,2.4991244369322327
2460324.5415493515,2277.6908365885415,2.4980844011951553
2460324.5484937225,2276.90234375,2.4976731176872464
2460324.555438094,2277.1841634114585,2.496555748535609
2460324.562382465,2279.1380208333335,2.4997725104087745
2460324.5693268366,2276.7900390625,2.497531482856149
2460324.576271208,2279.1109212239585,2.49797070854889
2460324.58321558,2277.9769694010415,2.497528594006554
2460324.5901599512,2281.0948079427085,2.498080426731498
2460324.5971043226,2278.0550944010415,2.497496460831774
2460324.604048695,2273.3053385416665,2.4960026876265022
2460324.610993067,2279.3717447916665,2.4973570707273556
2460324.6179374387,2281.9921061197915,2.4987502248554887
2460324.624881811,2275.0804850260415,2.4961221296466456
2460324.6318261833,2279.541015625,2.500567519072516
2460324.6387705556,2279.5839029947915,2.4988501062131516
2460324.645714928,2276.3716634114585,2.4994680914978327
2460324.6526593002,2282.4606119791665,2.500289309729466
2460324.6596036726,2279.40185546875,2.4981287760402475
2460324.6665480454,2285.4750162760415,2.5007617047023367
2460324.673492418,2289.2571614583335,2.5021173187234
2460324.6804367905,2283.1515299479165,2.501208033534509
2460324.6873811632,2285.4308268229165,2.502402061503209
2460324.6943255365,2286.620361328125,2.5004391911407184
2460324.7012699093,2287.779541015625,2.501664879570711
2460324.708214282,2290.752685546875,2.5038956124459375
2460324.7151586553,2289.3180338541665,2.5031678901555314
2460324.7221030286,2285.2564290364585,2.5020592905760677
2460324.729047402,2288.91259765625,2.505151441568284
2460324.7359917755,2290.4669596354165,2.5042094974479774
2460324.742936149,2285.8528645833335,2.5015093748341393
2460324.749880522,2282.7804361979165,2.5003243185726904
2460324.7568248957,2282.8003743489585,2.4998188018662697
2460324.7637692695,2287.2484537760415,2.502483282920645
2460324.7707136436,2287.7233072916665,2.50324919433042
2460324.777658017,2286.8001302083335,2.5013949136435376
2460324.7846023906,2285.379638671875,2.500599842710797
2460324.7915467652,2284.3568522135415,2.5022218875474835
2460324.798491139,2286.1249186197915,2.500472664043498
2460324.805435513,2282.901123046875,2.499677557391256
2460324.812379887,2283.6480305989585,2.5025784305307046
2460324.819324262,2282.4734700520835,2.501870790196726
2460324.8262686357,2285.7303873697915,2.503565167717585
2460324.8332130103,2291.85009765625,2.503927278468305
2460324.8401573845,2290.9613444010415,2.5035528640545426
2460324.847101759,2293.505859375,2.50430171929711
2460324.854046134,2290.12841796875,2.5032514246551614
2460324.860990509,2288.558837890625,2.5037409258179433
2460324.867934883,2291.037353515625,2.504422983435387
2460324.874879258,2287.4271647135415,2.5014565431454585
2460324.8818236333,2289.2918294270835,2.5034724035564646
2460324.888768008,2293.5196940104165,2.5030754317115953
2460324.895712383,2287.5699869791665,2.5030755376315788
2460324.902656758,2285.844970703125,2.5016662820726006
2460324.9096011333,2291.767578125,2.5028742522656944
2460324.916545509,2288.619873046875,2.5049756924252526
2460324.923489884,2285.6451822916665,2.5006531198322097
2460324.930434259,2280.60986328125,2.5008106302556685
2460324.9373786347,2283.3182779947915,2.5000209756439826
2460324.9443230103,2287.03662109375,2.5017178603427555
2460324.9512673863,2284.0878092447915,2.500716679525872
2460324.9582117614,2283.1905924479165,2.50167076001448
2460324.9651561375,2286.311767578125,2.501188349593721
2460324.972100513,2286.7351888020835,2.501237078098428
2460324.9790448886,2282.5608723958335,2.499684319023399
2460324.9859892647,2281.8649088541665,2.4985523018130507
2460324.9929336407,2283.300537109375,2.4997188823746934
2460324.9998780168,2282.7962239583335,2.5003809316258194
2460325.006822393,2280.6852213541665,2.4996880890911255
2460325.013766769,2284.8772786458335,2.4999140271729803
2460325.020711145,2289.420654296875,2.5024387324967985
2460325.0276555214,2285.0005696614585,2.501417734879909
2460325.034599898,2285.0071614583335,2.5005320570090914
2460325.041544274,2287.0725911458335,2.5023455092893023
2460325.048488651,2288.13916015625,2.50281463288028
2460325.055433027,2284.4755859375,2.5007439356906764
2460325.062377404,2286.1629231770835,2.500650720088934
2460325.0693217805,2284.095703125,2.4993226399084687
2460325.076266157,2291.0555013020835,2.5044332203532935
2460325.083210534,2288.0187174479165,2.50308323031542
2460325.0901549105,2286.8280436197915,2.5027051751883107
2460325.0970992874,2288.1103515625,2.50292399827662
2460325.1040436644,2284.5894368489585,2.4997175181408307
2460325.1109880414,2283.9584147135415,2.5004233025726115
2460325.1179324184,2284.2620442708335,2.50159436558608
2460325.1248767953,2286.8387044270835,2.5012131478564608
2460325.1318211723,2288.56982421875,2.501275163718011
2460325.1387655498,2286.713134765625,2.501504086357603
2460325.1457099267,2279.4252115885415,2.4976773761942854
2460325.1526543037,2284.5076497395835,2.499911401629349
2460325.1595986816,2278.7451171875,2.498587337481099
2460325.1665430586,2279.0538736979165,2.4974248023425023
2460325.173487436,2279.9967447916665,2.4987541730115046
2460325.1804318135,2278.4788411458335,2.4988340323095533
2460325.1873761914,2280.013916015625,2.500271104932921
2460325.194320569,2282.349853515625,2.499282124386227
2460325.2012649463,2284.7718912760415,2.5007371824837974
2460325.208209324,2282.5406901041665,2.4991471474717124
2460325.2151537016,2284.8206380208335,2.4995414733142565
2460325.222098079,2281.1962890625,2.498771040715177
2460325.2290424574,2283.0978190104165,2.4999910491927886
2460325.235986835,2278.9978841145835,2.49967974205457
2460325.2429312128,2286.619140625,2.5007561210729423
2460325.2498755907,2291.259521484375,2.5032637841698473
2460325.256819969,2287.99365234375,2.502008835370242
2460325.2637643465,2292.1648763020835,2.5035234864917526
2460325.270708725,2290.4462076822915,2.5038833952571644
2460325.2776531023,2290.1287434895835,2.5029326844959163
2460325.2845974807,2284.386474609375,2.500268618609661
2460325.2915418586,2289.2705891927085,2.5057975897299327
2460325.298486237,2290.1560872395835,2.5035504629134375
2460325.3054306153,2282.7794596354165,2.500853710398115
2460325.312374993,2288.8924967447915,2.5024722797676398
2460325.3193193716,2286.7315266927085,2.5012227356141383
2460325.32626375,2296.903076171875,2.506937711899525
2460325.333208128,2289.72412109375,2.5027928172113816
2460325.3401525063,2289.5243326822915,2.5017782192295464
2460325.347096885,2288.9093424479165,2.5021148960589943
2460325.3540412635,2286.3638509114585,2.5006926361808453
2460325.360985642,2286.2539876302085,2.500774804212508
2460325.36793002,2285.2516276041665,2.502573193584826
2460325.3748743986,2284.9441731770835,2.5012641466590035
2460325.381818777,2280.9603678385415,2.5005572360058186
2460325.388763156,2286.444091796875,2.5011820612626976
2460325.395707534,2285.9212239583335,2.503071177136273
2460325.4026519125,2288.0235188802085,2.502644408083961
2460325.4095962914,2284.607666015625,2.500424182576431
2460325.4165406697,2285.1087239583335,2.5009254906561993
2460325.4234850486,2284.4688313802085,2.499826804709137
2460325.430429427,2281.9601236979165,2.4990559827916354
2460325.437373806,2285.2036946614585,2.501405962934372
2460325.4443181846,2291.5042317708335,2.5054431349600756
2460325.4512625635,2293.06103515625,2.503265024579254
2460325.458206942,2289.1337890625,2.5031660352688903
2460325.4651513207,2286.6998697916665,2.5033322609893602
2460325.4720956995,2289.7940266927085,2.502104076902589
2460325.4790400784,2293.29443359375,2.5044022708101097
2460325.485984457,2293.85205078125,2.5046317976574186
2460325.4929288356,2293.5193684895835,2.5048554790972593
2460325.4998732144,2295.2903645833335,2.504744078744281
2460325.5068175932,2295.7459309895835,2.5059681902591935
2460325.513761972,2292.5357259114585,2.5041813679274414
2460325.520706351,2286.1805826822915,2.5018683236004735
2460325.5276507298,2293.5904134114585,2.5041598173718764
2460325.5345951086,2291.3899739583335,2.507272226600178
2460325.5415394874,2285.6117350260415,2.501233897994588
2460325.5484838663,2287.5386555989585,2.5020460813942837
2460325.555428245,2285.5284016927085,2.499795010750547
2460325.562372624,2286.6017252604165,2.501812518783708
2460325.569317003,2289.1942545572915,2.502944720473779
2460325.5762613816,2287.20263671875,2.502145277653191
2460325.5832057605,2286.6193033854165,2.503703000704505
2460325.5901501393,2290.5856119791665,2.5033881200224015
2460325.597094518,2290.7093912760415,2.5034123598369353
2460325.604038897,2292.8841959635415,2.5036669310862485
2460325.6109832753,2285.1600748697915,2.500770677973341
2460325.617927654,2291.8722330729165,2.5033801390158197
2460325.6248720335,2292.5323893229165,2.503091828718277
2460325.631816412,2292.96142578125,2.5046178501111633
2460325.6387607907,2292.068359375,2.5032633578298418
2460325.6457051695,2293.6778971354165,2.504696329854003
2460325.6526495484,2293.7035319010415,2.5034855590246616
2460325.659593927,2292.364013671875,2.503701751942615
2460325.6665383056,2288.5038248697915,2.503569816951246
2460325.6734826844,2294.3101399739585,2.505326254472306
2460325.6804270633,2293.6451822916665,2.504179378787254
2460325.6873714416,2299.5118815104165,2.5071009063459653
2460325.6943158205,2294.7861328125,2.5062485324437906
2460325.7012601993,2290.1988932291665,2.5033876729131324
2460325.7082045777,2296.0652669270835,2.505077891244341
2460325.715148956,2295.111328125,2.5043403640996695
2460325.722093335,2289.3060709635415,2.5026923971927517
2460325.7290377133,2291.8911946614585,2.5039816556287655
2460325.735982092,2294.4267578125,2.5045998234703797
2460325.7429264705,2291.9580078125,2.5041407989764513
2460325.749870849,2295.1163736979165,2.5043990888151395
2460325.756815227,2291.6702473958335,2.503549825973389
2460325.763759606,2292.1758626302085,2.502544842421423
2460325.7707039844,2288.3760579427085,2.502908230264461
2460325.7776483623,2290.8391927083335,2.503594816349796
2460325.7845927407,2291.5928548177085,2.5036587156355536
2460325.791537119,2293.9393717447915,2.5055790320214837
2460325.7984814974,2286.5855305989585,2.502745187235704
2460325.8054258754,2288.0123697916665,2.5010436342583566
2460325.8123702537,2295.473388671875,2.50421337535639
2460325.819314632,2291.0723470052085,2.503660154162611
2460325.82625901,2284.4746907552085,2.5010573873335917
2460325.8332033884,2288.227783203125,2.501830449862584
2460325.840147766,2292.22412109375,2.5047262657684857
2460326.0623678486,2292.1847330729165,2.5046218231437174
2460326.0693122246,2292.6136881510415,2.5068582877121828
2460326.0762566007,2295.059814453125,2.506397907690521
2460326.0832009767,2292.677978515625,2.504382242131787
2460326.0901453528,2291.5192057291665,2.50502309313648
2460326.097089729,2293.712158203125,2.504830179787207
2460326.104034105,2292.0623372395835,2.504376456504705
2460326.1109784804,2292.7865397135415,2.506519600548285
2460326.117922856,2292.5480143229165,2.504334935861478
2460326.124867232,2292.725341796875,2.504865681865106
2460326.1318116076,2290.5647786458335,2.504705744531066
2460326.138755983,2290.3067220052085,2.503510978070238
2460326.1457003583,2285.0489908854165,2.501205698444014
2460326.1526447334,2287.9326171875,2.5055190230552724
2460326.1595891085,2287.1881510416665,2.5040236607987163
2460326.1665334837,2291.4775390625,2.503876072974715
2460326.173477859,2288.69873046875,2.5030400673882083
2460326.180422234,2285.5481770833335,2.5011732154914723
2460326.187366609,2288.8026529947915,2.503771593243025
2460326.194310984,2293.341064453125,2.505586950458772
2460326.2012553588,2294.0992838541665,2.504660080919053
2460326.2081997334,2293.5110677083335,2.5058738081679928
2460326.2151441085,2294.1021321614585,2.505807946028023
2460326.2220884827,2300.2639973958335,2.507557697261677
2460326.229032857,2294.86572265625,2.506165603301309
2460326.2359772315,2296.5299479166665,2.5061352455694155
2460326.2429216057,2296.38720703125,2.50737554404584
2460326.24986598,2295.6654459635415,2.5058888896924905
2460326.2568103536,2298.1337890625,2.512194772628401
2460326.263754728,2293.1180826822915,2.505297061104066
2460326.270699102,2295.4286295572915,2.5060486080075632
2460326.2776434757,2299.8074544270835,2.5072143994402585
2460326.284587849,2296.44189453125,2.5062071842164317
2460326.291532223,2301.8297526041665,2.5103458039516444
2460326.298476597,2298.4930826822915,2.509031521452911
2460326.30542097,2299.3199869791665,2.5090801296806746
2460326.312365344,2300.513671875,2.5069674338839696
2460326.319309717,2298.4356282552085,2.5081477620306205
2460326.3262540903,2302.0450846354165,2.5085714401164885
2460326.333198463,2300.4608561197915,2.5082771810676836
2460326.3401428363,2290.1836751302085,2.5070253965433293
2460326.347087209,2295.9061686197915,2.508934946899995
2460326.354031582,2296.555419921875,2.506681020719785
2460326.3609759547,2305.012939453125,2.5104314891870234
2460326.367920328,2292.8543294270835,2.5049517956050456
2460326.3748647,2291.49658203125,2.5042432930791456
2460326.3818090726,2299.1866861979165,2.508689372472846
2460326.3887534454,2296.7896321614585,2.507108837351773
2460326.395697817,2298.9536946614585,2.5077175382095342
2460326.402642189,2297.7311197916665,2.5073495481125017
2460326.409586562,2296.6454264322915,2.5068563927300977
2460326.4165309337,2298.4374186197915,2.5079267708912214
2460326.423475306,2296.5420735677085,2.506647395028505
2460326.4304196774,2295.6761067708335,2.507875051925918
2460326.4373640493,2297.6929524739585,2.506645377060443
2460326.444308421,2297.8133138020835,2.5070207772203417
2460326.4512527925,2300.300537109375,2.5107013256747597
2460326.458197164,2303.1830240885415,2.50945229462157
2460326.4651415353,2303.9189453125,2.5110526034627116
2460326.4720859067,2306.20849609375,2.5126464461264817
2460326.479030278,2304.5253092447915,2.509972594978056
2460326.4859746494,2297.0568033854165,2.5074046709731714
2460326.4929190204,2296.1547037760415,2.5070282574651492
2460326.4998633913,2301.1078287760415,2.508120157359148
2460326.506807762,2289.4937337239585,2.504208409360631
2460326.513752133,2291.484130859375,2.504622724938888
2460326.5206965036,2290.3340657552085,2.503709718050994
2460326.527640874,2294.9684244791665,2.505251837325976
2460326.534585245,2300.2657877604165,2.5078093324905857
2460326.541529615,2304.2639973958335,2.51124097552608
2460326.5484739854,2303.4890950520835,2.511028509302843
2460326.555418356,2300.33251953125,2.5084423106592175
2460326.562362726,2299.289306640625,2.5067069797145822
2460326.569307096,2299.1409505208335,2.5073254523863198
2460326.576251466,2293.3927408854165,2.507025400097127
2460326.583195836,2297.5423177083335,2.507232580226215
2460326.5901402053,2300.2421061197915,2.508036871202406
2460326.597084575,2301.6143391927085,2.5085578118307192
2460326.6040289453,2290.4847819010415,2.5044415855623554
2460326.610973314,2301.482177734375,2.508899575978432
2460326.6179176834,2299.0779622395835,2.508208028000618
2460326.624862053,2294.4138997395835,2.505946686352273
2460326.6318064225,2301.7840169270835,2.507534039911402
2460326.6387507915,2296.933349609375,2.506962481538959
2460326.6456951606,2301.462890625,2.51141194780851
2460326.65263953,2303.360107421875,2.5105642186034696
2460326.6595838983,2306.1022135416665,2.5103711258339882
2460326.6665282673,2309.3159993489585,2.514279508204207
2460326.673472636,2304.4619954427085,2.511070480217565
2460326.6804170045,2307.5580240885415,2.5140820029455297
2460326.687361373,2299.7052408854165,2.507100108710619
2460326.6943057417,2305.9149576822915,2.509285628156984
2460326.70125011,2304.3106282552085,2.5093806288797946
2460326.7081944784,2300.110107421875,2.5081538918408715
2460326.7151388465,2302.4773763020835,2.5092568315055472
2460326.7220832147,2300.238037109375,2.508142030371479
2460326.7290275823,2298.2381184895835,2.50779916057937
2460326.7359719505,2303.736083984375,2.509703676303935
2460326.7429163186,2301.6041666666665,2.508854461265796
2460326.7498606863,2301.4637858072915,2.5096280123892476
2460326.756805054,2296.2310384114585,2.505711851391386
2460326.7637494216,2299.8771158854165,2.508962845408894
2460326.7706937892,2302.593994140625,2.5101748892383644
2460326.777638157,2304.534912109375,2.5097771880834236
2460326.784582524,2302.0897623697915,2.508146476759061
2460326.7915268913,2298.9840494791665,2.50809058455274
2460326.7984712585,2301.8194986979165,2.5075461357635436
2460326.8054156257,2300.417236328125,2.5072389354787243
2460326.812359993,2301.8662923177085,2.508499047568378
2460326.81930436,2301.9300130208335,2.5078169521178024
2460326.8262487263,2302.734619140625,2.5102432014939358
2460326.8331930935,2301.38916015625,2.5108011319411285
2460326.8401374603,2295.9444986979165,2.5056080171850597
2460326.847081827,2302.2880045572915,2.509778352007158
2460326.8540261933,2300.4603678385415,2.509120791519388
2460326.8609705605,2306.708251953125,2.5107984195627835
2460326.8679149267,2307.4156087239585,2.510855333314015
2460326.8748592925,2299.0081380208335,2.506484606847334
2460326.8818036593,2302.4823404947915,2.5109575785086165
2460326.888748026,2302.9037272135415,2.5088482719457565
2460326.895692392,2300.0990397135415,2.509807206085896
2460326.9026367576,2301.5205078125,2.508798042437824
2460326.9095811243,2299.7701822916665,2.507813635361934
2460326.91652549,2305.0116373697915,2.5099277731696046
2460326.923469856,2303.485107421875,2.5097754129822953
2460326.9304142217,2306.3734537760415,2.51245095566058
2460326.9373585875,2300.3406575520835,2.5102981660627246
2460326.9443029533,2297.985107421875,2.5074476991768737
2460326.951247319,2299.5581868489585,2.50927106092457
2460326.9581916844,2296.8758138020835,2.506017319715768
2460326.96513605,2297.3361002604165,2.5067244681464405
2460326.972080415,2300.5127766927085,2.507671802674874
2460326.9790247804,2296.8330891927085,2.506123736564256
2460326.9859691462,2301.5357259114585,2.5085666650444285
2460326.992913511,2296.2316080729165,2.505671884892568
2460326.9998578764,2300.42431640625,2.5086298914108434
2460327.006802242,2299.8203125,2.507270310290904
2460327.0137466067,2302.47314453125,2.508401098946163
2460327.0206909715,2298.93994140625,2.5061139910977115
2460327.0276353364,2301.2630208333335,2.507751592371983
2460327.0345797013,2302.3929850260415,2.5090274907761287
2460327.041524066,2308.0108235677085,2.510821773772036
2460327.048468431,2307.8721516927085,2.51102947850502
2460327.055412796,2310.9982096354165,2.513645969566495
2460327.0623571603,2315.6194661458335,2.5148046945695466
2460327.0693015247,2325.3536783854165,2.521014231700765
2460327.0762458895,2327.4752604166665,2.52279140381537
2460327.083190254,2334.97900390625,2.5243292857360857
2460327.0901346183,2347.0567220052085,2.527971498903495
2460327.0970789827,2364.8304850260415,2.538272789185598
2460327.104023347,2383.3484700520835,2.544870605804972
2460327.110967711,2397.3776041666665,2.5515289933441694
2460327.117912075,2417.0718587239585,2.5597449647538935
2460327.12485644,2443.351318359375,2.5728146008413257
2460327.131800804,2466.977783203125,2.584378564848861
2460327.1387451678,2496.0478515625,2.5959923616161302
2460327.1456895317,2525.488037109375,2.609954852819614
2460327.1526338956,2553.3221028645835,2.6200088677492372
2460327.1595782596,2579.23974609375,2.633711269515893
2460327.1665226235,2614.82763671875,2.6456513088524374
2460327.1734669874,2642.2633463541665,2.6613513314221233
2460327.1804113514,2669.9752604166665,2.670507417578445
2460327.1873557153,2707.1166178385415,2.68582374775138
2460327.1943000783,2737.0899251302085,2.698509556042129
2460327.2012444423,2768.280029296875,2.711163921593727
2460327.2081888057,2791.203857421875,2.72024478387454
2460327.215133169,2811.2349446614585,2.7321481564412124
2460327.222077533,2831.5349934895835,2.7389054358718785
2460327.229021896,2852.9712727864585,2.746322846600038
2460327.2359662596,2873.0037434895835,2.7545556514665925
2460327.242910623,2895.6766764322915,2.7641663396684506
2460327.249854986,2917.38818359375,2.7728787589974466
2460327.2567993496,2943.8011067708335,2.785049626721659
2460327.263743713,2961.4756673177085,2.7913043881615764
2460327.270688076,2983.3545735677085,2.800510610612523
2460327.277632439,3006.8121744791665,2.812738174867212
2460327.284576802,3018.0833333333335,2.815128842766752
2460327.2915211655,3038.3318684895835,2.8229182422881745
2460327.298465529,3057.6561686197915,2.8316096866009897
2460327.3054098915,3080.0523274739585,2.840009952698353
2460327.3123542545,3098.4915364583335,2.848152331885331
2460327.3192986175,3126.4398600260415,2.858585828829511
2460327.32624298,3142.32080078125,2.8667419084064782
2460327.333187343,3168.6918131510415,2.8744882622575023
2460327.340131706,3185.3541666666665,2.8861647067320177
2460327.347076069,3208.7010904947915,2.8907498252926858
2460327.3540204316,3228.9308268229165,2.898382099107869
2460327.3609647946,3261.8480631510415,2.911129695677296
2460327.367909157,3284.6781412760415,2.921149909440842
2460327.3748535197,3316.1416015625,2.9340611818725937
2460327.3817978823,3339.483154296875,2.942391583513659
2460327.3887422453,3369.65576171875,2.9536779626683494
2460327.395686608,3392.5397135416665,2.9626251630055265
2460327.4026309703,3428.8741861979165,2.975565095497579
2460327.4095753334,3465.1796061197915,2.991604306836944
2460327.4165196954,3493.5689290364585,3.001470962885882
2460327.423464058,3520.3157552083335,3.0115235164877547
2460327.4304084205,3551.02099609375,3.022851102508883
2460327.437352783,3589.3920084635415,3.037410419077007
2460327.4442971456,3625.575439453125,3.0512526373123987
2460327.4512415077,3661.4527180989585,3.0648491979156023
2460327.45818587,3701.217041015625,3.0792227084689237
2460327.4651302323,3737.9800618489585,3.0923782773284967
2460327.472074595,3783.024169921875,3.1103830810280524
2460327.4790189574,3819.84228515625,3.123607941538406
2460327.48596332,3849.284423828125,3.1345443215819926
2460327.492907682,3886.201171875,3.14733560953649
2460327.4998520445,3924.3526204427085,3.1638447260217126
2460327.5067964066,3962.4034016927085,3.1751278304212
2460327.5137407687,4001.1363932291665,3.189604384805623
2460327.5206851307,4033.0340169270835,3.200668583133798
2460327.5276294933,4073.9684244791665,3.214654629391348
2460327.5345738553,4109.339762369792,3.2290028599358362
2460327.5415182174,4142.830403645833,3.240180980147308
2460327.5484625795,4176.35107421875,3.2520345387165084
2460327.5554069416,4216.492350260417,3.2653943510678167
2460327.562351304,4244.531575520833,3.2754506152013216
2460327.569295666,4276.342447916667,3.287557130655108
2460327.5762400283,4308.31982421875,3.297737838907031
2460327.5831843903,4345.625651041667,3.3100089627107754
2460327.5901287524,4367.412923177083,3.317575854737449
2460327.5970731145,4398.288736979167,3.327925965989131
2460327.6040174766,4430.814615885417,3.3397844366954916
2460327.6109618386,4456.668131510417,3.3489498814079504
2460327.6179062007,4488.888509114583,3.3602019679233908
2460327.624850563,4516.676432291667,3.36914423420667
2460327.631794925,4541.180826822917,3.376291316841271
2460327.638739287,4564.444661458333,3.3848371487059485
2460327.6456836485,4591.908528645833,3.3946015569288517
2460327.6526280106,4603.9150390625,3.397220765598472
2460327.6595723727,4612.938802083333,3.401638228901687
2460327.6665167348,4631.839518229167,3.40746064869202
2460327.673461097,4636.075358072917,3.4085101373010467
2460327.6804054584,4648.184733072917,3.4144153211934505
2460327.6873498205,4651.051432291667,3.4139499260170756
2460327.6942941826,4658.005533854167,3.417619607617052
2460327.7012385447,4666.092936197917,3.4178420742090503
2460327.7081829067,4669.418619791667,3.4206830104805537
2460327.7151272683,4679.200032552083,3.423525767647263
2460327.7220716304,4681.605631510417,3.4244063879077546
2460327.7290159925,4681.973795572917,3.4246761245254214
2460327.7359603546,4682.384602864583,3.4259149393180413
2460327.742904716,4681.069986979167,3.4227128987059334
2460327.7498490782,4683.065104166667,3.4239639568863054
2460327.7567934403,4689.509440104167,3.4273701580201763
2460327.763737802,4690.75341796875,3.427905677514613
2460327.770682164,4693.43701171875,3.426779722350218
2460327.777626524,4700.489583333333,3.428976392990636
2460327.7845708854,4698.758463541667,3.4308247714536173
2460327.7915152474,4697.014973958333,3.4288328766559375
2460327.798459609,4706.070963541667,3.4319601222270966
2460327.805403971,4713.3271484375,3.434138865353416
2460327.812348333,4717.186360677083,3.436961528082506
2460327.8192926953,4715.949381510417,3.435445683035262
2460327.826237057,4724.519694010417,3.4393531240877286
2460327.833181419,4724.351236979167,3.4388380509071124
2460327.840125781,4718.222493489583,3.4356620669607048
2460327.847070143,4724.459309895833,3.437799124236717
2460327.854014505,4720.923014322917,3.435541124314734
2460327.860958867,4719.929036458333,3.4357651442022914
2460327.867903229,4719.181966145833,3.4372036615897925
2460327.874847591,4712.564453125,3.4329383901985895
2460327.881791953,4698.087076822917,3.4304317306366396
2460327.888736315,4695.65771484375,3.427337549497855
2460327.895680677,4697.472330729167,3.428352477314762
2460327.902625039,4686.786295572917,3.424121129237429
2460327.9095694013,4677.138997395833,3.421069093828962
2460327.9165137634,4672.330403645833,3.4191459731320357
2460327.9234581254,4662.63037109375,3.4166886153807146
2460327.9304024875,4647.031087239583,3.4120606364771313
2460327.9373468496,4649.560221354167,3.412786287837528
2460327.9442912117,4637.25,3.4081625595319927
2460327.9512355737,4625.78515625,3.4039500415506345
2460327.958179936,4622.299153645833,3.403807361890251
2460327.9651242984,4610.14697265625,3.3989214867768722
2460327.9720686604,4606.004557291667,3.397427649034757
2460327.9790130225,4598.8818359375,3.39505079080792
2460327.9859573846,4588.550130208333,3.3919419485580904
2460327.992901747,4587.258626302083,3.390042877592279
2460327.999846109,4575.2001953125,3.386794140262021
2460328.0067904717,4565.6103515625,3.3844569656751715
2460328.013734834,4554.301595052083,3.381013706320592
2460328.020679196,4544.62548828125,3.3769902480659604
2460328.0276235584,4538.817708333333,3.374565160777346
2460328.0345679205,4525.307942708333,3.3710106659092762
2460328.0415122826,4523.553873697917,3.3694360844804696
2460328.048456645,4516.85595703125,3.3685396280451427
2460328.0554010076,4513.639322916667,3.3654648621790337
2460328.0623453697,4503.85693359375,3.3638538136957803
2460328.0692897323,4499.623209635417,3.362012710822222
2460328.076234095,4493.962565104167,3.358947949708497
2460328.083178457,4495.4228515625,3.3598299636307227
2460328.0901228194,4495.265950520833,3.359806278190272
2460328.097067182,4487.0537109375,3.3578569607736797
2460328.1040115445,4484.96044921875,3.35686027626383
2460328.110955907,4479.1884765625,3.3540389012897673
2460328.117900269,4486.083658854167,3.3559868925542173
2460328.124844632,4476.163411458333,3.354055843042239
2460328.1317889947,4475.503580729167,3.3535939009424305
2460328.138733357,4467.1396484375,3.351238908255683
2460328.1456777197,4463.555013020833,3.3483347769603298
2460328.1526220827,4454.20751953125,3.3458889829945027
2460328.159566445,4452.642578125,3.3451567816915797
2460328.1665108074,4437.30126953125,3.341206382282054
2460328.1734551704,4429.613932291667,3.3376366548778353
2460328.1803995334,4422.455240885417,3.3346772380191516
2460328.187343896,4409.812337239583,3.332016903010045
2460328.194288259,4401.318684895833,3.326725284792342
2460328.2012326214,4395.053385416667,3.3253547994333936
2460328.2081769845,4380.46484375,3.3193880076175937
2460328.215121347,4371.505533854167,3.3174090715444593
2460328.2220657095,4362.18359375,3.313587226101708
2460328.229010073,4350.58056640625,3.3107654709126115
2460328.2359544355,4339.863118489583,3.3056494614428757
2460328.242898799,4327.083984375,3.302903942494634
2460328.2498431616,4315.581868489583,3.2977468437034827
2460328.256787525,4293.250325520833,3.2892312912746355
2460328.2637318876,4284.892578125,3.285896660201622
2460328.270676251,4269.194173177083,3.2817020710368503
2460328.2776206136,4251.71728515625,3.275954963172793
2460328.284564977,4236.678059895833,3.2706959246163585
2460328.29150934,4223.738606770833,3.265731898468483
2460328.298453703,4207.105794270833,3.259690780485028
2460328.305398067,4187.85400390625,3.252432633036656
2460328.3123424295,4169.270345052083,3.2456892903940253
2460328.319286793,4153.809407552083,3.2415589397423528
2460328.326231156,4128.944498697917,3.232791648299507
2460328.3331755195,4113.2001953125,3.226092707208545
2460328.340119883,4096.967610677083,3.2207753925385165
2460328.347064246,4083.5087890625,3.2197725645342863
2460328.3540086094,4068.1963704427085,3.2116134296032395
2460328.360952973,4057.9176432291665,3.207306249492549
2460328.367897337,4044.5771484375,3.205643057099152
2460328.3748417,4034.7174479166665,3.1991050574980213
2460328.3817860633,4031.8982747395835,3.1971547201702575
2460328.388730427,4025.2933756510415,3.196127365994528
2460328.3956747907,4029.128173828125,3.19595389095458
2460328.4026191547,4025.4957682291665,3.19586262279013
2460328.4095635177,4023.1905110677085,3.1934259464860753
2460328.4165078816,4035.7051595052085,3.1998567860081644
2460328.4234522455,4037.8202311197915,3.1997521060286367
2460328.430396609,4053.8963216145835,3.206253749218854
2460328.437340973,4058.0370279947915,3.2074864294759067
2460328.4442853364,4067.9935709635415,3.21021707372482
2460328.4512297004,4083.4581705729165,3.217218670848597
2460328.4581740643,4096.284098307292,3.2202751124680886
2460328.465118428,4111.237141927083,3.2270215168142538
2460328.472062792,4130.28955078125,3.2333627081303393
2460328.479007156,4146.220865885417,3.238063187659795
2460328.48595152,4164.648274739583,3.2445672369764735
2460328.4928958844,4189.032389322917,3.2526158621578625
2460328.499840249,4215.583658854167,3.2625406947814763
2460328.506784613,4230.36181640625,3.267351501439275
2460328.5137289767,4251.576822916667,3.27523506555306
2460328.5206733407,4274.363444010417,3.282726102800245
2460328.5276177055,4294.4091796875,3.2890650514995543
2460328.5345620695,4315.099283854167,3.2972784838230313
2460328.541506434,4334.86328125,3.3034790634161464
2460328.5484507983,4357.223470052083,3.3116552869783704
2460328.555395162,4379.59619140625,3.318670284927688
2460328.562339527,4400.83544921875,3.326373315157538
2460328.5692838915,4418.618489583333,3.3346393859948655
2460328.576228256,4439.1728515625,3.3405765354903703
2460328.5831726203,4460.128580729167,3.347772625981601
2460328.590116985,4469.719889322917,3.349731508333649
2460328.5970613495,4490.648600260417,3.359435041217429
2460328.6040057144,4509.180989583333,3.364115768605417
2460328.610950079,4526.113118489583,3.370283822876844
2460328.6178944437,4538.80224609375,3.374586523257595
2460328.6248388086,4549.938639322917,3.377037858972809
2460328.631783173,4564.48095703125,3.381578238228436
2460328.638727538,4577.40478515625,3.387829886277224
2460328.6456719027,4585.914876302083,3.3890369991533835
2460328.652616268,4593.704264322917,3.3915412822011057
2460328.659560633,4607.330729166667,3.395414818347693
2460328.6665049978,4613.95849609375,3.3994906617316967
2460328.673449363,4621.24951171875,3.4008220772686575
2460328.680393728,4630.187825520833,3.404392468718368
2460328.687338093,4641.764973958333,3.4084991180736437
2460328.6942824586,4646.148111979167,3.4097507677584926
2460328.7012268235,4647.61669921875,3.409592719251213
2460328.708171189,4646.597981770833,3.4097476235371835
2460328.715115554,4654.657389322917,3.4132910669517513
2460328.7220599195,4658.320638020833,3.4145561882264683
2460328.729004285,4660.259602864583,3.4144004982595786
2460328.73594865,4665.661783854167,3.415530170690554
2460328.7428930155,4670.301595052083,3.4179079308316607
2460328.7498373813,4672.10400390625,3.417428975454017
2460328.756781747,4670.9140625,3.417048741019715
2460328.763726112,4665.7587890625,3.41592175677844
2460328.7706704778,4665.659830729167,3.4162060996996817
2460328.7776148436,4669.483723958333,3.4177562943997155
2460328.7845592094,4664.600423177083,3.415804542015111
2460328.791503575,4664.77880859375,3.4146124957326247
2460328.798447941,4667.92578125,3.4173296936278894
2460328.8053923068,4668.157063802083,3.41559895700821
2460328.8123366726,4670.80859375,3.416381781872635
2460328.8192810384,4668.159342447917,3.4160479102058585
2460328.826225405,4674.450032552083,3.4188992636657676
2460328.833169771,4672.7978515625,3.417049056461174
2460328.8401141367,4671.21142578125,3.4184776951786002
2460328.847058503,4675.81201171875,3.4187216662257054
2460328.854002869,4677.0634765625,3.418347233185953
2460328.860947235,4677.562662760417,3.419122056614441
2460328.8678916018,4685.555338541667,3.4216093046050013
2460328.874835968,4678.702962239583,3.4201369357400857
2460328.8817803343,4676.465006510417,3.419204262125012
2460328.888724701,4675.98681640625,3.4189830620916273
2460328.8956690673,4678.869303385417,3.419615570021358
2460328.9026134335,4672.938151041667,3.4180813593937223
2460328.9095578003,4679.565592447917,3.41974856602944
2460328.916502167,4672.499674479167,3.419619073865825
2460328.9234465337,4671.133626302083,3.416547361984463
2460328.9303909,4664.9248046875,3.415784783736067
2460328.9373352667,4666.923177083333,3.41681776035564
2460328.9442796335,4657.12353515625,3.4125113737263653
2460328.9512240007,4650.951171875,3.4127131626403755
2460328.9581683674,4647.6328125,3.4094538686517613
2460328.9651127346,4633.64111328125,3.4047108866924685
2460328.9720571013,4632.28125,3.4046259222813267
2460328.979001468,4628.032552083333,3.402565748991297
2460328.9859458357,4615.96142578125,3.3986764381202446
2460328.9928902024,4609.597493489583,3.3964946077876665
2460328.9998345696,4594.761067708333,3.3915108691488283
2460329.006778937,4589.896809895833,3.3883819953418217
2460329.0137233045,4579.789876302083,3.3875098380096524
2460329.020667671,4571.833658854167,3.385466694756218
2460329.027612039,4566.160319010417,3.380418038678972
2460329.034556406,4555.11474609375,3.3791828282011687
2460329.0415007737,4536.547200520833,3.3724448880347144
2460329.048445141,4521.309895833333,3.3666075018521435
2460329.0553895086,4512.107747395833,3.3638606277834007
2460329.0623338763,4497.142415364583,3.3592519754091406
2460329.069278244,4480.411946614583,3.3556370861684415
2460329.0762226116,4471.310709635417,3.3492054887631695
2460329.0831669793,4455.796549479167,3.345134944916692
2460329.0901113474,4446.456705729167,3.341758087843226
2460329.097055715,4440.093587239583,3.3402234526163475
2460329.104000083,4427.216634114583,3.334528565236455
2460329.110944451,4419.93115234375,3.3325599128217847
2460329.117888819,4407.77001953125,3.3275249493069374
2460329.124833187,4400.440755208333,3.326332822459872
2460329.1317775548,4392.046549479167,3.323237348498011
2460329.1387219233,4382.839518229167,3.318856363894678
2460329.1456662915,4370.705240885417,3.317109652179808
2460329.1526106596,4369.385579427083,3.3147501309698852
2460329.159555028,4363.642415364583,3.312262753286925
2460329.1664993963,4360.539225260417,3.312401353365551
2460329.1734437644,4355.821451822917,3.310234665924865
2460329.1803881335,4361.850423177083,3.3137847644520666
2460329.1873325016,4351.797688802083,3.311555490894909
2460329.1942768707,4354.131184895833,3.313601429611216
2460329.201221239,4353.98974609375,3.3108802965343247
2460329.208165608,4353.4169921875,3.310568414793804
2460329.2151099765,4357.7802734375,3.3108006992600374
2460329.222054345,4354.399251302083,3.310406984937085
2460329.228998714,4357.447102864583,3.3105415527094006
2460329.2359430827,4350.509765625,3.3085587993165166
2460329.242887452,4350.026204427083,3.3095584906859536
2460329.2498318213,4344.152180989583,3.3063317906198546
2460329.25677619,4338.28515625,3.3065591679692816
2460329.263720559,4335.724446614583,3.303832142228534
2460329.270664928,4331.170247395833,3.3015486794261437
2460329.2776092975,4329.590983072917,3.3015656216637708
2460329.284553667,4315.881022135417,3.2975553971831837
2460329.2914980357,4307.641438802083,3.292658220649013
2460329.298442405,4296.44287109375,3.2897227972756298
2460329.3053867747,4286.42138671875,3.285880162605195
2460329.312331144,4274.864420572917,3.2826082375592502
2460329.3192755138,4252.8642578125,3.2744501780323865
2460329.3262198833,4246.481608072917,3.2758682741608762
2460329.333164253,4235.466145833333,3.268297133483498
2460329.3401086223,4213.286295572917,3.2607007367049974
2460329.347052993,4195.32080078125,3.253857825187353
2460329.3539973623,4186.315104166667,3.251719478366695
2460329.360941732,4175.0810546875,3.2471102986018447
2460329.367886102,4163.8251953125,3.242441346151299
2460329.374830472,4152.90576171875,3.2409528173523037
2460329.381774842,4134.514973958333,3.233886153395829
2460329.388719212,4116.123046875,3.226660114087322
2460329.3956635823,4108.892252604167,3.22470354643341
2460329.4026079522,4094.7587076822915,3.218748829254512
2460329.4095523222,4094.551513671875,3.2204611350873074
2460329.4164966927,4089.2423502604165,3.21788475239612
2460329.423441063,4083.0148111979165,3.216775066602151
2460329.4303854336,4086.8076985677085,3.216849070335183
2460329.437329804,4086.2062174479165,3.2156698622167377
2460329.4442741745,4094.8310546875,3.2193759846088006
2460329.451218545,4103.847005208333,3.221889450369433
2460329.4581629154,4099.726236979167,3.221939944540748
2460329.4651072863,4108.076822916667,3.2245422693453953
2460329.4720516573,4114.186686197917,3.2263396786518537
2460329.4789960277,4116.064778645833,3.2278065162017793
2460329.4859403986,4124.9638671875,3.2303200788193553
2460329.4928847696,4144.34619140625,3.236479359912851
2460329.499829137,4154.452799479167,3.2420980117845244
2460329.5067735068,4168.251139322917,3.24663621940533
2460329.513717877,4188.968098958333,3.252607800834341
2460329.5206622486,4198.18359375,3.254621947327989
2460329.52760662,4218.525227864583,3.261981910330368
2460329.534550991,4242.542643229167,3.270286402874495
2460329.5414953623,4244.03173828125,3.2708700725413014
2460329.5484397337,4262.243815104167,3.279026663955341
2460329.555384105,4278.02392578125,3.2831479841406335
2460329.5623284765,4292.4345703125,3.2885138539050534
2460329.5692728483,4312.686848958333,3.294474789934949
2460329.5762172197,4322.84130859375,3.2985775800232555
2460329.583161591,4349.613932291667,3.307328570539172
2460329.5901059625,4370.560384114583,3.3144702563932067
2460329.597050335,4386.98388671875,3.3219063581151556
2460329.6039947066,4402.116861979167,3.3264090642903152
2460329.6109390785,4419.953938802083,3.3328144981213264
2460329.61788345,4430.769368489583,3.3363172070144937
2460329.624827822,4444.073404947917,3.3408586248379173
2460329.6317721945,4453.21484375,3.3436726244054404
2460329.638716566,4459.217936197917,3.3457382574847987
2460329.6456609387,4465.6142578125,3.34827012336533
2460329.6526053105,4475.94189453125,3.350782846003412
2460329.6595496833,4479.673990885417,3.35254244347073
2460329.666494055,4478.850911458333,3.3529710333002805
2460329.673438428,4474.0693359375,3.3508260518035122
2460329.6803828003,4490.390787760417,3.356403012767776
2460329.6873271726,4490.580078125,3.3553615033336253
2460329.694271546,4489.218912760417,3.35556165288455
2460329.7012159177,4487.585774739583,3.354706152124216
2460329.708160291,4486.479817708333,3.356030794639422
2460329.7151046637,4495.786295572917,3.3573761030915326
2460329.722049036,4481.470540364583,3.352791417496995
2460329.7289934093,4475.66455078125,3.350650845542821
2460329.735937782,4472.867350260417,3.3495248759404155
2460329.742882155,4457.267578125,3.3444656583497085
2460329.749826528,4448.18359375,3.341939125699285
2460329.7567709014,4435.40625,3.337437915939479
2460329.7637152746,4428.532063802083,3.334952736649107
2460329.770659648,4421.120768229167,3.3335115218524405
2460329.777604021,4411.198404947917,3.327790248970446
2460329.7845483944,4399.430013020833,3.3261834988394914
2460329.7914927676,4389.56201171875,3.320350477834325
2460329.798437141,4376.807779947917,3.316291334453233
2460329.8053815146,4361.4814453125,3.3131705316016142
2460329.8123258883,4343.58447265625,3.304653525725369
2460329.819270262,4334.87060546875,3.3021111142141977
2460329.8262146357,4332.066080729167,3.302283805485372
2460329.833159009,4320.612955729167,3.2976063974066285
2460329.840103383,4309.546712239583,3.2930594076933457
2460329.8470477574,4305.574381510417,3.2916167460226737
2460329.8539921306,4294.826334635417,3.288140125868247
2460329.8609365053,4285.5615234375,3.2862660843040685
2460329.867880879,4280.708984375,3.2835918061288276
2460329.8748252536,4276.273763020833,3.282078900904821
2460329.8817696273,4271.643391927083,3.2845609802654994
2460329.888714002,4264.289225260417,3.2792119319671325
2460329.8956583757,4265.502604166667,3.2778018759863543
2460329.9026027503,4271.616048177083,3.281796473058305
2460329.9095471245,4268.388997395833,3.2800172876130866
2460329.916491499,4262.434895833333,3.277923906809456
2460329.923435874,4269.425455729167,3.2808221177294725
2460329.930380249,4270.377278645833,3.2805181557958565
2460329.937324623,4262.48486328125,3.2770965495256763
2460329.9442689978,4266.2822265625,3.2804040662175082
2460329.9512133724,4276.628255208333,3.284108755252458
2460329.9581577475,4274.925130208333,3.2827655450840196
2460329.9651021226,4280.9990234375,3.283576908194831
2460329.9720464977,4273.311360677083,3.2811228844129996
2460329.978990873,4268.600748697917,3.278930305434003
2460329.985935247,4265.35498046875,3.28030692294913
2460329.992879622,4264.829915364583,3.280377049751987
2460329.9998239973,4258.906412760417,3.27667798058762
2460330.0067683733,4253.669270833333,3.274327233185875
2460330.0137127484,4238.884602864583,3.2700494817066708
2460330.0206571235,4222.535481770833,3.264320996377947
2460330.0276014996,4209.918782552083,3.2585239459106177
2460330.0345458747,4200.997395833333,3.2565540658623355
2460330.0414902507,4189.0556640625,3.252963826680293
2460330.048434626,4182.429850260417,3.2514088423780367
2460330.055379002,4171.278157552083,3.2458088798340796
2460330.0623233775,4153.263997395833,3.240198971155087
2460330.0692677535,4140.332194010417,3.234995658038668
2460330.076212129,4127.435546875,3.2312477477982675
2460330.083156505,4111.147786458333,3.224176489910412
2460330.090100881,4105.27099609375,3.2226969787799207
2460330.097045257,4090.065673828125,3.216751842971821
2460330.1039896333,4082.0594889322915,3.213514237256924
2460330.11093401,4074.3483072916665,3.2106561690793343
2460330.117878386,4070.6224772135415,3.2113756722491993
2460330.1248227623,4058.944091796875,3.206133451168036
2460330.1317671384,4051.9082845052085,3.2031440548213443
2460330.1387115153,4041.545654296875,3.1992290775633236
2460330.1456558914,4032.891845703125,3.1980788863327096
2460330.1526002684,4032.2576497395835,3.195879796879963
2460330.159544645,4024.4456380208335,3.1933070929529226
2460330.1664890214,4022.4173177083335,3.1914759856538772
2460330.1734333984,4018.6923014322915,3.190542190150841
2460330.1803777753,4026.73828125,3.194697386712679
2460330.1873221523,4028.8505045572915,3.195475006406259
2460330.1942665293,4040.0236002604165,3.2006642294341887
2460330.2012109063,4047.9117024739585,3.2033658757088297
2460330.2081552832,4055.9505208333335,3.205651751049816
2460330.21509966,4057.1982421875,3.2045862556348053
2460330.2220440377,4069.2850748697915,3.210444454621879
2460330.228988415,4076.2574869791665,3.215520822110033
2460330.235932792,4084.1109212239585,3.215627377383965
2460330.242877169,4087.4637858072915,3.217281043713465
2460330.249821547,4087.69775390625,3.2180102830521196
2460330.256765925,4090.6058756510415,3.2174353555762
2460330.263710302,4102.12060546875,3.220409686937597
2460330.2706546797,4100.76611328125,3.2222091103688038
2460330.2775990576,4096.692057291667,3.2194145640483582
2460330.2845434356,4091.9361979166665,3.2188438602525724
2460330.2914878135,4088.3388671875,3.2176198305203716
2460330.2984321914,4085.2069498697915,3.2169554060804466
2460330.3053765693,4083.973876953125,3.2180094422485244
2460330.3123209476,4078.8714192708335,3.212358150029301
2460330.319265325,4076.2888997395835,3.21425927235475
2460330.3262097035,4063.80712890625,3.206994178847912
2460330.333154082,4060.6625162760415,3.2069183439150213
2460330.3400984597,4058.2900390625,3.205024849423984
2460330.3470428386,4051.2586263020835,3.202577685769931
2460330.353987217,4037.052001953125,3.199780573159496
2460330.3609315953,4027.4131673177085,3.194319070826816
2460330.3678759737,4016.0289713541665,3.189927235138621
2460330.3748203525,4006.411376953125,3.186574250871024
2460330.381764731,3999.8924153645835,3.183692552301682
2460330.38870911,3987.8746744791665,3.181476103012258
2460330.3956534886,3989.6381022135415,3.1818713060608093
2460330.402597868,3972.634765625,3.174557004349458
2460330.4095422467,3965.601318359375,3.1732622645612913
2460330.4164866256,3957.1306966145835,3.1724484468750602
2460330.423431005,3948.8225911458335,3.1663732640175852
2460330.4303753837,3939.3885091145835,3.1645001751388517
2460330.437319763,3936.8634440104165,3.162076008555934
2460330.444264142,3935.2613118489585,3.1618368018252228
2460330.4512085216,3929.673583984375,3.1598510185152424
2460330.458152901,3921.069091796875,3.155742572022506
2460330.46509728,3927.1420084635415,3.1583877803436136
2460330.4720416605,3921.0301920572915,3.1563137813116775
2460330.4789860398,3924.6809895833335,3.158265724518188
2460330.485930419,3922.478515625,3.1561759436784533
2460330.492874799,3928.1492513020835,3.1595543510673703
2460330.4998191786,3931.4829915364585,3.1598373177243175
2460330.5067635584,3934.5123697916665,3.1625528718262608
2460330.513707939,3937.69970703125,3.1621483359814655
2460330.5206523184,3946.9951985677085,3.1679155269461883
2460330.5275966986,3956.6046549479165,3.1703300609175815
2460330.5345410784,3962.0859375,3.1719416631156805
2460330.541485459,3973.3272298177085,3.1763418248884467
2460330.5484298393,3979.9322102864585,3.1767148825224436
2460330.5553742195,3992.50439453125,3.182753936377004
2460330.5623186002,4004.2657877604165,3.185390037379687
2460330.56926298,4006.744384765625,3.1872428083781945
2460330.5762073607,4021.46875,3.1949081908737837
2460330.5831517414,4030.2596028645835,3.195140155388788
2460330.590096122,4037.9248860677085,3.1982980177115437
2460330.597040503,4048.0950520833335,3.204006847693893
2460330.6039848835,4066.3417154947915,3.2090198926104807
2460330.610929264,4077.2278645833335,3.21312849680357
2460330.617873645,4084.26123046875,3.213703292957246
2460330.6248180256,4102.69091796875,3.2205324917804536
2460330.6317624073,4104.628255208333,3.2240240147924495
2460330.638706788,4115.4326171875,3.22569852931149
2460330.6456511696,4122.162272135417,3.2281916650958444
2460330.6525955503,4130.742838541667,3.2305907696152882
2460330.659539932,4143.685384114583,3.235364268605474
2460330.666484313,4150.634114583333,3.2386197194524784
2460330.6734286947,4150.51708984375,3.237722119199572
2460330.680373076,4154.897786458333,3.2385459486230723
2460330.6873174575,4159.812174479167,3.241378619286716
2460330.694261839,4162.138509114583,3.2411637873966512
2460330.701206221,4167.157552083333,3.243998557792477
2460330.7081506024,4171.02783203125,3.244549185147621
2460330.7150949845,4176.49169921875,3.246926723416534
2460330.7220393666,4169.073404947917,3.244467420370355
2460330.7289837482,4162.976725260417,3.2421431308160673
2460330.735928131,4163.9111328125,3.243490287284296
2460330.7428725124,4152.725748697917,3.2381052538569945
2460330.7498168945,4155.7490234375,3.2390809661891127
2460330.7567612766,4147.190592447917,3.2367416093096177
2460330.763705659,4139.531412760417,3.2347323904900835
2460330.7706500418,4136.507975260417,3.2340876691632734
2460330.7775944243,4133.72900390625,3.230673972414954
2460330.784538806,4124.78076171875,3.230424784015263
2460330.7914831894,4118.406412760417,3.22690608090857
2460330.798427572,4109.422037760417,3.2250227951468493
2460330.8053719546,4100.114420572917,3.220402864517212
2460330.812316337,4097.239176432292,3.218144341631618
2460330.8192607197,4090.1402180989585,3.2162238659733897
2460330.8262051027,4075.39013671875,3.2104742652848337
2460330.8331494858,4063.11474609375,3.2069707394065214
2460330.8400938683,4056.3412272135415,3.206374774024272
2460330.847038252,4040.5323893229165,3.1991285132342084
2460330.853982635,4035.3811848958335,3.197215023644549
2460330.860927018,4026.3602701822915,3.194338004173193
2460330.8678714014,4015.513427734375,3.189264649423171
2460330.874815785,4006.9890950520835,3.187692828390375
2460330.8817601684,4001.08935546875,3.1852968776972967
2460330.888704552,3994.0414225260415,3.1822655370530093
2460330.8956489353,3990.2997233072915,3.181106296039676
2460330.902593319,3982.886474609375,3.17779965887647
2460330.909537703,3988.6449381510415,3.1802851460557005
2460330.9164820863,3991.5569661458335,3.1822629457696645
2460330.9234264703,3982.8721516927085,3.1790524971298892
2460330.930370854,3985.2256673177085,3.1792515942969817
2460330.937315238,3987.93994140625,3.180458815861678
2460330.944259622,3988.0000813802085,3.1803015415659055
2460330.951204006,3985.4449869791665,3.181287660147189
2460330.9581483905,4001.849853515625,3.187370223849273
2460330.9650927745,4002.213134765625,3.186157308970768
2460330.972037159,4006.7677408854165,3.185629642237059
2460330.9789815433,4015.3968098958335,3.1906299422790876
2460330.9859259278,4018.2578125,3.190550426440971
2460330.992870312,4018.42919921875,3.190636247062636
2460330.9998146966,4011.6507975260415,3.188420327382673
2460331.006759081,4013.5550944010415,3.188753482652485
2460331.013703466,4015.4166666666665,3.189124387867681
2460331.0206478513,4009.2467447916665,3.187498428055296
2460331.0275922357,4009.418212890625,3.187771125600365
2460331.0345366206,3999.643798828125,3.1840756946710087
2460331.0414810055,3990.0654296875,3.180447889274222
2460331.048425391,3982.9375,3.1775093242495256
2460331.0553697757,3974.5439453125,3.1749503018026424
2460331.0623141606,3970.0423990885415,3.173409941249888
2460331.0692585465,3954.590576171875,3.1690654079905856
2460331.0762029313,3947.7931315104165,3.1662833968395834
2460331.0831473167,3944.4169108072915,3.1664404419752166
2460331.090091702,3931.013916015625,3.1608817838282164
2460331.097036088,3923.18212890625,3.156409625611806
2460331.1039804737,3911.443115234375,3.1522548388516967
2460331.110924859,3907.457275390625,3.151856151665573
2460331.117869245,3896.8211263020835,3.149019172814556
2460331.1248136307,3886.0336100260415,3.143559581163702
2460331.131758017,3883.7079264322915,3.1428625556075183
2460331.1387024024,3872.1432291666665,3.1400041383407573
2460331.1456467886,3866.8296712239585,3.1366681688678884
2460331.1525911745,3858.876953125,3.133491641769633
2460331.1595355608,3861.3046061197915,3.134264185219257
2460331.1664799466,3848.4654134114585,3.129276155696519
2460331.173424333,3848.3470052083335,3.12892163785385
2460331.180368719,3851.74560546875,3.130468345925065
2460331.187313106,3844.4296875,3.1280959911741397
2460331.194257492,3844.3822428385415,3.1284693934030603
2460331.201201879,3856.551513671875,3.1334297805930724
2460331.2081462652,3867.2000325520835,3.136007940555388
2460331.215090652,3872.3902180989585,3.137486351639581
2460331.2220350355,3880.0384114583335,3.1426559460536936
2460331.228979421,3893.066650390625,3.146529740198184
2460331.235923808,3897.8899739583335,3.148683392888628
2460331.242868195,3903.0673014322915,3.1501132648014605
2460331.249812582,3907.6072591145835,3.1514104934863334
2460331.2567569693,3925.1153971354165,3.157807281831549
2460331.263701356,3926.439453125,3.157714631535628
2460331.2706457432,3926.4173177083335,3.160491298742485
2460331.277590131,3930.3921712239585,3.1592658458424068
2460331.284534518,3922.8267415364585,3.156259630567934
2460331.2914789054,3918.041259765625,3.156194195539964
2460331.2984232926,3924.955078125,3.156924681397976
2460331.3053676807,3911.4840494791665,3.1528411498343956
2460331.312312068,3902.3868001302085,3.149878312772153
2460331.319256456,3904.284912109375,3.14890190735041
2460331.3262008433,3890.3487955729165,3.1460257809108185
2460331.3331452315,3884.178955078125,3.1430607355008813
2460331.3400896196,3875.9940592447915,3.142175768758935
2460331.3470340073,3876.7744140625,3.139987349460035
2460331.3539783955,3865.131591796875,3.136246928793628
2460331.3609227836,3843.540771484375,3.1274267168404304
2460331.3678671718,3846.9512532552085,3.129890683971338
2460331.37481156,3841.123779296875,3.1286983555882952
2460331.3817559485,3829.052734375,3.1220050587041226
2460331.3887003367,3818.873291015625,3.118297942326654
2460331.395644725,3809.0266927083335,3.11463747429778
2460331.402589114,3801.1023763020835,3.1120232411326385
2460331.4095335025,3784.29296875,3.1073938663322287
2460331.416477891,3775.1025390625,3.102449156772563
2460331.4234222793,3769.3114420572915,3.099948557526758
2460331.430366669,3762.7374674479165,3.098304590325067
2460331.4373110575,3756.5206705729165,3.0962760891133576
2460331.4442554465,3748.9183756510415,3.0930859560580495
2460331.4511998356,3740.7186686197915,3.091177919369484
2460331.4581442247,3738.0428059895835,3.0898954367255222
2460331.465088614,3730.2574869791665,3.0865504439984277
2460331.4720330033,3734.1099446614585,3.0872055576388484
2460331.478977392,3732.0135904947915,3.0868588812764712
2460331.485921782,3732.8751627604165,3.0883676062117913
2460331.4928661715,3726.0581868489585,3.084245936716696
2460331.4998105606,3715.91162109375,3.082432229252205
2460331.50675495,3715.5812174479165,3.0825856056690224
2460331.5136993397,3727.4535319010415,3.086000718913055
2460331.5206437297,3740.369384765625,3.0908441376492504
2460331.5275881193,3745.32421875,3.0923915662927643
2460331.5345325093,3749.9222819010415,3.0927142934007716
2460331.5414768993,3753.9305013020835,3.0951666732846714
2460331.5484212893,3770.3836263020835,3.1015138925141756
2460331.5553656793,3779.29052734375,3.1055157831184914
2460331.5623100693,3781.5455729166665,3.10498355135147
2460331.56925446,3790.5797526041665,3.1092072205407724
2460331.57619885,3802.944580078125,3.1133823463581503
2460331.5831432403,3806.4254557291665,3.1175224157373767
2460331.590087631,3809.5579427083335,3.117658666661013
2460331.5970320213,3812.41015625,3.1167094192319573
2460331.6039764117,3815.5172526041665,3.1172063096517557
2460331.610920802,3830.7518717447915,3.1240488923634344
2460331.617865193,3831.4248860677085,3.123901426534978
2460331.6248095836,3844.6576334635415,3.1288699924785686
2460331.631753975,3855.1763509114585,3.1320155988941196
2460331.6386983655,3863.793701171875,3.1358166326792993
2460331.645642757,3866.15869140625,3.1362687131757565
2460331.6525871474,3877.6057942708335,3.139816716873605
2460331.659531539,3880.0829264322915,3.142368379808765
2460331.66647593,3887.4239908854165,3.1443923822419113
2460331.673420321,3898.1348470052085,3.1475177700288035
2460331.6803647126,3894.9710286458335,3.1475296943666415
2460331.6873091045,3900.5138346354165,3.148825296282551
2460331.6942534954,3902.1841634114585,3.148771601861807
2460331.701197887,3907.6353352864585,3.1507042616122525
2460331.7081422787,3906.2412109375,3.1509875431079686
2460331.71508667,3909.831787109375,3.1519056417737867
2460331.722031062,3913.3743489583335,3.15276592473522
2460331.728975454,3920.346923828125,3.1553792911251226
2460331.7359198458,3923.9898274739585,3.1568039457147674
2460331.7428642376,3912.250732421875,3.152519715562406
2460331.74980863,3919.5634765625,3.155421200025229
2460331.756753022,3911.5272623697915,3.1543524102783738
2460331.763697414,3907.1000162760415,3.1509567850779425
2460331.770641806,3900.75634765625,3.1489530828912904
2460331.777586199,3894.4440104166665,3.1480785325153335
2460331.784530591,3893.8642578125,3.146180510808508
2460331.7914749836,3880.8316243489585,3.141934525242323
2460331.7984193764,3866.9584147135415,3.1370293638098343
2460331.8053637687,3860.8697916666665,3.133575488086539
2460331.812308161,3839.7769368489585,3.1266775357905447
2460331.819252554,3822.63330078125,3.1212843512659156
2460331.8261969467,3812.5904134114585,3.1176789933701445
2460331.83314134,3794.38232421875,3.110247980460555
2460331.8400857328,3787.3672688802085,3.1082400976772426
2460331.8470301256,3769.3307291666665,3.1018989807819968
2460331.853974519,3753.979736328125,3.0955767513351904
2460331.8609189116,3741.3611653645835,3.090081526646873
2460331.8678633054,3726.378662109375,3.0849720743408997
2460331.8748076987,3711.9256184895835,3.0792322351182033
2460331.881752092,3702.724609375,3.0761410422610496
2460331.8886964857,3695.0670572916665,3.074396889329986
2460331.8956408785,3693.9861653645835,3.0741511117259592
2460331.902585272,3680.7862141927085,3.067963162615342
2460331.909529666,3681.9082845052085,3.067881883818195
2460331.9164740597,3681.6783040364585,3.067801193965519
2460331.9234184534,3679.0367024739585,3.0673289580996994
2460331.930362847,3686.8982747395835,3.0698252893697613
2460331.937307242,3694.2942708333335,3.0735457552510597
2460331.9442516356,3696.1441243489585,3.0732386787249273
2460331.95119603,3701.281005859375,3.0780554081580678
2460331.958140424,3704.1027018229165,3.0787437301585747
2460331.9650848177,3721.5284830729165,3.0851123722130946
2460331.9720292124,3735.091796875,3.088647840883168
2460331.9789736066,3746.8861490885415,3.0925907384975964
2460331.985918001,3761.9544270833335,3.098089098531428
2460331.992862396,3765.217041015625,3.0981390403996123
2460331.99980679,3779.4444173177085,3.103509319890064
2460332.0067511853,3782.021484375,3.105245958078793
2460332.0136955795,3796.6044108072915,3.11031842267542
2460332.0206399746,3803.34765625,3.1124632061484863
2460332.0275843693,3807.3438313802085,3.1141179718005696
2460332.0345287644,3803.0426432291665,3.1132298364437214
2460332.0414731596,3801.5189615885415,3.1135541775981532
2460332.0484175547,3795.4003092447915,3.112009654069676
2460332.0553619494,3787.9288736979165,3.1074949639756233
2460332.062306345,3778.076171875,3.102937349670697
2460332.06925074,3770.55615234375,3.1022562935801137
2460332.0761951357,3761.769775390625,3.09754792505319
2460332.0831395313,3751.53369140625,3.093849465974678
2460332.090083927,3738.8640950520835,3.0888264900014675
2460332.097028322,3735.7889811197915,3.088488664997057
2460332.1039727177,3722.6556803385415,3.082551406083167
2460332.1109171137,3710.1707356770835,3.079873320992484
2460332.1178615093,3701.628662109375,3.0761559760841077
2460332.124805905,3685.5562337239585,3.07035207507604
2460332.1317503015,3672.590087890625,3.064922730269363
2460332.1386946975,3666.576416015625,3.0638351067571463
2460332.145639093,3648.4148763020835,3.055687475352966
2460332.152583489,3639.3179524739585,3.053348033418503
2460332.159527886,3629.431396484375,3.048298485176056
2460332.1664722823,3620.94580078125,3.0455912780912633
2460332.1734166783,3611.322998046875,3.041482539293518
2460332.180361075,3603.5791829427085,3.038199082922399
2460332.187305472,3597.97314453125,3.0371982060202267
2460332.1942498684,3581.9298502604165,3.030861189263648
2460332.201194265,3591.2268880208335,3.033972771029322
2460332.2081386615,3588.0139973958335,3.0349415901974126
2460332.2150830585,3593.580078125,3.0354582164663597
2460332.222027455,3598.202392578125,3.038676996123238
2460332.2289718525,3606.6564127604165,3.040794196326537
2460332.2359162495,3613.6234537760415,3.042730402297005
2460332.2428606465,3624.7242024739585,3.048977257372142
2460332.249805044,3630.4618326822915,3.049917674462513
2460332.2567494414,3637.5641276041665,3.051747102470401
2460332.263693838,3634.1134440104165,3.0510537398766204
2460332.2706382354,3644.6117350260415,3.0543698619784014
2460332.277582633,3643.9666341145835,3.0564577846989294
2460332.2845270303,3647.6714680989585,3.0549865108114846
2460332.2914714287,3641.2816569010415,3.053325603535278
2460332.298415826,3640.8460286458335,3.054034648755398
2460332.3053602236,3639.5703125,3.0526306291102068
2460332.3123046216,3634.7841796875,3.0503488005732002
2460332.3192490195,3624.5066731770835,3.0465896168568847
2460332.3261934174,3624.574951171875,3.0482801558646044
2460332.3331378154,3613.1160481770835,3.042513210473748
2460332.3400822137,3611.7776692708335,3.0422332350548515
2460332.3470266117,3595.35888671875,3.0364880516077015
2460332.35397101,3587.9052734375,3.03488191662592
2460332.3609154085,3579.3555501302085,3.0300856275578405
2460332.367859807,3573.380615234375,3.0278658041069506
2460332.3748042053,3575.852783203125,3.0287325555751248
2460332.381748604,3561.6464029947915,3.023947298697074
2460332.3886930025,3547.9452311197915,3.0184564487103613
2460332.395637401,3551.7337239583335,3.020242342549663
2460332.4025818,3544.5249837239585,3.017565080900851
2460332.4095261986,3532.9519856770835,3.0131903644770084
2460332.416470598,3530.33544921875,3.0109701554428567
2460332.4234149964,3515.2499186197915,3.0067674961516264
2460332.4303593957,3508.678466796875,3.0047273760355133
2460332.437303795,3506.352783203125,3.00362950042933
2460332.444248194,3488.2906087239585,2.9976542337648797
2460332.4511925937,3484.60009765625,2.9952860017820004
2460332.458136993,3475.0318196614585,2.9917543784631175
2460332.4650813923,3465.464599609375,2.989923188539884
2460332.4720257916,3457.3736165364585,2.9845136225717073
2460332.478970191,3456.096435546875,2.9828944243431477
2460332.4859145912,3451.69091796875,2.981822959261844
2460332.4928589906,3452.2596842447915,2.982662042034937
2460332.4998033904,3458.9595540364585,2.98583461752204
2460332.50674779,3450.6541341145835,2.9830407924818636
2460332.5136921904,3456.5043131510415,2.985279754603912
2460332.5206365907,3465.0174153645835,2.9877348604227705
2460332.52758099,3470.0980631510415,2.990458983853152
2460332.5345253907,3479.8321940104165,2.9919153753635297
2460332.5414697905,3490.722412109375,2.995902112002407
2460332.548414191,3495.45263671875,3.000803923506193
2460332.5553585915,3500.1422526041665,2.9997981055140133
2460332.562302992,3510.6298828125,3.004304096615702
2460332.5692473925,3512.3267415364585,3.0051400214520814
2460332.5761917927,3517.401611328125,3.00592826232994
2460332.583136194,3520.0301106770835,3.0076841416963713
2460332.5900805946,3525.629638671875,3.0103965595838407
2460332.5970249954,3520.5037434895835,3.0094754279374527
2460332.6039693966,3518.7412923177085,3.0088391397128897
2460332.6109137973,3511.1647135416665,3.00474536437898
2460332.6178581985,3504.645263671875,3.0015834186270722
2460332.6248025997,3504.2396647135415,3.0023399832808297
2460332.631747001,3505.9552408854165,3.003284144545745
2460332.638691402,3510.199462890625,3.0028341491959343
2460332.645635803,3509.6810709635415,3.005060318360398
2460332.652580205,3506.7845865885415,3.003048195176729
2460332.659524606,3516.9845377604165,3.006854879486981
2460332.6664690077,3519.0236002604165,3.0086349151250844
2460332.6734134094,3523.2350260416665,3.010531248606443
2460332.680357811,3527.781982421875,3.0108811926678842
2460332.6873022127,3538.767578125,3.0146109210985146
2460332.694246615,3544.3866373697915,3.016223761580465
2460332.701191017,3556.506591796875,3.0214480274068016
2460332.7081354186,3564.203857421875,3.0238830272537434
2460332.715079821,3579.8458658854165,3.030171631111904
2460332.722024223,3593.2989908854165,3.0364131175735802
2460332.7289686254,3597.6520182291665,3.03637758391784
2460332.7359130275,3601.62841796875,3.037438344206383
2460332.7428574297,3609.5887858072915,3.0404909605027437
2460332.7498018327,3607.9139811197915,3.0419144828231235
2460332.756746235,3617.6978352864585,3.0449107161147406
2460332.7636906374,3618.6389973958335,3.0450089834751215
2460332.77063504,3617.8056640625,3.046012406087471
2460332.777579443,3607.222412109375,3.0406746715217245
2460332.784523846,3602.7506510416665,3.0398833717076688
2460332.7914682482,3596.9567057291665,3.0363611649206157
2460332.7984126513,3582.323486328125,3.031977476298831
2460332.8053570543,3570.0453287760415,3.026606414914429
2460332.8123014574,3557.5179036458335,3.0224838478417397
2460332.8192458604,3548.0724283854165,3.0187527819347086
2460332.8261902644,3533.4361165364585,3.0119647157795746
2460332.8331346675,3520.3121744791665,3.0085368309615244
2460332.840079071,3506.1178385416665,3.0036487640403084
2460332.8470234745,3493.0989583333335,2.9987021465603987
2460332.8539678776,3476.3540852864585,2.991901218560326
2460332.8609122816,3469.1170247395835,2.988633603269904
2460332.867856685,3455.1717936197915,2.9841790101637766
2460332.874801089,3444.1883951822915,2.978889023522601
2460332.881745493,3438.8882649739585,2.9779655355479595
2460332.8886898966,3424.3924967447915,2.971498823991245
2460332.8956343005,3412.2381998697915,2.966763121166754
2460332.902578705,3409.909423828125,2.9656781277872852
2460332.909523109,3400.457763671875,2.962582805947148
2460332.9164675134,3396.7501627604165,2.960277573192222
2460332.9234119174,3397.603271484375,2.9614911467799008
2460332.9303563223,3396.3863118489585,2.9640010334347804
2460332.9373007263,3391.3995768229165,2.9593385371212606
2460332.9419303294,3393.580078125,5.127241134643555
2460333.120170066,3353.6787109375,5.100903034210205
2460333.1247996707,3354.476806640625,2.9443680875953686
2460333.1317440774,3344.8495279947915,2.9414490467619814
2460333.1386884837,3334.6641438802085,2.9380030191383173
2460333.1456328905,3329.3689778645835,2.935156915658125
2460333.1525772973,3310.12841796875,2.9273319739447463
2460333.159521704,3299.1470540364585,2.923853045841195
2460333.166466111,3287.9943033854165,2.920529070155572
2460333.173410518,3283.20263671875,2.917736835153404
2460333.180354925,3275.1484375,2.9141510294424093
2460333.187299332,3270.154541015625,2.9117981769615575
2460333.1942437394,3266.0504557291665,2.912203775007788
2460333.2011881466,3266.5990397135415,2.9132031400921776
2460333.208132554,3266.662353515625,2.9104449930137406
2460333.215076962,3261.6627604166665,2.909103457122463
2460333.222021369,3261.7481282552085,2.9083734205198497
2460333.228965777,3259.922119140625,2.9080146310046775
2460333.2359101847,3259.786376953125,2.910045180350444
2460333.2428545924,3264.0,2.91081407212168
2460333.249799,3268.9892578125,2.9121951465405864
2460333.2567434083,3271.9814453125,2.9130496108678536
2460333.263687816,3276.2435709635415,2.914630028830991
2460333.2706322237,3279.1236165364585,2.9173518569117327
2460333.2775766323,3286.574462890625,2.9198397867592196
2460333.2845210405,3282.6982421875,2.919569362284746
2460333.2914654487,3284.7027994791665,2.919384551314178
2460333.298409857,3282.5540364583335,2.918630644374739
2460333.3053542655,3283.8346354166665,2.9177151249283764
2460333.312298674,3275.3633626302085,2.914460741168654
2460333.3192430823,3281.4242350260415,2.917486815711733
2460333.326187491,3268.2076009114585,2.912215647075062
2460333.3331319,3265.51025390625,2.911351332660024
2460333.340076309,3255.327392578125,2.9065726289707974
2460333.347020718,3253.25,2.9074134557941615
2460333.3539651264,3250.8072916666665,2.9068657604620998
2460333.360909536,3238.4012858072915,2.900101056849275
2460333.3678539447,3239.5113118489585,2.9009167009834083
2460333.374798354,3229.424072265625,2.8964885698488803
2460333.3817427633,3223.8052571614585,2.8956239374058015
2460333.3886871724,3214.07421875,2.891850305704707
2460333.395631582,3215.4892578125,2.8922018200904738
2460333.4025759916,3211.657958984375,2.888992971729641
2460333.409520401,3203.4933268229165,2.885653911015341
2460333.4164648107,3201.35107421875,2.8855380646414983
2460333.4234092203,3194.00830078125,2.883657507590946
2460333.4303536303,3195.2877604166665,2.882794530282552
2460333.4372980404,3188.7128092447915,2.8797444299596706
2460333.44424245,3187.6781412760415,2.8810403131022784
2460333.45118686,3179.2018229166665,2.8778334826322634
2460333.45813127,3174.135498046875,2.8745172316606893
2460333.4650756805,3171.4786783854165,2.8748537108256507
2460333.472020091,3168.5382486979165,2.8727849192612855
2460333.4789645015,3162.481689453125,2.8703745106634906
2460333.485908911,3162.5718587239585,2.87072090010694
2460333.4928533216,3161.67919921875,2.8694805821551763
2460333.499797732,3166.809326171875,2.8716687071098637
2460333.5067421435,3161.0689290364585,2.870859197166278
2460333.513686554,3163.7613932291665,2.8715692443417846
2460333.520630965,3157.8872884114585,2.8684502554252784
2460333.5275753755,3158.9195963541665,2.8691183950675447
2460333.5345197865,3162.2578938802085,2.8699592660223545
2460333.541464198,3162.2201334635415,2.8702496159350894
2460333.548408609,3158.701171875,2.8684667830689192
2460333.55535302,3162.9716796875,2.87074171512366
2460333.5622974313,3163.7401529947915,2.8714572911145644
2460333.5692418427,3168.4156901041665,2.8749785235715173
2460333.576186254,3162.5243326822915,2.870498524267948
2460333.5831306656,3168.2095540364585,2.873602044528163
2460333.5900750775,3158.43603515625,2.8708286252622273
2460333.5970194885,3161.8540852864585,2.870183810852567
2460333.6039639004,3155.0629069010415,2.868624762790873
2460333.6109083123,3149.3720703125,2.8652646698771798
2460333.6178527237,3149.9698079427085,2.8661621403127437
2460333.624797136,3142.1075032552085,2.8618928995078625
2460333.631741548,3138.858154296875,2.86198775442492
2460333.6386859603,3133.8721516927085,2.8592296706012994
2460333.6456303727,3123.8335774739585,2.857018784371849
2460333.652574785,3123.3231608072915,2.8553813857388666
2460333.659519197,3126.0276692708335,2.857639469808013
2460333.6664636093,3127.1588541666665,2.8560061618261208
2460333.6734080217,3131.3307291666665,2.860365163359375
2460333.6803524345,3143.679443359375,2.8627152472820616
2460333.687296847,3153.2427571614585,2.8664328184670214
2460333.6942412597,3166.508544921875,2.872204138646941
2460333.701185673,3172.6559244791665,2.874308174694212
2460333.7081300854,3176.5077311197915,2.8758052853014315
2460333.715074498,3186.38623046875,2.878489171897962
2460333.722018912,3193.7313639322915,2.883826700877995
2460333.728963325,3201.738037109375,2.885016162141595
2460333.7359077386,3204.7587076822915,2.8874975291551377
2460333.742852151,3206.9225260416665,2.887886579554151
2460333.749796565,3207.3181966145835,2.8880790239194187
2460333.756740978,3210.930908203125,2.8892637377346833
2460333.7636853918,3206.3944498697915,2.8874035992523885
2460333.770629805,3206.0045572916665,2.8883066495231673
2460333.777574219,3204.9369303385415,2.887157336336884
2460333.7845186326,3201.8017578125,2.884760122891443
2460333.791463047,3199.1680501302085,2.8849222342188643
2460333.79840746,3194.4366048177085,2.8838669780456225
2460333.8053518743,3188.9906412760415,2.8798141882461317
2460333.8122962886,3181.0069986979165,2.8777281240576618
2460333.8192407023,3178.3169759114585,2.8774079131152086
2460333.8261851165,3164.8423665364585,2.872639016454628
2460333.833129531,3160.1703287760415,2.8716106476939003
2460333.8400739455,3154.5826009114585,2.8680126208825008
2460333.8470183597,3141.16015625,2.862001320586527
2460333.853962774,3132.9042154947915,2.8589278315533786
2460333.860907189,3134.0491536458335,2.8601806325409083
2460333.8678516033,3123.21435546875,2.8553040455673373
2460333.874796018,3115.447021484375,2.851356989687526
2460333.8817404327,3109.155029296875,2.8499246877029045
2460333.888684848,3098.1116536458335,2.8446603759908395
2460333.895629263,3091.8316243489585,2.8427298775759566
2460333.902573678,3080.5951334635415,2.8380001809104307
2460333.9095180933,3075.8761393229165,2.8348068404917477
2460333.9164625085,3063.4169108072915,2.8336933064070426
2460333.9234069237,3063.4166666666665,2.8321329524335432
2460333.930351339,3055.3827311197915,2.827046505625981
2460333.9372957544,3055.733154296875,2.8276342334576863
2460333.94424017,3055.9276529947915,2.8273197763180007
2460333.9511845857,3055.8072102864585,2.8287013889922137
2460333.9581290013,3055.2452799479165,2.8300875069531792
2460333.9650734174,3060.9558919270835,2.8289326458548696
2460333.9720178326,3053.9911295572915,2.8268085073265126
2460333.9789622487,3054.8699544270835,2.8287576485428763
2460333.9859066647,3057.42724609375,2.829182705032842
2460333.992851081,3059.7406412760415,2.829137760152236
2460333.999795497,3058.9610188802085,2.82806777146089
2460334.006739913,3065.22021484375,2.8311325636018014
2460334.013684329,3060.9654947916665,2.8310288326916524
2460334.020628746,3065.5952962239585,2.83227677579513
2460334.027573162,3067.68798828125,2.8323170585414013
2460334.0345175792,3073.9549967447915,2.834773525085069
2460334.0414619953,3068.4117838541665,2.8324510017023994
2460334.0484064124,3069.41162109375,2.833587597111077
2460334.0553508294,3066.0030110677085,2.834596475356005
2460334.0622952455,3061.4098307291665,2.8294730011799216
2460334.069239663,3061.0821126302085,2.828790378787819
2460334.07618408,3049.226318359375,2.8280255922964503
2460334.083128497,3037.6822916666665,2.822728185200886
2460334.0900729145,3034.4400227864585,2.8208508952986153
2460334.0970173315,3022.0498046875,2.8141964167866784
2460334.103961749,3013.2134602864585,2.811157734965476
2460334.1109061665,3002.9391276041665,2.8071204226834467
2460334.117850584,2998.463623046875,2.803349828712575
2460334.1247950015,2989.0733235677085,2.801699803016757
2460334.131739419,2980.4017740885415,2.798832039992876
2460334.138683837,2980.1756184895835,2.798203843851677
2460334.145628255,2977.3497721354165,2.796712766162424
2460334.1525726723,2966.6549479166665,2.7924603669948542
2460334.159517091,2959.7430013020835,2.7916565207521296
2460334.1664615087,2963.6463216145835,2.790954881823843
2460334.1734059267,2958.4838053385415,2.7887179548283143
2460334.180350345,2954.4402669270835,2.7866877948986626
2460334.187294763,2951.0126139322915,2.785621714627602
2460334.194239182,2950.8253580729165,2.784673331771325
2460334.2011836004,2945.8672688802085,2.783197791885461
2460334.2081280183,2942.433349609375,2.7812818648395066
2460334.215072437,2938.8524576822915,2.7804965050506047
2460334.2220168556,2934.7787272135415,2.7784526184898355
2460334.2289612745,2932.0018717447915,2.7770962726097976
2460334.2359056934,2925.601806640625,2.7744045223274507
2460334.2428501123,2930.4043782552085,2.7763752196696845
2460334.2497945316,2928.6209309895835,2.7754065288241834
2460334.256738951,2930.7495930989585,2.7770621085496834
2460334.26368337,2924.7674967447915,2.7746988120569274
2460334.2706277887,2927.0338541666665,2.7748518410120813
2460334.2775722085,2929.9085286458335,2.7760522001591728
2460334.2845166274,2927.989501953125,2.7766395632540326
2460334.2914610473,2928.88232421875,2.7762962965255995
2460334.298405467,2925.7012532552085,2.776203088749598
2460334.3053498864,2917.6116536458335,2.7717175766407025
2460334.3122943062,2917.3973795572915,2.7711739251888576
2460334.319238726,2908.175537109375,2.769297131915152
2460334.326183146,2905.4767252604165,2.769409196973602
2460334.333127566,2902.7083333333335,2.767665750150426
2460334.340071986,2902.83837890625,2.7653890472450313
2460334.347016406,2889.7460123697915,2.7612508999378016
2460334.353960826,2881.744873046875,2.75631740385623
2460334.3609052463,2885.81103515625,2.7581627249377783
2460334.367849667,2878.9995930989585,2.756498000559962
2460334.3747940874,2876.0491536458335,2.755593286920311
2460334.3817385077,2868.43994140625,2.7513016789124993
2460334.3886829284,2868.818115234375,2.752085175324917
2460334.395627349,2865.3245442708335,2.7498875379546086
2460334.40257177,2861.5133463541665,2.7482751710529647
2460334.4095161906,2861.8516438802085,2.7495466696761217
2460334.4164606114,2860.8096516927085,2.7504267769522763
2460334.4234050326,2857.5406901041665,2.748676098252174
2460334.430349454,2861.969482421875,2.7482678942223475
2460334.437293875,2866.847412109375,2.7529262748802683
2460334.4442382962,2862.964111328125,2.749147254266621
2460334.4511827175,2869.6277669270835,2.752494130512767
2460334.4581271387,2869.8133951822915,2.7527992937027275
2460334.4650715603,2864.2173665364585,2.7521197076340713
2460334.472015982,2874.0887044270835,2.756575619404811
2460334.4789604037,2867.2212727864585,2.751406619118032
2460334.4859048254,2873.2386067708335,2.75474803493689
2460334.492849247,2875.155029296875,2.7546003041622544
2460334.499793669,2873.4097493489585,2.7531409282657697
2460334.506738091,2866.5892740885415,2.75134520398128
2460334.513682513,2870.2594401041665,2.7522224157717283
2460334.5206269347,2866.09326171875,2.750385464921225
2460334.527571358,2863.2775065104165,2.7516428653822493
2460334.53451578,2862.9407552083335,2.7489707686710805
2460334.5414602016,2857.250732421875,2.74802683634527
2460334.5484046247,2851.8433430989585,2.7452296044395
2460334.555349047,2840.8348795572915,2.7395235570042353
2460334.56229347,2846.44970703125,2.7427308720371184
2460334.5692378925,2838.524169921875,2.73977464937445
2460334.5761823156,2830.8363444010415,2.7373522799492824
2460334.583126738,2821.7963053385415,2.7325710091415876
2460334.590071161,2823.5160319010415,2.7337030571315957
2460334.597015584,2817.434326171875,2.731775598028831
2460334.6039600074,2812.7368977864585,2.7298728680794997
2460334.6109044305,2804.2081705729165,2.725319845482096
2460334.6178488536,2802.898681640625,2.724185614885066
2460334.624793277,2787.99755859375,2.718873227406414
2460334.6317377007,2786.4165852864585,2.7175035489575197
2460334.638682124,2780.0189615885415,2.7158270712164874
2460334.6456265477,2772.6549479166665,2.7114594732465434
2460334.6525709713,2772.182861328125,2.7118477623838406
2460334.6595153953,2766.6212565104165,2.7100249502266163
2460334.666459819,2768.6368001302085,2.7107434592394575
2460334.673404243,2767.1255696614585,2.713418638665751
2460334.680348667,2768.3185221354165,2.711723504355201
2460334.6872930913,2765.8436686197915,2.7087383963441094
2460334.6942375153,2771.4971516927085,2.711807794789713
2460334.7011819393,2774.5222981770835,2.7130263831162442
2460334.708126364,2775.100341796875,2.71321940241975
2460334.7150707883,2785.7849934895835,2.718763908089121
2460334.7220152128,2791.614013671875,2.721198565450305
2460334.7289596335,2790.78076171875,2.720583730175852
2460334.7359040584,2792.9469401041665,2.719841615024555
2460334.7428484834,2794.4737141927085,2.7226345916563974
2460334.749792908,2794.7085774739585,2.721922659166403
2460334.756737333,2800.6670735677085,2.723906202800873
2460334.7636817577,2796.3285319010415,2.7219171340161803
2460334.770626183,2800.2185872395835,2.7257947102975617
2460334.7775706085,2797.63671875,2.7235428458442796
2460334.784515033,2796.6333821614585,2.7227468372385992
2460334.7914594584,2792.4737141927085,2.721161666898352
2460334.798403884,2793.1385091145835,2.722222922490666
2460334.805348309,2792.4742024739585,2.7212600240794687
2460334.8122927356,2788.0474446614585,2.719421359362023
2460334.819237161,2789.0648600260415,2.720841324846498
2460334.8261815864,2780.597412109375,2.71523935953427
2460334.8331260122,2779.33837890625,2.7147378662288055
2460334.840070438,2774.4667154947915,2.7121767352245283
2460334.8470148644,2768.413818359375,2.7094443223211364
2460334.8539592903,2762.0316569010415,2.7072953858962916
2460334.860903716,2757.7450358072915,2.707249163026532
2460334.8678481425,2753.1722819010415,2.704833708950487
2460334.874792569,2750.8275553385415,2.7026099799660575
2460334.881736995,2742.8697916666665,2.699316807843015
2460334.888681422,2734.5369466145835,2.6969428678579135
2460334.8956258483,2726.545654296875,2.6935782120995313
2460334.902570275,2716.4931640625,2.6900560707777994
2460334.9095147015,2709.5847981770835,2.6877554725918187
2460334.9164591287,2710.939697265625,2.6855446458906846
2460334.9234035555,2702.9995930989585,2.6845539833487777
2460334.9303479823,2706.905517578125,2.6859001057414873
2460334.9372924096,2699.4750162760415,2.68196615528935
2460334.944236837,2699.3131510416665,2.6810983351732642
2460334.951181264,2702.2962239583335,2.6822571609725867
2460334.9581256914,2701.2334798177085,2.6810013506930837
2460334.9650701187,2696.87548828125,2.6825193719888003
2460334.972014546,2697.6778971354165,2.6810036067341287
2460334.9789589737,2697.51220703125,2.6805124686588275
2460334.9859034014,2691.1835123697915,2.6771201636344717
2460334.9928478287,2687.1505533854165,2.6756147576485816
2460334.999792257,2686.2469075520835,2.6772920470175374
2460335.0067366846,2684.7965494791665,2.6746039632625505
2460335.0136811123,2679.9143880208335,2.6747498610387215
2460335.020625541,2681.9007161458335,2.674138268166191
2460335.0275699687,2680.0004069010415,2.6734847089164426
2460335.0345143974,2681.68212890625,2.6744872088444667
2460335.041458825,2686.370361328125,2.6764477729721112
2460335.048403254,2684.4352213541665,2.675338165386485
2460335.0553476824,2683.0784505208335,2.674822158943049
2460335.0622921106,2675.6644694010415,2.671062321925868
2460335.06923654,2674.9139811197915,2.672362217524372
2460335.0761809684,2668.6548665364585,2.6686515548795438
2460335.083125397,2660.2294921875,2.6667758357430777
2460335.0900698258,2656.814453125,2.6625175390709335
2460335.097014255,2650.3447265625,2.6617551528143655
2460335.103958684,2645.3154296875,2.658765229650647
2460335.110903113,2634.7339680989585,2.659204364671798
2460335.1178475427,2629.8876953125,2.651575228451488
2460335.124791972,2634.01611328125,2.6526382784962217
2460335.1317364015,2622.54150390625,2.6491551905938384
2460335.1386808306,2625.397705078125,2.6502635930574807
2460335.14562526,2620.0965169270835,2.6468467573820837
2460335.1525696903,2622.5887858072915,2.6510818497681936
2460335.1595141194,2618.182373046875,2.646891474045382
2460335.1664585494,2618.5452473958335,2.6482583478304975
2460335.1734029795,2618.9981282552085,2.648048799216927
2460335.180347409,2622.8389485677085,2.649031868359965
2460335.1872918396,2619.0126953125,2.6486642011853467
2460335.1942362697,2620.7149251302085,2.647824489653611
2460335.2011806997,2624.7566731770835,2.6490076061532855
2460335.2081251307,2620.8640950520835,2.649252886840952
2460335.2150695603,2624.0928548177085,2.6485607461944136
2460335.222013991,2621.7643229166665,2.6488351652757722
2460335.228958422,2617.3193359375,2.648171359754937
2460335.235902853,2615.8987630208335,2.6461923283514657
2460335.242847283,2612.5598958333335,2.643538293311298
2460335.249791714,2610.49072265625,2.6440316341384142
2460335.256736145,2613.8114420572915,2.646031844141497
2460335.263680576,2608.645263671875,2.6429261793441334
2460335.270625007,2606.1053873697915,2.641986286255055
2460335.277569438,2599.4988606770835,2.638486550907301
2460335.28451387,2595.490478515625,2.63769352121739
2460335.291458301,2588.16650390625,2.636288835139371
2460335.2984027322,2583.8350423177085,2.632545373321254
2460335.3053471637,2585.0159505208335,2.6321707687117937
2460335.3122915956,2583.2056477864585,2.6315921330438496
2460335.319236027,2576.7788899739585,2.6294485561367504
2460335.3261804585,2568.021240234375,2.6255245942434287
2460335.3331248905,2567.7293294270835,2.625924061636297
2460335.3400693224,2563.7879231770835,2.6238134517410128
2460335.347013755,2563.1487630208335,2.623349515980338
2460335.3539581867,2559.4632161458335,2.622003820049742
2460335.360902619,2557.0448404947915,2.6206524570670955
2460335.3678470515,2554.7963053385415,2.619600101781567
2460335.374791484,2553.6458333333335,2.6197024173222205
2460335.381735916,2556.806396484375,2.6205928501520366
2460335.3886803486,2555.3433430989585,2.6203103910228744
2460335.3956247815,2547.5302734375,2.6163800580699776
2460335.402569214,2552.9708658854165,2.618777822411302
2460335.4095136467,2550.2335611979165,2.621702143257804
2460335.4164580796,2552.2522786458335,2.6207055448044465
2460335.4234025124,2552.9354654947915,2.6191227819257907
2460335.4303469458,2556.5944010416665,2.621002558489351
2460335.4372913786,2555.5355631510415,2.620185459088483
2460335.4442358124,2550.898193359375,2.618810116510816
2460335.4511802457,2550.885986328125,2.6192839434777055
2460335.458124679,2548.9609375,2.6170916270309785
2460335.465069112,2541.0517578125,2.613752632105385
2460335.472013546,2544.06005859375,2.6151907485277497
2460335.4789579795,2545.8663736979165,2.61639332983644
2460335.4859024133,2546.7351888020835,2.616111723593025
2460335.492846847,2548.2157389322915,2.619161128544554
2460335.4997912813,2552.673095703125,2.618749915418264
2460335.506735715,2547.9622395833335,2.616309507254684
2460335.5136801493,2550.622802734375,2.621794795136494
2460335.5206245836,2555.4750162760415,2.619839052073647
2460335.527569018,2551.4059244791665,2.6199244969968314
2460335.534513452,2546.7257486979165,2.617950949495187
2460335.5414578863,2545.1458333333335,2.6192691198112668
2460335.548402321,2536.5244140625,2.612988435216361
2460335.555346756,2539.2974446614585,2.6131284984625927
2460335.5622911905,2534.1675618489585,2.6104603642509647
2460335.569235625,2525.53857421875,2.607769770620973
2460335.57618006,2527.4232584635415,2.608002010099874
2460335.583124495,2524.3894856770835,2.6073086968289307
2460335.5900689303,2519.912109375,2.604460639711554
2460335.597013365,2515.8878580729165,2.6034885582577227
2460335.6039578,2513.520263671875,2.601903830888187
2460335.610902236,2509.8819173177085,2.601263238977337
2460335.617846671,2508.38134765625,2.6005569820162044
2460335.624791106,2511.4193522135415,2.6007021864410675
2460335.6317355423,2505.2574055989585,2.599063729644119
2460335.638679978,2502.5227864583335,2.598166168906119
2460335.6456244136,2497.9404296875,2.5967338904736548
2460335.6525688497,2495.5423177083335,2.594321889629015
2460335.6595132854,2492.4027506510415,2.5933870917123905
2460335.6664577215,2493.6534016927085,2.593563933667697
2460335.673402158,2489.3675944010415,2.591416669363449
2460335.6803465937,2488.6201985677085,2.5910978869464034
2460335.68729103,2491.6729329427085,2.5931237086589576
2460335.6942354664,2486.615966796875,2.590896913983763
2460335.701179903,2484.2671712239585,2.5894778235621816
2460335.708124339,2486.1265462239585,2.591493612823647
2460335.7150687757,2484.5634765625,2.591363458398912
2460335.7220132127,2485.861083984375,2.5919755630415002
2460335.72895765,2482.1527506510415,2.5882228949350896
2460335.7359020864,2489.0013834635415,2.5932389707458134
2460335.742846523,2482.8778483072915,2.5880521932675964
2460335.7497909605,2478.298583984375,2.5854743191229885
2460335.7567353975,2476.744140625,2.5853062937529177
2460335.7636798345,2474.896240234375,2.5858226340788217
2460335.770624272,2474.3677571614585,2.5860742748112022
2460335.7775687096,2471.8877766927085,2.5849405440532807
2460335.784513147,2472.0436197916665,2.585619647621078
2460335.7914575846,2470.8418782552085,2.5825421706859313
2460335.798402022,2465.9668782552085,2.580904136386946
2460335.80534646,2465.5930989583335,2.5810717509217125
2460335.812290898,2462.8361002604165,2.5829470610217133
2460335.819235336,2466.04638671875,2.5817510730962057
2460335.826179774,2462.3108723958335,2.5799048503339606
2460335.8331242125,2459.9266764322915,2.57920732974901
2460335.84006865,2455.4065755208335,2.5788036745382694
2460335.8470130884,2450.8915201822915,2.574593825622858
2460335.853957527,2451.6724446614585,2.5773734458525728
2460335.8609019653,2446.3427734375,2.573147388219225
2460335.8678464037,2449.0584309895835,2.574852334493783
2460335.874790842,2443.0892740885415,2.571512576018488
2460335.8817352816,2445.9954427083335,2.572801345707669
2460335.8886797205,2441.77099609375,2.5701403807333336
2460335.8956241594,2440.17333984375,2.5699869044735975
2460335.902568598,2437.7494303385415,2.568403731815527
2460335.9095130377,2436.18701171875,2.568083814920698
2460335.9164574766,2434.3091634114585,2.567002240170767
2460335.923401916,2429.0677083333335,2.5675170286008586
2460335.9303463553,2430.5333658854165,2.5679675486567395
2460335.937290795,2427.6015625,2.564460229939215
2460335.944235234,2426.6905924479165,2.5645508370025865
2460335.951179674,2418.4053548177085,2.5601553579451384
2460335.9581241137,2414.459716796875,2.5594880862435945
2460335.965068553,2415.4075520833335,2.55966431417837
2460335.9720129934,2416.5624186197915,2.5588563537054774
2460335.9789574333,2416.7314453125,2.5592844150392837
2460335.9859018736,2414.8509928385415,2.559776026382297
2460335.992846314,2415.0770670572915,2.560164213181888
2460335.999790754,2414.3192545572915,2.5580317974633067
2460336.0067351945,2404.9427897135415,2.5546545373713774
2460336.013679635,2410.951904296875,2.5571869513338137
2460336.020624075,2406.981689453125,2.5551598747146813
2460336.027568516,2408.1290690104165,2.557945008319457
2460336.0345129566,2408.12548828125,2.55540894826077
2460336.0414573974,2404.0841471354165,2.5548218133886134
2460336.048401838,2401.4248860677085,2.5549902903422934
2460336.05534628,2400.855224609375,2.553144961958095
2460336.0622907206,2402.3438313802085,2.553005596121945
2460336.069235162,2398.4166666666665,2.5517593127851854
2460336.076179603,2391.966796875,2.5491343244211957
2460336.083124045,2389.7311197916665,2.550224331450702
2460336.0900684856,2383.43115234375,2.5463016509332257
2460336.0970129273,2376.2174479166665,2.543037652545629
2460336.1039573695,2377.0692545572915,2.542969314515502
2460336.1109018107,2379.205078125,2.543690901626323
2460336.1178462524,2377.0900065104165,2.5423271102109872
2460336.124790694,2372.1604817708335,2.5406506239988964
2460336.1317351363,2372.2421875,2.5409822746126522
2460336.1386795784,2367.9803873697915,2.5382978749048553
2460336.1456240206,2370.0384114583335,2.5389426546733116
2460336.152568463,2372.3225911458335,2.539659844991682
2460336.159512905,2372.8955891927085,2.540149768418167
2460336.1664573476,2373.3763020833335,2.5402285747087916
2460336.17340179,2375.2618815104165,2.5416707895959267
2460336.1803462324,2371.1025390625,2.5399293345735434
2460336.1872906755,2375.9329427083335,2.5416910721801984
2460336.1942351186,2371.076904296875,2.538828863879742
2460336.201179561,2375.3069661458335,2.5423777696902263
2460336.208124004,2372.8155110677085,2.5398658989649516
2460336.215068447,2373.0902506510415,2.540052014087996
2460336.22201289,2370.8682454427085,2.538715023221057
2460336.2289573336,2369.9016927083335,2.5406962961797346
2460336.2359017767,2364.7207845052085,2.5378163717782622
2460336.2428462203,2369.6764322916665,2.538500542550034
2460336.2497906643,2368.4247233072915,2.5388233374666322
2460336.2567351074,2365.6499837239585,2.539162717693116
2460336.2636795514,2365.182861328125,2.5380037285081385
2460336.270623995,2363.6780598958335,2.5366330375330413
2460336.277568439,2362.7737630208335,2.5354575831111243
2460336.284512883,2359.408935546875,2.5340580662949623
2460336.291457327,2356.5480143229165,2.5325153269582006
2460336.298401771,2355.7794596354165,2.5326737915841853
2460336.3053462156,2350.0071614583335,2.5322420282460794
2460336.3122906596,2349.105712890625,2.5311402930124585
2460336.3192351046,2344.4173990885415,2.5275668459277787
2460336.326179549,2346.4335123697915,2.530757131879611
2460336.3331239936,2344.642333984375,2.527441037779114
2460336.3400684367,2345.7379557291665,2.5289732601525166
2460336.3470128803,2347.8030598958335,2.5290248002772424
2460336.353957325,2342.929931640625,2.5263477458104724
2460336.36090177,2344.6826985677085,2.5272350255288027
2460336.3678462156,2346.2622884114585,2.529145728485131
2460336.3747906606,2345.0011393229165,2.5270471766571827
2460336.3817351055,2341.9752604166665,2.5263045512961466
2460336.388679551,2340.5227864583335,2.524899284571901
2460336.395623997,2343.47265625,2.526672266032137
2460336.4025684423,2341.14794921875,2.527048346116788
2460336.4095128877,2341.112548828125,2.524846183083666
2460336.4164573336,2341.1177571614585,2.5255336680329514
2460336.4234017795,2339.80126953125,2.525605605576548
2460336.4303462254,2339.2118326822915,2.5279283613161696
2460336.4372906717,2337.242919921875,2.523134912210685
2460336.4442351176,2333.3173828125,2.5231899222188816
2460336.451179564,2336.6280110677085,2.5222049518089658
2460336.45812401,2336.95751953125,2.52474238973775
2460336.4650684563,2331.9217936197915,2.5240018418165
2460336.472012903,2332.835205078125,2.522059097939286
2460336.4789573494,2329.4927571614585,2.5197951477715104
2460336.4859017967,2332.3311360677085,2.521142605186219
2460336.492846243,2325.328857421875,2.5195678308556535
2460336.4997906904,2324.741455078125,2.5196694116581115
2460336.5067351367,2327.5228678385415,2.519326941869872
2460336.513679584,2330.9274088541665,2.5207622435432175
2460336.520624031,2324.5861002604165,2.519341927715001
2460336.527568478,2328.5790201822915,2.520279201568113
2460336.534512926,2326.7811686197915,2.5201505168679956
2460336.541457373,2328.7119954427085,2.5200305230770392
2460336.548401821,2325.8805338541665,2.520419257863076
2460336.5553462687,2328.1473795572915,2.519182889256207
2460336.5622907165,2324.7625325520835,2.5185584715323444
2460336.569235164,2332.2884114583335,2.521648264983128
2460336.576179612,2326.0983072916665,2.5196517516214327
2460336.5831240597,2327.524169921875,2.520126558538394
2460336.590068508,2328.886962890625,2.520637040268297
2460336.597012956,2329.9874674479165,2.5223117243664785
2460336.603957404,2330.891357421875,2.521447353378412
2460336.6109018526,2335.380126953125,2.5233289181792027
2460336.6178463013,2330.6898600260415,2.5200500423120538
2460336.6247907495,2332.1063639322915,2.5213594244519144
2460336.631735198,2329.4111328125,2.52124410323766
2460336.638679647,2329.4520670572915,2.520366899130493
2460336.645624096,2329.25244140625,2.5195558375835754
2460336.6525685447,2326.8306477864585,2.5209329493557826
2460336.659512994,2329.3653157552085,2.522027650539103
2460336.666457443,2328.7568359375,2.520931553609499
2460336.673401892,2328.6604817708335,2.5206345366572176
2460336.6803463413,2331.1546223958335,2.522415100438865
2460336.687290791,2325.0328776041665,2.5197222754337947
2460336.6942352406,2326.0542805989585,2.519428495948016
2460336.70117969,2327.7963053385415,2.51975617320031
2460336.70812414,2323.1099446614585,2.5179235069882933
2460336.7150685894,2322.104736328125,2.519004784729902
2460336.7220130395,2324.6802571614585,2.5180069345579166
2460336.7289574896,2326.3648274739585,2.5184483185724176
2460336.735901939,2321.611572265625,2.520630249926245
2460336.7428463898,2326.6119791666665,2.520966870511429
2460336.74979084,2326.2464192708335,2.5190899925060397
2460336.75673529,2325.5154622395835,2.5190825903467484
2460336.763679741,2329.8570963541665,2.520114263284414
2460336.770624191,2329.6487630208335,2.5200762965220167
2460336.777568642,2330.4990234375,2.520495976359867
2460336.784513092,2326.6324869791665,2.5206431332771095
2460336.7914575436,2328.8843587239585,2.521263785170687
2460336.7984019946,2327.98046875,2.519883424231713
2460336.805346445,2329.7926432291665,2.5213014792803827
2460336.8122908967,2332.8483072916665,2.5202780075646287
2460336.8192353477,2327.569580078125,2.519944627566032
2460336.826179799,2329.8121744791665,2.522259425010418
2460336.8331242506,2327.9708658854165,2.520347733574106
2460336.840068702,2329.3158365885415,2.5197902234576746
2460336.8470131536,2325.0887044270835,2.5185821660684637
2460336.8539576055,2327.8760579427085,2.5207441748684207
2460336.860902057,2326.6351725260415,2.5224136106232864
2460336.867846509,2324.7735188802085,2.5183577534851
2460336.874790961,2324.6803385416665,2.519538046611413
2460336.8817354133,2324.6439615885415,2.517727036656106
2460336.8886798653,2326.2771809895835,2.5193853508036654
2460336.895624317,2326.5873209635415,2.519016738911693
2460336.90256877,2327.2325846354165,2.518950187603105
2460336.9095132225,2324.5021158854165,2.519082888136793
2460336.916457675,2327.3977864583335,2.5193378534948625
2460336.923402128,2323.7060546875,2.51709848431024
2460336.93034658,2324.031494140625,2.5185781185848226
2460336.937291033,2330.3616536458335,2.520143851348149
2460336.9442354864,2326.4723307291665,2.5192269781017207
2460336.95117994,2329.2962239583335,2.5206015005592852
2460336.958124392,2325.52490234375,2.5185411687341146
2460336.9650688455,2324.3328450520835,2.5180026372263336
2460336.972013299,2329.30859375,2.521884530758412
2460336.978957752,2325.5149739583335,2.5190116625701133
2460336.9859022056,2325.1041666666665,2.5179347727892343
2460336.99284666,2326.974609375,2.519118763912349
2460336.999791113,2322.678955078125,2.5164093331291233
2460337.0067355675,2324.8438313802085,2.5199737117254406
2460337.013680021,2329.4801432291665,2.520038242832265
2460337.020624475,2329.111083984375,2.521646504390385
2460337.027568929,2324.4068196614585,2.519729321143593
2460337.034513383,2326.7154134114585,2.519223047631196
2460337.0414578374,2320.6975911458335,2.5158146827907317
2460337.048402292,2326.4536946614585,2.5206368740719167
2460337.0553467465,2327.1726888020835,2.518918799038561
2460337.0622912007,2320.9303385416665,2.5174253839369407
2460337.069235656,2323.8592122395835,2.517151541055464
2460337.07618011,2322.4278157552085,2.5167215046012994
2460337.0831245654,2321.2784830729165,2.5184183331430168
2460337.09006902,2322.76123046875,2.5179218188484294
2460337.0970134754,2322.80908203125,2.5166030226484555
2460337.1039579306,2320.3885091145835,2.518432497319743
2460337.110902386,2319.8116048177085,2.516065002555815
2460337.117846841,2320.670654296875,2.5163295877008474
2460337.1247912967,2318.6078287760415,2.515463735670771
2460337.131735752,2318.7185872395835,2.5159211607964034
2460337.138680208,2324.1840006510415,2.5184043789983925
2460337.1456246637,2327.2223307291665,2.5195078726328677
2460337.1525691194,2327.3780110677085,2.520422404305282
2460337.1595135755,2325.0305989583335,2.5183608011341883
2460337.1664580316,2322.3690592447915,2.5172470853222118
2460337.1734024878,2326.4152018229165,2.520404133778368
2460337.180346944,2323.4978841145835,2.517002574618266
2460337.1872914005,2327.3291015625,2.521684907561484
2460337.1942358566,2320.5184733072915,2.516926973591153
2460337.2011803132,2319.3497721354165,2.5164245149806095
2460337.20812477,2324.92529296875,2.5197892418652095
2460337.2150692265,2322.4432779947915,2.518846851270818
2460337.2220136835,2320.9000651041665,2.5172333828135445
2460337.22895814,2322.782470703125,2.517168571468395
2460337.235902597,2322.328369140625,2.519045493751508
2460337.2428470547,2319.5042317708335,2.5180246670015216
2460337.249791512,2320.58837890625,2.516928669098353
2460337.256735969,2326.2967936197915,2.5204137935669553
2460337.2636804264,2326.3938802083335,2.52151573450323
2460337.270624884,2323.5498046875,2.5166564078934597
2460337.277569342,2325.0850423177085,2.518433572179297
2460337.284513799,2319.3885091145835,2.5149893260723197
2460337.291458257,2326.0560709635415,2.5191173092045545
2460337.298402715,2324.4862467447915,2.5197640376183297
2460337.3053471725,2317.7008463541665,2.5147349847471503
2460337.312291631,2320.2892252604165,2.518957963194754
2460337.319236089,2319.4813639322915,2.5154373930773346
2460337.3261805475,2319.2147623697915,2.5168352283526665
2460337.333125006,2320.262939453125,2.5161779602983927
2460337.340069465,2319.0958658854165,2.516089257482404
2460337.347013923,2319.7259928385415,2.5159563683897175
2460337.353958382,2319.9129231770835,2.5157541625440696
2460337.3609028407,2313.033447265625,2.5139589941582794
2460337.3678472997,2318.625732421875,2.516620560203242
2460337.3747917586,2316.7854817708335,2.514392451047225
2460337.3817362175,2320.33642578125,2.516222048335981
2460337.3886806765,2320.067138671875,2.5154676532466733
2460337.395625136,2322.4440104166665,2.518696197356681
2460337.4025695953,2320.7970377604165,2.5161028119766695
2460337.4095140547,2324.368408203125,2.5194359168210037
2460337.416458514,2321.028564453125,2.5161461742914883
2460337.423402974,2321.73828125,2.5158380924183086
2460337.430347434,2324.2998046875,2.519279249919093
2460337.4372918936,2316.8953450520835,2.5158222745775594
2460337.4442363535,2319.9160970052085,2.517811084989892
2460337.4511808134,2318.485107421875,2.5176936186325114
2460337.4581252737,2326.0100911458335,2.519113139964736
2460337.465069734,2322.4322102864585,2.518057729883778
2460337.472014194,2320.4960123697915,2.5168568292259836
2460337.4789586547,2316.7819010416665,2.515865005333924
2460337.4859031155,2319.0299479166665,2.5147738067606555
2460337.492847576,2322.0142415364585,2.5163915676201802
2460337.499792036,2314.953857421875,2.51463786618281
2460337.506736497,2311.5628255208335,2.5125882478642816
2460337.5136809577,2315.72900390625,2.5135979975175977
2460337.5206254194,2316.5630696614585,2.5146450763659045
2460337.5275698802,2315.1405436197915,2.513527187069562
2460337.5345143415,2315.6583658854165,2.5138106609416275
2460337.5414588028,2316.313232421875,2.514276839123677
2460337.5484032645,2316.7836100260415,2.516017174612657
2460337.555347726,2319.4943033854165,2.5168972650668047
2460337.562292187,2322.2831217447915,2.5175676240257854
2460337.569236649,2318.60205078125,2.5157972214761988
2460337.576181111,2321.7900390625,2.515956248623188
2460337.5831255727,2319.3882649739585,2.5162089338010767
2460337.5900700353,2320.1546223958335,2.5166375466793798
2460337.597014497,2317.609619140625,2.515416557389053
2460337.603958959,2316.2610677083335,2.51523981696514
2460337.6109034214,2321.6475423177085,2.516495667833628
2460337.617847884,2317.8535970052085,2.515288926917366
2460337.6247923463,2316.7725423177085,2.5150579566635725
2460337.631736809,2315.9833984375,2.5128430310720273
2460337.6386812716,2319.2271321614585,2.5168706280386535
2460337.6456257347,2317.1143391927085,2.5145757198479406
2460337.6525701974,2320.0279947916665,2.515527635453739
2460337.65951466,2317.9442545572915,2.51615030471014
2460337.6664591236,2314.5160319010415,2.5142856986049815
2460337.6734035867,2320.5743001302085,2.5163420103742182
2460337.68034805,2318.5240071614585,2.515767393160858
2460337.687292513,2313.6022135416665,2.5135396598516
2460337.6942369766,2309.18212890625,2.5104337902651825
2460337.70118144,2314.3535970052085,2.5132280772421636
2460337.7081259037,2311.1490071614585,2.512860520585079
2460337.7150703673,2313.1627604166665,2.5147893724506747
2460337.7220148314,2312.8575032552085,2.5144097112255515
2460337.7289592954,2316.9353841145835,2.5154523279126315
2460337.735903759,2311.93603515625,2.516482533092256
2460337.7428482235,2314.5503743489585,2.5143201942798195
2460337.7497926876,2314.7032877604165,2.51337710418238
2460337.756737152,2314.362060546875,2.5138269944825895
2460337.763681616,2315.3811848958335,2.514060486955655
2460337.7706260807,2318.226318359375,2.5162015100262
2460337.7775705457,2317.828369140625,2.5152838887500066
2460337.78451501,2316.666259765625,2.514853893633201
2460337.791459475,2315.5281575520835,2.5179486503734863
2460337.7984039397,2317.787353515625,2.51574268833851
2460337.805348405,2316.392578125,2.515111778716818
2460337.81229287,2319.0775553385415,2.5167321046269007
2460337.819237335,2316.3221028645835,2.515866198688131
2460337.8261818006,2318.7950846354165,2.5143975101580254
2460337.833126266,2314.2813313802085,2.5128757668638304
2460337.8400707315,2316.4520670572915,2.5135328945144826
2460337.847015197,2319.4803873697915,2.5179480299356642
2460337.8539596624,2317.2198893229165,2.516093846085898
2460337.860904128,2312.904296875,2.5127404684240364
2460337.867848594,2316.2660319010415,2.5139623188422
2460337.8747930597,2315.9813639322915,2.5141419691486226
2460337.881737526,2317.349365234375,2.5151868264547135
2460337.8886819924,2319.052490234375,2.515589889188583
2460337.895626458,2311.2229817708335,2.512137907898477
2460337.9025709247,2308.5498860677085,2.511906008545275
2460337.9095153906,2312.4618326822915,2.51304491010124
2460337.916459857,2315.8349609375,2.5143633782046177
2460337.9234043243,2311.0414225260415,2.5121830604750977
2460337.9303487907,2311.1300455729165,2.512478419862927
2460337.9372932576,2316.3358561197915,2.514285481656433
2460337.9442377244,2317.6236165364585,2.5151958325433337
2460337.951182192,2310.6924641927085,2.511354287378939
2460337.958126661,2313.9390462239585,2.5137072130992393
2460337.965071128,2313.429443359375,2.5132107124538945
2460337.9720155955,2313.772705078125,2.5122811669914333
2460337.9789600624,2320.324951171875,2.5155699485486407
2460337.98590453,2318.2152506510415,2.516122828421851
2460337.992848998,2316.90869140625,2.5144640857578504
2460337.999793465,2317.2891438802085,2.5138544407561865
2460338.006737933,2315.5796712239585,2.514704745022287
2460338.013682401,2315.2644856770835,2.5160646720100224
2460338.0206268686,2317.25,2.514897787105735
2460338.0275713364,2317.9345703125,2.5164222813107266
2460338.0345158046,2317.885009765625,2.516549899106352
2460338.041460273,2319.7389322916665,2.5191322435808075
2460338.048404741,2317.3203125,2.514661394352316
2460338.0553492093,2317.50439453125,2.5148058152250563
2460338.062293678,2310.83740234375,2.5119045962228586
2460338.0692381463,2319.1586100260415,2.515248698340854
2460338.076182615,2314.1085611979165,2.513356701688086
2460338.0831270833,2311.978759765625,2.5125606113505916
2460338.0900715524,2313.9735514322915,2.512509174872154
2460338.097016021,2317.6871744791665,2.5160150941982526
2460338.10396049,2311.0806477864585,2.512427638963735
2460338.1109049595,2314.439208984375,2.513718602241121
2460338.117849428,2319.6854654947915,2.5156042341709237
2460338.124793898,2313.308349609375,2.5136153195100963
2460338.1317383666,2310.8194986979165,2.512769366845658
2460338.138682836,2312.4611002604165,2.5118525392070516
2460338.1456273063,2317.9518229166665,2.5162087454614723
2460338.1525717755,2317.935546875,2.51530169642926
2460338.159516245,2317.314453125,2.515967984917363
2460338.166460715,2317.075927734375,2.5156401494415506
2460338.173405185,2319.3069661458335,2.5157690391116736
2460338.180349655,2320.28076171875,2.517522003187284
2460338.187294124,2320.5965169270835,2.515743086004416
2460338.1942385943,2318.2027180989585,2.5155641812812086
2460338.2011830653,2319.3900553385415,2.5158142405505663
2460338.2081275354,2321.2367350260415,2.517413955859031
2460338.2150720055,2322.7714029947915,2.5191766156083024
2460338.2220164756,2321.6220703125,2.5163846553402798
2460338.2289609467,2319.5067545572915,2.514923191197336
2460338.235905417,2316.5352376302085,2.5144918045797815
2460338.242849888,2319.7224934895835,2.5158491249392756
2460338.2497943584,2317.215576171875,2.514434073475666
2460338.2567388294,2318.3319498697915,2.5143632257999515
2460338.2636833,2320.8140462239585,2.5169049116036515
2460338.270627771,2316.80126953125,2.5143390260465432
2460338.2775722425,2318.8907877604165,2.515344978188811
2460338.2845167136,2315.4808756510415,2.5158332580444065
2460338.2914611846,2311.49072265625,2.5129557041906847
2460338.298405656,2318.429931640625,2.516628814641654
2460338.305350127,2314.9541829427085,2.513121947277875
2460338.312294599,2311.5833333333335,2.5141139229488227
2460338.3192390706,2314.6207682291665,2.5133930621190967
2460338.326183542,2317.1194661458335,2.515241425822158
2460338.333128014,2317.0857747395835,2.5145398515914654
2460338.340072486,2318.8265787760415,2.518115442458196
2460338.347016958,2312.2910970052085,2.512533593964401
2460338.35396143,2317.7569173177085,2.514811330388238
2460338.360905902,2316.0603841145835,2.514459000491431
2460338.367850374,2314.923095703125,2.516815896598892
2460338.374794846,2314.7666015625,2.5135478105342632
2460338.3817393184,2323.2486165364585,2.5171040275990832
2460338.388683791,2318.2489420572915,2.5143004867750074
2460338.395628263,2318.081298828125,2.5164502129299287
2460338.4025727357,2320.349853515625,2.5184423440843293
2460338.4095172086,2320.1133626302085,2.516567524899042
2460338.4164616806,2317.6982421875,2.5163957754908264
2460338.423406154,2315.47900390625,2.513809374896096
2460338.4303506264,2316.2198079427085,2.51594283583474
2460338.4372950997,2318.6497395833335,2.5155860892375514
2460338.444239572,2314.0319010416665,2.514952616366964
2460338.4511840455,2315.0958658854165,2.5186212594250086
2460338.4581285184,2313.327392578125,2.514387762047446
2460338.465072992,2311.6390787760415,2.5121062230602473
2460338.472017465,2317.5272623697915,2.5145177388620206
2460338.478961938,2319.1961263020835,2.5159361961613094
2460338.4859064114,2311.7111002604165,2.5130731505641877
2460338.4928508853,2311.79736328125,2.5123598650193455
2460338.4997953586,2310.0367838541665,2.5117708692103315
2460338.5067398325,2315.7587076822915,2.5141836963264517
2460338.513684306,2316.5924479166665,2.5153908063184
2460338.5206287797,2317.9381510416665,2.5157788012157405
2460338.5275732535,2313.0000813802085,2.5136904948443415
2460338.5345177273,2315.7057291666665,2.5148902855129935
2460338.541462201,2319.4484049479165,2.517100548314148
2460338.548406675,2312.92041015625,2.5123179185278577
2460338.5553511493,2310.0250651041665,2.511442092472287
2460338.562295623,2315.46142578125,2.5140441259806234
2460338.5692400974,2318.844482421875,2.5151440839439814
2460338.5761845717,2319.1605631510415,2.516963502377031
2460338.583129046,2316.1802571614585,2.5159027736039454
2460338.5900735203,2316.3050944010415,2.515351250091042
2460338.597017995,2316.8675944010415,2.5167289977287366
2460338.6039624694,2316.8575032552085,2.516607952841707
2460338.6109069437,2317.397705078125,2.5149512253901607
2460338.6178514184,2313.67578125,2.5134962682860937
2460338.624795893,2317.0138346354165,2.5143098673348123
2460338.6317403675,2319.8270670572915,2.5165862317581116
2460338.6386848427,2317.77294921875,2.5170990734548355
2460338.6456293175,2316.9086100260415,2.5143477615286556
2460338.6525737923,2317.6024576822915,2.513786355532235
2460338.6595182675,2313.8751627604165,2.5134835062711436
2460338.6664627423,2314.9474283854165,2.5142236932365645
2460338.6734072175,2314.421630859375,2.5130379760040014
2460338.6803516927,2315.122802734375,2.5141897817760306
2460338.6872961675,2310.4004720052085,2.512036078028758
2460338.6942406427,2316.5860188802085,2.5157367885077844
2460338.701185118,2312.3124186197915,2.512794285482969
2460338.7081295936,2316.719482421875,2.5153645009307812
2460338.7150740693,2317.5681966145835,2.5147321476764644
2460338.722018544,2317.50146484375,2.5182453160802623
2460338.72896302,2314.674560546875,2.5141608648047513
2460338.7359074955,2314.9056803385415,2.514778915730512
2460338.7428519707,2314.5133463541665,2.514550069079547
2460338.7497964464,2314.8909505208335,2.515342280884742
2460338.756740922,2317.5828450520835,2.514941293616895
2460338.763685398,2313.9151204427085,2.5129181790847688
2460338.7706298735,2314.3043619791665,2.5128776176415437
2460338.7775743497,2317.2284342447915,2.5158556128498115
2460338.7845188254,2321.0174967447915,2.5165328668869935
2460338.791463301,2316.7950032552085,2.515404160223007
2460338.7984077767,2317.8877766927085,2.515793832009988
2460338.8053522524,2315.9855143229165,2.5160454870158215
2460338.812296729,2316.369873046875,2.513989489348065
2460338.8192412048,2317.74267578125,2.5155787978057145
2460338.826185681,2317.6124674479165,2.514873500766816
2460338.833130157,2314.7567545572915,2.5145537762241434
2460338.840074633,2316.9522298177085,2.515676022176772
2460338.8470191094,2313.96044921875,2.5136029054855973
2460338.8539635856,2317.3448079427085,2.515007673729366
2460338.8609080617,2312.6753743489585,2.5134728335328496
2460338.867852538,2312.7582194010415,2.5127245152257234
2460338.8747970145,2312.915283203125,2.514222198884481
2460338.8817414907,2312.1592610677085,2.5142514482394023
2460338.8886859673,2314.5354817708335,2.516625962794573
2460338.8956304435,2316.5596516927085,2.51459295784004
2460338.9025749196,2316.4185384114585,2.5146387432777746
2460338.9095193963,2316.7830403645835,2.5164621103756404
2460338.916463873,2311.9310709635415,2.513423890065712
2460338.9234083495,2313.5691731770835,2.5147923376173305
2460338.9303528257,2321.3623860677085,2.5182608424607067
2460338.9372973023,2315.040283203125,2.516131251153031
2460338.944241779,2316.6234537760415,2.5142329605223246
2460338.9511862556,2319.150146484375,2.5169033735901696
2460338.958130732,2317.7052408854165,2.5143816919420083
2460338.965075209,2316.1097005208335,2.513538720073259
2460338.9720196854,2318.418701171875,2.5148578808580937
2460338.978964162,2315.77490234375,2.516533553124382
2460338.9859086387,2317.5199381510415,2.5155102990690863
2460338.992853116,2321.092529296875,2.519012702815268
2460338.9997975924,2320.7413736979165,2.5153907076344315
2460339.006742069,2319.2534993489585,2.5154307745771187
2460339.0136865457,2318.9508463541665,2.515887221817995
2460339.0206310223,2319.9403483072915,2.515665428947801
2460339.0275754994,2320.8047688802085,2.5164541368276674
2460339.034519976,2319.4463704427085,2.51586918174314
2460339.041464453,2313.7939453125,2.5125607935939898
2460339.0484089297,2319.9298502604165,2.5159727159995575
2460339.0553534064,2317.9803059895835,2.5155138051336294
2460339.0622978834,2312.497314453125,2.5132579214189987
2460339.06924236,2317.3706868489585,2.515765317686684
2460339.076186837,2315.9786783854165,2.5152743553335966
2460339.083131314,2313.5150553385415,2.5125100448684217
2460339.0900757904,2317.7263997395835,2.5148577841532753
2460339.0970202675,2313.419921875,2.513645621605016
2460339.103964744,2319.4591471354165,2.515040023550951
2460339.110909221,2317.03173828125,2.514806467233341
2460339.117853698,2313.253662109375,2.5138821099961173
2460339.124798175,2316.2888997395835,2.5141808408373443
2460339.1317426516,2318.3434244791665,2.517167011072243
2460339.1386871287,2315.9898274739585,2.513567320426364
2460339.1456316053,2313.770751953125,2.513618083533894
2460339.152576082,2317.6162109375,2.515285308358975
2460339.159520559,2317.4558919270835,2.5139702226968748
2460339.1664650356,2320.051513671875,2.514934618386269
2460339.1734095127,2320.5299479166665,2.5165606138654852
2460339.1803539894,2318.142578125,2.5157816872841954
2460339.187298466,2317.9231770833335,2.5145287210929355
2460339.1942429426,2319.9456380208335,2.5168800920169603
2460339.2011874197,2320.353515625,2.517915374529623
2460339.2081318963,2315.9674479166665,2.5135727057408164
2460339.215076373,2316.671875,2.5141120436145266
2460339.2220208496,2319.0646158854165,2.5158707911864955
2460339.228965326,2317.997314453125,2.5150008632661396
2460339.2359098033,2315.1087239583335,2.5165061447219164
2460339.24285428,2320.0191243489585,2.5162031170553942
2460339.2497987566,2313.9650065104165,2.5131655013409344
2460339.256743233,2312.8731282552085,2.5141859902161867
2460339.2636877093,2315.3302408854165,2.514098427901906
2460339.270632186,2315.815185546875,2.514961564803542
2460339.2775766626,2318.788330078125,2.516172414824434
2460339.2845211388,2314.2237141927085,2.512762649495674
2460339.2914656154,2309.8936360677085,2.512736538272804
2460339.298410092,2312.4769694010415,2.514383240915135
2460339.3053545686,2307.8163248697915,2.511660194385978
2460339.312299045,2312.9911295572915,2.5157531088860234
2460339.319243521,2315.6065266927085,2.5138639865383374
2460339.3261879976,2316.4305013020835,2.5142620151554826
2460339.3331324738,2314.6238606770835,2.515369678767664
2460339.34007695,2317.416748046875,2.515594682100438
2460339.347021426,2319.0186360677085,2.5157575569624533
2460339.3539659022,2321.0441080729165,2.516721625367977
2460339.3609103784,2318.84423828125,2.5158407481164295
2460339.3678548546,2316.704833984375,2.5146140966721435
2460339.3747993303,2312.4283040364585,2.513555856945314
2460339.381743807,2318.349853515625,2.515228173325077
2460339.3886882826,2315.2457682291665,2.5149962816222557
2460339.3956327583,2317.2798665364585,2.5166773521648254
2460339.4025772344,2324.2115885416665,2.5193525213637273
2460339.4095217106,2314.822998046875,2.514107081246943
2460339.4164661863,2323.6888834635415,2.5173126718977192
2460339.423410662,2319.5497233072915,2.5190823551103416
2460339.4303551377,2322.82470703125,2.516717493333447
2460339.437299613,2322.4296061197915,2.5172993966258064
2460339.444244089,2323.4915364583335,2.5179993072391125
2460339.4511885643,2317.1952311197915,2.5151055498236903
2460339.45813304,2322.377685546875,2.5171094842438597
2460339.465077515,2318.6146647135415,2.5143600359444287
2460339.472021991,2315.1834309895835,2.5140334225031338
2460339.4789664657,2319.672607421875,2.515815203724691
2460339.4859109414,2317.07763671875,2.515235851196496
2460339.4928554166,2316.7526041666665,2.514519344484588
2460339.499799892,2313.1417643229165,2.514082464270793
2460339.5067443666,2315.654296875,2.5144923369726486
2460339.513688842,2315.0413411458335,2.5132114822249645
2460339.520633317,2312.9618326822915,2.5136746211614924
2460339.527577792,2314.8421223958335,2.5147508257213955
2460339.5345222666,2316.892822265625,2.516421727999097
2460339.5414667414,2320.6565755208335,2.5161103883120615
2460339.548411216,2319.5113118489585,2.51543524334731
2460339.555355691,2319.521484375,2.5156627661655766
2460339.5623001656,2318.66943359375,2.515232420471826
