time,flux,flux_err
2460339.785682982,100.62759399414085,2.359271623359132
2460339.7937848098,97.67323521205374,2.723970447826021
2460339.8007292333,100.17894345238135,2.7222494058783755
2460339.8076736573,101.19908505394369,2.7239519274180566
2460339.814618081,102.44267345610145,2.7242555167097646
2460339.8215625044,91.84342447916681,2.720381669443977
2460339.8285069284,97.89702497209844,2.7217010873238614
2460339.835451352,93.70719401041697,2.720342012698786
2460339.842395775,99.93943568638406,2.7229519526548134
2460339.8493401986,102.09528459821438,2.724717757804853
2460339.856284622,96.69687034970259,2.722619575083859
2460339.863229045,94.58423432849698,2.720508115904401
2460339.8701734683,90.89950706845275,2.7216338625296896
2460339.8771178913,93.70063709077415,2.721520477427161
2460339.8840623144,97.59166899181582,2.721679630795012
2460339.891006738,92.96425083705374,2.720401523638909
2460339.89795116,96.65058244977688,2.7219477696033536
2460339.904895583,89.96401250930087,2.7200712086820853
2460339.911840006,85.23424130394385,2.7183849526491954
2460339.9187844284,94.37676130022344,2.721355574092197
2460339.925728851,89.92133440290188,2.719796936000149
2460339.9326732736,97.93918573288708,2.725222951190099
2460339.9396176958,91.02869233630979,2.7213123983975525
2460339.9465621184,93.22415597098218,2.722643854916827
2460339.953506541,94.78261021205405,2.7211579159034778
2460339.9604509627,95.69263857886926,2.7217669976468617
2460339.9673953853,96.13320196242573,2.7215223001377553
2460339.974339807,91.87876674107156,2.7209718157473493
2460339.981284229,97.12416294642874,2.726063988441922
2460339.988228651,99.72108677455374,2.7270938762702635
2460339.995173073,98.54449172247011,2.7236502068342126
2460340.0021174946,98.05142066592286,2.723725595297932
2460340.0090619163,102.7261207217263,2.7240305082680885
2460340.016006338,96.63213820684541,2.722063551260312
2460340.0229507596,102.41364397321452,2.726058027355507
2460340.0298951813,94.49855840773837,2.722811140617814
2460340.0368396025,94.26364862351208,2.7216573011332237
2460340.0437840237,97.90828450520833,2.723137387745027
2460340.0507284454,99.53158133370532,2.7229072695197165
2460340.057672866,95.32956659226222,2.724892940664916
2460340.0646172874,95.70519438244052,2.7224547873203035
2460340.0715617086,89.92575218564009,2.721470851609817
2460340.0785061293,93.85827055431567,2.7235718530062787
2460340.08545055,86.3489699590779,2.7193630920888077
2460340.092394971,93.10491652715791,2.721657358628928
2460340.099339392,89.31032598586337,2.720299740758659
2460340.1062838123,92.44929431733651,2.7222527724315975
2460340.113228233,96.0281052362352,2.726374575364913
2460340.120172654,95.80867513020848,2.7228184362078984
2460340.127117074,95.32381766183062,2.7221186427887285
2460340.1340614944,91.9837646484378,2.720691939237344
2460340.1410059147,95.22657412574426,2.72473371352744
2460340.147950335,95.6626267206102,2.7218221271694674
2460340.154894755,93.91831170944958,2.722800249732691
2460340.1618391755,98.36040969122057,2.7230284768949393
2460340.1687835953,94.72800409226208,2.722298891754495
2460340.175728015,99.18516903831885,2.7229704577931346
2460340.182672435,98.70867047991094,2.7240632938217506
2460340.1896168552,91.37593587239598,2.720826818803731
2460340.1965612746,93.35609072730676,2.7214757839509685
2460340.2035056944,100.11107817150317,2.7235173857612853
2460340.210450114,97.37069266183032,2.7224057414896823
2460340.217394534,97.02820405505979,2.72431296997806
2460340.224338953,98.07528831845275,2.7233873202983165
2460340.2312833723,93.54147484189009,2.724969535419479
2460340.2382277916,93.49217006138406,2.721958064597487
2460340.2451722114,98.82094029017874,2.72458442117437
2460340.25211663,94.93365769159254,2.7237536091415415
2460340.259061049,89.03519112723234,2.7206022593596355
2460340.266005468,93.28365071614614,2.7220497135289166
2460340.2729498874,91.72781226748536,2.721563666226045
2460340.279894306,94.58458891369052,2.722816201353401
2460340.286838725,92.35956682477688,2.7237594797536775
2460340.2937831436,89.10884021577401,2.72068136432901
2460340.3007275625,98.04895600818479,2.7248346528787253
2460340.307671981,95.57968284970259,2.7229603928511597
2460340.3146164003,94.00991094680087,2.7218591433523707
2460340.3215608182,86.68353562127989,2.7197741540720557
2460340.3285052367,94.68044317336337,2.722564956535763
2460340.335449655,97.08902413504468,2.7245127150766777
2460340.3423940735,93.94610886346739,2.7229385284771532
2460340.349338492,94.15633138020848,2.7246544605542957
2460340.35628291,92.76853143601208,2.7226454781215037
2460340.3632273283,97.43585495721754,2.7262406591062196
2460340.3701717462,98.05310639880979,2.725154556319648
2460340.377116164,94.17718215215791,2.7241944729654897
2460340.384060582,95.95347958519369,2.726901554292924
2460340.391005,95.58072916666681,2.724625865815083
2460340.397949418,96.61078752790188,2.723915234747281
2460340.404893836,92.4206833612352,2.723144573684958
2460340.411838254,96.50726027715791,2.724622340737417
2460340.4187826714,91.17928059895864,2.723328969768651
2460340.425727089,101.635405040923,2.728401368256245
2460340.4326715064,97.26838030133938,2.724485666592813
2460340.439615924,94.19462076822947,2.72704651429772
2460340.446560342,95.19882928757443,2.7240162256665776
2460340.453504759,93.69795735677114,2.726630012699427
2460340.4604491764,88.63212076822917,2.721762867297773
2460340.467393594,91.2126639229914,2.721800696394491
2460340.4743380104,95.46476818266395,2.7243521287029417
2460340.481282428,96.60169038318479,2.7246894109606177
2460340.4882268454,95.35619535900332,2.7250748921045704
2460340.495171262,90.36657133556552,2.7241461254435335
2460340.502115679,90.39411853608665,2.721734556152778
2460340.509060096,94.97026715959858,2.726584394229819
2460340.5160045126,96.24147251674124,2.725041714075564
2460340.52294893,93.6161179315477,2.7253387791729544
2460340.5298933466,96.09242466517874,2.725100715257566
2460340.5368377636,91.8712623232888,2.7250748518702395
2460340.54378218,94.38774762834844,2.7260440712401235
2460340.5507265967,99.09011695498536,2.728013059916653
2460340.5576710138,97.55989002046165,2.727991520271067
2460340.5646154303,95.39207821800603,2.72605975585304
2460340.571559847,97.54622395833364,2.7270955759305266
2460340.578504263,96.57592192150332,2.727262095392204
2460340.58544868,98.2358224051339,2.7272294383193505
2460340.592393096,94.36068289620562,2.725379370580678
2460340.599337512,96.12444777715791,2.7264346746209647
2460340.6062819287,93.50258091517905,2.725815703477872
2460340.613226345,96.03737095424155,2.726312655235269
2460340.6201707614,97.66227794828865,2.7296123156649084
2460340.6271151775,92.64724586123536,2.727595490279328
2460340.6340595935,96.96390206473234,2.7269602770565817
2460340.6410040096,96.45697312127989,2.727558130789323
2460340.6479484257,96.90656389508952,2.7314179401042207
2460340.654892842,96.60230073474713,2.7363545850689905
2460340.661837258,93.26852562314009,2.75396460069153
2460340.6687816735,89.8213181268602,2.773911146052544
2460340.675726089,91.31513323102688,2.7998545311118455
2460340.6826705053,93.05279831659224,2.8288579524126134
2460340.6896149213,93.2158203125003,2.8655240634911743
2460340.696559337,94.67465355282745,2.9091787079252662
2460340.7035037526,84.54444521949426,2.9557835959844954
2460340.710448168,91.2762625558039,3.0234055394688686
2460340.717392584,88.98900204613103,3.0975726288635204
2460340.724337,94.61542038690489,3.185708381468693
2460340.731281415,92.9227934337802,3.278769394173549
2460340.7382258307,88.92954799107171,3.3786754351794825
2460340.7451702463,90.8991699218753,3.4900452569288145
2460340.7521146615,92.02526274181582,3.6060821405656323
2460340.7590590776,92.57691592261956,3.725139828898365
2460340.7660034928,85.65418061756009,3.84214131611078
2460340.772947908,93.81429036458364,3.958675832962123
2460340.7798923235,93.06663876488103,4.0737121931381575
2460340.786836739,100.25925409226208,4.190034852413581
2460340.7937811543,88.93094308035779,4.30059072121099
2460340.8007255695,89.12555803571468,4.410921545974955
2460340.8076699846,89.02455357142935,4.518472806264396
2460340.8146144,89.4194335937503,4.6211613833034635
2460340.8215588154,86.89425223214342,4.71864731541096
2460340.82850323,87.02478608631039,4.810356037442724
2460340.8354476453,91.40966796875061,4.898607093977391
2460340.8423920604,93.5744977678575,4.982748826872942
2460340.8493364756,89.02064732142874,5.060733396771041
2460340.8562808908,86.11886160714373,5.135879667145968
2460340.863225306,89.34788876488165,5.2107003463712465
2460340.870169721,88.47863188244082,5.284496943416209
2460340.877114136,89.2698102678575,5.353496509988648
2460340.884058551,86.66945684523914,5.418839907461205
2460340.8910029656,89.28227306547767,5.485038732986804
2460340.897947381,79.60844494047585,5.543953864316795
2460340.9048917955,75.53864397321497,5.600516860328606
2460340.91183621,76.24232700892935,5.65747122466905
2460340.9187806253,78.57347470238165,5.708734397755111
2460340.92572504,90.25948660714432,5.760140102796396
2460340.932669455,85.15592447916727,5.808538805528726
2460340.93961387,77.67480468750121,5.851581699218209
2460340.9465582846,89.82975260416788,5.8945538572589085
2460340.9535026993,95.46223958333455,5.934604269645024
2460340.960447114,92.68987165178685,5.9674828793225485
2460340.9673915287,87.60900297619143,5.998490962316239
2460340.9743359433,95.2755766369058,6.026852712647667
2460340.981280358,91.61476934523914,6.050150231671292
2460340.9882247727,95.61183965773853,6.074676494048842
2460340.9951691874,86.28743489583394,6.095428012917804
2460341.0021136017,89.48776971726329,6.11767686870376
2460341.009058017,84.74781436011956,6.1420388049401895
2460341.0160024315,97.80724516369143,6.165907184570577
2460341.022946846,89.28473772321497,6.191637161758146
2460341.0298912604,96.08347284226329,6.221612797596318
2460341.036835675,98.16680617559662,6.247764529958818
2460341.04378009,87.15062313988226,6.269019975932463
2460341.050724504,81.26167224702415,6.296797913762295
2460341.057668919,83.45670572916788,6.324425002447838
2460341.0646133334,96.61188616071558,6.354875317076952
2460341.0715577477,90.71865699404952,6.382435957668839
2460341.078502163,97.3204055059535,6.414880424350876
2460341.085446577,90.47935267857247,6.447356576745253
2460341.0923909913,89.740606398811,6.480062666066736
2460341.099335406,103.58370535714373,6.516590450962474
2460341.1062798207,100.04417782738165,6.545355695093119
2460341.113224235,102.88132440476268,6.576900909615812
2460341.120168649,94.75827752976329,6.605854002635223
2460341.1271130634,94.78529575892996,6.635320102855637
2460341.1340574785,85.86532738095411,6.66193156882921
2460341.1410018927,96.79775855654952,6.690836132917707
2460341.147946307,86.82849702381161,6.716373561649558
2460341.1548907217,91.69456845238285,6.743345476663161
2460341.161835136,91.73725818452658,6.769551519054985
2460341.1687795506,91.50804501488285,6.793381101632175
2460341.175723965,89.92726934524035,6.816790564682371
2460341.182668379,102.02413504464494,6.8373906051644395
2460341.1896127933,84.03450520833455,6.851818347625719
2460341.196557208,98.5548735119058,6.867754852646065
2460341.2035016227,107.26018415178866,6.8787120962222446
2460341.210446037,102.8899274553587,6.884997729361671
2460341.217390451,107.0034877232162,6.890913078233555
2460341.2243348653,99.46130952381161,6.890204105020874
2460341.23127928,99.17815290178623,6.888921527701901
2460341.2382236947,96.27757626488165,6.888224972474507
2460341.245168109,97.6252790178587,6.887029576187683
2460341.252112523,84.69396391369082,6.882140004639839
2460341.2590569374,87.89783296131039,6.878695421426393
2460341.2660013526,90.05552455357247,6.871302298739283
2460341.272945767,100.84630766369203,6.861290105437803
2460341.279890181,85.81835937500121,6.84976578028857
2460341.2868345953,103.24855840773914,6.834210400020575
2460341.29377901,104.08998325892996,6.814151359603543
2460341.300723424,105.20121837797826,6.791921447696315
2460341.307667839,91.56059337797826,6.771473581306913
2460341.314612253,95.68131510416667,6.7540525366192705
2460341.3215566673,90.61221168154952,6.73709343659765
2460341.3285010816,102.05040922619082,6.722118374809789
2460341.3354454967,96.17317708333455,6.709146816005004
2460341.342389911,103.99214099702537,6.698432117762638
2460341.349334325,97.82817150297826,6.689660910854967
2460341.35627874,106.04524739583576,6.68219670738026
2460341.3632231546,105.52715773809662,6.6746380520411135
2460341.370167569,106.17108444940702,6.668645223499617
2460341.3771119816,101.41703869047826,6.663494104581358
2460341.3840563954,109.15587797619203,6.660439330481897
2460341.3910008096,106.74939546131161,6.657371580266427
2460341.397945225,121.61132812500121,6.65625143711256
2460341.404889639,105.83947172619203,6.652498004287517
2460341.4118340537,113.73242187500121,6.652034460298669
2460341.418778468,112.39253162202537,6.649643328090268
2460341.4257228826,122.09398251488285,6.649799123475897
2460341.432667297,114.18810453869325,6.650424339489999
2460341.439611712,111.63058035714494,6.651061975952904
2460341.4465561262,105.94763764881161,6.650744940504428
2460341.4535005414,117.32045200892874,6.655338336262576
2460341.4604449556,108.47358630952415,6.65531154127324
2460341.46738937,104.10198102678744,6.654037492236093
2460341.474333785,105.80915178571497,6.654519023210855
2460341.4812781997,107.71330915178744,6.655086677231613
2460341.4882226144,113.47265625000243,6.654693067529538
2460341.4951670286,108.65824962797826,6.652728829322096
2460341.502111444,102.1841517857162,6.650346359939722
2460341.509055858,107.91480654762078,6.64412299804239
2460341.516000273,97.52729724702537,6.634878902267819
2460341.5229446874,113.21382068452537,6.626525633797471
2460341.5298891026,109.86030505952415,6.6171640135036505
2460341.5368335173,111.41145833333455,6.608322937700579
2460341.543777932,113.86555989583394,6.600299954253461
2460341.5507223466,113.36514136904891,6.5883424853456285
2460341.5576667613,108.53510974702537,6.57548995531382
2460341.5646111765,114.80347842262017,6.561596976881916
2460341.5715555907,109.54743303571497,6.5475888282123265
2460341.578500006,123.10593377976268,6.535125314855545
2460341.585444421,128.22223772321558,6.519602026134581
2460341.5923888357,113.31970796131039,6.500205448767929
2460341.599333251,117.31594122023914,6.485002221234037
2460341.6062776656,112.09435453869143,6.467276238481997
2460341.6132220807,114.93205915178744,6.45254813328476
2460341.6201664954,105.88606770833394,6.435991761411054
2460341.6271109106,122.67959449404891,6.422751527052861
2460341.6340553253,119.32180059523914,6.4028535845512815
2460341.6409997405,121.81622023809662,6.387936922471657
2460341.6479441556,114.40406436012017,6.37270610704289
2460341.654888571,108.61867559523914,6.353968641122266
2460341.661832986,113.66443452380979,6.337940025728109
2460341.6687774006,120.31617373512017,6.322928127600761
2460341.6757218163,107.92750186012017,6.306968155167816
2460341.682666231,102.6016555059535,6.2899194996903605
2460341.6896106466,109.39964657738226,6.272414287581686
2460341.6965550617,116.14820498511956,6.256696936955486
2460341.703499477,115.11830357142935,6.241453585565977
2460341.710443892,106.1465773809535,6.225806066190889
2460341.717388307,113.87044270833455,6.2088896412597
2460341.724332723,113.35574776785809,6.192562690427951
2460341.731277138,109.85997953869143,6.175367271251807
2460341.738221553,116.50730096726268,6.16023842126114
2460341.745165969,122.75083705357247,6.141842483152999
2460341.752110384,119.54459635416727,6.123614027273775
2460341.7590547996,126.16852678571558,6.1076088822352155
2460341.765999215,122.99674479166667,6.089863882295329
2460341.7729436303,117.87067522321497,6.074330403190384
2460341.7798880455,131.76948474702536,6.058087931923745
2460341.7868324616,126.51483444940641,6.042938034950879
2460341.7937768768,131.27306547619142,6.027535802509317
2460341.800721293,130.24739583333334,6.013999606348424
2460341.807665708,117.32956659226268,5.997672341026695
2460341.8146101236,124.61128162202476,5.983069410444229
2460341.8215545393,116.13736979166727,5.966502023358758
2460341.8284989554,114.92238653273914,5.951222939055829
2460341.8354433705,129.58305431547583,5.940282520321493
2460341.842387786,124.07956659226208,5.925465405624497
2460341.849332202,133.4881882440483,5.913006506030919
2460341.856276618,123.9854445684535,5.89533801126101
2460341.863221034,127.6887555803587,5.88209617668094
2460341.87016545,119.84254092261956,5.866360746620607
2460341.877109865,109.80124627976268,5.852115104722622
2460341.8840542813,120.60737537202476,5.838538490023729
2460341.8909986974,119.19670758928623,5.8238068985999725
2460341.8979431135,116.70433407738103,5.810859526957514
2460341.904887529,110.88495163690459,5.7935683992019085
2460341.911831945,123.08235677083394,5.779441911022508
2460341.9187763613,124.26195126488226,5.763307206517833
2460341.9257207774,115.2900390625,5.748087300211161
2460341.9326651935,120.24781436011956,5.731721425163783
2460341.9396096095,116.73525855654891,5.715889960274654
2460341.946554026,124.78980654762078,5.701148482978269
2460341.953498442,115.9688430059529,5.682104609673202
2460341.9604428583,127.92875744047706,5.66968186541149
2460341.9673872744,125.72637648809662,5.653523017713247
2460341.9743316905,126.60630580357247,5.639489365112628
2460341.9812761075,128.7601376488104,5.6229008497877935
2460341.9882205236,123.78018043154952,5.605502908745312
2460341.9951649397,124.5695219494052,5.587784850634016
2460342.002109356,123.1329055059535,5.571054100613037
2460342.009053773,122.14997209821558,5.5525099936359545
2460342.015998189,130.56947544642995,5.533529432900083
2460342.022942606,124.03943452380979,5.5133339745464705
2460342.0298870225,120.77599516369082,5.495092202303817
2460342.036831439,113.70907738095411,5.473716386721844
2460342.043775855,125.92871093750121,5.456827962851425
2460342.0507202726,127.111328125,5.437378125374889
2460342.057664689,118.94601004464312,5.4185280683967045
2460342.0646091057,117.79059709821497,5.399978285635567
2460342.0715535227,117.36342075892996,5.380475148443426
2460342.0784979393,108.13018508184662,5.362728548139337
2460342.0854423563,111.81077938988165,5.346548874921413
2460342.092386773,118.97921316964373,5.329761640792012
2460342.09933119,112.29327101934662,5.31093394825535
2460342.106275607,129.1325102306558,5.297453525921404
2460342.1132200235,113.32712518601268,5.276396761955428
2460342.120164441,124.3287062872029,5.262327213527179
2460342.127108858,105.26011439732186,5.2434650217482135
2460342.134053275,111.32156808035809,5.229405999979922
2460342.140997692,121.85698009672706,5.214619470790263
2460342.1479421095,122.43982514881039,5.202278581750119
2460342.1548865265,124.21549479166788,5.18765615609385
2460342.1618309435,126.75072079613285,5.170871850457298
2460342.168775361,115.41917782738165,5.153784062587503
2460342.1757197785,119.53108723958394,5.138535850424046
2460342.1826641955,135.92245628720352,5.129309049001136
2460342.189608613,109.31156994047706,5.108285134453064
2460342.196553031,118.54252697172706,5.095188939408734
2460342.203497448,117.71314639136956,5.082773204043505
2460342.2104418655,125.25111607142935,5.073647175007877
2460342.217386283,118.32249813988165,5.060736412200176
2460342.224330701,117.45512462797706,5.049143161854399
2460342.2312751184,123.1668991815477,5.039408417588149
2460342.238219536,115.86811755952476,5.026703579509778
2460342.2451639534,115.70040457589373,5.016804229252316
2460342.2521083714,121.3346586681552,5.006277863288505
2460342.2590527893,111.71807570684602,4.986574834792338
2460342.265997207,117.35693359375061,4.971717167114806
2460342.2729416247,126.82203311011956,4.953815164382484
2460342.2798860427,113.51836867559602,4.934856770998758
2460342.2868304607,114.61667596726268,4.919026959153201
2460342.2937748786,115.67503720238165,4.903717246008904
2460342.3007192966,114.67150297619143,4.886060271051071
2460342.307663715,122.56422061011956,4.86864260355043
2460342.314608133,119.0596633184529,4.84987960288304
2460342.321552551,116.30782645089373,4.832581947319849
2460342.3284969693,111.28497023809602,4.814614449236889
2460342.3354413877,110.21407645089373,4.791685690202981
2460342.3423858057,117.4498930431558,4.77660915666845
2460342.349330224,117.79661923363194,4.756399311889391
2460342.356274642,112.94017392113135,4.738318814154178
2460342.3632190605,120.17208426339312,4.721799577285524
2460342.3701634794,120.40387834821468,4.70725708671655
2460342.3771078973,126.2759719122032,4.6946883613258334
2460342.384052316,115.09984188988135,4.678874790720851
2460342.3909967346,115.8693266369052,4.666923577480445
2460342.3979411535,117.66938709077446,4.656269619934526
2460342.404885572,123.1879882812503,4.648931646082707
2460342.411829991,116.72646949404832,4.6397282995180165
2460342.418774409,106.31487165178623,4.631188483016195
2460342.4257188286,117.7045898437503,4.627537885277483
2460342.432663247,106.80943080357186,4.620865649401386
2460342.439607666,121.08203125000091,4.620299873616517
2460342.4465520848,113.99609375000061,4.619762204537216
2460342.453496504,111.49309430803623,4.613514052894517
2460342.4604409225,107.51429966517874,4.612405383637324
2460342.467385342,114.77680896577446,4.609536379005936
2460342.4743297608,106.99848865327415,4.610677141046376
2460342.48127418,110.24827938988165,4.607370736942
2460342.4882185995,108.0040922619052,4.605777748949413
2460342.4951630183,111.56691778273853,4.603539421504853
2460342.5021074377,109.91255115327446,4.60262672548583
2460342.509051857,115.43903459821497,4.602638433351482
2460342.515996276,114.97912016369112,4.5988467891646225
2460342.5229406958,120.4424758184529,4.596366708198347
2460342.529885115,110.16241164434571,4.590628063132261
2460342.5368295345,115.58733258928623,4.586981720716955
2460342.5437739543,113.88155691964342,4.581436554374139
2460342.550718374,121.06001209077415,4.57909555605753
2460342.557662794,122.69656808035779,4.575524523881429
2460342.564607213,112.50704520089342,4.569955335676766
2460342.5715516326,115.50476655506009,4.564575803534442
2460342.5784960524,111.70842633928653,4.558039151500009
2460342.5854404722,114.87297712053653,4.5545985483242655
2460342.592384892,115.6329055059529,4.548985812000574
2460342.599329312,116.03931826636956,4.541972065310138
2460342.6062737317,116.84640066964342,4.535660133222084
2460342.6132181515,119.72209821428623,4.527337346298011
2460342.6201625722,111.94194103422676,4.521218380680508
2460342.627106992,122.01662481398853,4.514030371665032
2460342.6340514123,116.16666666666727,4.5060349195761455
2460342.6409958326,110.50325520833364,4.5001507059968775
2460342.6479402524,111.18517485119112,4.493795941169281
2460342.654884673,117.99144345238165,4.489332484351247
2460342.661829093,115.13167317708394,4.482732374553501
2460342.6687735138,121.13337053571497,4.478040093521673
2460342.6757179336,107.42159598214342,4.468062625997205
2460342.6826623543,102.69975353422676,4.462048743047242
2460342.689606775,112.41396949404832,4.455883055106843
2460342.6965511953,108.22214471726238,4.44740761207425
2460342.703495616,104.53669084821497,4.440257080773811
2460342.7104400364,110.27050781250061,4.432977069860928
2460342.7173844576,114.19910249256039,4.426920640154904
2460342.724328878,107.97140066964342,4.420015508061309
2460342.731273299,111.0255766369052,4.411470586696571
2460342.73821772,107.66631789434571,4.4024214972060705
2460342.7451621406,113.98783947172676,4.398430431593361
2460342.752106562,115.67810639880979,4.391813634263864
2460342.7590509825,116.54652622767935,4.3835882103407355
2460342.7659954038,110.20503162202476,4.375033175339628
2460342.772939825,117.34391276041727,4.367740398550679
2460342.7798842457,119.2369094122029,4.360204969432361
2460342.786828667,109.903227306548,4.351948349010897
2460342.793773088,113.89701915922676,4.345792287364271
2460342.80071751,113.94054594494082,4.339386790705466
2460342.8076619306,108.71654110863135,4.33067686417333
2460342.8146063522,110.93405877976268,4.326782455342212
2460342.8215507735,107.5992140997032,4.322594603346246
2460342.828495195,107.85586402529832,4.314558008962442
2460342.835439617,111.09700520833424,4.312423102299097
2460342.842384038,102.35670107886956,4.305198238947785
2460342.8493284597,103.49151320684571,4.300050198566711
2460342.856272882,108.63106863839342,4.297063270113489
2460342.8632173035,111.91550409226268,4.293183064819245
2460342.870161725,108.0819382440477,4.288178916759895
2460342.8771061474,106.85163225446468,4.2821019452331255
2460342.884050569,117.15873790922645,4.281669076741587
2460342.8909949907,109.27283296130979,4.27595897872906
2460342.8979394124,108.0680571056552,4.270959123127309
2460342.904883835,110.79699125744082,4.268826074463877
2460342.911828257,108.37732514881039,4.263368122137663
2460342.9187726793,109.52620442708394,4.257975737119555
2460342.925717101,109.3297758556552,4.2536673111009025
2460342.932661524,112.43470982142905,4.250214538403449
2460342.939605946,104.51997302827415,4.239827845104014
2460342.946550368,108.34749348958333,4.234462148171622
2460342.953494791,117.25392950148853,4.2302102364149095
2460342.960439213,107.21589006696468,4.221814078362578
2460342.9673836357,112.23946707589373,4.213290495865994
2460342.9743280564,107.44289434523853,4.20580704982292
2460342.981272476,113.68682570684571,4.19984801506224
2460342.9882168984,110.0978422619052,4.192476590345415
2460342.995161321,103.2970610119052,4.1812739503015015
2460343.002105744,105.89255487351268,4.174548444242775
2460343.0090501667,110.10405040922645,4.165906153983107
2460343.01599459,110.8322172619052,4.15893999782499
2460343.0229390124,105.62453497023853,4.149020996205531
2460343.0298834355,108.04620070684602,4.141278553792867
2460343.0368278585,109.3062453497023,4.133895108771998
2460343.043772282,107.18880208333364,4.126381805368237
2460343.0507167047,97.78145926339312,4.114357818993595
2460343.057661128,112.74135044642905,4.111081374482663
2460343.0646055513,100.64585658482186,4.094013507106307
2460343.0715499744,101.84075055803562,4.082230693674023
2460343.078494398,102.39925130208364,4.0717824585897056
2460343.0854388215,108.35298084077355,4.061705818816579
2460343.092383245,104.31310453869082,4.0504874311472205
2460343.0993276685,107.12244233630979,4.0418643697159595
2460343.106272092,109.04480561755979,4.03534455015047
2460343.1132165156,104.6778273809529,4.024021929016965
2460343.120160939,101.205473400298,4.017329234260935
2460343.1271053627,104.2691359747029,4.008970501257044
2460343.1340497867,111.9849562872029,4.006317795949076
2460343.1409942107,106.60044642857186,3.995392812088349
2460343.1479386343,107.7044968377977,3.9850942117521755
2460343.1548830583,107.21912202381039,3.9777956400259455
2460343.1618274823,104.37095424107186,3.970235914922336
2460343.1687719063,103.58872767857156,3.96276647200944
2460343.1757163308,107.87737165178623,3.9559806299255773
2460343.182660755,107.67296781994052,3.94761511578765
2460343.189605179,107.02153087797645,3.940104320973879
2460343.1965496032,107.014555431548,3.9306074006669838
2460343.2034940273,102.80224609375061,3.9222657907669767
2460343.210438452,107.23581659226208,3.9159985692849433
2460343.217382876,108.25123232886897,3.9078471200164873
2460343.224327301,102.90964471726238,3.9008991476873995
2460343.231271725,93.05336216517905,3.8923140952695054
2460343.23821615,107.62997581845259,3.890357031514189
2460343.2451605746,104.75699869791727,3.885080914869793
2460343.2521049995,107.03250558035779,3.8826821408808807
2460343.2590494244,98.78915550595259,3.8757111501949773
2460343.265993849,102.99601236979167,3.870956886004692
2460343.272938274,97.78484235491123,3.8664765582108704
2460343.279882699,106.36576915922676,3.864116359284345
2460343.286827124,102.58053152901812,3.859780604155002
2460343.2937715487,104.53913225446438,3.851395935130047
2460343.3007159736,100.78423781622041,3.8439906079989634
2460343.307660399,100.99147832961353,3.8326061767459314
2460343.314604824,101.95317150297676,3.8224131014186598
2460343.3215492493,103.9428129650302,3.8122835096531085
2460343.3284936748,99.72706240699426,3.7972510128578283
2460343.3354381,98.25954473586323,3.7858702652385254
2460343.3423825256,104.97764369419686,3.7757334211578417
2460343.349326951,102.25638253348218,3.7632125182182627
2460343.3562713764,98.51838030133968,3.7509142176192825
2460343.3632158022,102.25924246651842,3.739972458835181
2460343.3701602276,107.17122395833394,3.731401392821574
2460343.3771046535,107.40693591889946,3.722044492157979
2460343.384049079,106.3027692522325,3.713595032945715
2460343.3909935053,107.5074172247029,3.7045009989805098
2460343.3979379307,102.8992629278279,3.695314813948414
2460343.404882357,102.5644531250003,3.6879381895643966
2460343.411826783,105.67433965773823,3.6834660626582356
2460343.4187712087,106.48487490699456,3.679629186164199
2460343.425715635,103.89860026041697,3.673929312210061
2460343.432660061,101.03351702008938,3.669059596301523
2460343.4396044873,103.65289015997071,3.666647536230027
2460343.4465489136,102.91629464285779,3.663396606321719
2460343.45349334,95.01209077381039,3.659516897708095
2460343.4604377663,97.50852167038738,3.6574552161832865
2460343.4673821926,100.52754138764915,3.6567516460634875
2460343.4743266194,100.0198683965779,3.6547622804325086
2460343.4812710457,99.75835890997071,3.656985173494938
2460343.4882154725,94.40227399553594,3.6556942195907087
2460343.495159899,100.117919921875,3.657862169361373
2460343.5021043257,100.48357282366123,3.6575698950379016
2460343.5090487525,97.5983305431552,3.65986262295452
2460343.5159931793,106.17932710193479,3.658921569881493
2460343.5229376066,106.79172479538738,3.6588250272148746
2460343.529882033,100.12029157366123,3.6579271201754686
2460343.53682646,99.24260602678623,3.6522223078263534
2460343.5437708874,104.80530366443448,3.651003756568299
2460343.5507153147,101.43987165178623,3.644919052491742
2460343.5576597415,111.26784551711353,3.6451483818117847
2460343.5646041688,104.42174711681582,3.6396069503213333
2460343.571548596,103.79416620163708,3.632787349084571
2460343.5784930233,101.53118024553623,3.6295550878133045
2460343.585437451,105.8774414062503,3.628244220477548
2460343.5923818783,109.7044387090779,3.625917770671873
2460343.5993263056,100.23736281622041,3.6189383761584852
2460343.6062707338,102.45690336681612,3.6169866119350136
2460343.613215161,99.055326915923,3.6117621990586852
2460343.6201595888,96.10231817336353,3.6089823076799425
2460343.6271040165,101.63888113839342,3.6076293630855845
2460343.6340484447,100.80932617187561,3.604124548826667
2460343.6409928724,98.92559523809571,3.59835152580725
2460343.6479373,95.27441406250061,3.595143514272847
2460343.6548817283,97.53912062872071,3.592374914892646
2460343.6618261565,93.1123395647325,3.588782339903735
2460343.6687705843,93.3010602678575,3.584910385492161
2460343.675715013,94.71321614583364,3.582898858085071
2460343.6826594407,100.05042085193509,3.581099313902071
2460343.689603869,99.42932710193479,3.579064820323081
2460343.6965482975,99.61100260416697,3.579026258364839
2460343.7034927257,99.46518089657759,3.5744135619402972
2460343.7104371544,98.06901041666697,3.5676659721182484
2460343.717381583,101.73218936011956,3.564125276461505
2460343.7243260113,104.798979259673,3.5620629001176014
2460343.7312704404,99.01263718377989,3.555485096861352
2460343.738214869,102.70420619419686,3.5551115386105194
2460343.7451592977,101.5187988281253,3.5496104946569678
2460343.7521037264,99.00789388020864,3.5457882692071663
2460343.7590481555,104.35401553199426,3.541914231959458
2460343.765992584,99.78971354166697,3.5374114847968805
2460343.7729370133,107.53452845982217,3.5340004731393293
2460343.7798814424,104.68386114211353,3.5305239841115363
2460343.7868258716,100.69674246651842,3.5239285771634496
2460343.7937703007,106.62895275297645,3.522260918807037
2460343.80071473,98.14751906622071,3.514171583642455
2460343.8076591594,103.41593424479227,3.5112384761345576
2460343.8146035885,103.57239350818509,3.507892821614185
2460343.821548018,99.09787713913708,3.5030553354585408
2460343.8284924473,103.82685779389915,3.5009508168081154
2460343.835436877,99.16151646205435,3.4946921612611637
2460343.8423813065,99.44283621651842,3.490180098598693
2460343.8493257365,101.2478957403279,3.4861262030065965
2460343.856270166,99.21433221726208,3.4843419791901895
2460343.8632145957,100.9731794084825,3.482872900994042
2460343.870159026,89.9531598772325,3.4773115849229614
2460343.8771034554,95.12516276041697,3.4774490075655238
2460343.884047886,100.97328404017905,3.478432616014293
2460343.8909923155,97.49565197172645,3.477584938061938
2460343.897936746,99.93201264881009,3.4737432779432376
2460343.9048811756,99.86614118303594,3.473224990709053
2460343.911825606,96.66249302455374,3.469416337836367
2460343.918770036,101.53069196428623,3.4697963846263633
2460343.9257144663,95.32096354166727,3.4661031690846236
2460343.9326588972,96.39047386532759,3.467297929034931
2460343.9396033273,97.97281901041697,3.467295481413741
2460343.946547758,102.55790783110145,3.4655982423021903
2460343.9534921884,99.187162853423,3.4615132284704555
2460343.9604366194,106.19294084821468,3.4622929978147794
2460343.9673810494,102.135649181548,3.457858081917324
2460343.9743254804,101.00726609002989,3.4559291499417686
2460343.9812699114,98.46583193824442,3.4508449826456276
2460343.9882143424,104.43863932291697,3.453652664120186
2460343.995158773,101.08542596726208,3.4485313182970443
2460344.002103204,97.53119187127989,3.4451339628545536
2460344.0090476354,96.4171316964289,3.441022427879965
2460344.0159920664,97.44220842633938,3.4399112950175463
2460344.0229364973,99.74338495163722,3.4393515116633715
2460344.0298809283,96.18396577380979,3.435538063978879
2460344.03682536,91.85596865699426,3.431583655203158
2460344.0437697913,95.14276413690504,3.430484434242018
2460344.0507142222,91.92546735491094,3.426416741968975
2460344.057658654,100.17708333333364,3.426431474523391
2460344.064603085,87.59859793526827,3.4180054880253703
2460344.071547517,96.92557198660718,3.4174190109527847
2460344.078491949,92.93969726562516,3.4124197917531336
2460344.0854363805,91.00838216145864,3.4076666830917492
2460344.0923808124,93.78829520089312,3.4029701243944372
2460344.099325244,99.4994070870539,3.3997309117958934
2460344.1062696762,100.5086844308039,3.394882187198986
2460344.1132141077,101.72358630952415,3.3896708302592633
2460344.12015854,101.80560593378004,3.3874427982470885
2460344.127102972,105.78184291294656,3.3842454757287506
2460344.1340474044,97.54694475446468,3.3783232357347237
2460344.1409918363,102.87482561383952,3.3768917369054043
2460344.1479362682,101.7547781808039,3.373043078043309
2460344.154880701,99.87876674107156,3.369290013053669
2460344.161825133,104.016996837798,3.368426685355558
2460344.168769566,101.25620814732171,3.366505473978125
2460344.1757139983,104.85544549851222,3.3648806452748694
2460344.1826584307,98.07347470238119,3.360057869440157
2460344.1896028635,98.66614350818479,3.3576215215561835
2460344.1965472964,101.62587193080405,3.3547809681699974
2460344.203491729,97.7194824218753,3.3541092995062467
2460344.210436162,102.01182338169671,3.351473359910425
2460344.217380595,99.96601795014901,3.3491835135337937
2460344.224325028,97.30672200520848,3.3459804745953465
2460344.2312694606,94.92456054687516,3.3440838901204213
2460344.2382138935,97.49482654389915,3.3457241877912387
2460344.2451583273,95.23057338169671,3.342015239092109
2460344.25210276,95.47538829985145,3.3407715873663553
2460344.2590471935,97.87475585937516,3.3408294638434923
2460344.265991627,90.32872953869067,3.337544481804773
2460344.2729360596,98.30580357142874,3.3395064065387774
2460344.2798804934,93.91024925595259,3.338338702552407
2460344.2868249267,95.19866071428594,3.3373710722973695
2460344.29376936,103.88542829241108,3.3370462511200842
2460344.3007137943,101.16944521949442,3.3370502237380166
2460344.3076582276,96.73118954613119,3.3350747911373513
2460344.314602662,98.01810128348234,3.331714943604732
2460344.321547095,95.29385230654786,3.3288051273314188
2460344.3284915294,97.83932059151796,3.3228466104900725
2460344.3354359632,105.56734793526827,3.3215685688859815
2460344.3423803975,101.26193963913722,3.3142655955603497
2460344.3493248317,100.23990885416697,3.3088483457144053
2460344.3562692655,96.06734793526812,3.30180360511096
2460344.3632137,97.10687546503004,3.2963915891947404
2460344.370158134,96.71100725446452,3.2886793085633705
2460344.3771025683,97.20826357886942,3.2832484374921034
2460344.3840470025,94.00138346354197,3.274960107710624
2460344.3909914372,104.2595214843753,3.2726061789471235
2460344.3979358715,98.97287713913722,3.266374806174568
2460344.404880306,102.42075892857171,3.2624282988286457
2460344.411824741,93.05704752604181,3.255050872034006
2460344.4187691757,95.51876395089312,3.2510595021363264
2460344.4257136104,99.61561802455405,3.2486195330039407
2460344.432658045,97.94108072916697,3.2454935367094233
2460344.43960248,100.7980957031253,3.2427181512368275
2460344.446546915,91.01157924107171,3.2390981614246717
2460344.45349135,91.60003952753004,3.2370690923236416
2460344.460435785,90.11304873511926,3.2352972306447803
2460344.46738022,94.66714332217286,3.2354228602174024
2460344.4743246553,89.64365931919671,3.2345747900296757
2460344.481269091,97.68136160714312,3.234418299617266
2460344.488213526,91.14070638020864,3.2355047609804886
2460344.4951579613,95.82740420386926,3.2354285372962663
2460344.502102397,97.5112653459825,3.234216585376663
2460344.509046832,96.14429873511926,3.2351213727209154
2460344.515991268,94.20290411086337,3.2335243784084167
2460344.5229357034,96.55428059895864,3.2341327278473737
2460344.5298801395,96.93939499628004,3.2348282965773936
2460344.5368245747,94.24770972842286,3.2350207721386632
2460344.543769011,104.66986374628004,3.2369781709333
2460344.5507134474,101.26121884300619,3.235327806233048
2460344.557657883,102.70362490699426,3.236712160431687
2460344.5646023187,90.38831147693493,3.234065339558951
2460344.5715467553,97.27229817708364,3.2349952313653607
2460344.5784911863,101.82089378720275,3.2337349046665556
2460344.585435623,93.61643182663738,3.2317100886419445
2460344.5923800594,93.73170107886942,3.229981216692488
2460344.599324495,96.02478608630963,3.229531421791212
2460344.6062689316,93.77606491815504,3.2272335956046745
2460344.613213368,96.99358258928608,3.2275776056449175
2460344.620157805,97.32189360119082,3.226381556037192
2460344.6271022414,90.66392299107171,3.224957310371846
2460344.634046678,93.80907040550619,3.225163074249643
2460344.6409911145,89.48808361235145,3.2220807815581014
2460344.647935551,95.31174432663738,3.2226823368792736
2460344.6548799886,95.10984002976222,3.222069901854658
2460344.661824425,88.53018043154786,3.220185466822198
2460344.6687688623,90.22056361607171,3.2203443238355796
2460344.6757132993,90.5798688616075,3.2170198324968933
2460344.682657736,90.885893322173,3.217627600536456
2460344.6896021734,94.31754557291681,3.21804146207329
2460344.6965466104,97.7797851562503,3.2176479471850867
2460344.703491048,90.40811011904786,3.214204943679759
2460344.7104354855,88.54195731026812,3.213286985731551
2460344.7173799225,104.13338216145848,3.219156566257466
2460344.72432436,97.06263950892874,3.214151433527372
2460344.7312687975,95.14091564360145,3.2120910441170305
2460344.7382132355,95.41982886904786,3.211766672868406
2460344.7451576735,101.56454613095275,3.213449220401585
2460344.752102111,96.40909830729197,3.2086276155505176
2460344.7590465485,97.77977353050619,3.208586059164696
2460344.765990987,94.65214611235145,3.2081192113719084
2460344.7729354245,100.73621186755979,3.206842633723301
2460344.7798798624,102.77836681547645,3.204517072547258
2460344.7868243004,96.53251720610145,3.201949576912417
2460344.793768739,97.51354399181582,3.1987636503825616
2460344.8007131773,95.21005394345259,3.195773786758114
2460344.807657615,98.81874302455374,3.1935261107350077
2460344.8146020533,100.09166899181582,3.1910712909973107
2460344.8215464917,92.69039481026812,3.18701826613955
2460344.82849093,96.25344122023853,3.1861457791179073
2460344.8354353686,92.04559616815489,3.1816464879675546
2460344.842379807,92.44768415178594,3.1781908658049596
2460344.8493242464,95.6874418712802,3.177347982054639
2460344.856268685,89.70726376488103,3.1757965687374283
2460344.8632131238,94.43014090401812,3.171271981978879
2460344.8701575627,93.9347098214289,3.1687718496477886
2460344.877102001,91.15724981398837,3.1668272566111013
2460344.8840464405,93.06730143229181,3.166560445556557
2460344.8909908794,95.62827845982171,3.1659964675083003
2460344.8979353183,93.89143880208364,3.16659285576881
2460344.904879758,93.14085751488135,3.1651379186833926
2460344.911824197,93.27553013392874,3.1649670036922557
2460344.9187686364,92.48909505208348,3.165295235186047
2460344.925713076,93.47402808779786,3.1649830181123693
2460344.932657515,95.02742513020864,3.168168452849963
2460344.9396019545,100.19008091517905,3.1683209883636985
2460344.9465463944,98.17449079241094,3.1668607128720336
2460344.9534908338,97.94840494791681,3.1665898702913675
2460344.9604352736,97.17488606770864,3.166536010177517
2460344.9673797134,97.08825102306567,3.1681232662558956
2460344.9743241533,91.8344726562503,3.1653591716477454
2460344.9812685926,95.01432291666697,3.1689390492805916
2460344.988213033,99.7822730654763,3.1700395058787705
2460344.995157473,92.77764601934541,3.1690577935751274
2460345.002101913,92.75303431919671,3.1700785179267386
2460345.0090463534,96.93151274181582,3.170434250425693
2460345.0159907937,95.9174979073664,3.8847754566956816
2460345.022935234,89.70257859002989,3.169656987194616
2460345.029879674,90.78733026413708,3.1696160104235367
2460345.0368241146,96.32756696428594,3.1736334337206675
2460345.043768555,94.77608816964312,3.1714814781456035
2460345.0507129957,93.27360026041681,3.1707512194390013
2460345.057657436,92.50083705357156,3.1712813058220664
2460345.0646018772,97.06697591145848,3.170562754814462
2460345.0715463175,88.48314267113135,3.1669420770688146
2460345.0784907583,94.14915829613119,3.1692354787490777
2460345.085435199,91.98161969866108,3.1653145980664985
2460345.0923796403,95.78397042410734,3.1616173492895476
2460345.099324081,93.37307012648837,3.157818183506247
2460345.1062685223,96.01497395833364,3.153899207591543
2460345.1132129636,94.83198474702401,3.1503397986891755
2460345.120157405,92.2637067522325,3.1457267927345245
2460345.127101846,94.25875418526812,3.14392328391707
2460345.1340462877,95.92230515253004,3.1399856248610116
2460345.1409907285,97.91978236607171,3.1366364087133007
2460345.14793517,101.28302873883952,3.1335535591663977
2460345.1548796115,97.36381603422645,3.129658857312746
2460345.161824053,98.03191266741094,3.1273182722975146
2460345.168768495,94.91873604910734,3.1244469193589777
2460345.175712937,101.7572312127977,3.1243977144541124
2460345.1826573783,93.00597563244052,3.120450786754411
2460345.1896018204,96.4763648623513,3.1199639300049498
2460345.196546262,101.81734793526812,3.1200374733531273
2460345.2034907043,95.47886439732186,3.117812464570853
2460345.2104351465,97.69369652157759,3.1175418465641562
2460345.217379588,94.60258556547645,3.116656256286214
2460345.224324031,94.02115885416681,3.118130457551482
2460345.231268473,92.25604538690504,3.1155097707923205
2460345.238212915,101.36629231770864,3.1202668645825065
2460345.245157358,91.88195219494082,3.1165676435348213
2460345.2521018,90.49833751860115,3.1172556104982623
2460345.259046243,91.00011625744067,3.1180091941457975
2460345.265990685,91.42569986979181,3.1195709219261794
2460345.272935128,90.3591657366075,3.1199868725998985
2460345.2798795705,87.38970656622057,3.1206190674175125
2460345.2868240136,94.24626813616108,3.122175912064607
2460345.293768456,93.84856305803578,3.122532604523837
2460345.3007128993,95.78777204241094,3.1245246016782766
2460345.307657342,93.0960984002977,3.1213573065392914
2460345.314601785,90.21583193824442,3.1207774569106506
2460345.321546228,96.77244931175603,3.121264083181568
2460345.3284906712,96.14556594122026,3.119378338596318
2460345.335435115,97.40425037202401,3.1179142721470594
2460345.342379558,101.2355957031253,3.1164762152836065
2460345.3493240015,95.31489490327415,3.1134779470908485
2460345.356268445,96.8437500000003,3.10875727151733
2460345.3632128886,100.05851236979197,3.1064781018918803
2460345.3701573317,99.79396856398853,3.100143857989167
2460345.3771017757,96.46780831473234,3.095135037585211
2460345.3840462193,103.28935314360145,3.092814532251875
2460345.390990663,95.69763764880979,3.08531160860428
2460345.397935107,94.14463588169656,3.080115729852609
2460345.404879551,95.70138113839312,3.0771569044612193
2460345.411823995,95.21786644345259,3.072381601990504
2460345.418768439,93.35641043526827,3.0698387822422575
2460345.425712883,88.78501674107156,3.064999179323781
2460345.432657327,96.58055478050635,3.0650096182970317
2460345.4396017715,93.3787086123513,3.0631331826412764
2460345.446546216,91.8075125558039,3.0608368871660723
2460345.45349066,91.78352864583348,3.061783401887388
2460345.460435105,93.96687825520864,3.0602759000087905
2460345.467379549,92.75778924851222,3.0617148884767946
2460345.474323994,92.51631091889915,3.0623476304667907
2460345.481268438,90.93230329241094,3.0612090532418805
2460345.4882128835,95.52747163318493,3.064269556517672
2460345.495157328,95.24841889880948,3.0665048869208316
2460345.502101773,92.93433779761942,3.06867815606541
2460345.509046218,95.74318731398823,3.0701551599585883
2460345.515990663,91.89862351190489,3.0704106905648696
2460345.522935108,98.34240141369082,3.0757484656302263
2460345.5298795532,92.18379138764885,3.073601246823174
2460345.536823998,91.60607328869082,3.073578032345471
2460345.5437684436,97.2824707031253,3.07562663671179
2460345.550712889,97.47051711309526,3.077378793147219
2460345.557657334,98.18805803571468,3.0784652248974296
2460345.5646017794,99.34320359002989,3.0799202546132958
2460345.5715462253,105.23102678571438,3.081097564441249
2460345.578490671,97.13524228050603,3.08007329338967
2460345.5854351167,96.28513299851208,3.0786261721323904
2460345.592379562,94.05426897321438,3.0803642926801746
2460345.599324008,93.20589192708364,3.076291533682093
2460345.606268454,99.80931454613135,3.078782914255902
2460345.6132129,95.21764555431552,3.0762591119404274
2460345.6201573457,90.80037434895864,3.0738023066117375
2460345.6271017916,96.94338262648837,3.0780241885019364
2460345.634046238,91.46959867931582,3.0729697694320817
2460345.6409906843,91.20567103794671,3.070825698678542
2460345.646777723,89.84547642299117,3.761632992804894
2460345.654879577,88.04349190848218,3.0699675306031167
2460345.661824023,90.52498372395833,3.06970057250542
2460345.6687684697,93.01648530505979,3.0725408622709165
2460345.6757129165,86.46827334449426,3.0684663109363317
2460345.682657363,86.57722981770864,3.0683248165105645
2460345.6896018093,94.39524042038722,3.070376506204823
2460345.6965462565,93.71545991443479,3.070229626333561
2460345.703490703,97.95091610863103,3.0714786757586943
2460345.71043515,99.90090215773823,3.072059845119163
2460345.717379597,95.77736700148853,3.071818138594626
2460345.724324044,95.80066499255948,3.0702239266824107
2460345.731268491,93.18902297247026,3.072269736976338
2460345.738212938,93.54788643973234,3.071156674337111
2460345.7451573852,101.32893880208364,3.0749488527917404
2460345.7509444244,90.53123256138406,3.7598049943707834
2460345.7590462803,99.93644205729197,3.072665934068963
2460345.765990728,96.89254324776796,3.072388771649333
2460345.772935175,92.09621465773823,3.070199409339224
2460345.7798796226,95.80122302827415,3.0700893646269365
2460345.78682407,96.36678641183062,3.7566247546981795
2460345.794925926,87.80536760602718,3.7494984208549877
2460345.8007129654,100.44725399925635,3.0638991352022207
2460345.8076574137,92.86961728050619,3.0598640635731886
2460345.8146018614,95.16911969866078,3.056650836153782
2460345.821546309,93.17274693080405,3.054974048802958
2460345.828490757,90.18430292038722,3.049507551325662
2460345.8354352056,94.25989350818479,3.046697486883456
2460345.8423796534,96.9846656436016,3.0450801052264125
2460345.849324102,96.25242978050619,3.043391885493092
2460345.85626855,91.75432477678562,3.03840261701565
2460345.8632129985,90.3178710937503,3.0382957322079154
2460345.870157447,91.66419038318479,3.034348873280772
2460345.8771018954,92.93940662202401,3.0316365881996785
2460345.884046344,91.50219726562516,3.029808673411638
2460345.890990793,93.76140485491078,3.0300496223490594
2460345.8979352415,97.80156017485115,3.0289846405409757
2460345.90487969,92.69327799479181,3.0277787212357836
2460345.911824139,95.06653413318479,3.0277106288874793
2460345.918768588,97.19016229538708,3.030147431358913
2460345.9257130367,94.60187639508968,3.0282336739893423
2460345.9326574863,95.80773344494082,3.0310277709979196
2460345.939601935,93.74751209077385,3.0321349783174636
2460345.9465463846,96.49868629092286,3.0328226979638497
2460345.9534908333,100.0119977678575,3.033958702802781
2460345.960435283,94.99348958333348,3.033141677742801
2460345.9673797325,95.16774786086323,3.03572779676095
2460345.9743241817,98.9193405877977,3.035898009360098
2460345.9812686313,96.81782459077415,3.0363238198615714
2460345.988213081,99.52280970982156,3.039445323391844
2460345.9951575305,98.13339378720259,3.0404285221620913
2460346.00210198,91.70155552455374,3.039709870269727
2460346.0090464302,91.90130905878004,3.041054480191331
2460346.01599088,88.8072800409227,3.0419232339075464
2460346.0229353295,91.1003417968753,3.0454492642833184
2460346.02987978,87.70222981770864,3.0437346011659687
2460346.03682423,95.85305059523837,3.0466379354135746
2460346.04376868,86.37948753720259,3.0425458700768484
2460346.05071313,87.27787853422645,3.0425677395658393
2460346.057657581,94.65749395461337,3.0470749282104728
2460346.064602031,91.75002325148823,3.0454483410605775
2460346.071546482,89.50898670014885,3.0435271789560367
2460346.078490932,92.9156668526786,3.042663363114709
2460346.0854353826,91.50433640252989,3.042453885146747
2460346.092379833,93.24360584077385,3.0404155003735074
2460346.099324284,96.32850864955374,3.0393408434566145
2460346.1062687347,92.05791945684541,3.0349218328279393
2460346.1132131857,89.80609421503004,3.032671496140565
2460346.1201576367,95.86545526413738,3.0298439834490143
2460346.1271020877,96.5110212053575,3.029504756493464
2460346.1340465387,99.04264322916697,3.0241103072633546
2460346.1409909897,95.8768601190477,3.021318451430393
2460346.1479354408,103.0745093936013,3.0173005436733646
2460346.1548798922,99.5779273623513,3.012676089437457
2460346.1618243437,97.36199079241108,3.0097006046573207
2460346.1687687947,96.25201125372041,3.0087391886289283
2460346.39214868,93.68249511718795,3.6715404821872233
2460346.3979357244,91.5124860491075,2.995713225403838
2460346.4048801786,87.27848307291697,2.9909511788010916
2460346.4118246324,92.00177873883938,2.99284760362818
2460346.4187690862,87.31952194940504,2.9888605244310313
2460346.4257135405,86.34171549479167,2.987457694341671
2460346.4326579943,87.39983258928594,2.986198145397429
2460346.439602448,91.44002278645864,2.9863791828194794
2460346.4465469024,92.72910853794656,2.9866082703527383
2460346.4534913567,91.24415225074426,2.9872079460571723
2460346.460435811,86.77904110863119,2.9873206329295647
2460346.4673802652,89.25515020461337,2.988809042761664
2460346.47432472,86.00323195684526,2.992876515229428
2460346.4812691743,92.7894577752977,2.991850431645481
2460346.488213629,88.1747116815477,2.991974516078636
2460346.4951580837,89.61159551711337,2.99422648770815
2460346.5021025385,93.0806012834825,2.9972952269452886
2460346.509046993,96.34320359002974,2.9985850576855277
2460346.515991448,92.13995070684526,2.998541063314258
2460346.522935903,89.09710984002989,3.001001000180923
2460346.529880358,90.18417503720245,3.0004273808803403
2460346.536824813,93.72723679315489,3.004244342164236
2460346.543769268,97.26833379836323,3.004218373865689
2460346.5507137235,90.8916945684523,3.004193399445637
2460346.5576581787,90.3434128534227,3.0017413813608793
2460346.5646026344,91.15342494419671,3.002550768014844
2460346.5715470896,92.58518182663708,3.00323940706825
2460346.578491545,93.086181640625,3.0047443376909286
2460346.585436001,95.05714053199426,3.0043503104876934
2460346.5923804566,89.63032459077415,3.001706390036104
2460346.5993249123,88.89596121651812,3.000448891255506
2460346.6062693675,92.13060360863119,2.999338862612071
2460346.613213824,91.05165318080405,2.998469923998181
2460346.62015828,93.42815290178562,2.998982008860182
2460346.627102736,84.26438104538708,2.994089258241695
2460346.634047192,89.59567987351222,2.9960100279710127
2460346.6409916477,84.89798409598234,2.9945245734630386
2460346.6479361043,91.42499069940504,2.9939161318340095
2460346.6548805605,85.7644042968753,2.9954531703679628
2460346.6618250166,86.72026134672645,2.9925436273534234
2460346.668769473,90.55585007440489,2.994439298124552
2460346.6757139303,92.3983793712802,2.9932063494207366
2460346.682658386,86.55417596726222,2.9944407948955494
2460346.689602843,90.14312453497041,2.99452264315417
2460346.6965472996,90.47798084077401,2.991777624414036
2460346.7034917567,92.98223586309541,2.994795567982507
2460346.7104362133,93.09044828869082,2.993578912216643
2460346.7173806704,91.19647507440489,2.9925898635232087
2460346.7243251274,91.58669317336323,2.993077960695898
2460346.7312695845,98.37925502232171,2.995922379784171
2460346.7382140416,95.18824404761942,2.993481383431277
2460346.7451584986,96.88292875744082,2.994160755751105
2460346.7521029557,94.4248511904763,2.994793399354425
2460346.7590474132,96.18817429315474,2.998534992152971
2460346.765991871,91.24746558779786,2.99279732776001
2460346.7729363283,88.96787806919686,2.9914729627720966
2460346.779880786,94.1711425781253,2.994020386022987
2460346.7868252434,92.18736049107171,2.9906601829555086
2460346.793769701,90.35408528645864,2.9892397048862023
2460346.800714159,94.63993908110145,2.9891944894091185
2460346.8076586165,91.55113002232156,2.9883265639625893
2460346.814603075,87.91012137276796,2.986750618538707
2460346.8215475325,87.3298804873513,2.98120539440395
2460346.828491991,90.55658249627989,2.980816013793671
2460346.835436449,88.07842726934541,2.976002920396233
2460346.842380907,93.33746047247041,2.975431180914484
2460346.849325366,84.15862165178594,2.968964650202252
2460346.856269824,89.04463123139901,2.9681145894364587
2460346.8632142823,88.53085472470259,2.9652422332697093
2460346.870158741,90.53977167038722,2.9646032755293223
2460346.8771031997,89.78135463169656,2.9625911216805574
2460346.8840476577,91.58812313988103,2.9601133615414668
2460346.8909921166,92.60863095238103,2.958969826011053
2460346.8979365756,93.66398111979181,2.95646887710905
2460346.904881034,92.33839053199442,2.957046905603679
2460346.9118254934,97.26656668526827,2.9561299823951948
2460346.9187699524,95.91457403273823,2.9549856035394573
2460346.9257144113,95.31860351562516,2.95513364840251
2460346.9326588702,92.78000604538722,2.9539331867978103
2460346.939603329,88.14494977678562,2.95321115347368
2460346.946547789,95.06440662202385,2.9587781380370433
2460346.953492248,98.91774786086337,2.9578138262016043
2460346.960436708,95.72856212797645,2.956527430144806
2460346.9673811668,94.90089053199426,2.957430169823729
2460346.9743256266,98.94483584449426,2.9599558315772505
2460346.9812700865,92.58620489211323,2.9604833667433197
2460346.988214546,94.57003348214312,2.9626971404974545
2460346.9951590057,93.709867931548,2.965477285403104
2460347.0021034656,93.72994559151796,2.964548369030664
2460347.0090479255,98.60954938616094,2.968836986188572
2460347.0159923853,89.69003441220245,2.9674414186405875
2460347.0229368457,93.90521530878004,2.972310533588972
2460347.0298813055,93.8208356584825,2.9716303661096575
2460347.036825766,94.32123093378004,2.972387755309022
2460347.043770226,96.41981724330374,2.975380356391701
2460347.0507146865,88.43886021205405,2.97177375947453
2460347.057659147,87.27005440848218,2.9701011029035325
2460347.0646036076,91.73907180059526,2.974272304355441
2460347.0715480684,90.03322637648823,2.9688537498830807
2460347.0784925283,88.88255673363103,2.9710646546485293
2460347.085436989,91.63440522693479,2.9721517110566347
2460347.09238145,94.3176269531253,2.9702091015118284
2460347.0993259107,93.9016462053575,2.970877646833532
2460347.1062703715,98.91359747023823,2.968064460301831
2460347.1132148323,91.16662016369067,2.9655683843596172
2460347.120159294,92.93357049851208,2.964009956234962
2460347.127103755,96.40999348958333,2.962870627193919
2460347.1340482165,98.9386276971727,2.9611113957624724
2460347.1409926773,92.38526553199426,2.9561161733494283
2460347.147937139,100.02119373139885,2.95715125603127
2460347.1548816003,96.17263067336323,2.9559390159292853
2460347.1618260616,97.24390811011926,2.952688387454476
2460347.1687705237,90.29664248511942,2.9473183231217974
2460347.175714985,93.21734328497041,2.9477970738992307
2460347.182659447,96.88063848586323,2.9447594868534
2460347.1896039085,94.84091331845245,2.943211747931606
2460347.1965483706,96.16044689360115,2.9419030514617
2460347.2034928324,94.01456705729197,2.9417651526768522
2460347.2104372946,93.068510509673,2.940082525559768
2460347.2173817568,95.04239908854197,2.9402455225888295
2460347.2243262185,92.02226329985145,2.9409456518968367
2460347.2312706807,92.46733165922645,2.9418673998964127
2460347.2382151433,91.99891880580374,2.944076491274784
2460347.2451596055,85.73654901413708,2.9431000837613186
2460347.252104068,87.96964518229197,2.947132689149523
2460347.259048531,92.06990559895833,2.9492779034329737
2460347.265992993,87.18686058407759,2.9539626760131124
2460347.2729374557,90.10670107886911,2.95401166504549
2460347.279881919,90.3977515811016,2.957372206752961
2460347.2868263815,92.54099237351208,2.958777017965563
2460347.293770844,93.71515764508968,2.9624573358568114
2460347.3007153072,95.39377557663708,2.9627328725006534
2460347.3076597704,93.69481259300635,2.9650264456646287
2460347.3146042335,87.02003115699442,2.9632718895467165
2460347.3215486966,96.00677780877989,2.967563065932558
2460347.3284931597,95.4397321428575,2.968426545682833
2460347.3354376233,96.04845610119052,2.966744331399322
2460347.3423820864,93.65943545386926,2.965103212427788
2460347.34932655,94.02642531622057,2.9649561562544107
2460347.3562710136,95.50344122023837,2.963189786766565
2460347.363215477,102.5093122209825,2.961700750914787
2460347.370159941,96.63879975818479,2.9571661493949595
2460347.377104405,95.05551292782775,2.9543196804956504
2460347.3840488684,92.78686523437516,2.9516209645929483
2460347.3909933325,90.70937965029786,2.949331402939562
2460347.3979377965,89.16308593750016,2.9463493560428815
2460347.4048822606,94.08236839657759,2.9480972624745188
2460347.411826724,97.98622349330374,2.947663884896155
2460347.4187711887,85.27607654389885,2.941645296705486
2460347.4257156528,91.35510835193479,2.9420003817895597
2460347.4326601173,92.86274646577385,2.9414753344879685
2460347.439604582,92.16799200148823,2.939067745527266
2460347.4465490463,90.91902669270833,2.9390159515058
2460347.453493511,93.9801316034227,2.9383290863817284
2460347.4604379754,95.03855096726193,2.9419673562750646
2460347.4673824403,91.66176060267874,2.939387154838522
2460347.474326905,89.95835658482156,2.9414965665850166
2460347.48127137,91.9599609375,2.94173922404014
2460347.4882158344,95.9655761718753,2.9445559968702066
2460347.4951603,99.84230840773823,2.947585395835047
2460347.502104765,92.79930478050635,2.947347702822739
2460347.50904923,89.35958426339312,2.9469623038364383
2460347.5159936952,92.75996326264915,2.9500008776202002
2460347.52293816,98.17707170758938,2.953100301916381
2460347.5298826257,93.19903273809541,2.9524833821892
2460347.536827091,101.05066499255979,2.9549408981266567
2460347.543771557,94.43688383556567,2.9571710965730422
2460347.5507160225,99.46219308035734,2.9586602520682947
2460347.557660488,97.14678664434541,2.9572467527403012
2460347.564604954,98.51918247767844,2.955256550505402
2460347.5715494193,94.57628813244082,2.9564592116963357
2460347.578493885,94.69470796130979,2.9566005564027233
2460347.5854383516,94.25262741815489,2.952581312615148
2460347.5923828175,94.47652762276812,2.9489140069226534
2460347.5993272834,98.32793898809541,2.949801785341642
2460347.60627175,94.17330496651796,2.9460806590873383
2460347.6132162157,91.8630719866075,2.942641338514971
2460347.620160682,90.91884068080374,2.939783630251839
2460347.6271051485,96.21259998139901,2.9399626174139946
2460347.634049615,88.31402297247041,2.934731297146787
2460347.6409940817,91.0347144717263,2.9355402184929655
2460347.647938548,91.5815429687503,2.9349729658102675
2460347.6548830145,87.40086728050635,2.9326401778026283
2460347.661827482,92.88475399925603,2.9320612822108476
2460347.6687719487,94.91785249255979,2.931278282630768
2460347.6757164155,90.1225934709825,2.931483369582199
2460347.6826608824,95.37238420758938,2.93149373460766
2460347.6896053497,96.58919270833364,2.9319727005664444
2460347.6965498165,95.25155784970259,2.9335196844949714
2460347.7034942843,97.59178524925603,2.9311463187033833
2460347.710438751,96.22349330357186,2.932152023088884
2460347.717383219,100.30646623883952,2.935773594530868
2460347.724327686,96.42946661086307,2.934300730114057
2460347.7312721536,100.24830264136926,2.935884028921865
2460347.7382166213,91.61407180059526,2.9332023705730097
2460347.7451610886,96.02321661086353,2.9336511062618036
2460347.7521055564,100.61152576264901,2.9361858731950297
2460347.7590500247,90.36197916666667,2.935405934464345
2460347.7659944925,96.74601236979181,2.9344331945453166
2460347.77293896,93.23978097098234,2.933816498425832
2460347.7798834285,95.66696893601238,2.9356358921415815
2460347.7868278963,95.39634486607156,2.933792249791951
2460347.7937723645,91.55548967633952,2.932876432035712
2460347.8007168327,92.44073195684557,2.9311982086469883
2460347.807661301,94.29996744791697,2.9327097246156413
2460347.8146057697,95.86372302827415,2.932165897733072
2460347.821550238,93.97643461681567,2.92916541589117
2460347.8284947067,95.63521902901796,2.9274076737378203
2460347.8354391754,86.86304873511942,2.9229433240620426
2460347.8423836436,91.42518833705374,2.9197214779192464
2460347.849328113,90.29534040178594,2.91736080132065
2460347.8562725815,93.17510695684557,2.915401609633591
2460347.86321705,97.14185732886926,2.914158871420143
2460347.87016152,93.4978492373516,2.9084553241377655
2460347.8771059886,89.85432942708364,2.9056211093337025
2460347.884050458,91.16857328869082,2.9043571689924668
2460347.890994927,93.61314174107156,2.9036618760276105
2460347.8979393966,92.2411179315477,2.9038322943631276
2460347.9048838657,94.85820079985115,2.9004031094059157
2460347.911828335,94.96068173363103,2.9000666386714755
2460347.918772805,98.98170107886956,2.9004786896275427
2460347.925717274,95.0067313058036,2.8974531904119023
2460347.932661744,96.18059430803594,2.899021768203068
2460347.939606214,95.76783389136911,2.898858107908089
2460347.9465506836,97.83193824404786,2.8978612833498834
2460347.9534951537,99.32071940104167,2.897566084235065
2460347.960439624,100.59530784970275,2.899790902773914
2460347.967384094,96.47028459821438,2.8993518844871975
2460347.974328564,91.77592540922615,2.898817848001354
2460347.981273034,93.7715308779766,2.9003325658837062
2460347.988217504,95.30354817708364,2.9009276225400207
2460347.9951619743,98.25767299107171,2.9043737992472134
2460348.002106445,96.20970517113103,2.903825363098722
2460348.0090509155,95.73338681175635,2.9059757466399745
2460348.015995386,92.12132626488103,2.9041549954844226
2460348.0229398566,93.41505068824397,2.906434594975894
2460348.029884327,97.08400762648853,2.9091427336574864
2460348.0368287982,94.04520089285718,2.9107692268574823
2460348.043773269,92.42376999628004,2.9088467557351123
2460348.05071774,89.17556036086323,2.908099497582605
2460348.057662211,91.59991164434541,2.909007904893221
2460348.064606682,94.8536086309523,2.90649312027165
2460348.0715511534,97.06318591889901,2.906957875268437
2460348.078495625,92.53907412574426,2.905308729830893
2460348.085440096,100.45515950520848,2.907931164295326
2460348.092384567,94.72869001116094,2.9063061791566653
2460348.099329039,91.96848260788693,2.905034780073827
2460348.10627351,106.39851888020848,2.910359091685026
2460348.113217982,87.66476004464296,2.905680416557354
2460348.1201624535,95.16327194940489,2.9086530606749363
2460348.1271069255,94.98059663318479,2.905516725158622
2460348.134051397,97.12366303943479,2.9056936844992545
2460348.1409958694,96.9017508370536,2.904371494250284
2460348.1479403414,94.25466192336323,2.902127296867345
2460348.1548848134,99.39463588169686,2.9010458435784603
2460348.161829286,100.88904389880948,2.9000450299156575
2460348.1687737578,98.36258370535718,2.8961351857782867
2460348.175718229,99.0520019531253,2.8941495695973765
2460348.182662698,95.17649042038708,2.891705269638054
2460348.18960717,95.30021158854181,2.8913574835381777
2460348.196551643,99.14620535714312,2.891472546209133
2460348.2034961153,94.69559151785718,2.888215281544499
2460348.2104405877,93.26466006324411,2.8876141310866483
2460348.217385061,92.95428757440504,2.8862943397217737
2460348.2243295335,93.63195219494052,2.8872036625561424
2460348.231274007,92.35674758184541,2.8867229824704723
2460348.23821848,94.0767066592263,2.889591245243229
2460348.245162953,92.95272972470275,2.8907958724019074
2460348.252107426,93.45216006324426,2.8918346686204774
2460348.259051899,95.22899228050619,2.892589306678086
2460348.265996373,93.66944521949411,2.895268097494778
2460348.272940846,94.47541155133938,2.8966103045163654
2460348.2798853195,92.39292689732156,2.8975712432567176
2460348.2868297934,95.23134068080374,2.89816449954141
2460348.2937742667,94.63135928199411,2.9018318736577906
2460348.3007187406,92.9293387276786,2.8992109795212055
2460348.307663214,100.55143229166667,2.902720608602031
2460348.3146076878,92.20270647321468,2.899069215342777
2460348.321552162,95.65954008556567,2.9019712957474937
2460348.328496636,97.63943917410734,2.903074676497637
2460348.33544111,93.78806268601193,2.8987202260487717
2460348.342385584,98.09544735863103,2.8994795581972213
2460348.3493300583,97.91856166294656,2.900584354171573
2460348.3562745326,94.82360258556582,2.8965573819022494
2460348.3632190074,96.26510184151812,2.893617984444907
2460348.3701634817,95.14976283482156,2.896151655474848
2460348.377107956,94.3191266741075,2.892108463113251
2460348.3840524307,96.57347470238119,2.889296405215489
2460348.390996905,92.00760323660718,2.8858757624493503
2460348.3979413803,96.89928617931552,2.8870083429457396
2460348.404885855,94.13521902901827,2.8815740034554396
2460348.41183033,95.89977446056552,2.884309387768763
2460348.4187748055,92.56097702752989,2.8802737976096577
2460348.4257192803,90.47298177083333,2.877021406091702
2460348.4326637555,87.835356212798,2.877572022636477
2460348.4396082307,90.3104538690477,2.878755358693224
2460348.4465527064,90.76295107886926,2.8787492810407334
2460348.453497181,89.0462937127977,2.8776802870411866
2460348.460441657,95.44076683407759,2.8803380500189024
2460348.467386132,93.69783528645848,2.8798875777442645
2460348.4743306083,96.26075381324442,2.883259516763623
2460348.4812750835,96.03500511532759,2.8819888945909393
2460348.4882195597,88.66136532738119,2.8813511040739157
2460348.4951640354,94.52608816964312,2.884847233115695
2460348.502108511,96.63416108630979,2.884832203672183
2460348.5090529867,103.70006742931552,2.888838923697955
2460348.5159974634,100.2616141183039,2.8853315960157357
2460348.5229419395,102.31587146577401,2.886250266591808
2460348.5298864157,99.50746372767874,2.8854049654861313
2460348.536830892,98.93639555431582,2.8858034504435026
2460348.5437753685,103.27340262276796,2.8875570691025794
2460348.5507198446,101.97488839285718,2.8869906709869397
2460348.5576643213,101.66167922247026,2.884994146957404
2460348.564608798,99.30839611235145,2.8834445401621145
2460348.5715532745,99.96235584077415,2.8832530136546413
2460348.5784977516,98.47217959449411,2.8808892961877945
2460348.5854422282,96.60959588913693,2.878481909914138
2460348.5923867053,99.06951032366094,2.875849264611137
2460348.599331182,94.64801897321438,2.8749757054966523
2460348.6062756595,97.32545107886926,2.872838035394454
2460348.613220136,91.9667968750003,2.8703817813824615
2460348.6201646137,95.50957961309557,2.8703799147139097
2460348.6271090913,94.02882021949426,2.8696614374982516
2460348.634053569,92.70481073288677,2.869175079045235
2460348.6409980464,90.65741257440489,2.86772048942375
2460348.647942524,95.2366768973214,2.868535000316496
2460348.6548870015,100.89271763392874,2.869958816529273
2460348.661831479,89.72191220238119,2.867074656063996
2460348.6687759566,95.75132533482171,2.87011073118315
2460348.6757204346,95.30684988839312,2.869891799578824
2460348.6826649127,94.64584495907759,2.8696309589048083
2460348.68960939,92.7645438058039,2.870759074785949
2460348.6965538687,96.21455310639901,2.8719374234286317
2460348.703498347,95.92518833705374,2.8706163437493104
2460348.7104428248,103.59070405505979,2.873464902309237
2460348.7173873037,102.60750325520848,2.8730825711063175
2460348.7243317817,99.5993652343753,2.8723772156974223
2460348.7312762607,99.24265252976208,2.8738653280046726
2460348.7382207387,97.47593470982156,2.871433321444146
2460348.7451652177,104.50653366815489,2.8727044918526516
2460348.7521096966,102.91708519345259,2.8740909955155565
2460348.759054175,96.46856398809557,2.868362310441191
2460348.765998654,99.90718005952385,2.8694269714261353
2460348.7729431335,98.6443336123516,2.8670910858778105
2460348.7798876124,95.87732514880979,2.8645238882698956
2460348.7868320914,98.98275902157775,2.8642570678223276
2460348.793776571,96.43165225074411,2.8612909271543026
2460348.80072105,99.98600260416697,2.860511355424857
2460348.807665529,96.46712239583348,2.8564246599250875
2460348.8146100086,94.53354027157759,2.857111809844049
2460348.8215544885,89.98744419642874,2.852631216259861
2460348.828498968,89.64897228422645,2.850820345401191
2460348.835443448,92.24458240327415,2.8476189887829793
2460348.842387927,87.73393322172645,2.84580720231529
2460348.849332407,93.31687127976208,2.8464362102767544
2460348.856276887,95.68371000744067,2.8463057569955716
2460348.8632213674,93.67230515253004,2.8446534305830418
2460348.8701658472,94.99481491815504,2.843294820998303
2460348.8771103276,96.4472656250003,2.8458563178799934
2460348.8840548075,93.73031761532775,2.8448879682564137
2460348.890999288,96.72614397321438,2.841858434522241
2460348.897943768,93.30365862165202,2.840423006279932
2460348.9048882495,98.43064662388406,2.841641329497999
2460348.9118327294,97.49730864025302,2.840911597342425
2460348.91877721,96.01360212053594,2.8411397229213904
2460348.925721691,98.87769135974713,2.8431461560206817
2460348.932666172,98.21140834263406,2.8414301778406674
2460348.9396106526,100.56256394159254,2.843283348711982
2460348.9465551334,101.82225981212802,2.8432598381030068
2460348.9534996147,102.11912318638436,2.844350566984767
2460348.960444096,98.30530366443448,2.841555983353611
2460348.9673885773,96.55056036086337,2.839940334542266
2460348.9743330586,99.28100004650332,2.8415885715374016
2460348.9812775394,102.38686407180073,2.842548916783001
2460348.988222021,103.4978492373513,2.8428405624698647
2460348.9951665024,94.3424246651786,2.8393029319021093
2460349.002110984,97.18770926339312,2.838243060555291
2460349.009055466,94.39182826450921,2.8371073391794517
2460349.015999947,98.67831566220259,2.841017216061273
2460349.0229444294,98.70383998325906,2.841291493758721
2460349.029888911,95.45885067894385,2.838426358358051
2460349.036833393,96.27861676897344,2.837827659365899
2460349.043777875,91.02622767857186,2.837439723802411
2460349.0507223574,91.66345796130948,2.8341176003281467
2460349.0576668396,97.39950706845245,2.83338891447063
2460349.064611322,92.91713750930087,2.8333057865307754
2460349.0715558045,96.97753906250016,2.835608990357777
2460349.078500287,95.30641973586353,2.833026485367205
2460349.0854447694,97.05559430803594,2.8335128886867946
2460349.092389252,99.89469982328895,2.8324673150959767
2460349.0993337347,97.69654482886942,2.8320333679758445
2460349.106278218,98.03923107328895,2.8317206356921876
2460349.1132227,100.89198521205405,2.833962325299894
2460349.120167183,98.31237211681552,2.8318865797717625
2460349.1271116664,101.54943266369067,2.835099739183939
2460349.1340561495,105.4299025762648,2.833660023461883
2460349.1410006327,102.4836716424855,2.832760571786046
2460349.147945116,100.43968563988119,2.8315176604947787
2460349.154889599,103.14036342075906,2.831560045232736
2460349.161834083,101.86844889322947,2.8307364598436404
2460349.1687785666,97.01361374628004,2.8299639009147532
2460349.1757230503,98.24768066406266,2.8263992786619063
2460349.1826675334,98.32990955171135,2.826204491665884
2460349.1896120175,98.03001767113119,2.8238007005157004
2460349.196556501,96.1477341424852,2.8248450825537126
2460349.203500985,102.93715704055087,2.824186381113505
2460349.2104454692,97.96848260788708,2.825930729034623
2460349.2173899533,97.07813662574426,2.820570372959894
2460349.2243344374,93.52732631138406,2.8203255270444134
2460349.231278922,97.07504999069958,2.820749455918998
2460349.238223406,94.18843587239598,2.822583083587689
2460349.2451678906,89.43067568824426,2.821458848980912
2460349.2521123756,95.27659388950921,2.823484935988921
2460349.2590568596,101.22706240699426,2.824202656967461
2460349.266001344,97.92900158110145,2.824169517457223
2460349.272945829,96.43394833519353,2.825887075108786
2460349.2798903137,95.35591634114614,2.8261362036818074
2460349.2868347988,96.42294456845259,2.82644265638629
2460349.2937792838,99.97324335007488,2.828474688509028
2460349.300723769,98.02936662946468,2.8281377239457757
2460349.307668254,99.41610281808062,2.830103551985664
2460349.3146127393,95.2856735956105,2.82687883760893
2460349.3215572247,102.56480771019369,2.82848905482073
2460349.32850171,103.42644391741094,2.8286122282171315
2460349.3354461957,98.92971075148837,2.8278580577712904
2460349.3423906807,101.93588402157745,2.8260738203423705
2460349.349335167,101.23007928757458,2.824480090755964
2460349.356279652,100.48196847098218,2.8240010104827267
2460349.363224138,101.64732142857156,2.8222866218503664
2460349.370168624,102.48702566964312,2.8216378892632217
2460349.3771131104,101.49146670386942,2.8205587575863844
2460349.3840575963,103.44792829241108,2.8202621596723714
2460349.3910020827,97.5171944754464,2.817719155918081
2460349.397946568,97.24981980096754,2.81784482912605
2460349.4048910546,97.16718982514885,2.8161696923363375
2460349.4118355415,93.27273414248536,2.8146243542896987
2460349.4187800274,95.55976795014901,2.8146577829054658
2460349.4257245143,97.71009463355676,2.8150188044736058
2460349.4326690007,97.11861746651782,2.8122386343001615
2460349.4396134876,96.71936616443463,2.813730322111138
2460349.4465579744,96.572910853795,2.813486553015062
2460349.4535024613,93.48772902715776,2.8129616711039556
2460349.460446948,94.83329264322931,2.811647959564505
2460349.4673914355,99.87933058965791,2.8148790605685323
2460349.4743359224,94.73776971726193,2.8150711747881867
2460349.4812804093,95.8249511718753,2.8157707460895662
2460349.488224897,103.67449079241108,2.81839599026785
2460349.495169384,100.52059500558062,2.8178795452347756
2460349.5021138717,98.9763183593753,2.818440836162679
2460349.509058359,98.70106724330374,2.8189187127414077
2460349.516002847,100.26392182849713,2.818953947009519
2460349.5229473347,101.37386067708348,2.818320414141391
2460349.529891822,98.28755696614598,2.8163893510630746
2460349.5368363103,101.60327729724743,2.8167961331417533
2460349.543780798,103.54205031622057,2.818610973067139
2460349.5507252864,95.0660691034227,2.8132997371080735
2460349.557669774,98.28643508184541,2.8123392089005343
2460349.5646142624,100.49684942336353,2.8141828479689113
2460349.5715587507,96.93629092261926,2.8100650418927384
2460349.5785032394,96.25677199590821,2.8103200760711355
2460349.5854477272,99.12080310639885,2.808054368736327
2460349.592392216,92.75942847842286,2.80611477733264
2460349.5993367047,94.48445638020833,2.8039682458454496
2460349.6062811934,98.09445335751509,2.80512663338491
2460349.613225682,98.84433710007488,2.803796117960085
2460349.620170171,91.38774181547615,2.7992434206737378
2460349.6271146596,98.66039457775302,2.801411161868224
2460349.6340591493,101.0188278924852,2.8016154047973507
2460349.6410036385,91.0437302362355,2.7972317172470036
2460349.6479481272,97.17849586123536,2.7991189408930457
2460349.6548926164,97.75136602492587,2.7996421302498593
2460349.661837106,94.62096586681567,2.798062193132099
2460349.6687815953,99.57136462983651,2.7999586350390344
2460349.675726085,93.22483607700906,2.800032545808099
2460349.6826705746,102.79705519903276,2.8018788709424336
2460349.6896150643,101.78344145275302,2.802136753460678
2460349.696559554,99.55578031994082,2.800373947579491
2460349.703504044,101.32161458333333,2.8007793927340945
2460349.7104485338,100.71000162760417,2.801533849210665
2460349.717393024,103.27251906622026,2.8015528815994073
2460349.7243375145,100.68424479166667,2.800275258786998
2460349.731282004,101.39199683779786,2.801615649299878
2460349.7382264948,98.96934291294686,2.801454215151273
2460349.745170985,100.33723958333364,2.798650703450352
2460349.7521154755,101.60796828497071,2.8006383744063967
2460349.759059966,98.41267322358665,2.7963593305231367
2460349.7660044567,102.76824660528291,2.7985821914729683
2460349.7729489473,99.60064406622041,2.794242347766312
2460349.7798934383,100.31929524739583,2.7953373894223645
2460349.7868379294,94.58617001488103,2.7908020092494747
2460349.79378242,103.2001953125003,2.792051177335146
2460349.800726911,97.29467773437516,2.7888159547804956
2460349.807671402,99.76715378534224,2.7888666651692393
2460349.8146158936,95.07286435081885,2.7849681588573323
2460349.8215603847,96.44624255952401,2.784045209614709
2460349.8285048762,97.0585181826638,2.784237963846665
2460349.8354493678,98.67001488095259,2.783065635518163
2460349.8423938593,97.11446707589312,2.783085614294345
2460349.849338351,98.92464192708364,2.782967110565732
2460349.856282843,101.32511974516365,2.7824252566781773
2460349.8632273343,104.32227725074411,2.7840790342043555
2460349.8701718263,101.43951706659239,2.7810092058667197
2460349.8771163183,98.22651599702401,2.7799188959701677
2460349.884060811,97.18917410714312,2.7792586885404806
2460349.8910053023,99.64268275669656,2.782923260103083
2460349.897949795,103.58545503162213,2.7828253802482767
2460349.904894287,104.11801874069943,2.779722285522281
2460349.9118387797,98.11272902715791,2.776617118401083
2460349.918783272,100.05843098958364,2.7762582115859575
2460349.9257277646,101.37249465215807,2.776670827203988
2460349.932672257,104.95048014322917,2.7778838733575193
2460349.9396167495,104.95207868303608,2.7772211499997805
2460349.946561243,102.18112909226222,2.7754935126364693
2460349.953505736,100.78386579241094,2.7765146032637684
2460349.960450229,100.28700474330374,2.7763553921311384
2460349.9673947203,101.41800362723234,2.774267924364162
2460349.974339211,101.04725864955344,2.7754027040425573
2460349.9812837043,101.97594633556582,2.772820104376402
2460349.9882281977,104.52411760602688,2.77506670232856
2460349.995172691,103.45125906808062,2.774130727963776
2460350.0021171845,97.86912899925603,2.7713456657381155
2460350.0090616783,99.98024786086323,2.7718529948323245
2460350.016006172,95.83304268973218,2.768893942160009
2460350.0229506656,99.80593145461353,2.769213104046226
2460350.02989516,94.29357328869082,2.76622612754338
2460350.0368396533,96.38692220052114,2.7698005028637773
2460350.0437841476,97.5047607421878,2.767522730701988
2460350.0507286415,93.87461635044656,2.7666976292623873
2460350.057673136,99.85816592261926,2.7660468536627385
2460350.06461763,95.25098237537229,2.7670867887307735
2460350.0715621244,105.12714494977688,2.7678931489517855
2460350.078506619,97.66333589099729,2.7637571372742595
2460350.0854511135,100.97266206287229,2.7673092860534663
2460350.092395608,107.74696568080374,2.7686064976013802
2460350.099340103,104.20648484002989,2.764684198669873
2460350.106284598,100.02925037202385,2.763670669028038
2460350.1132290927,99.86643763950921,2.7616093625380826
2460350.120173588,102.07935732886926,2.7625146408720798
2460350.1271180827,102.19625999814009,2.7626262216944166
2460350.1340625775,100.88914853050635,2.762215880602191
2460350.139849657,102.08439418247781,3.385896723440497
2460350.145636737,101.34530784970259,2.761095282984044
2460350.152581232,104.1090378534227,2.7622724432000467
2460350.159525728,107.0922560918898,2.76040283433305
2460350.166470223,99.82889229910718,2.7569634230973517
2460350.173414719,104.13947986421165,2.763485275439436
2460350.1803592145,101.14458356584828,2.757240083387717
2460350.1873037107,101.63260323660734,2.7563062350506073
2460350.1942482064,99.69703892299124,2.754312909784645
2460350.201192702,99.05792526971724,2.754170010109009
2460350.2081371984,102.89429292224743,2.752873637158809
2460350.2150816945,96.39763532366094,2.7507513950451536
2460350.2220261907,97.42652529761926,2.750535839717552
2460350.2289706874,99.6945045107888,2.7505045945405375
2460350.2359151836,102.99830264136911,2.7513797505591775
2460350.24285968,98.89349074590807,2.7501545931752243
2460350.249804177,98.17131696428578,2.7488283303523176
2460350.2567486735,98.51100957961337,2.7493287589607722
2460350.26369317,98.58501325334812,2.748908666477103
2460350.270637667,98.25369698660718,2.747155386000678
2460350.2775821644,101.69835263206853,2.7480079754770883
2460350.284526661,103.04233514694972,2.7473457179174
2460350.2914711586,100.7037353515628,2.7455108043137906
2460350.2984156553,97.85835774739598,2.744840247830934
2460350.305360153,99.73494466145864,2.7443113187523487
2460350.3123046504,105.61869303385447,2.7476271239133094
2460350.3192491475,103.50630696614614,2.748255349987083
2460350.326193645,104.08269973028261,2.743490179042272
2460350.333138143,102.74590192522344,2.7425921078084072
2460350.3400826403,99.9397263299852,2.7410399486543136
2460350.3470271383,103.15690685453895,2.7418447505954497
2460350.3539716364,100.62553478422645,2.7420243253475998
2460350.3609161344,103.90240187872041,2.7403092110581966
2460350.3678606325,101.07260858444958,2.7382010587386696
2460350.3748051305,102.32250395275332,2.7391633844685894
2460350.3817496286,103.30177525111624,2.736726215768908
2460350.3886941276,98.87192499069958,2.735284550034722
2460350.3956386256,100.03742908296151,2.7344665256137897
2460350.4025831246,98.08477492559557,2.7353924565886243
2460350.409527623,98.37051827566968,2.734496050478642
2460350.4164721216,99.54201543898807,2.734878301194618
2460350.4234166206,94.76530529203895,2.7333535384322842
2460350.4303611196,96.71947079613135,2.7313581187213365
2460350.4373056185,97.41686430431552,2.7318333943658595
2460350.4442501175,98.71790713355676,2.7327126834229722
2460350.4511946165,98.43998209635447,2.731508642410361
2460350.458139116,95.70870535714282,2.7304881133148284
2460350.4650836154,99.88525971912229,2.7328636783256433
2460350.4720281144,100.0794677734378,2.7329654229060565
2460350.4789726143,102.1787400018605,2.7326840196224658
2460350.4859171137,101.71808733258938,2.732593741109804
2460350.492861613,101.91874186197931,2.730355793611148
2460350.499806113,101.848789760045,2.732404031924362
2460350.506750613,102.50696963355676,2.732085371993548
2460350.513695113,100.87108793712817,2.7328269166695662
2460350.5206396133,100.56000046502989,2.731082309047831
2460350.527584113,100.6984281994052,2.7337775390827956
2460350.5345286136,106.25879487537198,2.733261903373076
2460350.5414731135,103.03399367559541,2.7340918319063525
2460350.5484176143,100.85335286458364,2.732861543010795
2460350.5553621147,105.26712472098234,2.735999381434653
2460350.562306615,103.14669945126509,2.7314275533743166
2460350.569251116,99.71397181919656,2.7319295389302525
2460350.5761956167,100.56876627604197,2.7317460048219
2460350.5831401176,100.94325474330374,2.7323031146727845
2460350.5900846184,101.00856236049124,2.7316203411738704
2460350.5970291197,97.85445731026782,2.731670917941736
2460350.6039736206,100.77435012090776,2.7315583232683625
2460350.610918122,97.64367094494052,2.731573173275633
2460350.617862623,95.65313430059526,2.7289269477755975
2460350.624807125,96.11653064546165,2.7315915637635446
2460350.6317516263,96.05468168712832,2.7309330577581163
2460350.6386961276,98.97992815290188,2.730961022223815
2460350.6456406293,100.54175967261942,2.730080976054319
2460350.652585131,98.11314755394385,2.7335600885909863
2460350.659529633,97.46959286644353,2.731368611683331
2460350.6664741347,101.33592006138406,2.731384204594782
2460350.673418637,97.68434942336323,2.7315428546875906
2460350.680363139,98.38627697172615,2.7299946030111317
2460350.687307641,106.58893694196438,2.7337206729771424
2460350.6942521436,104.90210542224729,2.733347350991481
2460350.701196646,100.35281808035734,2.7345591558110485
2460350.708141148,102.31605747767844,2.732327120367851
2460350.7150856513,99.7410132998516,2.7334137454165632
2460350.7220301535,103.55448986235145,2.7333386897089427
2460350.7289746567,105.37674967447947,2.736246297594027
2460350.735919159,106.14625186011926,2.733276696642004
2460350.742863662,102.83172898065504,2.7314479780717407
2460350.749808165,105.18992978050603,2.733001896916002
2460350.756752668,101.28624906994082,2.7343291269684635
2460350.763697171,99.11703055245562,2.733046759120614
2460350.7706416748,107.83258928571438,2.735245738240256
2460350.7775861784,100.45775204613119,2.734161893032286
2460350.784530682,104.31324404761926,2.7337718442632926
2460350.7914751847,104.31850469680073,2.733740478863698
2460350.7984196884,96.0102887834825,2.7302212215350874
2460350.805364192,92.4871244884677,2.7289842109115336
2460350.812308696,99.40474446614583,2.7311665804529484
2460350.8192532,93.49852353050635,2.729944957142053
2460350.826197704,93.18715122767874,2.731116310633577
2460350.8331422084,94.98854282924124,2.7312325432821414
2460350.840086712,97.64091564360145,2.7324081299317715
2460350.8470312166,99.37150065104181,2.731617772701505
2460350.853975721,99.13095819382458,2.7338022277508798
2460350.8609202257,100.56943475632458,2.732193465802704
2460350.86786473,98.3873930431552,2.7320848383961707
2460350.874809235,97.15544201078895,2.7315524433555765
2460350.8817537394,102.42195638020848,2.7327886509055026
2460350.888698244,99.90744745163708,2.7310457922763334
2460350.895642749,99.31668526785734,2.7320811994683916
2460350.902587254,104.1876220703128,2.7341085410391663
2460350.909531759,96.81273251488103,2.732788147209965
2460350.916476264,104.3761451357888,2.736300438489426
2460350.9234207696,103.8944091796878,2.736517715689907
2460350.930365275,105.18181501116094,2.7341938695560226
2460350.9373097806,105.0300641741075,2.7337131023592165
2460350.944254286,102.31972539992557,2.734673246716724
2460350.9511987916,104.75548735119082,2.7349359856357487
2460350.9581432976,107.23558989025317,2.7365398146743662
2460350.965087803,99.71117582775317,2.7345499322136173
2460350.972032309,99.76976957775302,2.7331005764192273
2460350.9789768145,103.11339169456853,2.7313964063034177
2460350.9859213214,98.70054989769369,2.7310204569202785
2460350.9928658274,100.74365815662229,2.7317886598142516
2460350.999810334,100.14104352678594,2.7314989521819233
2460351.0067548403,104.30139741443463,2.7331638705916905
2460351.013699346,99.3542829241075,2.7312184044659085
2460351.020643853,96.3037400018602,2.73091805041277
2460351.02758836,94.5818161737355,2.731433193853651
2460351.0345328664,92.93131510416697,2.729833370455152
2460351.0414773733,98.2593994140625,2.7309972403589913
2460351.04842188,96.63892182849729,2.7325684469326927
2460351.055366387,101.48030598958348,2.7311456385569746
2460351.062310894,91.8683151971727,2.728709229110875
2460351.0692554014,98.54131208147344,2.7317604140834395
2460351.0761999087,101.0561523437503,2.7309599301151035
2460351.083144416,96.70760091145848,2.728613389560921
2460351.0900889235,104.13388206845259,2.733733657318247
2460351.0970334313,101.21425083705374,2.730245057001314
2460351.1039779386,105.4951462518602,2.736357321948596
2460351.1109224465,104.63931710379484,2.7319215935179364
2460351.1178669543,107.23983909970275,2.7317869752187787
2460351.1248114626,101.01101539248536,2.7309372023492275
2460351.1317559704,101.27516392299124,2.7321596290676573
2460351.1387004782,105.15511067708364,2.734446208648217
2460351.1456449865,103.67611839657759,2.7321766061762482
2460351.152589495,105.49737258184541,2.733860871118189
2460351.159534003,104.21407645089312,2.7319392560697433
2460351.166478512,103.17501976376509,2.7311472546318676
2460351.17342302,105.26672363281266,2.731574186531702
2460351.180367529,104.33482724144353,2.7347652081152645
2460351.187312038,100.70957147507458,2.7299158761640303
2460351.1942565464,99.99700637090791,2.7300917214617293
2460351.2012010557,101.15123349144353,2.7283411836895257
2460351.2081455644,94.83977399553594,2.729058370313593
2460351.2150900736,98.21722702752989,2.7304368927101685
2460351.222034583,94.45438639322947,2.73079336129023
2460351.228979092,99.17039853050603,2.7292630807881975
2460351.235923602,97.05890764508952,2.7287860476217065
2460351.242868111,100.39315941220275,2.7299616571150285
2460351.24981262,99.68752325148837,2.7328881962191036
2460351.2567571304,102.41164434523823,2.730049133874557
2460351.26370164,101.53245326450906,2.7299105502474625
2460351.2706461498,103.4712204706102,2.7311250152100097
2460351.27759066,108.29657273065504,2.7337536783016336
2460351.2845351696,104.75815545944972,2.73126491844581
2460351.2914796798,104.57011486235145,2.731088274893013
2460351.29842419,101.43382626488119,2.7314511629651546
2460351.3053687005,103.32450939360145,2.7322728544876482
2460351.3123132107,104.6715552920388,2.7313762507330472
2460351.319257721,101.54853748139915,2.733735305879209
2460351.326202232,107.14005533854167,2.733402084181415
2460351.333146742,105.59539504278291,2.733328207771764
2460351.340091253,105.31909760974729,2.731611809463372
2460351.347035764,107.31939406622057,2.7321665996014857
2460351.353980275,109.50505719866094,2.7344086853706657
2460351.360924786,103.878080822173,2.7312017952392833
2460351.367869297,103.86133393787213,2.7298910081257746
2460351.374813808,103.1914062500003,2.7318364782032716
2460351.3817583197,106.57770647321452,2.73309430006259
2460351.3887028308,103.92957705543161,2.7312609522167244
2460351.3956473423,104.05943661644369,2.7318338667245032
2460351.4025918543,104.2940673828128,2.733057879738491
2460351.409536366,110.74796549479181,2.7358164366492743
2460351.4164808774,108.1561744326641,2.7343473624548658
2460351.4234253895,105.08697800409239,2.73281580057178
2460351.430369901,107.96661086309557,2.732894589289884
2460351.4373144135,107.15514555431552,2.7336616804141785
2460351.4442589255,107.12716238839312,2.7334701651583555
2460351.451203438,101.59725516183077,2.7310269230241144
2460351.45814795,105.3078787667411,2.7339056368814876
2460351.4650924625,108.13482956659239,2.7339187995493037
2460351.472036975,109.63230678013436,2.7341304564242974
2460351.4789814875,113.09958612351208,2.7350493361299404
2460351.4859260004,109.89729236421151,2.7323418057824402
2460351.492870513,107.55689057849698,2.7321055365133504
2460351.499815026,107.45290411086323,2.7346950434831165
2460351.506759539,112.85198683965791,2.7347304888923216
2460351.5137040517,108.342041015625,2.736167360430368
2460351.5206485647,114.96080961681582,2.7341769363458273
2460351.527593078,112.56822567894385,2.733140411326213
2460351.5345375915,112.32242838541681,2.7330474169230077
2460351.541482105,112.45289829799124,2.7339167247423504
2460351.5484266183,108.72112165178578,2.7319055665763163
2460351.5553711317,107.27060663132443,2.7329943343226266
2460351.5623156456,111.76077125186036,2.7321008462744545
2460351.5692601595,108.20081728980676,2.731323541964009
2460351.5762046734,109.68329148065504,2.732344444698598
2460351.5831491873,110.92320033482156,2.7311767144254833
2460351.5900937016,104.97223772321438,2.730000575586508
2460351.597038215,105.81891159784254,2.729630871009529
2460351.6039827294,102.13142322358665,2.7289100316370867
2460351.610927244,104.20985049293176,2.7295454534918906
2460351.617871758,99.17159016927083,2.7287400987071773
2460351.624816273,103.66124906994082,2.7290496901725976
2460351.631760787,106.84209914434557,2.72973944512074
2460351.638705302,99.7340378534227,2.727714176369527
2460351.645649817,100.28858584449411,2.728776672275431
2460351.6525943317,105.69559733072917,2.7303756854932484
2460351.6595388465,100.05428641183046,2.7278441258468398
2460351.6664833617,104.13661993117573,2.730709045431341
2460351.6734278766,107.80801246279786,2.732608200944273
2460351.680372392,112.75576055617573,2.7354740559415247
2460351.687316907,113.10187639508952,2.731628206588739
2460351.6942614224,110.72926548549124,2.7330186048846574
2460351.7012059377,111.99633207775332,2.7335452095969113
2460351.7081504534,114.42501976376495,2.732778474289976
2460351.715094969,110.68111746651796,2.7343865701467593
2460351.722039485,111.31305803571452,2.732735811685226
2460351.7289840006,112.9104003906253,2.7326253547862933
2460351.7359285164,113.91387648809557,2.732093300054283
2460351.7428730326,107.23749651227688,2.731611307853502
2460351.749817549,108.48710123697947,2.7323935595391515
2460351.7567620645,113.13508533296135,2.7331831684179893
2460351.763706583,116.98305547805073,2.734311184054332
2460351.7706510997,109.75269717261911,2.7309581638578675
2460351.7775956155,106.95260765439009,2.7308205953683946
2460351.784540132,111.76204427083364,2.7320831920211917
2460351.791484649,106.31903366815489,2.7290035477687478
2460351.7984291655,104.71126302083364,2.728136342928925
2460351.805373682,104.87116350446452,2.7284346011818505
2460351.8123182,104.38637579055073,2.7279643500755313
2460351.8192627165,103.61281622023837,2.731418234468459
2460351.8262072336,105.20449102492573,2.7290118539789474
2460351.8331517507,109.34351167224713,2.728963490952976
2460351.8400962674,105.52112397693463,2.729640803206919
2460351.847040785,104.07155064174124,2.729418873075364
2460351.8539853026,108.66295805431567,2.730739178991374
2460351.86092982,107.66682361421165,2.7289514847470073
2460351.8678743374,108.39942568824426,2.7297784176033026
2460351.8748188554,104.14746675037198,2.7292628893720425
2460351.881763373,110.41660272507458,2.7298495167453627
2460351.888707891,104.55116489955374,2.7305772058592503
2460351.8956524082,109.75330171130963,2.729794474664766
2460351.902596927,111.99593680245562,2.7308617419745693
2460351.909541445,107.19308035714312,2.731740208376769
2460351.916485963,111.95907156808062,2.729593169483561
2460351.9234304815,108.53206961495562,2.7294554136398492
2460351.9303749995,109.28863234747057,2.7305357490009907
2460351.937319518,109.87425595238119,2.7303645277099604
2460351.9442640366,107.85771833147344,2.731136928658243
2460351.951208555,106.65909249441984,2.72903655155126
2460351.9581530737,109.33993675595259,2.730132043322692
2460351.9650975927,102.41496349516395,2.7269397760006924
2460351.972042111,107.88445172991094,2.729978800508121
2460351.97898663,104.30161830357171,2.729405019180374
2460351.985931149,107.41600399925635,2.7293459861897644
2460351.992875668,107.26314871651796,2.729418027719817
2460351.9998201877,106.21200706845259,2.7294677617003704
2460352.0067647067,107.67986188616094,2.729353952839787
2460352.013709226,108.82990373883968,2.730448500818475
2460352.020653745,105.94627162388406,2.7304969960957695
2460352.027598265,100.07768322172645,2.726487977188469
2460352.0345427846,102.7759079706105,2.728731295941195
2460352.041487304,101.89842006138406,2.728646046282327
2460352.0484318244,109.35033017113103,2.728600237290539
2460352.055376344,101.57378859747071,2.7276352637322163
2460352.062320864,108.09746442522358,2.7318951156004125
2460352.0692653838,113.3465866815477,2.7323224161405144
2460352.076209904,112.38680594308062,2.7314460602329045
2460352.0831544246,110.50298200334844,2.732176532049928
2460352.090098944,109.52292596726208,2.7309094815938963
2460352.0970434644,114.40282040550635,2.7338049526687076
2460352.103987985,111.29257347470245,2.733169445632575
2460352.110932505,105.9476783389138,2.7295614220324818
2460352.1178770256,112.32303873697947,2.7334011260525233
2460352.1248215465,109.73048037574426,2.731114605635445
2460352.1317660674,108.43638392857156,2.7316930794643466
2460352.1387105878,102.72032528831853,2.7303398324712895
2460352.145655109,107.24456496465776,2.7289710661485373
2460352.1525996295,109.40430850074426,2.731056649058606
2460352.159544151,112.59763299851193,2.733243630944388
2460352.166488672,114.19680059523823,2.732224451774494
2460352.173433193,107.90583728608665,2.7309462287526336
2460352.1803777143,108.32288760230676,2.7296426123952524
2460352.1873222357,105.10409691220259,2.7294700026293284
2460352.194266757,100.04733421689009,2.725488112988277
2460352.2012112783,106.6665213448664,2.7304579199393686
2460352.2081558,105.70006161644353,2.728778509127704
2460352.2151003215,108.42188662574426,2.730132799304465
2460352.2220448437,106.65250069754468,2.731083157212069
2460352.2289893655,104.12794712611617,3.3419425092733657
2460352.2359338873,104.24944777715807,2.7317381565156005
2460352.242878409,105.23430524553623,2.728586033613841
2460352.249822931,108.62048339843766,2.7317052273604987
2460352.256767453,112.95926920572947,2.731069526848582
2460352.2637119754,112.5868094308039,2.7312484757246622
2460352.2706564977,109.08419945126509,2.7300771068151417
2460352.27760102,106.89485677083333,2.729582226660167
2460352.284545542,110.69353957403291,2.730934763973675
2460352.2914900645,111.89860607328865,2.7319889564265742
2460352.298434587,110.87559291294656,2.730425908605474
2460352.30537911,108.84236653645864,2.7315820715919377
2460352.312323632,114.64761207217286,2.731647412179503
2460352.3192681544,107.83247884114598,2.7296328463046167
2460352.3262126776,108.44696916852718,2.730868274779524
2460352.333157201,105.89865257626509,2.7295219755380926
2460352.340101723,114.27841331845259,2.7319510894738266
2460352.3470462468,109.99481491815489,2.7307543948329727
2460352.3539907695,108.61238606770848,2.731181221252561
2460352.360935293,112.5509498232888,2.733708174604501
2460352.367879816,107.24178641183062,2.7310865370581703
2460352.3748243395,108.71425664992573,2.7327873297290197
2460352.3817688623,104.6899879092263,2.729122401588049
2460352.388713386,101.93021065848218,2.727926823820056
2460352.3956579096,108.87195405505979,2.731392169034296
2460352.4026024328,110.00663248697947,2.7312502275840487
2460352.409546957,104.29522414434541,2.7292280196736534
2460352.4164914805,100.76617722284239,2.728159115103614
2460352.423436004,105.87973749069972,2.729975296627215
2460352.430380528,108.92977469308062,2.73086512949314
2460352.4373250515,104.42037527901812,2.7292676007960197
2460352.4442695756,111.89861188616108,2.7326783591624864
2460352.4512141,104.34761555989583,2.728487777703982
2460352.4581586234,104.88800339471739,2.731340958507063
2460352.4651031476,105.4858107793898,2.7305650345320465
2460352.4720476717,110.94639369419656,2.732191907344143
2460352.4789921963,109.00629534040202,2.7322502324492777
2460352.4859367204,108.04467192150302,2.7305294147917345
2460352.492881245,103.70386904761926,2.731775724276366
2460352.499825769,103.33751278831885,2.730234312489957
2460352.5067702937,109.35971795944958,2.730551092340948
2460352.5137148183,112.25891694568479,2.7314186992518867
2460352.5206593424,112.86476934523853,2.7343114437037603
2460352.5276038675,109.83729189918192,2.7324240375769624
2460352.534548392,110.48725818452415,2.731482421874688
2460352.5414929166,111.787260509673,2.7329744111361864
2460352.5484374417,110.71679106212832,2.7304735283820594
2460352.5553819668,111.83527483258968,2.734218097935008
2460352.5623264913,107.0752243768602,2.730592456178521
2460352.5692710164,109.69097028459844,2.7317035652719284
2460352.576215541,106.13643391927114,2.72983505046791
2460352.5831600665,106.34930710565489,2.7312051246756894
2460352.5901045916,109.22087751116094,2.730518693924339
2460352.5970491166,106.1451881045388,2.73191386777269
2460352.6039936426,107.30557105654786,2.72986946189742
2460352.610938167,108.43856375558046,2.729929619302483
2460352.6178826927,108.71433221726208,2.7298989403701497
2460352.624827218,105.34281412760431,2.729512749303199
2460352.6317717433,108.36743745349698,2.731310076136245
2460352.638716269,108.95505487351222,2.7295647514812784
2460352.645660795,104.87386648995546,2.730331046204414
2460352.65260532,108.36170014880979,2.730365535145023
2460352.6595498454,106.18459937686036,2.7301443344912055
2460352.6664943714,109.72546968005979,2.7308785772570325
2460352.673438897,106.95713006882458,2.7294285128134494
2460352.680383423,105.76038760230661,2.7291566258812483
2460352.687327949,110.55017671130979,2.7304899808985206
2460352.694272475,107.13431222098234,2.730809324936331
2460352.701217001,110.00228445870546,2.7296660169371947
2460352.708161526,112.81744094122026,2.7324151379838906
2460352.715106053,108.59877813430073,2.7299150267951284
2460352.722050578,106.23683965773823,2.7301723758072747
2460352.728995105,111.10957845052098,2.7302115235400404
2460352.735939631,105.28793480282759,2.727735163353937
2460352.7428841568,111.52566964285734,2.7299718660080465
2460352.7498286827,109.84332566034239,2.729902897357832
2460352.7567732087,106.6124732607888,2.729876470205845
2460352.763717735,102.81474958147328,2.7276488182978564
2460352.7706622616,108.68638392857171,2.732399562284995
2460352.7776067876,108.19060988653291,2.731082794546806
2460352.7845513136,102.72803896949426,2.7278954674195295
2460352.7914958405,106.48298572358635,2.7287594982425474
2460352.798440367,101.85275995163722,2.727162437770286
2460352.8053848934,103.31595865885431,2.728334784846871
2460352.8123294194,106.80479794456853,2.7282659481753533
2460352.8192739463,105.68114071800635,2.7283916772638634
2460352.8262184733,105.51054454985145,2.727838833852711
2460352.8331629992,103.96355910528307,2.7269286753005466
2460352.840107526,101.03776622953895,2.728347930355232
2460352.8470520526,109.33500744047645,2.729401589390184
2460352.8539965795,103.05859956287229,2.728762592320114
2460352.860941106,105.39669363839282,2.728797994437581
2460352.867885633,107.56876046317,2.7289091657646085
2460352.87483016,107.38584681919656,2.730654782178885
2460352.8817746863,105.996250697545,2.7317219772054138
2460352.888719213,107.09259323846754,2.728505828095429
2460352.8956637396,105.39625186011926,2.7316544064681545
2460352.9026082666,116.1500709170388,2.7324010010706297
2460352.9095527935,111.12168085007458,2.732808707497665
2460352.9164973204,107.5953834170391,2.7311661096923725
2460352.9234418473,113.80382719494082,2.732334019685334
2460352.9303863742,107.19639950706869,2.7279530834490875
2460352.937330901,108.15088471912229,2.7297312162485707
2460352.944275428,108.00459216889885,2.729010145231317
2460352.951219955,111.31637718564009,2.730286422561099
2460352.958164482,113.11925106956853,2.7311816685411068
2460352.9651090093,113.01761881510447,2.7322965700644133
2460352.972053536,108.51523553757472,2.7310791173853204
2460352.978998063,103.26170712425619,2.727316599388981
2460352.9859425905,101.40452938988103,2.7278156142974237
2460352.9928871174,106.88740466889915,2.727832947656626
2460352.9998316444,102.78932989211337,2.7283047177375637
2460353.0067761713,107.88212076822947,2.7291627450557208
2460353.0137206987,112.5735328311013,2.731275784608281
2460353.0206652256,107.882080078125,2.73005890419941
2460353.027609753,104.67472912016395,2.7275182514070444
2460353.03455428,107.52503603980676,2.7294220136325826
2460353.041498807,100.31449381510431,2.729010064916968
2460353.048443334,107.32687523251509,2.728550160948948
2460353.0553878616,108.29802594866094,2.7292511214733124
2460353.0623323885,109.84385463169656,2.730279420436311
2460353.0692769154,112.33836728050603,2.73187388876238
2460353.076221443,108.83859979538708,2.7299108600487045
2460353.08316597,108.16292898995562,2.7294567140894492
2460353.090110497,112.14031110491078,2.7310632476357157
2460353.0970550245,104.88555617559541,2.729944702370855
2460353.1039995514,107.86045038132472,2.729394371776335
2460353.110944079,111.50411551339296,2.730076378215733
2460353.1178886057,116.04862467447947,2.73455244317031
2460353.124833133,115.75249372209828,2.7331625348518807
2460353.13177766,113.17034040178594,2.732550429970914
2460353.1387221874,107.72297014508952,2.728516943632899
2460353.1456667143,104.41995675223234,2.729187871616549
2460353.152611241,106.04117257254468,2.7301127956415194
2460353.1595557686,105.10432942708348,2.7289329860372114
2460353.166500296,105.35417247953895,2.7288901573098188
2460353.173444823,103.6537330264138,2.7274721963050363
2460353.18038935,105.23126511346754,2.7286136305475464
2460353.187333877,105.568266369048,2.7289432953063044
2460353.194278404,108.4923735119052,2.7294431325252653
2460353.2012229315,104.66485886346739,2.728635914157522
2460353.2081674584,107.96870930989614,2.7299392691124478
2460353.2151119853,103.37717982700921,2.7274350903669826
2460353.2220565127,99.10869489397328,2.7284019958662165
2460353.2290010396,105.96343122209844,2.7288899818534555
2460353.2359455666,106.58211263020864,2.7296543197513685
2460353.2428900935,102.29102143787229,2.7281233857107625
2460353.2498346204,100.31316848028291,2.7277481865304094
2460353.2567791473,105.75194149925619,2.727743775009813
2460353.2637236747,105.26205008370532,2.7287867352073345
2460353.270668201,115.3973388671878,2.731105146848403
2460353.2776127285,110.87891206287229,2.729643285739011
2460353.284557255,114.10320754278307,2.7308038009635727
2460353.291501782,112.3104248046878,2.7306766939805764
2460353.298446309,110.93209402901812,2.7296671431794057
2460353.3053908357,107.32195172991094,2.729795718048393
2460353.312335362,106.06987072172645,2.7313809653108856
2460353.319279889,109.31523204985145,2.729574477378955
2460353.326224416,110.80312965029786,2.730885708828169
2460353.333168943,108.85897972470245,2.72947714799602
2460353.3401134694,114.3774879092263,2.732751104444431
2460353.3470579963,109.76606677827401,2.730706909753186
2460353.354002523,105.51200939360145,2.7273630943416154
2460353.3609470497,107.05753580729197,2.7301942812805273
2460353.3678915757,105.4169921875003,2.728004367897464
2460353.3748361026,108.46112932477688,2.7308585086498405
2460353.3817806286,101.90122767857171,2.7281247087799265
2460353.3887251555,103.61921619233651,2.726932096123845
2460353.395669682,104.75719633556582,2.7278536147185917
2460353.4026142084,106.71356491815504,2.7305211448058846
2460353.4095587344,101.12481980096739,2.7262481873526685
2460353.4165032613,107.51925223214312,2.7283360884023495
2460353.4234477873,97.96836635044656,2.726193034916203
2460353.4303923137,106.31732468377989,2.727935520705129
2460353.43733684,108.21965680803608,2.733028320920891
2460353.444281366,101.74040294828895,2.7278769545049943
2460353.451225892,112.20598493303608,2.732964613114131
2460353.458170418,111.42620558965791,2.731736296540418
2460353.465114944,103.91103399367573,2.727256875359831
2460353.472059471,105.89378138950921,2.7304908374676597
2460353.479003997,111.54997907366094,2.7305323436713134
2460353.485948523,110.50449916294671,2.7310742044423555
2460353.492893049,115.99415806361624,2.7333783198149715
2460353.499837574,112.36011323474729,2.730789803442811
2460353.5067821,112.02124604724713,2.732660924044426
2460353.513726626,107.91359165736624,2.7305032933235682
2460353.520671152,109.082676478795,2.730327548477749
2460353.5276156776,111.5966796875003,2.7316639730862544
2460353.5345602036,113.99071684337817,2.731585841668304
2460353.541504729,101.92140997023823,2.728917247675666
2460353.548449255,103.385160900298,2.72833022506989
2460353.770674061,101.17057291666697,2.7303944528559327
2460353.777618585,105.37339564732156,2.7314892040327927
2460353.784563109,105.55827404203865,2.732053380864094
2460353.7915076325,107.94669015066984,2.73268226651542
2460353.798452156,100.76499139694972,2.729854128430969
2460353.80539668,101.79912458147373,2.731389383644702
2460353.812341203,100.83121163504484,2.731418215768942
2460353.8192857266,104.40211123511897,2.7321109083931643
2460353.8262302503,104.50990513392874,2.7324262916415574
2460353.8331747735,98.5340576171878,2.7294452887778955
2460353.8401192967,107.19709123883952,2.735019736532786
2460353.84706382,105.75989350818479,2.731636389006889
2460353.854008343,106.2734665643602,2.7344482372964003
2460353.860952866,102.06585984002989,2.729828087983877
2460353.8678973895,105.55120558965791,2.7332215952951144
2460353.874841912,98.60331217447931,2.7293913081069197
2460353.8817864354,105.07609049479181,2.7313767276110426
2460353.888730958,105.11533319382488,2.7335901036065766
2460353.895675481,106.08412969680073,2.7323118339651664
2460353.902620003,106.9231131417411,2.7326775645687316
2460353.9095645263,108.34624372209844,2.732349651095193
2460353.916509049,105.82638695126495,2.732590088229251
2460353.9234535717,104.72063337053594,2.731549739574221
2460353.930398094,108.78177315848218,2.732970058954487
2460353.9373426163,109.95591517857156,2.7343611323246413
2460353.9442871385,105.81967889694958,2.733392972201593
2460353.951231661,105.55187988281266,2.7328107182707644
2460353.958176183,103.95220075334844,2.731594691065108
2460353.9651207053,104.95231119791667,2.733636878605223
2460353.9720652276,98.8070242745536,2.7313966333572623
2460353.97900975,106.43720354352688,2.734529887296422
2460353.9859542716,109.9168701171878,2.7339964826168646
2460353.9928987934,101.64388602120562,2.7325992469364206
2460353.9998433157,104.00569080171151,2.734422227935717
2460354.006787837,98.31013416108651,2.73211657806495
2460354.0137323593,98.51988583519353,2.7331051247912566
2460354.0206768806,103.94573102678594,2.7327060831417938
2460354.027621403,99.54231770833364,2.732151925683953
2460354.034565924,99.82890392485145,2.7326286358933474
2460354.0415104455,104.38452729724729,2.7347260833829634
2460354.048454967,104.26234072730676,2.7330888584334896
2460354.055399488,101.67976888020848,2.733236235491366
2460354.06234401,102.97082519531266,2.731801375459494
2460354.069288531,106.36435663132458,2.7350698410746817
2460354.076233052,101.49050757998536,2.732808143684512
2460354.0831775735,103.56406947544686,2.7332403809787658
2460354.090122095,107.27984909784224,2.7348343148223413
2460354.0970666152,113.91319638206869,2.7375615771932726
2460354.1040111366,111.43574451264901,2.7364806169490996
2460354.1109556574,114.57759021577415,2.738712780819934
2460354.1179001783,112.46057710193463,2.7366017930022384
2460354.1248446987,108.123203822545,2.7345980264072995
2460354.13178922,109.23857770647344,2.7378300934784523
2460354.1387337404,107.14065987723218,2.7349523250484347
2460354.145678261,109.60721842447947,2.735537907691272
2460354.1526227817,115.8948800223214,2.7375921237562753
2460354.159567302,111.00829496837832,2.7365336120228267
2460354.166511823,106.59869094122071,2.7363998676829726
2460354.173456343,103.71665155319958,2.7344610780592014
2460354.1804008633,98.7258591424855,2.7315122070635183
2460354.1873453837,95.262451171875,2.7291255854826257
2460354.1942899036,101.07332938058032,2.732683031768232
2460354.201234424,99.92463030133952,2.734912118776981
2460354.2081789444,106.36510649181567,2.735205315212062
2460354.215123464,107.18502371651812,2.7370132668452367
2460354.222067984,105.87098330543161,2.734616634353825
2460354.2290125038,103.43289620535718,2.735512881284292
2460354.235957024,106.60404459635447,2.734403787720348
2460354.2429015436,107.11822219122057,2.734413828573258
2460354.2498460636,106.65359933035734,2.7346917478755217
2460354.2567905835,103.95589192708333,2.7355884678039746
2460354.2637351025,105.17644391741094,2.732885275567451
2460354.2706796224,108.60345168340791,2.735485477534418
2460354.277624142,114.45667085193463,2.7383639112850275
2460354.2845686614,110.39759463355676,2.7365532551520815
2460354.291513181,109.37791224888406,2.734399316718974
2460354.2984577003,109.48664783296151,2.735623677148835
2460354.3054022193,110.20411900111594,2.734109122834869
2460354.3123467388,109.7205810546878,2.7366550456090533
2460354.3192912578,103.77082752046165,2.733412788214952
2460354.3262357768,106.16427757626509,2.7338922798580003
2460354.3331802962,105.50006394159239,2.7339329916761876
2460354.3401248152,105.33396112351193,2.733884945676166
2460354.3470693342,104.84309314546165,2.735085016322009
2460354.3540138532,103.12006487165202,2.732764588389763
2460354.3609583722,100.6120896112355,2.7307155071094944
2460354.367902891,109.32936314174124,2.7367902577701244
2460354.37484741,102.70779854910734,2.732036128907611
2460354.3817919283,111.48577590215791,2.733956544357129
2460354.3887364473,101.94391159784254,2.733565733689899
2460354.395680966,104.55210658482186,2.7333555869718342
2460354.4026254844,105.46545991443463,2.7319009151953697
2460354.4095700034,104.78726632254484,2.7321305821826836
2460354.4165145215,102.47426060267874,2.732066651920093
2460354.42345904,101.68322172619067,2.7308118117125555
2460354.4304035585,104.12137858072947,2.7320013667003846
2460354.437348077,102.63682919456853,2.7350984886388354
2460354.4442925956,107.26242210751509,2.7340164165455594
2460354.4512371137,103.3269973028273,2.7322093543380883
2460354.4581816318,108.39807710193463,2.7346884121130284
2460354.4651261503,103.81396484375016,2.7316588050804573
2460354.4720706684,105.035795665923,2.731882434747927
2460354.4790151864,108.66814894903291,2.7334133248223353
2460354.4859597045,108.20186360677114,2.7326969150675917
2460354.492904222,113.16226632254484,2.7370547467038544
2460354.4998487406,106.97982933407759,2.7346206757906706
2460354.5067932587,101.42211914062516,2.731030357263466
2460354.5137377763,105.95416550409239,2.7359973809094917
2460354.5206822944,111.32638695126509,2.7353336604716936
2460354.527626812,104.68783714657759,2.7316952281824913
2460354.5345713296,107.74748302641395,2.73386933333823
2460354.5415158477,105.90633719308046,2.73235311065206
2460354.548460365,106.86603073846754,2.734497117443236
2460354.555404883,107.58801269531266,2.734564766778398
2460354.5623494005,106.67072986421165,2.7328603297176524
2460354.569293918,100.22773088727702,2.7298947707115375
2460354.576238435,104.58141508556552,2.7322626832860077
2460354.5831829533,106.02273995535718,2.7325368799510614
2460354.5901274704,106.12293061755979,2.7318272998602775
2460354.597071988,102.69744001116078,2.7318249998646835
2460354.6040165056,97.93200102306582,2.730675702050107
2460354.6109610223,102.70158458891395,2.730950316771192
2460354.6179055404,106.49765741257458,2.7329589528254306
2460354.6248500575,99.35535249255979,2.732101879086709
2460354.631794574,106.6642136346727,2.7338900920037634
2460354.6387390923,107.16181291852688,2.7343370931514173
2460354.6456836094,101.23042224702415,2.732439370543222
2460354.652628126,109.0465552920388,2.735154052364026
2460354.6595726437,109.13450404575906,2.7376494681638355
2460354.6665171604,116.47156343005963,2.745869063695022
2460354.673461678,109.16282435825906,2.754669551083851
2460354.6804061946,109.76765369233635,2.7705851189569373
2460354.6873507113,106.97632998511911,2.7857612678757526
2460354.694295229,114.14832705543161,2.80657947892481
2460354.7012397456,110.35813104538708,2.8317233458926907
2460354.7081842623,112.62515113467286,2.8650072091993013
2460354.7151287794,110.26171875000016,2.9025847329467216
2460354.7220732966,113.1472516741075,2.9497072319948043
2460354.729017813,106.23259626116108,2.997963496290039
2460354.73596233,108.46612258184541,3.0554094024577583
2460354.7429068466,109.31203497023837,3.120341265624979
2460354.7498513632,108.30894252232171,3.193810460314513
2460354.75679588,110.06631324404786,3.2750520354490127
2460354.7637403966,103.15169270833364,3.360229036035534
2460354.7706849133,105.76233491443463,3.4474715146921286
2460354.77762943,102.6669340587802,3.5364201902297574
2460354.7845739466,101.03819056919686,3.619736103601529
2460354.7915184633,94.36614118303623,3.702800245050479
2460354.79846298,103.32834588913708,3.7882555372140594
2460354.8054074966,100.35777064732126,3.870480057014312
2460354.812352013,94.23814174107186,3.954445198723939
2460354.819296529,96.24646577380979,4.037419502849351
2460354.8262410457,101.9966750372029,4.117383431314355
2460354.8331855624,104.50167410714312,4.195097971039682
2460354.840130079,101.90215773809541,4.266130248985309
2460354.847074595,103.11721075148853,4.329890820991252
2460354.8540191115,103.22472563244082,4.3927870225040335
2460354.860963628,108.13599795386956,4.453126496253633
2460354.8679081444,105.92210751488135,4.509369969158645
2460354.8748526606,104.17919921875061,4.563368598572465
2460354.8817971773,102.90036737351208,4.61678158455151
2460354.888741693,104.9047851562503,4.670197591001686
2460354.8956862097,104.59214564732186,4.718843343467889
2460354.9026307254,108.80206008184632,4.7667744798903735
2460354.909575242,103.85337611607186,4.811857309085256
2460354.9165197583,99.62513950892935,4.855594375456818
2460354.9234642745,105.14460100446497,4.900975833856125
2460354.9304087907,99.09905133928685,4.941253563994326
2460354.937353307,103.94433593750061,4.981792938580883
2460354.9442978227,104.6548781622029,5.0239847187672355
2460354.951242339,100.52513485863103,5.063458997168971
2460354.958186855,101.74039713541788,5.10261008013909
2460354.9651313713,105.41487630208333,5.142395854519019
2460354.9720758875,103.9957914806558,5.1808984287688835
2460354.979020403,98.43261718750121,5.217434293188014
2460354.98596492,102.53194754464494,5.256206638889834
2460354.9929094356,102.76253255208394,5.292175318560903
2460354.9998539514,102.06540643601208,5.329864498712123
2460355.0067984676,104.2076125372035,5.365598832005198
2460355.013742984,100.40304129464312,5.397661964271123
2460355.0206874995,103.9992094494058,5.430367662771392
2460355.0276320158,98.33589099702415,5.4569186977124575
2460355.0345765315,106.94349888392935,5.487195154893303
2460355.0415210477,103.0265531994058,5.514003247423009
2460355.0484655635,98.22823660714373,5.542463290712128
2460355.0554100797,115.87276785714432,5.577123032435376
2460355.0623545954,99.4827008928587,5.6048796485989065
2460355.0692991116,100.81291852678685,5.639786963172351
2460355.0762436274,105.01106770833455,5.675672122312388
2460355.083188143,112.31454613095411,5.713989102840951
2460355.0901326593,112.48600260416727,5.751483890762077
2460355.0970771755,110.03785342261956,5.789033845088017
2460355.1040216913,117.44917224702476,5.829122342627296
2460355.110966207,110.03650483630979,5.866333316232043
2460355.1179107227,106.6740141369058,5.904032118568257
2460355.124855239,108.54529389880979,5.943044259965803
2460355.1317997547,100.16048177083455,5.979693751417233
2460355.1387442704,101.13653273809662,6.013544778654112
2460355.1456887866,93.91908482142935,6.044265682781087
2460355.1526333024,106.84905133928685,6.077893012225612
2460355.159577818,100.11821056547706,6.102367838666184
2460355.1665223343,103.81817336309541,6.127230467933869
2460355.17346685,89.14792596726268,6.147256153523728
2460355.180411366,100.41685267857247,6.166804548068781
2460355.1873558816,102.57435825892996,6.180568720651053
2460355.1943003978,104.2609281994058,6.191668312603397
2460355.2012449135,106.44289434523914,6.2013869080963495
2460355.2081894292,97.88788132440641,6.208888138340305
2460355.215133945,100.55212983631039,6.217429545399057
2460355.2220784607,108.30831473214373,6.221688426504312
2460355.229022977,112.51567150297706,6.227080582453507
2460355.2359674927,105.09291294642935,6.22423994398896
2460355.2429120084,111.15820312500182,6.221914279765444
2460355.249856524,108.15704055059602,6.217965944024613
2460355.2568010404,116.02999441964373,6.211051186152106
2460355.263745556,108.92313058035809,6.202351864186599
2460355.270690072,107.04436383928623,6.195339937579408
2460355.277634588,122.91155133928744,6.190772133788346
2460355.284579104,111.10286458333455,6.1824980965689535
2460355.2915236196,111.16545758928685,6.176142568805172
2460355.2984681353,112.97632998511956,6.171299273882577
2460355.3054126515,107.09263392857247,6.166292539505215
2460355.3123571672,113.29487537202476,6.159990900989819
2460355.319301683,118.2198195684535,6.157114491794893
2460355.326246199,113.39006696428744,6.152940206934961
2460355.333190715,97.97526041666727,6.147240338038255
2460355.340135231,114.0725446428575,6.14563777493215
2460355.347079747,114.6583891369058,6.144073740283275
2460355.3540242617,110.96623883928744,6.140180425211452
2460355.3609687774,114.93071056547706,6.140681513821508
2460355.367913293,117.14099702381039,6.140251618434832
2460355.3748578094,109.87193080357247,6.13824516740731
2460355.3818023256,116.09863281250121,6.141447616295203
2460355.3887468413,114.60942150297706,6.141520184231201
2460355.395691357,117.0665922619052,6.143926784470158
2460355.4026358733,113.63137090773974,6.145356506496154
2460355.409580389,113.25255766369203,6.1442549710184835
2460355.4165249052,116.21140252976268,6.146094568835477
2460355.4234694215,101.85258556547706,6.1415876324206415
2460355.430413937,110.85244605654891,6.14338030569062
2460355.4373584534,114.54352678571497,6.145747290753179
2460355.444302969,117.97023809523914,6.146168575378517
2460355.4512474854,113.1662016369058,6.145784593571926
2460355.4581920016,118.41694568452476,6.146784871689264
2460355.4651365173,115.68312872023914,6.146327683475614
2460355.4720810335,117.73818824404891,6.1477762382321215
2460355.4790255497,120.80877976190641,6.148832639595568
2460355.4859700655,113.6280226934535,6.1472869725346735
2460355.4929145817,125.41517857142874,6.1500802746454175
2460355.499859098,131.0448288690483,6.147954921229154
2460355.506803614,124.71149553571558,6.14490130573116
2460355.5137481303,128.49037388392935,6.141909665795942
2460355.5206926465,127.50041852678685,6.137117690522094
2460355.5276371627,110.17243303571558,6.127767533374982
2460355.534581679,115.53687686012017,6.120193052731217
2460355.541526195,117.99683779762017,6.111669776219877
2460355.5484707113,121.09965587797767,6.102293470869807
2460355.5554152275,121.93164062500121,6.090833525150664
2460355.5623597438,119.84895833333394,6.080023632667271
2460355.56930426,117.93615141369143,6.068660118306624
2460355.576248776,118.47981770833455,6.05886639583581
2460355.5831932924,116.28013392857308,6.0483661237894575
2460355.590137809,107.7668805803587,6.03682575527418
2460355.5970823253,103.06524367559602,6.027119481848367
2460355.6040268415,114.21372767857186,6.018559103922782
2460355.610971358,117.71972656250061,6.010627339998041
2460355.617915874,120.68926711309602,5.999614594910695
2460355.6248603906,130.74232700892995,5.99035891776411
2460355.631804907,123.50316220238226,5.98045746004819
2460355.638749424,120.06566220238165,5.969828591204173
2460355.6456939396,139.54343377976207,5.965972728078506
2460355.6526384563,122.94545200892996,5.955649621385867
2460355.659582973,130.17554873511958,5.948547677279019
2460355.666527489,122.9562406994052,5.939288242777813
2460355.673472006,123.00571986607126,5.9335950213899435
2460355.680416522,120.28706287202415,5.927905042678931
2460355.6873610388,121.96526227678685,5.923946050360246
2460355.6943055554,116.27548363095411,5.919493532280563
2460355.701250072,132.144345238096,5.917654111668671
2460355.708194589,115.90011160714373,5.9131286789856565
2460355.7151391055,135.48809523809663,5.914294324642569
2460355.722083622,124.28269159226208,5.910966082034517
2460355.729028139,125.83454241071497,5.910567725695052
2460355.7359726555,120.61369977678623,5.909075753767777
2460355.742917172,120.7276320684529,5.907165601894927
2460355.7498616893,126.38383556547706,5.905273242504193
2460355.756806206,127.67247953869143,5.905572701431956
2460355.7637507226,129.77515811011958,5.907329466110795
2460355.77069524,128.3177548363104,5.906980099647899
2460355.7776397564,118.78343563988165,5.9068085688034415
2460355.784584273,125.49172247023853,5.909905448715398
2460355.79152879,127.55473400297767,5.911204970617507
2460355.7984733074,123.00167410714373,5.912419124587221
2460355.805417824,125.95238095238165,5.916492967066193
2460355.812362341,129.06398809523853,5.916528223750077
2460355.819306858,147.38499813988165,5.92255392899591
2460355.826251375,120.35997953869203,5.91693306648214
2460355.8331958917,126.53125,5.91677708617267
2460355.8401404093,123.35491071428623,5.9146621997438515
2460355.847084926,124.58868117559602,5.911190468485575
2460355.854029443,126.58333333333333,5.9077112428452905
2460355.8609739603,133.8513764880954,5.904245947472354
2460355.867918477,132.29650297619142,5.896118860119718
2460355.874862995,127.92903645833455,5.890357469865247
2460355.881807512,124.07421875000121,5.8795727776272555
2460355.888752029,131.92726934523913,5.873436799632841
2460355.8956965464,128.81147693452476,5.859840176328725
2460355.9026410636,131.9177827380954,5.8493881417666325
2460355.9095855807,140.96819196428683,5.836047727344654
2460355.9165300983,126.8293805803575,5.819220481379644
2460355.923474616,132.64406622023793,5.807540683327919
2460355.9304191335,127.29682849702537,5.7923790292855
2460355.9373636506,131.3386811755954,5.777492465385827
2460355.944308168,136.85630580357247,5.7616260170905305
2460355.951252686,136.90383184523913,5.744926860641442
2460355.958197203,128.0909133184529,5.724791908219113
2460355.9651417206,127.68150111607247,5.707338878618283
2460355.972086238,126.97842261904832,5.689671082356334
2460355.9790307563,124.67015438988226,5.669031437979995
2460355.9859752734,139.93587239583454,5.654146433436913
2460355.9929197915,130.8073381696437,5.636085543980131
2460355.9998643086,129.65945870535748,5.617315405767619
2460356.0068088267,129.4724702380954,5.598269299527414
2460356.0137533443,127.04557291666788,5.5821659133046415
2460356.0206978624,128.65545944940519,5.565325528115706
2460356.02764238,122.97000558035809,5.546529076775865
2460356.0345868976,140.35416666666788,5.534716644794055
2460356.0415314157,136.9930710565483,5.5185803487339955
2460356.0484759337,128.6593656994046,5.502831064471202
2460356.0554204513,132.52492559523853,5.486033672144436
2460356.0623649694,129.34956287202536,5.468275437345366
2460356.069309488,133.49697730654893,5.450435405577164
2460356.0762540055,136.74079241071558,5.435598329008538
2460356.0831985236,119.86909412202476,5.418764839476523
2460356.0901430417,135.82584635416788,5.407051187501
2460356.09708756,129.9803757440483,5.392922635762485
2460356.1040320783,137.7560453869058,5.381758024829758
2460356.1109765964,142.37658110119082,5.370401996702778
2460356.1179211144,138.1982421875006,5.3570720423452345
2460356.1248656325,140.03743489583334,5.344301513933179
2460356.131810151,137.82349795386958,5.331977258883245
2460356.1387546696,130.52546037946618,5.315709965705278
2460356.145699188,131.73109654017935,5.300586439898287
2460356.152643706,133.24221075148793,5.28819400757792
2460356.1595882247,131.55492001488165,5.271905367662247
2460356.1665327433,131.15597098214434,5.255734980722747
2460356.173477262,127.66006324404832,5.238455576361694
2460356.1804217803,140.2130766369058,5.225976306403084
2460356.1873662984,129.9894670758937,5.208487771118876
2460356.1943108174,126.47621372767935,5.192543473355955
2460356.201255336,127.68294270833455,5.177088928086861
2460356.2081998545,138.74502418154952,5.163824918095685
2460356.2151443735,121.02360026041727,5.147967530886845
2460356.222088892,127.85302734375121,5.1373363143406765
2460356.2290334105,131.154180617561,5.120200568361658
2460356.2359779296,125.50925409226329,5.100250161438672
2460356.2429224486,133.74244326637017,5.082935710222643
2460356.2498669676,126.35009765625121,5.063225897970535
2460356.256811486,127.85200427827476,5.044731877903039
2460356.263756005,136.46256510416728,5.027941528766931
2460356.270700524,133.13997395833394,5.010202311922618
2460356.2776450436,141.5506649925604,4.992220542652142
2460356.284589562,123.83889043898914,4.972216880788152
2460356.291534081,133.19554501488165,4.954125389448487
2460356.2984786006,131.034249441965,4.936113970331235
2460356.3054231196,138.58110119047706,4.919527516900863
2460356.3123676386,133.5873093377983,4.903186576794201
2460356.3193121585,139.258370535715,4.88349061679612
2460356.3262566775,130.89334542410748,4.865407177243307
2460356.333201197,122.54815383184602,4.849345218806228
2460356.340145716,127.25709170387017,4.834026554674186
2460356.3470902354,136.49374534970352,4.816666610178853
2460356.354034755,132.87037295387017,4.802756205200347
2460356.3609792744,123.72932942708394,4.786047713482675
2460356.367923794,131.53457496279893,4.772992240711534
2460356.3748683133,127.51985677083394,4.7594691110991585
2460356.3818128332,131.0008835565483,4.748583887292039
2460356.388757353,136.094796316965,4.738418215705365
2460356.3957018727,127.74448939732217,4.725526566210667
2460356.402646392,113.87581380208333,4.711518547455913
2460356.4095909116,127.2931547619052,4.704205879873228
2460356.4165354315,123.65132068452415,4.693909617447948
2460356.4234799515,125.94031343006009,4.687729915316713
2460356.430424472,126.87597656250061,4.679322328855239
2460356.4373689913,126.43180338541697,4.672165313690052
2460356.4443135113,132.6688290550601,4.6667150986485995
2460356.451258031,134.2416992187506,4.6610147230848975
2460356.4582025516,135.10911923363165,4.656989573806803
2460356.465147072,132.59221540178592,4.651157376067861
2460356.4720915915,130.20719401041697,4.644708244711918
2460356.479036112,134.90364583333394,4.640484088969026
2460356.485980632,130.11844308035748,4.6362996307916795
2460356.492925152,135.4604259672627,4.631745871333348
2460356.499869672,130.15792410714343,4.627795625358735
2460356.5068141925,134.69175502232216,4.622988378611527
2460356.513758713,140.7917829241078,4.619681516696698
2460356.5207032333,133.4292922247029,4.614874204394767
2460356.5276477537,128.55001395089343,4.610066932224236
2460356.534592274,135.58158947172674,4.606811348573155
2460356.541536795,127.758696056548,4.5989717815738755
2460356.5484813154,135.29217819940519,4.596576196165705
2460356.5554258362,137.55003720238133,4.592580060171554
2460356.5623703566,133.85763113839343,4.586199068240848
2460356.569314877,126.77297247023853,4.579409890607593
2460356.5762593984,125.15780784970259,4.573701356564441
2460356.5832039188,127.93929036458364,4.5687630055530075
2460356.5901484396,125.12581380208364,4.563514102560718
2460356.5970929605,133.2332821800601,4.560343445465402
2460356.6040374814,123.40287853422676,4.553378508563844
2460356.610982002,128.9788876488101,4.551262222602736
2460356.6179265236,125.1015625000003,4.5455445181333936
2460356.624871044,130.16941034226238,4.544161607436284
2460356.6318155653,127.72191220238165,4.538360080404112
2460356.6387600866,131.9400344122026,4.536030736410024
2460356.6457046075,131.35739862351238,4.530493834583136
2460356.652649129,135.24802362351238,4.528401926502176
2460356.65959365,125.18552362351268,4.523761382451128
2460356.6665381715,136.78566778273853,4.519108193465202
2460356.673482693,125.5669875372029,4.513404003855149
2460356.680427214,134.57533482142935,4.509919237153229
2460356.6873717355,135.89183407738133,4.506514903144162
2460356.694316257,124.28987630208394,4.501491528148594
2460356.7012607786,137.9620070684526,4.500812875787629
2460356.7082053,130.5811476934526,4.494634247284464
2460356.7151498217,130.07696242559572,4.491725375659675
2460356.7220943435,131.55094401041728,4.489175796756557
2460356.729038865,130.05089750744082,4.484953317781483
2460356.7359833866,130.14750744047674,4.48308827221443
2460356.7429279084,126.62200055803623,4.481203409118693
2460356.74987243,123.34465680803623,4.476040835324019
2460356.756816952,127.12069847470259,4.473484861973511
2460356.7637614743,133.90799386160748,4.47217779511117
2460356.7707059956,130.42378162202417,4.467454503765415
2460356.777650518,127.04122488839312,4.464747960610544
2460356.78459504,129.21089099702417,4.463090545900015
2460356.7915395624,129.12379092261958,4.459526663358085
2460356.7984840847,121.38732328869112,4.456718665875047
2460356.805428606,128.9363141741078,4.456603370912567
2460356.8123731283,125.357817150298,4.455651960113993
2460356.8193176505,131.47084263392935,4.453404984694949
2460356.8262621737,134.4781203497029,4.452648923883363
2460356.833206696,127.14188058035779,4.447511405528915
2460356.840151218,120.23470052083394,4.443578928539509
2460356.8470957405,132.38999720982187,4.4434349988659365
2460356.854040263,127.44875372023823,4.438569037593952
2460356.8609847855,131.19075520833394,4.432969575916234
2460356.867929308,136.59156436011958,4.429507199639857
2460356.8748738305,137.78218005952417,4.425023370173107
2460356.8818183537,132.81749906994082,4.418694168457503
2460356.8887628764,132.53350539434572,4.414497045474754
2460356.895707399,133.51095145089343,4.40774469310098
2460356.9026519214,133.5282040550601,4.399889672562554
2460356.909596445,134.9140625000006,4.394051497582558
2460356.9165409678,138.98665364583363,4.388689522178292
2460356.923485491,126.80357142857186,4.376736983404556
2460356.9304300137,135.00560360863165,4.369425442717695
2460356.9373745364,140.26878720238133,4.363690931122336
2460356.944319055,126.55831473214342,4.351603620104538
2460356.9512635786,131.71684337797646,4.345046257890014
2460356.958208102,122.06687127976238,4.335731519183874
2460356.965152625,132.58419363839343,4.330784887008133
2460356.9720971487,126.87041945684571,4.321133810081071
2460356.979041672,129.96379743303623,4.315825407940911
2460356.9859861955,126.6654343377977,4.306523050926508
2460356.992930718,127.59458705357156,4.2998715955067395
2460356.9998752424,121.74253627232156,4.290167886859714
2460357.006819766,127.01078869047645,4.283999116046436
2460357.0137642897,126.4459867931552,4.274715438547523
2460357.020708813,125.47137741815489,4.266446919501144
2460357.0276533365,129.91508556547646,4.262072140476435
2460357.0345978606,126.47221447172645,4.251933590703376
2460357.0415423843,129.85500372023884,4.244443158111786
2460357.048486908,125.15118117559602,4.239565228961818
2460357.055431432,125.43382626488135,4.2346251684721095
2460357.0623759557,139.36125837053623,4.2331207560033945
2460357.06932048,129.13127790178592,4.224681619703309
2460357.076265004,130.18410528273853,4.221776631371934
2460357.083209528,137.55654761904802,4.217919799422084
2460357.0901540522,134.46177455357187,4.214143483900724
2460357.0970985764,128.2274228050601,4.206180202389066
2460357.1040431005,136.2017531622029,4.201491261947118
2460357.110987625,130.03257533482216,4.1973561167961
2460357.117932149,125.41966610863135,4.190557527271366
2460357.124876674,131.6329055059529,4.187083529251789
2460357.131821198,127.61518787202476,4.183147670151814
2460357.1387657225,128.28308686755977,4.177665393620507
2460357.145710247,125.29994419642935,4.173589511394535
2460357.1526547717,118.87653459821497,4.166804719354381
2460357.1595992963,129.294503348215,4.166384281932073
2460357.166543821,118.56682477678623,4.158930281109637
2460357.173488346,122.7725539434529,4.152203785719365
2460357.1804328705,120.15306454613103,4.14984913595298
2460357.187377395,119.88013857886926,4.1445289975362725
2460357.1943219206,131.702938988096,4.144143122742752
2460357.201266445,124.55201357886988,4.138364362996351
2460357.2082109707,123.98890904017874,4.134748280075212
2460357.2151554953,127.42208426339373,4.132509083202422
2460357.222100021,127.13964843750061,4.129171381417472
2460357.2290445454,137.04078311011926,4.126918555243731
2460357.235989071,126.86900111607186,4.121642206677489
2460357.242933596,123.47770182291697,4.117520347858709
2460357.249878121,131.38411458333363,4.114584417255076
2460357.256822647,118.028227306548,4.105464855039787
2460357.2637671717,123.5923781622023,4.100999617198126
2460357.2707116976,131.6233258928578,4.095503051411337
2460357.277656223,130.5633835565483,4.087662808131219
2460357.284600748,128.99748883928623,4.078974659706532
2460357.291545274,127.49446614583333,4.067813676733473
2460357.2984897997,134.2112165178578,4.061232329439578
2460357.3054343252,128.61797805059572,4.049014647800584
2460357.312378851,125.04534040178594,4.0373479363836635
2460357.319323377,120.5513625372029,4.024496974138613
2460357.326267903,121.93110584077415,4.014381184843707
2460357.333212429,121.5968656994058,4.00337042708332
2460357.340156955,128.11902436755977,3.993068326968972
2460357.347101481,124.04438709077476,3.981279731214734
2460357.354046007,128.99165271577445,3.972399855933092
2460357.360990533,123.25655691964373,3.961084721834298
2460357.367935059,127.24818638392935,3.9510892373286843
2460357.374879585,120.13497488839312,3.939366868177665
2460357.381824112,126.73744419642905,3.931271865655378
2460357.388768638,121.8200102306552,3.9215630089910527
2460357.3957131645,123.93933686756039,3.912673186074953
2460357.402657691,124.53882998511956,3.9035047219048984
2460357.4096022174,122.05152529761956,3.8964136195840844
2460357.416546744,121.17247953869082,3.886086567921384
2460357.4234912703,123.73206147693479,3.8794515062667436
2460357.430435797,123.29743303571438,3.873212333630263
2460357.4373803237,119.30009533110176,3.864603300420409
2460357.4443248506,121.49437313988103,3.8592891279045216
2460357.4512693775,126.86011904761956,3.853078843321858
2460357.4582139044,126.81370907738103,3.8473179836335945
2460357.4651584313,128.70748465401812,3.8431015965367603
2460357.4721029582,124.66035388764915,3.8358278775972043
2460357.479047485,125.3821149553575,3.831269407285122
2460357.485992012,125.13972981770894,3.8290037981320104
2460357.4929365395,125.43394252232217,3.825338279558908
2460357.4998810664,126.71263485863103,3.8205657631441556
2460357.5068255938,123.74848865327446,3.8176919089542065
2460357.5137701207,121.58857654389915,3.8132607905972478
2460357.5207146485,119.00581287202355,3.8094742207369134
2460357.5276591755,119.27514648437561,3.805825888244161
2460357.5346037033,120.78984142485176,3.807618180925948
2460357.5415482307,124.0702194940477,3.8031412344505493
2460357.548492758,123.15797061011956,3.797719974712704
2460357.555437286,129.4551711309526,3.797423398277774
2460357.5623818133,123.10245768229167,3.791780846691864
2460357.569326341,115.68693033854227,3.78685481448365
2460357.5762708685,115.13302176339342,3.7831699424888234
2460357.583215397,119.33034551711323,3.780034227330457
2460357.5901599247,119.81322079613103,3.7791751248075514
2460357.5971044526,120.65225074404832,3.776491948660434
2460357.604048981,115.85808454241123,3.7700325173131133
2460357.6109935087,116.49315243675665,3.766492410426254
2460357.6179380366,116.36564127604227,3.76303030244627
2460357.6248825644,122.01555524553623,3.760955825322624
2460357.631827093,121.39038085937561,3.756655174144233
2460357.6387716215,117.39992559523792,3.7515684317261067
2460357.6457161494,121.70856584821497,3.748303752806947
2460357.6526606777,124.92575799851268,3.7458487239839573
2460357.6596052065,122.139892578125,3.7417936928713664
2460357.666549735,122.12955729166697,3.7380534051483125
2460357.673494263,125.63156854538708,3.7343677318136823
2460357.6804387923,115.69863746279832,3.729003015951475
2460357.6873833206,125.62716238839282,3.7276022550303964
2460357.6943278494,119.72194707961323,3.722176656710978
2460357.701272378,123.41041201636926,3.7180780589440405
2460357.708216907,127.70739164806582,3.713701508294299
2460357.715161436,122.348295665923,3.708834231131212
2460357.722105965,118.81104678199456,3.7032318630215566
2460357.7290504933,128.67131696428623,3.7016272864909734
2460357.7359950226,122.47349330357186,3.6966251510834294
2460357.742939552,118.39551943824456,3.690266205406351
2460357.7498840806,113.43058268229227,3.6850113129009436
2460357.75682861,119.20757765997102,3.6819156180891848
2460357.7637731396,118.33069428943479,3.676099567410086
2460357.770717669,119.55690801711353,3.676426021541106
2460357.777662198,122.52122860863165,3.670705665067842
2460357.7846067273,115.5964704241075,3.6628549094300467
2460357.791551257,115.51279994419656,3.659013419640015
2460357.7984957863,114.26421828497071,3.655602217629355
2460357.805440316,113.62575567336383,3.6531924855236917
2460357.8123848457,123.50440615699456,3.654765814159217
2460357.8193293754,116.92653692336353,3.6512335735213415
2460357.826273905,115.51023065476238,3.6486932684090285
2460357.833218435,120.30916341145864,3.649531027349839
2460357.840162965,109.32066127232186,3.646035093111991
2460357.8471074947,119.91994512648853,3.6454023528638264
2460357.854052025,117.94878859747071,3.6450513822868764
2460357.8609965546,122.14508928571468,3.6446411029243646
2460357.867941085,120.83615838913738,3.6421182222906583
2460357.874885615,128.64896065848248,3.641627667203395
2460357.8818301447,122.74936058407759,3.6402051759434624
2460357.888774676,125.91818963913708,3.638200006866091
2460357.8957192055,115.60730561755979,3.6356059966446193
2460357.902663736,110.59152948288738,3.6303971348962367
2460357.909608267,115.92540922619112,3.630974987401826
2460357.916552797,116.23604910714312,3.6288716118193727
2460357.9234973276,118.41288829985145,3.624594058859513
2460357.930441858,121.9385695684529,3.623759582770101
2460357.937386389,121.26697358631009,3.621227576505852
2460357.9443309195,115.22987583705405,3.6156355380529432
2460357.9512754506,114.08698381696468,3.6129798810770306
2460357.958219981,112.61094447544686,3.6071986690626257
2460357.965164512,114.05837286086323,3.6031693695852307
2460357.9721090426,110.55216471354197,3.5972522408335053
2460357.9790535737,114.37545340401812,3.5958734616945596
2460357.985998105,110.359526134673,3.591335152859644
2460357.9929426364,105.74519856770864,3.586486948987868
2460357.999887167,112.83390299479227,3.5835396385358274
2460358.006831698,117.685942150298,3.583402969172784
2460358.0137762297,117.7070312500003,3.5795255020133143
2460358.020720761,120.14399646577415,3.5762267547277093
2460358.0276652924,116.9761090959825,3.5739708174995237
2460358.034609824,113.61128162202415,3.5682844243159892
2460358.0415543555,118.41419038318479,3.565053604402243
2460358.048498887,109.4317336309529,3.5594008118153826
2460358.0554434187,114.72011021205374,3.556347523132168
2460358.0623879503,123.32133556547645,3.5540175170081523
2460358.069332482,119.54459635416727,3.548479716916922
2460358.076277014,120.58755347842332,3.544470817471883
2460358.083221546,115.409574962798,3.5399123642783685
2460358.0901660775,120.77464657738135,3.5390515593461855
2460358.097110609,118.92597888764915,3.535519046858848
2460358.1040551416,122.76872907366123,3.533627878118995
2460358.1109996736,119.97023809523883,3.529358067469889
2460358.1179442056,119.60436430431582,3.524080409766101
2460358.124888738,120.14812360491123,3.5196314153533272
2460358.13183327,116.46257672991094,3.5170715806436976
2460358.138777802,115.30000232514915,3.5136909275534323
2460358.1457223347,115.86253720238135,3.507663621168146
2460358.1526668672,113.91515531994082,3.5051487304085165
2460358.1596113998,117.7177734375003,3.5032171551874374
2460358.1665559323,115.40931919642874,3.5010173990529236
2460358.1735004648,110.71046084449456,3.4984564564602287
2460358.1804449973,112.70120675223279,3.4946728101544866
2460358.18738953,111.962797619048,3.4932338887464933
2460358.1943340627,110.15614536830405,3.4927152566932524
2460358.2012785957,104.718901134673,3.488687501188885
2460358.2082231287,109.98195684523853,3.4900493537677346
2460358.2151676617,117.67531622023853,3.4944198395914228
2460358.2221121946,119.12781343005979,3.493848379977758
2460358.2290567276,119.84864443824456,3.4942686018975047
2460358.2360012606,113.1753278459825,3.49275015194512
2460358.2429457936,120.73687453497071,3.494789657624633
2460358.249890327,120.952299572173,3.4937340066028395
2460358.2568348604,123.04656110491094,3.494687438375856
2460358.263779394,118.20021856398853,3.4904980485537767
2460358.2707239273,123.50968424479197,3.4935851187249587
2460358.2776684607,125.4436383928575,3.4889961109683316
2460358.284612994,119.99237351190489,3.4829201706042068
2460358.2915575276,121.6825590587802,3.4803253439614408
2460358.2985020615,118.21122814360145,3.473816344506341
2460358.305446595,111.62997581845259,3.4682508539379864
2460358.312391129,114.05604771205405,3.461395231822013
2460358.3193356623,118.01929873511926,3.4545189806701733
2460358.3262801967,111.42758324032745,3.444687349743205
2460358.3332247306,117.91024925595259,3.4379488568891037
2460358.3401692645,116.20597330729197,3.4295503782971912
2460358.347113799,110.99451264880979,3.421566064915065
2460358.3540583327,114.02050781250045,3.4099421948750717
2460358.3610028666,114.14748418898823,3.404187404505581
2460358.367947401,112.06251162574426,3.3937976368138596
2460358.3748919354,108.53995768229197,3.385024451505842
2460358.3818364698,113.86399042038722,3.377722946325337
2460358.388781004,106.7420828683039,3.3687777423474006
2460358.395725539,107.68147786458364,3.3637416136379987
2460358.402670073,115.32589285714296,3.357385353221746
2460358.4096146077,117.3157203311013,3.3497510701290785
2460358.4165591425,112.91034226190504,3.344114313886031
2460358.423503677,114.36410667782745,3.338509388081252
2460358.4304482117,118.02621605282759,3.334745188282254
2460358.437392747,115.2675781250003,3.329902172858782
2460358.444337282,114.51030040922645,3.3238136777800276
2460358.4512818162,117.57018461681582,3.3220715591282413
2460358.4582263515,118.56574358258938,3.3185271021281637
2460358.4651708864,119.68234979538708,3.3149361880456216
2460358.4721154217,115.57337007068493,3.3115540371313883
2460358.479059957,120.21662248883952,3.311324384769646
2460358.4860044923,125.21325102306582,3.31052980690129
2460358.4929490276,123.43782552083364,3.308405499549087
2460358.499893563,115.18682570684541,3.304857600879289
2460358.506838098,113.9598563058039,3.3038540522066775
2460358.5137826335,115.18209402901796,3.303799389745285
2460358.5207271692,116.3352399553575,3.305565321276317
2460358.5276717036,114.43730236235145,3.3069687935959315
2460358.534616236,112.43025716145848,3.305070615698783
2460358.541560772,108.829345703125,3.30463873040307
2460358.5485053076,114.8105933779766,3.307720851424793
2460358.5554498434,117.12431408110145,3.309785689728121
2460358.562394379,120.49989536830374,3.311194758930362
2460358.5693389154,114.39876302083364,3.309540781950648
2460358.576283451,107.28459821428594,3.3090616537429405
2460358.583227988,111.00062779017874,3.3116331209602023
2460358.5901725236,111.11114211309557,3.310993292216352
2460358.5971170603,106.11715262276827,3.3100787312747397
2460358.604061596,116.29482886904786,3.314035523034226
2460358.611006133,117.15770321800635,3.3139740193774276
2460358.6179506686,112.99389648437545,3.3118342924686353
2460358.6248952053,111.87115187872041,3.3121909775513463
2460358.6318397424,113.73460751488119,3.31236840930395
2460358.638784278,116.780912853423,3.3123129894992718
2460358.645728815,117.71257672991108,3.311303197534708
2460358.652673352,117.0423758370539,3.3101305591674994
2460358.6596178883,119.81095377604197,3.308985219795162
2460358.666562425,120.76905459449426,3.3094252886501656
2460358.673506962,115.3279273623513,3.307388837293553
2460358.680451499,128.19609142485146,3.310935379029928
2460358.687396036,117.58058965773823,3.308525375510763
2460358.694340573,113.89268275669686,3.3055620755515123
2460358.7012851103,114.63228934151812,3.3048770568777353
2460358.7082296475,112.54212007068479,3.3036382257422248
2460358.7151741846,115.45774042038708,3.3051881096720535
2460358.722118722,114.90006510416697,3.3033148918922013
2460358.729063259,119.09149460565504,3.3034761002761415
2460358.7360077966,115.27507672991094,3.3034454486403764
2460358.742952334,111.467924572173,3.3024834434792507
2460358.7498968714,111.539701915923,3.303733944880484
2460358.756841409,111.12127976190489,3.3021033454037343
2460358.7637859466,111.25651041666681,3.303165443921938
2460358.7707304847,106.31441824776812,3.300918911272863
2460358.7776750224,115.75827752976222,3.3038071400457327
2460358.78461956,103.22586495535734,3.300410211509457
2460358.791564098,108.97262137276827,3.3005035244417957
2460358.798508636,113.44416155133952,3.3021184656234346
2460358.8054531743,120.58278692336337,3.3020493879024646
2460358.812397712,114.68640718005993,3.2993194146261824
2460358.8193422505,116.99744233630979,3.2970725657651063
2460358.8262867886,120.05822172619067,3.2963314153320016
2460358.8332313267,115.00902157738135,3.2947000206423707
2460358.8401758648,108.01040504092286,3.291531859997141
2460358.8471204033,109.85563151041697,3.292127700421432
2460358.854064942,112.07156808035734,3.2892970326117776
2460358.86100948,117.89714704241094,3.2895388606371045
2460358.867954019,119.30019996279786,3.2902301746426907
2460358.8748985576,116.31611560639915,3.287638862305503
2460358.881843096,116.15409923735145,3.2886039636478306
2460358.888787635,116.88833472842286,3.2868519187454273
2460358.8957321737,120.02849469866108,3.2878727763326636
2460358.9026767123,117.90719168526812,3.287714263447228
2460358.9096212513,110.16351609002989,3.2832905991807118
2460358.9165657903,111.94399879092286,3.282937634171257
2460358.9235103293,111.34926060267874,3.2824899361119986
2460358.930454869,115.01089332217286,3.2823490164232356
2460358.937399408,114.39391508556582,3.2827112345504914
2460358.9443439473,109.3358328683039,3.278383001024203
2460358.9512884864,112.62452334449426,3.279471239990134
2460358.9582330254,114.30071149553594,3.279082816447063
2460358.9651775653,115.23547944568479,3.2760269571341794
2460358.972122105,110.91001674107171,3.2721407721889406
2460358.9790666443,106.16973586309541,3.270405068191596
2460358.9860111834,112.30932617187516,3.2694198991109285
2460358.992955724,108.14870489211323,3.2667490968534483
2460358.9999002633,115.79996744791681,3.2701766767447453
2460359.006844803,116.21526227678594,3.2665475206982584
2460359.013789343,116.70014880952401,3.264958025338668
2460359.0207338827,112.93561662946452,3.260565352350747
2460359.027678423,119.02812267485145,3.261176478949294
2460359.034622963,115.16477167038708,3.259244141438393
2460359.041567503,114.7874930245539,3.2572940674014674
2460359.0485120434,114.74557059151827,3.256895200848897
2460359.0554565834,119.05123465401796,3.2565168964356004
2460359.062401124,115.82964797247057,3.2539793566970605
2460359.0693456642,113.6865583147325,3.25269961153397
2460359.0762902047,116.32712518601222,3.2508928149297596
2460359.0832347446,109.99712844122041,3.2478105326367532
2460359.0901792855,105.82145182291697,3.2445516809129002
2460359.097123826,116.19524274553594,3.2471478050589764
2460359.104068367,117.16937546503004,3.247576496491178
2460359.1110129077,112.99904668898837,3.2421761740502597
2460359.117957448,114.01841517857171,3.241862616169202
2460359.1249019895,112.98937406994082,3.241098618559798
2460359.13184653,110.15293666294686,3.2379179762449195
2460359.1387910713,110.25159272693463,3.2360580311247378
2460359.145735612,111.63323102678608,3.2348837756427327
2460359.152680153,110.04449172247071,3.2329436045072324
2460359.1596246944,115.16594587053594,3.231737494156952
2460359.1665692357,113.23957170758952,3.2296994109770716
2460359.173513777,112.15497116815504,3.2286831370829545
2460359.180458318,115.532133556548,3.2333810023402676
2460359.18740286,111.04122488839296,3.228650275921357
2460359.194347401,111.08612351190504,3.229967282805933
2460359.201291943,115.3779645647325,3.232919400704748
2460359.208236484,107.57491629464312,3.2313164051624574
2460359.215181026,108.10487583705405,3.231523311941548
2460359.2221255675,115.01805478050619,3.2361914507938905
2460359.22907011,122.70495024181567,3.237870797947235
2460359.236014651,119.32902018229197,3.2388849769704677
2460359.2429591934,120.40233212425619,3.2416904070191266
2460359.2499037352,116.43079194568463,3.237655354179461
2460359.256848277,114.98558407738135,3.2382067668743635
2460359.26379282,115.02689034598234,3.2362691219595967
2460359.2707373616,112.08734421503004,3.2344506974900713
2460359.277681904,115.94826543898837,3.235899211620346
2460359.284626446,122.20684523809541,3.234385389112394
2460359.291570989,119.19106910342286,3.2300101156016243
2460359.298515531,121.50482468378004,3.2286513888772816
2460359.3054600735,119.99422200520864,3.2244731570261034
2460359.312404616,121.85177176339327,3.2201180956897058
2460359.3193491586,114.46525065104197,3.2125583306093133
2460359.3262937013,114.91352771577415,3.2087212245043255
2460359.333238244,114.01061430431567,3.204860831022128
2460359.3401827863,115.71330915178623,3.1979328305026353
2460359.3471273296,115.10782877604197,3.1914446301900607
2460359.354071873,113.75941685267874,3.1843489072390416
2460359.3610164155,113.22453962053578,3.1771997685146403
2460359.3679609583,112.53337751116094,3.1720507906523276
2460359.3749055015,109.89315941220275,3.162602385460953
2460359.3818500447,104.7990722656253,3.1556908190328685
2460359.388794588,106.69923037574426,3.149586199963814
2460359.395739131,107.58406575520864,3.144300049664809
2460359.402683675,109.31084914434557,3.1391304953410195
2460359.409628218,110.61047944568479,3.1350409183832593
2460359.4165727613,116.15958658854197,3.1321347028660598
2460359.4235173054,111.03145926339312,3.126666177566069
2460359.4304618486,115.09577287946438,3.12443828177401
2460359.4374063923,112.79294549851193,3.121079470551269
2460359.444350936,111.17023577008938,3.1163856134278074
2460359.4512954797,112.15293666294656,3.112356385816716
2460359.458240024,115.20805431547645,3.1107281367383
2460359.4651845675,116.44025530133968,3.110204302701955
2460359.4721291116,113.52948288690504,3.108539856954081
2460359.479073656,121.74712844122026,3.1101563263094367
2460359.4860182,109.06184895833348,3.1050721862911828
2460359.492962744,111.05331566220259,3.1051440143026947
2460359.4999072882,115.64117140997057,3.1080859903414613
2460359.506851833,111.88545154389915,3.1093098091950875
2460359.5137963775,112.72829473586323,3.107140026618268
2460359.520740921,122.41506231398807,3.1135505610771315
2460359.5276854658,118.35578264508938,3.1105827850674985
2460359.5346300104,116.14853050595259,3.1134326817240088
2460359.541574555,111.75378999255979,3.1139018216231036
2460359.5485190996,107.36136300223218,3.1128321704583737
2460359.555463644,103.44584728422645,3.1146345785618252
2460359.5624081898,108.39539155505963,3.1164413059540084
2460359.5693527344,107.95099748883938,3.1194745655546003
2460359.5762972794,110.21228608630979,3.121576665046819
2460359.5832418245,112.90495954241094,3.1266934781923617
2460359.590186369,114.16880580357186,3.1285822667187997
2460359.5971309147,114.5988769531253,3.129985672052303
2460359.6040754598,110.6921851748513,3.130066303096894
2460359.611020005,119.0660691034227,3.135969575602912
2460359.6179645504,114.58358909970259,3.1350250313490293
2460359.624909096,118.17897832961337,3.1378710726620986
2460359.6318536415,115.80095563616078,3.1377958709919027
2460359.6387981866,115.501127697173,3.1408308182181135
2460359.6457427326,110.62297712053594,3.138850185115892
2460359.652687278,115.14670526413708,3.13973960210264
2460359.659631824,117.87683686755963,3.1401152522894265
2460359.666576369,109.03941127232156,3.138474023158483
2460359.673520915,113.72070312500045,3.140243686194767
2460359.6804654617,113.5610700334825,3.1404838448263406
2460359.687410007,118.17466517857171,3.14244897445294
2460359.6943545532,116.8046875000003,3.1408235149639427
2460359.7012990993,115.22925967261926,3.142515315442275
2460359.7082436457,114.38883463541697,3.1409885587116424
2460359.7151881917,117.25783575148823,3.143291679474233
2460359.722132738,117.67839704241094,3.144165560336552
2460359.7290772847,117.34494745163708,3.143661574915867
2460359.736021831,118.4420456659227,3.1461455904321807
2460359.7429663776,115.74221075148823,3.14466080181143
2460359.749910924,114.03000604538708,3.145782527487651
2460359.7568554706,107.51583426339296,3.143435080847132
2460359.763800017,108.82722981770864,3.1459382450930122
2460359.770744564,106.98282877604197,3.1456152112465
2460359.777689111,106.22172619047645,3.1438428446154636
2460359.7846336574,112.79744466145864,3.148214867573142
2460359.791578205,110.63370768229197,3.1470258609366586
2460359.798522752,108.30834960937516,3.146447922215081
2460359.8054672987,114.81126767113119,3.148936964733847
2460359.812411846,118.16084216889915,3.149203899494107
2460359.819356393,115.157377697173,3.144203751741138
2460359.8263009405,118.22699265253004,3.141095904409893
2460359.833245488,109.6338355654763,3.136444153802021
2460359.840190035,114.10050455729167,3.134802823586232
2460359.8471345827,113.81282552083333,3.134970129503112
2460359.8540791306,111.59380812872026,3.132567524474012
2460359.8610236775,121.49791899181582,3.132839816557784
2460359.8679682254,110.66796875000016,3.1296682919502596
2460359.874912773,119.73144531250016,3.1310992587503352
2460359.8818573207,116.00728934151812,3.1300294546375294
2460359.8888018685,111.59533110119082,3.127944001321812
2460359.895746417,115.67750186011926,3.1281063550898165
2460359.9026909643,113.36199079241094,3.1273107551523545
2460359.9096355126,111.59372674851238,3.1261293488046538
2460359.916580061,113.14577520461307,3.128069643712532
2460359.923524609,118.02762276785734,3.1279665831739436
2460359.930469157,117.90047200520864,3.129995540616958
2460359.9374137055,121.84728422619052,3.132130929855576
2460359.944358254,115.7001953125003,3.1302630201406365
2460359.951302802,112.92396763392874,3.127881775880331
2460359.958247351,114.96700613839312,3.128104276883795
2460359.9651918993,113.19685872395864,3.128579084413182
2460359.9721364477,114.44868396577415,3.1266737426202718
2460359.979080997,113.2243652343753,3.1243514310520037
2460359.9860255453,108.39635649181552,3.1254754791489656
2460359.992970094,114.27191452753004,3.124039883149702
2460359.999914643,116.60553850446468,3.122575046105741
2460360.006859192,116.4007742745539,3.121528352310017
2460360.013803741,108.19997442336353,3.118253292680221
2460360.02074829,117.53858584449442,3.119084600558318
2460360.027692839,120.26472981770864,3.1201801772993587
2460360.0346373883,120.21477399553594,3.1198507442257744
2460360.0415819376,119.29389880952385,3.118257235929534
2460360.048526487,117.19197591145864,3.118457828630444
2460360.055471036,118.07647414434541,3.116173520620819
2460360.062415586,117.18870907738103,3.116978656704679
2460360.0693601356,114.99373372395864,3.1142223624147185
2460360.076304685,118.03472609747057,3.1161594442808536
2460360.0832492346,116.00216238839296,3.11242107044539
2460360.0901937843,118.09986514136897,3.115796592696874
2460360.097138334,114.23832775297645,3.111972606458813
2460360.104082884,112.31101190476222,3.112240010239258
2460360.111027434,115.1799316406253,3.1097444384812456
2460360.115657134,112.28955078125,5.383133642990965
2460360.3355679126,102.89892578125,5.3352383739700855
2460360.340197614,103.14625186011926,3.077475229938484
2460360.347142166,109.51291620163708,3.0761513704648142
2460360.354086718,110.84557524181567,3.072359183475139
2460360.3610312706,108.51219540550603,3.067083493255499
2460360.367975823,111.79591006324426,3.0625680173645
2460360.3749203756,104.71069335937516,3.0544711523758235
2460360.3818649277,103.86313011532759,3.0522143782507816
2460360.3888094807,103.4702148437503,3.046409859308198
2460360.3957540332,98.53087797619067,3.041499647594346
2460360.4026985858,106.21921502976208,3.03847337569138
2460360.4096431388,111.68274507068479,3.038999862692959
2460360.4165876913,108.2215401785714,3.0323768349900018
2460360.4235322443,114.54647972470259,3.0305951560969633
2460360.4304767973,114.12080310639901,3.0295109103410063
2460360.4374213507,107.64069475446438,3.023295234824648
2460360.4443659037,117.63380068824442,3.0274798336072632
2460360.451310457,115.02945963541681,3.0248036435305288
2460360.4582550097,117.00742885044656,3.0264051716823306
2460360.465199563,119.95123000372041,3.0256960827817596
2460360.472144117,112.63670712425603,3.020135940281637
2460360.47908867,114.2641601562503,3.0184452615014554
2460360.4860332236,112.59491257440504,3.01957365750055
2460360.492977777,114.15788922991078,3.018853448159509
2460360.499922331,104.50706845238103,3.019781979767845
2460360.506866885,111.01944986979197,3.020165120499374
2460360.513811438,109.3459821428575,3.023257930259574
2460360.520755992,113.16578311011911,3.0235131978131666
2460360.5277005457,110.71602957589312,3.0238677387829416
2460360.5346451006,110.22674851190504,3.0251314963902938
2460360.5415896545,109.1568312872023,3.0273288260447795
2460360.5485342084,110.25288318452415,3.0295705739760064
2460360.5554787624,106.18905784970259,3.032079713901764
2460360.5624233168,108.66451590401812,3.0331483895837263
2460360.569367871,111.83072916666697,3.0349220061110675
2460360.576312425,116.92074730282759,3.0406480477359863
2460360.58325698,109.36850120907745,3.0397205678121657
2460360.5902015343,108.60551525297645,3.0423859387875662
2460360.5971460887,105.8566894531253,3.043125273877602
2460360.6040906436,110.28722563244067,3.0469369207747383
2460360.6110351984,113.41492280505993,3.050462319608299
2460360.617979753,110.41305106026782,3.051328356328412
2460360.6249243077,113.74834914434541,3.056241629682949
2460360.6318688625,105.83124069940489,3.056307629199049
2460360.6388134174,115.69627743675619,3.0613489739993844
2460360.6457579727,116.50113932291667,3.0635262806868844
2460360.6527025276,112.65666852678562,3.06491429482474
2460360.659647083,112.52894810267874,3.064294367518423
2460360.6665916382,107.54917689732171,3.0632486121406775
2460360.673536194,112.73649088541681,3.0663650277768686
2460360.680480749,109.61389741443479,3.0657096462970923
2460360.687425304,109.09979538690489,3.0640679942443447
2460360.69436986,107.34426153273837,3.064166164942945
2460360.7013144153,112.84261067708364,3.064952415216201
2460360.708258971,102.94991629464312,3.0623643165439387
2460360.715203527,110.11192103794656,3.0644729188833537
2460360.7221480827,106.82906668526812,3.0621971791133245
2460360.7290926385,108.11745489211353,3.063404036330821
2460360.7360371943,99.0022321428575,3.059655112060478
2460360.7429817505,104.79444521949442,3.0613407428778543
2460360.749926307,102.6334519159227,3.0594382137884133
2460360.7568708626,101.56013997395864,3.0623429111258598
2460360.7638154184,102.44509161086323,3.059803673965861
2460360.770759975,112.39021809895864,3.064753420674339
2460360.7777045313,100.18104771205374,3.0587859479533663
2460360.7846490876,104.88080124627989,3.059861618276846
2460360.7915936443,111.30149042038722,3.063513857079133
2460360.7985382006,103.7644391741075,3.061407884378759
2460360.8054827573,105.2900390625003,3.060167596268774
2460360.812427314,110.06572033110145,3.0619527956269685
2460360.8193718707,112.35212053571438,3.0605218283837163
2460360.8263164274,107.59316871279786,3.060062826423007
2460360.8332609846,109.31184895833364,3.0569190899057435
2460360.8402055413,109.92376999627989,3.0535554926383734
2460360.8471500985,110.34824916294656,3.0484944116144277
2460360.8540946557,108.85543387276812,3.0460258883461457
2460360.861039213,115.5737653459825,3.0443407537937794
2460360.86798377,107.307280040923,3.0417736942777402
2460360.8749283273,110.74099004836323,3.039367885289796
2460360.881872885,118.46659923735145,3.0393265901074797
2460360.888817442,111.11825706845259,3.0360422011344608
2460360.8957619993,113.00290643601193,3.0370112099158106
2460360.902706557,109.48607235863103,3.032871631444717
2460360.9096511146,110.27569289434541,3.034643773056043
2460360.9165956723,115.21864536830374,3.032253314746199
2460360.92354023,108.95547340029786,3.031279715563201
2460360.930484788,101.5921921502977,3.0269700638985833
2460360.9374293457,105.39786783854197,3.0284051110111965
2460360.944373904,106.30824497767874,3.0283485513611716
2460360.951318462,106.26893833705374,3.0280425224547094
2460360.95826302,109.88073149181552,3.0302426200458616
2460360.965207578,106.73347981770864,3.028935309191546
2460360.9721521363,103.0918433779763,3.0276365348378627
2460360.979096695,108.77121698288738,3.0300573532126407
2460360.986041253,108.29607282366094,3.0294545766211134
2460360.992985811,109.2075544084825,3.0311597865640594
2460360.99993037,106.46225120907775,3.0308562235726235
2460361.0068749283,109.85069056919656,3.031259122041981
2460361.0138194873,110.02314685639901,3.031460584019808
2460361.020764046,110.84977213541681,3.032956026808334
2460361.0277086045,108.95233444940504,3.0311302370317166
2460361.034653164,107.25352260044656,3.031490049922773
2460361.0415977226,114.56597609747057,3.0321631379483818
2460361.048542281,111.0622907366075,3.032665836316925
2460361.0554868407,112.13778831845259,3.0338238254739305
2460361.0624314,108.90466889880979,3.033478303772774
2460361.0693759588,108.37193080357186,3.03410745382863
2460361.0763205183,108.557861328125,3.038254630389995
2460361.083265078,111.2102050781253,3.0360988250690304
2460361.090209637,110.49102492559541,3.037397575335797
2460361.0971541964,106.20174153645864,3.036278170494983
2460361.104098756,103.7059035528273,3.0352907932785915
2460361.1110433154,104.44262695312516,3.0386575043403545
2460361.1179878754,108.99527994791667,3.038978722097257
2460361.124932435,108.95586867559541,3.039762380645751
2460361.1318769944,110.88890438988119,3.040089222343589
2460361.138821555,112.46273949032759,3.0420231794890102
2460361.1457661144,112.55362955729197,3.0416951232410905
2460361.152710675,110.06202334449411,3.042008587118407
2460361.1596552343,104.68662806919671,3.0395608835084595
2460361.1665997948,100.04195731026812,3.038167926363201
2460361.173544355,103.19471958705374,3.0395582228440503
2460361.180488915,102.83228701636911,3.0404864514357466
2460361.1874334756,109.16782924107156,3.0417050166255026
2460361.194378036,110.28512137276812,3.042701539691603
2460361.2013225965,111.32185872395848,3.0440904416304324
2460361.208267157,111.83078729538708,3.0441402245896865
2460361.215211718,113.42629278273823,3.0429249384427473
2460361.2221562783,108.41052827380979,3.0428669692821892
2460361.2291008397,102.9055175781253,3.044395151054871
2460361.2360454,110.26901971726208,3.0440745973480623
2460361.242989961,109.57031250000016,3.0436406967599563
2460361.249934522,112.0793457031253,3.0451016229920076
2460361.2568790833,113.71589006696452,3.044331288334565
2460361.2638236447,109.9630766369052,3.0417522479312566
2460361.270768205,115.73151506696468,3.043033986306149
2460361.2777127665,107.95415969122026,3.039964776682065
2460361.284657328,113.12938290550619,3.0386188172459416
2460361.2916018893,112.59869094122057,3.038288628173292
2460361.2985464507,118.13338216145848,3.0371125471013642
2460361.305491012,106.1241745721727,3.0308774319924296
2460361.3124355744,110.37193080357171,3.027905976311947
2460361.3193801357,108.40685453869082,3.0243671657415203
2460361.3263246976,109.42470005580374,3.0205201790446545
2460361.3332692594,111.05748930431567,3.017577379447276
2460361.340213821,114.56431361607171,3.0149824856934
2460361.347158383,115.7020554315477,3.0115532529414932
2460361.3541029454,106.78486560639901,3.002960481527295
2460361.361047507,110.48515392485145,3.000592616748461
2460361.3679920696,111.96665736607171,2.996258159813237
2460361.3749366314,103.23191034226238,2.9904544078254482
2460361.381881194,107.17000325520864,2.9874764347244303
2460361.388825756,108.97200520833364,2.9854468001719905
2460361.395770319,108.76915922619052,2.982182741883768
2460361.4027148816,112.70153227306567,2.979768305505066
2460361.409659444,117.91730608258938,2.977496979867263
2460361.4166040067,112.05047898065489,2.972923199626257
2460361.4235485694,116.19310360863135,2.9732201516146985
2460361.430493132,117.20570591517874,2.971184785723553
2460361.437437695,115.94942801339282,2.966166851831694
2460361.444382258,122.30711728050635,2.968583472699858
2460361.451326821,121.86854771205374,2.964755260409893
2460361.4582713842,116.78291248139885,2.961872497734399
2460361.4652159475,117.89649600074426,2.9618434828089995
2460361.4721605107,114.82048688616078,2.9607407381117565
2460361.4791050735,110.30405970982156,2.9579940726978684
2460361.486049637,106.21377418154786,2.9572687335921546
2460361.4929942004,104.1703055245539,2.9571516687513557
2460361.499938764,108.40593610491094,2.960889689265267
2460361.506883328,108.34262230282759,2.9603213525267633
2460361.5138278916,113.59043666294686,2.9630530226050165
2460361.5207724553,109.67750186011942,2.9609347628110334
2460361.5277170185,111.09400576636926,2.9623629457704737
2460361.5346615827,109.68975539434571,2.9645735867985104
2460361.5416061464,104.92281668526812,2.9632288587062114
2460361.5485507105,110.17394438244052,2.9657043438118484
2460361.5554952747,110.7465820312503,2.9661711252827754
2460361.562439839,108.97317940848218,2.966345909686238
2460361.569384403,110.57174246651796,2.9696512609000174
2460361.576328967,107.15920293898823,2.9691470209160253
2460361.5832735314,100.51128859747057,2.968186207831993
2460361.5902180965,112.83927408854197,2.972777536530176
2460361.5971626607,113.42786225818479,2.9752299661132136
2460361.604107225,111.09845842633952,2.977796082826727
2460361.61105179,112.47099376860145,2.980241681791954
2460361.617996355,112.63918340773853,2.9820888656399642
2460361.624940919,118.41900344122041,2.9868079185614875
2460361.631885484,108.3250906808036,2.983865707962609
2460361.638830049,111.98009672619067,2.9882681164478515
2460361.645774614,108.38545154389915,2.9883896080600483
2460361.6527191787,105.73217773437516,2.991247323355221
2460361.6596637443,112.09479631696438,2.9956036320624864
2460361.6666083094,111.41019112723218,2.9980950103844983
2460361.673552875,119.57354445684541,2.9988982095531482
2460361.68049744,119.88302176339296,3.0010139829371845
2460361.687442005,113.45542689732186,2.9968937031375398
2460361.694386571,111.04983956473234,2.996234432825688
2460361.7013311363,111.25875418526796,2.9928334848648404
2460361.7082757023,112.714018322173,2.992046400609851
2460361.7152202674,111.71097237723218,2.9924776837329907
2460361.7221648335,117.88893926711307,2.9923855724855293
2460361.7291093995,116.75698707217286,2.9912000174523623
2460361.736053965,118.01314871651812,2.9910698544327405
2460361.742998531,105.12620907738103,2.98741024180598
2460361.749943097,108.09183175223234,2.9871957946219516
2460361.756887663,110.17479306175635,2.9857929454307466
2460361.7638322297,103.95542689732171,2.9833740387664895
2460361.7707767957,105.88190569196438,2.985908988905005
2460361.777721362,107.32161458333333,2.98382881328719
2460361.7846659287,113.24632626488119,2.9860332930379223
2460361.7916104947,108.15993536086323,2.9820415549329486
2460361.7985550617,110.91083054315489,2.984159561920236
2460361.805499628,116.82691592261926,2.9863255886065097
2460361.8124441947,120.05721028645848,2.987781415559706
2460361.8193887617,116.81525530133952,2.983892176966202
2460361.8263333286,113.61009579613103,2.98198352887535
2460361.8332778956,110.09170386904786,2.9786281985305045
2460361.8402224625,111.66701543898853,2.9774476317819834
2460361.8471670295,105.43587239583348,2.9747601566558473
2460361.8541115965,113.62033807663708,2.9743609354175855
2460361.861056164,117.69551013764915,2.9730880021700457
2460361.868000731,111.30030459449411,2.9695850909758224
2460361.8749452983,108.90108816964312,2.967161256168118
2460361.8818898653,116.10150437128004,2.967418844885861
2460361.888834433,108.87443033854197,2.962113566542989
2460361.8957790006,110.81065150669656,2.9618931250447473
2460361.902723568,115.79749116443463,2.9612886750310383
2460361.9096681364,110.7647995721727,2.9584512032039494
2460361.916612704,110.59359886532759,2.9585533138643387
2460361.9235572717,108.20932152157759,2.9546183831485444
2460361.9305018396,111.02096121651812,2.955768076287541
2460361.9374464075,112.1642485119052,2.956276465697064
2460361.9443909754,103.24337332589312,2.9520277444861396
2460361.9513355438,102.01030040922645,2.950784501696237
2460361.958280112,104.73925781250016,2.9508380447563174
2460361.96522468,107.84809802827385,2.9529638796301234
2460361.9721692484,107.70347377232171,2.952754493603195
2460361.979113817,108.60521298363119,2.954372874301629
2460361.9860583856,108.81699916294656,2.9582530532535505
2460361.993002954,110.61838495163708,2.9574959964856653
2460361.9999475223,107.10822405133952,2.9567873712921204
2460362.006892091,106.44526599702385,2.9585362013321266
2460362.01383666,111.80054873511926,2.961642596294133
2460362.0207812293,107.2178199404763,2.9611117537577702
2460362.027725798,111.51610165550603,2.9628639800863237
2460362.034670367,116.93355887276796,2.9663593127269388
2460362.041614936,117.01329985119082,2.9701249546633064
2460362.048559505,110.66893368675603,2.967294496812313
2460362.0555040743,112.69019717261911,2.9699948083164496
2460362.0624486436,109.12400018601208,2.969274900100192
2460362.0693932134,112.56463913690504,2.9725358932452006
2460362.076337782,113.76349748883938,2.9745057838888744
2460362.0832823515,105.94391741071452,2.973724784950861
2460362.0902269217,116.48447963169686,2.9791263929985004
2460362.097171491,114.43624441964296,2.9792377831987493
2460362.1041160612,113.44352213541697,2.979692198203178
2460362.1110606305,111.27289109003004,2.9796667478116983
2460362.118005198,114.37406994047615,2.9812482341235955
2460362.124949766,107.65748232886911,2.978253513688863
2460362.1318943365,112.53993443080344,2.9808050997953774
2460362.138838906,109.77998279389915,2.9791730209920892
2460362.145783476,109.3237653459825,2.978901099704817
2460362.1527280468,108.36833844866078,2.977959034185465
2460362.1596726165,105.26228841145848,2.977232968621293
2460362.166617187,107.66551571800635,2.9794525581553883
2460362.1735617574,104.80773344494082,2.9755342949862698
2460362.180506328,110.28938802083364,2.979821822599901
2460362.187450899,110.23645600818463,2.9798694367653726
2460362.1943954695,109.78493536086353,2.9754833989779246
2460362.20134004,111.64966982886911,2.9768692279655635
2460362.208284611,111.6094098772325,2.974060198051527
2460362.215229182,107.77533249628004,2.973421980705314
2460362.2221737527,109.08129882812516,2.973157546946492
2460362.2291183234,111.66487630208364,2.9749223529403337
2460362.236062895,108.43036179315489,2.9720878473556773
2460362.243007466,111.40976097470245,2.9710805756621963
2460362.2499520374,113.61903599330374,2.971431299660774
2460362.2568966085,114.70792643229197,2.9706325656115595
2460362.26384118,106.78960890997071,2.9692855393093116
2460362.2707857513,111.54871186755979,2.9697512307059366
2460362.277730323,114.27642531622041,2.9664518827020783
2460362.2846748945,111.92016601562516,2.9645841168564036
2460362.291619466,105.30338541666697,2.9607229629471554
2460362.2985640382,105.12922014508952,2.9591763452620143
2460362.30550861,106.87189592633938,2.9571099707586295
2460362.312453182,105.62680199032759,2.951989122017513
2460362.3193977536,108.43622116815489,2.9539403241624242
2460362.326342326,104.23388671875016,2.94896445532617
2460362.3332868977,107.54842122395848,2.9473989169063004
2460362.3402314703,104.037016369048,2.9418906602973744
2460362.347176043,108.20648484002974,2.9405096321430495
2460362.3541206145,100.40728469122041,2.9339575528700688
2460362.361065187,100.58171735491094,2.9317416985552263
2460362.3680097596,107.47585332961323,2.930865256613167
2460362.374954332,106.90150669642874,2.927270300137151
2460362.3818989047,105.34923735119052,2.924623670372269
2460362.388843478,108.12167503720245,2.9224889266363707
2460362.3957880507,109.15633138020864,2.919316314592893
2460362.4027326233,103.70104399181567,2.9144205485533043
2460362.4096771963,112.44292922247026,2.916675185395999
2460362.4166217693,109.24088541666667,2.9150076837871635
2460362.423566342,116.92558361235145,2.9146445988785197
2460362.430510916,112.69248744419656,2.9112446500653397
2460362.437455489,112.21458798363103,2.9114281189209046
2460362.4444000623,106.59229678199426,2.9070149316342833
2460362.451344636,110.56573195684541,2.906936986001878
2460362.4582892093,105.97178431919671,2.90449799862812
2460362.465233783,105.74396623883968,2.9029488100015293
2460362.4721783563,114.50555710565489,2.905831518316407
2460362.4791229297,110.41750372023837,2.905690164632066
2460362.4860675037,112.26535760788708,2.902864430487926
2460362.4930120776,111.03120349702385,2.9032851309347336
2460362.4999566516,114.18682570684541,2.9053123864386414
2460362.5069012255,118.57462565104181,2.905156152686113
2460362.5138457995,114.83744884672615,2.9056213241878903
2460362.520790374,108.42994326636926,2.9028251350933805
2460362.527734948,111.9843750000003,2.905679211863678
2460362.5346795223,110.56095377604181,2.90686766929249
2460362.5416240967,114.92094494047615,2.906846433153522
2460362.548568671,111.77771577380979,2.907352421700221
2460362.5555132455,109.99982561383968,2.9071939193889675
2460362.5624578204,108.0404343377977,2.9053777121175783
2460362.569402395,111.70746140252989,2.9064240233741914
2460362.576346969,114.660063244048,2.90854569079355
2460362.583291544,111.44812593005979,2.908462455959265
2460362.5902361195,111.32475353422615,2.9089727532082477
2460362.5971806943,110.57943870907759,2.9079549879226185
2460362.6041252688,111.25182524181552,2.9103890692056056
2460362.6110698446,108.43424479166697,2.9119430501225048
2460362.6180144195,111.08957635788708,2.911614205164019
2460362.6249589953,114.91701543898823,2.9149544251182373
2460362.63190357,111.51174200148823,2.914746137029816
2460362.638848146,115.832426525298,2.91676917612001
2460362.645792721,118.34529622395833,2.917791905038042
2460362.6527372967,119.38681175595245,2.921128487920706
2460362.6596818725,115.73292178199426,2.9188271803483974
2460362.666626448,115.38545154389915,2.9207810232018736
2460362.6735710236,113.26582263764885,2.91776969766801
2460362.6805156,114.25652204241078,2.9205146212623116
2460362.6874601752,112.02439081101208,2.915948331039406
2460362.6944047515,111.46154203869067,2.9158955214121747
2460362.701349328,110.0786481584825,2.9142835609799804
2460362.708293904,112.89873976934526,2.914272853989514
2460362.7152384804,106.91423688616094,2.9118379918419097
2460362.7221830566,114.09678431919656,2.9130364467089396
2460362.729127633,110.998779296875,2.91327430693563
2460362.736072209,112.33257765997041,2.9115454780046726
2460362.7430167855,113.81890578497057,2.9113741034372445
2460362.7499613627,110.54787481398807,2.909044095740797
2460362.756905939,110.83594912574426,2.908961012548579
2460362.763850516,108.17676943824442,2.9101741079463914
2460362.7707950925,110.6829078311013,2.9078237670125016
2460362.7777396697,111.0515136718753,2.908544893279432
2460362.784684247,109.14038085937516,2.907800742723747
2460362.7916288236,113.3823590959825,2.904557833197547
2460362.798573401,115.60899135044671,2.904668329489233
2460362.805517978,115.79053896949426,2.903363442662318
2460362.8124625552,111.12053571428578,2.8990712763354822
2460362.819407133,114.92130533854181,2.900155124698969
2460362.82635171,111.10100446428594,2.896785544720075
2460362.833296288,118.1798386346727,2.8976393055367495
2460362.8402408655,111.97538829985145,2.8978404520909606
2460362.8471854436,117.16394624255979,2.8972975518556052
2460362.854130021,119.94032505580374,2.8946690158345967
2460362.861074599,117.84921409970259,2.894158620274784
2460362.8680191766,113.95524088541681,2.8926736985887618
2460362.874963755,107.42887369791697,2.886309819501537
2460362.8819083325,114.41848028273823,2.887205873880294
2460362.8888529106,114.36796642485145,2.886079165567111
2460362.895797489,116.11295572916681,2.883503461062545
2460362.9027420674,112.5764160156253,2.8822301211350347
2460362.909686646,114.03321475074442,2.8807333291186894
2460362.916631224,114.04045758928623,2.8775961327314885
2460362.9235758022,115.31858026413708,2.8783259007991426
2460362.9305203813,106.49611700148837,2.8717477284404507
2460362.93746496,108.12109375000016,2.8711168643292755
2460362.9444095385,103.58206612723234,2.870968932036053
2460362.9513541176,100.90606398809541,2.868707179128448
2460362.9582986967,102.72585332961353,2.8699719989495396
2460362.9652432757,105.52031017485145,2.8718303101886065
2460362.972187855,110.80207170758952,2.873529879659699
2460362.979132434,116.55533854166697,2.8768152276576497
2460362.986077013,114.60038829985145,2.876950921774677
2460362.9930215925,114.36714099702401,2.8774514219763563
2460362.9999661716,110.52565801711337,2.87770951227974
2460363.006910751,112.01897321428623,2.879921318627637
2460363.0138553306,109.94110398065504,2.881340995525674
2460363.0207999106,107.44818405877989,2.8832963987305527
2460363.02774449,108.36640857514901,2.8845140429580494
2460363.0346890697,112.56876627604197,2.8867919906084825
2460363.0416336497,114.20397367931582,2.889578830993188
2460363.0485782297,117.38249860491123,2.8932179714324424
2460363.0555228097,117.47580682663708,2.894983715331995
2460363.0624673897,121.2300153459825,2.897904102767042
2460363.0694119697,115.98981584821468,2.895886338248555
2460363.07635655,110.49439639136897,2.8977777845513693
2460363.0833011307,115.51750837053594,2.8984267829703705
2460363.0902457107,109.0668364025302,2.896065611565913
2460363.097190291,105.428466796875,2.892978378761766
2460363.104134872,112.31224423363119,2.8972727640396254
2460363.1110794526,115.5766601562503,2.8933009458659984
2460363.118024033,116.89439174107156,2.894630753256017
2460363.124968614,111.72588820684541,2.890005576751444
2460363.1319131944,110.06341843377989,2.889136110782596
2460363.138857776,112.3522949218753,2.8884365724863534
2460363.145802357,107.28392392113103,2.883135743885602
2460363.1527469377,109.89801897321452,2.88223166781844
2460363.1596915196,109.88783482142905,2.8806903516034166
2460363.1666361,113.63807896205374,2.88004688076912
2460363.1735806814,113.17502557663708,2.8775370995371436
2460363.1805252633,109.84036690848218,2.8756676581130827
2460363.1874698442,112.24503580729181,2.8770357100600954
2460363.194414426,112.33723958333364,2.8736229935751454
2460363.2013590075,116.01364862351208,2.873665752510522
2460363.2083035894,113.93353562127989,2.8712986082654344
2460363.2152481712,112.47393508184541,2.8728633642113874
2460363.222192753,111.37765066964312,2.8704731075643957
2460363.229137335,112.39203171502989,2.8707644834502624
2460363.2360819173,114.75712658110145,2.8716168270949436
2460363.243026499,115.96401832217286,2.8727086756762836
2460363.249971081,112.46343703497041,2.8711443756111223
2460363.256915664,116.17542085193479,2.868578869509298
2460363.2638602457,114.24995349702415,2.868971182217523
2460363.2708048285,113.71350678943479,2.8673370942782324
2460363.277749411,111.78580729166697,2.8652307727960378
2460363.284693993,110.78069196428594,2.8626986421058427
2460363.291638576,109.15009998139915,2.861075227387731
2460363.2985831588,113.0123581659227,2.8603535548393957
2460363.3055277416,112.76125372023823,2.859151406514012
2460363.3124723244,109.32010323660734,2.855633719821478
2460363.3194169076,107.53079659598218,2.8527859029658216
2460363.3263614904,108.52732049851208,2.8504325030229585
2460363.3333060737,107.5061325799855,2.8465059525052054
2460363.340250657,109.83160691034239,2.845251095328796
2460363.34719524,111.30838448660734,2.846557040256069
2460363.354139824,111.579740978423,2.8401326233277895
2460363.3610844067,110.55088588169671,2.839843931523625
2460363.3680289905,105.29237002418176,2.833180011835138
2460363.374973574,108.3105817522325,2.832344567862909
2460363.381918158,101.66920689174124,2.8288196713445117
2460363.3888627416,105.03410993303608,2.8295703492397575
2460363.3958073254,105.80120558965791,2.826910262832463
2460363.4027519096,108.54838634672645,2.829278297395209
2460363.4096964933,109.96892438616123,2.8269448612883488
2460363.4166410775,112.60534667968766,2.8259040122714514
2460363.423585661,112.29353841145864,2.826134240158837
2460363.4305302463,114.08524576822947,2.826434975805632
2460363.4374748305,115.73931594122041,2.8252364720906775
2460363.4444194143,112.7047409784227,2.824005792214262
2460363.4513639994,116.29656691778291,2.8246192678886834
2460363.4583085836,114.1455426897325,2.8245363069776857
2460363.4652531687,119.65756370907745,2.8257734645376615
2460363.472197753,111.51842099144385,2.8209125941536075
2460363.479142338,115.41867792038708,2.8249065079056694
2460363.486086923,110.92539178757458,2.8234607406127563
2460363.493031508,108.70854259672645,2.8206171245102656
2460363.499976093,115.94111560639885,2.825914887189011
2460363.506920678,111.70667666480676,2.8251403335200087
2460363.513865263,112.32983979724729,2.8239909331703497
2460363.5208098483,108.05846586681552,2.821183049418222
2460363.527754434,106.2340378534227,2.8206494674946327
2460363.5346990195,103.40581403459858,2.8200045881556544
2460363.541643605,105.68678501674124,2.8183559499348796
2460363.5485881907,108.65876116071468,2.8189848666841173
2460363.5555327763,106.68497721354181,2.818327057092061
2460363.5624773623,107.33806501116078,2.8191663157051945
2460363.569421948,110.79836309523823,2.8203888875722654
2460363.576366534,108.47006370907759,2.8183574781931626
2460363.58331112,113.52319335937516,2.8208601177765256
2460363.5902557056,113.69139462425603,2.8212577792440783
2460363.5972002926,115.00716727120546,2.821534629001014
2460363.604144878,116.38894507998536,2.822379003792499
2460363.6110894647,111.21350678943479,2.8202762875686616
2460363.6180340513,112.08077566964312,2.82114947209933
2460363.624978638,116.31155831473218,2.8228255990955673
2460363.6319232243,115.56186639694972,2.822541761254156
2460363.6388678113,112.19841076078895,2.8215426673786723
2460363.645812398,116.81776064918206,2.824041629148949
2460363.652756985,116.44444056919656,2.8229189165475415
2460363.6597015723,116.22847493489614,2.826291122175602
2460363.6666461583,114.79958379836323,2.8229990773533813
2460363.673590746,113.30135091145864,2.821648834623424
2460363.6805353328,112.13929966517874,2.8209824453590655
2460363.68747992,112.76473563058062,2.8196992466930015
2460363.6944245077,108.41009812127989,2.8211492601739714
2460363.701369095,116.58812313988103,2.8213180643286453
2460363.7083136826,112.35190545944943,2.8182366458217305
2460363.71525827,116.68426223028291,2.821071131332131
2460363.7222028575,115.4428129650302,2.8198630801782874
2460363.7291474454,111.70634533110145,2.8196738737770577
2460363.7360920333,109.9949079241075,2.8176050772680874
2460363.743036621,113.09716215587817,2.817256342470236
2460363.749981209,108.87629045758952,2.815284999186876
2460363.756925797,109.08698381696438,2.8140473101085504
2460363.763870385,107.25286574590821,2.814877612271324
2460363.7708149734,109.60849725632458,2.813588949787482
2460363.777759562,115.20261346726208,2.815001348801648
2460363.78470415,111.43164643787229,2.813410578550514
2460363.7916487386,106.77170526413708,2.8111299647379973
2460363.7985933274,109.67358979724729,2.811985938242403
2460363.805537916,107.1328299386164,2.810075141736909
2460363.8124825046,103.95728120349729,2.8069602869160843
2460363.819427093,107.30189150855692,2.8088262344926
2460363.8263716823,112.49927920386911,2.80927841168308
2460363.833316271,116.28541782924124,2.807865386984902
2460363.84026086,118.04996163504484,2.806086035870413
2460363.8472054494,114.40616861979197,2.8046719289882986
2460363.8541500387,110.5970458984378,2.8031356252500097
2460363.861094628,110.74862234933062,2.800717425683916
2460363.8680392173,115.27460588727718,2.7997504752550455
2460363.8749838066,111.83175223214282,2.7982088924575668
2460363.881928396,113.83599562872041,2.7973807740183507
2460363.8888729857,112.31310453869082,2.798100528918287
2460363.8958175755,107.02976771763406,2.791936042024062
2460363.902762164,109.59938848586353,2.7914188098301866
2460363.9097067514,111.38241722470259,2.7916030276687125
2460363.9166513416,107.93868001302098,2.7916976280983206
2460363.923595932,108.58140927269385,2.7881450660880573
2460363.930540521,99.88539341517874,2.7845101837270207
2460363.937485112,110.37574986049124,2.7878051153459587
2460363.944429702,102.81261044456885,2.7846487203990247
2460363.9513742924,107.59984188988119,2.783640134827962
2460363.9583188836,109.6547560918898,2.786372970090428
2460363.9652634733,112.91253952752989,2.7827425053535713
2460363.9722080645,109.68250674293176,2.7838597503762252
2460363.979152655,106.99250139508938,2.7830073921489613
2460363.986097246,111.30001976376509,2.7845253951176807
2460363.9930418367,113.64287458147344,2.782287381826975
2460363.999986428,110.65183803013406,2.783005676513827
2460364.0069310185,108.13212076822947,2.7805645043385887
2460364.0138756097,109.87779599144353,2.782305483034342
2460364.0208202014,111.47557431175603,2.7848051956729734
2460364.0277647926,111.62860979352718,2.782560896338657
2460364.0347093837,117.67038690476193,2.785189247336076
2460364.0416539754,117.1728515625003,2.7860888550625327
2460364.0485985666,119.9672851562503,2.78992224697822
2460364.055543158,114.89317103794656,2.7857735811748072
2460364.0624877503,114.80998302641365,2.7863270483371108
2460364.069432342,116.69049362909239,2.786466500685458
2460364.0763769336,115.39203752790202,2.7860199610711818
2460364.083321526,115.72277250744067,2.785218799155478
2460364.090266118,113.78943452380979,2.786185996950153
2460364.0972107104,110.55844842819943,2.7831520487294026
2460364.1041553025,109.89097958519353,2.780951479166884
2460364.1110998946,105.44359770275332,2.7797811785872213
2460364.1180444877,105.35875883556582,2.777786272054859
2460364.1249890793,112.17437453497041,2.779167507316443
2460364.1319336724,109.01073637462802,2.777062191297547
2460364.138878265,111.74826195126509,2.7764278821757102
2460364.145822858,113.25041271391365,2.773226524650933
2460364.152767451,112.76412527901796,2.7730116984130597
2460364.159712043,107.62601143973218,2.769064960764205
2460364.166656636,108.17915271577401,2.767935062744508
2460364.173601229,115.96062941778291,2.7675106095767483
2460364.180545823,110.46763392857156,2.7661412960510194
2460364.187490416,110.16936965215791,2.7672269256226607
2460364.1944350093,111.19422549293176,2.763938139811747
2460364.201379603,112.36267671130979,2.761431629354858
2460364.2083241963,113.9565778459825,2.7617934670978816
2460364.21526879,114.74184454055087,2.7615690746989823
2460364.2222133833,110.89345586867573,2.7579074149056275
2460364.2291579773,112.40034993489614,2.7600075659340164
2460364.2361025712,114.17423502604197,2.7566718634262077
2460364.243047165,108.79639834449426,2.7532902709597593
2460364.249991759,110.69137718563995,2.7528894800975703
2460364.256936353,108.47344098772328,2.7509519770379605
2460364.2638809476,112.30784970238135,2.753394683601622
2460364.270825542,112.45255533854167,2.7515882955792494
2460364.277770136,115.8298688616075,2.752572509089552
2460364.2847147305,112.98572358630963,2.750444080090197
2460364.291659325,115.58120000930073,2.7487856833979527
2460364.29860392,110.78802199590791,2.746349316259123
2460364.3055485147,111.77999441964312,2.7454862123742036
2460364.3124931096,110.61971028645864,2.745042499746304
2460364.3194377036,107.76361955915218,2.74029429224027
2460364.3263822994,111.23400297619052,2.740256984948036
2460364.3333268943,109.1284528459825,2.7389266797694947
2460364.340271489,108.75661504836337,2.7401687916847326
2460364.3472160846,111.3874976748513,2.7391392430849386
2460364.35416068,109.64755394345259,2.7327078385984804
2460364.361105275,112.00072660900302,2.736792331867557
2460364.368049871,111.75674874441984,2.7333201329669774
2460364.3749944665,114.2036772228427,2.732158700306394
2460364.381939062,112.23627580915218,2.729527720745091
2460364.3888836578,110.66893949962802,2.7279885824731873
2460364.395828253,111.98959495907775,2.7288137002382364
2460364.40277285,114.4829392206102,2.727076387136836
2460364.4097174457,113.93831961495562,2.7265542941146568
2460364.4166620416,115.02556501116094,2.724529961167527
2460364.423606638,116.96550641741062,2.7251779341918088
2460364.430551234,116.37275623139901,2.725707240917817
2460364.4374958305,119.81335449218766,2.7239185608022165
2460364.4444404272,119.32544526599713,2.7220200657735494
2460364.4513850235,117.17281087239598,2.721749309302165
2460364.4583296203,108.8436569940477,2.7180535408312756
2460364.465274217,114.68284970238119,2.7208441876789586
2460364.472218814,114.91106887090791,2.719889749946667
2460364.4791634106,116.29511951264885,2.7196224439501626
2460364.486108008,117.07756115141395,2.718309470118673
2460364.493052605,116.95157296317,2.720185738746389
2460364.499997202,108.28108723958348,2.716461586189111
2460364.506941799,110.31425548735145,2.7134577620908655
2460364.5138863963,110.68486095610145,2.712541920011471
2460364.520830994,110.87248302641395,2.714779904785678
2460364.5277755912,112.09815615699411,2.7150027425453014
2460364.5347201894,106.67483956473218,2.712406015917948
2460364.5416647866,108.91485886346739,2.7114702390293437
2460364.548609385,110.8740699404763,2.7124056682535223
2460364.5555539825,108.55043829055073,2.710473863805271
2460364.56249858,104.87523251488103,2.71094194352462
2460364.569443179,107.09688313802114,2.7100370837429892
2460364.5763877765,109.26359049479181,2.7110979194043026
2460364.5833323747,119.58604213169656,2.7164754411319336
2460364.590276973,115.00455729166697,2.7138947788437733
2460364.5972215715,111.17718796502974,2.712464466039805
2460364.60416617,115.64644949776796,2.7129915443447854
2460364.6111107687,113.4347853887648,2.7131354362734874
2460364.6180553674,116.18243698846739,2.7158704455101064
2460364.624999966,111.84116327194958,2.7135793135684154
2460364.6319445646,113.63941010974729,2.713719354205519
2460364.6388891637,113.25276692708364,2.7132386471765386
2460364.645833763,113.44405691964312,2.7125286411373835
2460364.6527783615,113.85937500000016,2.7130406347466427
2460364.659722961,109.71881394159224,2.711089686050794
2460364.66666756,109.95989699590821,2.711580669069163
2460364.673612159,110.93759881882472,2.711278630596935
2460364.680556759,108.34959774925603,2.7119347901417044
2460364.6875013583,107.25656273251525,2.7108469160672897
2460364.694445958,110.3570556640628,2.7134454076619328
2460364.7013905575,110.4624314081105,2.7119880187205516
2460364.7083351575,108.7606491815477,2.709187757951433
2460364.7152797575,107.70524088541697,2.710409361664656
2460364.7222243575,111.27998279389915,2.7098414927365173
2460364.7291689576,107.11984979538722,2.709181439781702
2460364.7361135576,111.7476806640628,2.7099533756964314
2460364.7430581576,110.71642485119067,2.710114211047557
2460364.750002758,110.40662202380993,2.7101197550613896
2460364.7569473586,108.77285039992557,2.7105958523237716
2460364.763891959,111.16156296502989,2.7107611090564334
2460364.77083656,108.89356631324411,2.7098234909740824
2460364.7777811605,112.56898135230676,2.7103283827461975
2460364.7847257615,113.76313127790188,2.711478327981645
2460364.791670362,112.60434105282745,2.711363620058909
2460364.7986149634,116.47467331659239,2.7133599026591724
2460364.8055595644,111.45949009486624,2.711461546440296
2460364.8125041653,118.3230445498513,2.713973376811085
2460364.8194487668,110.83612932477688,2.711589331581141
2460364.826393368,111.89129929315489,2.708551596540057
2460364.8333379696,115.60372488839312,2.712074539013734
2460364.840282571,109.81394159226208,2.708846452366544
2460364.847227173,111.3066755022325,2.7107725658017245
2460364.854171774,114.28877766927083,2.7128596327105132
2460364.8611163762,119.31343005952385,2.712772438275603
2460364.868060978,116.30557686941968,2.712853411967932
2460364.87500558,110.14433361235115,2.7096482339011057
2460364.881950182,108.59354654947931,2.7084021692050353
2460364.8888947843,110.81623767671165,2.7094341888403033
2460364.895839386,108.82075427827385,2.708417496021399
2460364.9027839885,111.65516880580374,2.708259095861052
2460364.9097285913,106.05385044642874,2.7078459730401687
2460364.9166731937,113.61696661086353,2.70837092040346
2460364.9236177965,107.62091936383952,2.7081638146077154
2460364.930562399,110.69265601748536,2.7080945932062943
2460364.9375070017,111.33980887276812,2.7081736601610173
2460364.9444516045,110.13968912760431,2.7089313544971905
2460364.951396208,105.2536621093753,2.7077785437186033
2460364.9583408106,106.67514764694958,2.707048903642199
2460364.9652854134,106.88289969308046,2.708843521890003
2460364.972230017,105.4799804687503,2.706371534000238
2460364.97917462,113.31910342261942,2.710667014006227
2460364.9861192238,117.1319754464289,2.7134393996503303
2460364.9930638275,114.59313383556567,2.7128982112739415
2460365.000008431,114.73936244419656,2.7101313050101816
2460365.0069530345,113.86229306175603,2.711347326267264
2460365.0138976383,111.29811314174124,2.7098333150518528
2460365.0208422425,110.00964936755979,2.709911313561598
2460365.027786846,114.13520740327401,2.7103697604042813
2460365.03473145,108.25912039620577,2.7096045376650832
2460365.0416760542,112.68152436755979,2.711793644064858
2460365.0486206585,113.08669317336323,2.710090300370131
2460365.0555652627,112.44907924107171,2.7105625026481044
2460365.062509867,110.04814220610145,2.7109465591010102
2460365.069454472,117.14205496651796,2.7129804227288967
2460365.0763990763,113.64246768043192,2.712125284157446
2460365.083343681,108.5299246651789,2.7111737148060313
2460365.0902882856,114.7479713076638,2.7127676012471085
2460365.097232891,118.13425409226177,2.713460715479856
2460365.1041774955,112.3854050409227,2.7114958762050754
2460365.1111221006,114.24674479166681,2.7135583654882534
2460365.1180667058,109.22129603794671,2.7114996179853006
2460365.125011311,105.0231177920388,2.710914306090387
2460365.131955916,108.56456356956869,2.712264092549329
2460365.1389005217,104.03451102120546,2.7085462182722773
2460365.145845127,108.79909551711353,2.7111218175483924
2460365.152789733,115.73359026227702,2.7149677446927964
2460365.159734338,116.08099655878004,2.716094322164349
2460365.166678944,118.28015718005979,2.7138974249936516
2460365.17362355,119.45378185453895,2.7153411061718766
2460365.1805681563,113.27730887276812,2.7145240023726385
2460365.1875127624,114.08525158110115,2.7138085210482075
2460365.1944573685,113.65149507068463,2.7132951960375338
2460365.2014019745,112.12300618489614,2.712291711562358
2460365.2083465806,113.34143066406266,2.7109886847383553
2460365.215291187,115.22581845238135,2.7138368220719395
2460365.2222357937,119.37992931547645,2.7136847995587616
2460365.2291804,121.39547293526812,2.7134312154844196
2460365.236125007,117.75445847284224,2.7134206789425233
2460365.243069614,112.25023251488135,2.7150383567952674
2460365.2500142204,109.43389020647344,2.711348537053849
2460365.256958828,105.321533203125,2.7090999426561955
2460365.2639034344,111.36599586123536,2.715273342641277
2460365.2708480414,112.91573079427114,2.7101708692872712
2460365.2777926493,114.13701520647328,2.712707619621717
2460365.284737256,111.95613606770833,2.7119927738481766
2460365.291681864,111.33440290178608,2.7107938306099997
2460365.2986264713,113.77146693638421,2.713530566396416
2460365.305571079,113.31995210193479,2.713285895945433
2460365.3125156863,112.42683919270833,2.7108708685422624
2460365.319460294,112.17096237909239,2.7115428454577493
2460365.326404902,109.28033737909239,2.710582514781875
2460365.33334951,115.65651739211307,2.712183451570057
2460365.340294118,106.45160784040188,2.7098145324234597
2460365.3472387264,108.32810756138406,2.7129816771188477
2460365.3541833344,109.39368838355692,2.710502316482073
2460365.361127943,109.24694242931567,2.709972192225157
2460365.368072551,107.1059860956105,2.7097211184181624
2460365.37501716,109.50497000558062,2.7103021251118133
2460365.3819617685,110.5299072265628,2.7128730325105708
2460365.388906377,114.82817731584812,2.712026721906435
2460365.395850986,123.22785295758952,2.71748129757788
2460365.4027955947,117.6191115606398,2.7128173591935916
2460365.4097402035,120.87456984747041,2.7163645711747275
2460365.4166848133,118.0941336495539,2.7130123544771063
2460365.4236294217,112.64299083891365,2.7109291743005404
2460365.430574031,115.88459123883952,2.712282659209299
2460365.437518641,117.10909598214296,2.7126893226633406
2460365.4444632498,116.00304013206853,2.7112372779273692
2460365.4514078596,113.24010067894353,2.7117107726149015
2460365.458352469,117.34590076264915,2.713346769185492
2460365.4652970787,118.47864350818448,2.714055077445457
2460365.4722416885,120.74959309895833,2.7130358097048517
2460365.4791862983,120.06858607700906,2.7118741878039323
2460365.4861309086,114.59222121465776,2.7106687288946265
2460365.4930755184,118.74847702752989,2.713035453503665
2460365.500020128,114.32222493489598,2.7116436573193883
2460365.506964739,117.26112583705374,2.711920289061155
2460365.513909349,110.49471028645848,2.7086064747607437
2460365.5208539595,109.68382626488103,2.7095966667095723
2460365.52779857,107.47848074776796,2.7082400929626007
2460365.5347431805,109.69736444382458,2.7092266529678546
2460365.5416877912,112.3830566406253,2.7139148378444733
2460365.548632402,113.04202706473218,2.7136046943817878
2460365.555577013,112.89984421502974,2.7152464565357763
2460365.562521624,118.65171014694943,2.715249126257136
2460365.5694662347,119.2879057384677,2.714662617137723
2460365.5764108463,117.41216750372041,2.713281298505418
2460365.583355457,115.02690778459844,2.7128421413022683
2460365.5903000687,116.95579310825921,2.7146097509131315
2460365.5972446795,116.01688639322917,2.7154979214957358
2460365.604189291,117.77290271577385,2.715669931056178
2460365.611133903,110.40490141369052,2.7143422614793384
2460365.6180785145,115.67550804501509,2.7151849920574858
2460365.625023126,115.88578869047615,2.7163642545827
2460365.631967738,115.21497744605661,2.714619966550854
2460365.63891235,114.17863537016395,2.714989714410556
2460365.645856962,119.02878534226193,2.7156317104894367
2460365.6528015737,114.50759161086323,2.7150468419152314
2460365.6597461863,114.46195475260447,2.712363175300401
2460365.6666907985,119.80759974888406,2.717769760265162
2460365.6736354106,119.76388695126509,2.716301141187849
2460365.6805800237,117.38628859747026,2.716628834706842
2460365.687524636,116.50072660900317,2.714240773688342
2460365.694469251,111.32259695870532,2.7106340776088484
2460365.7014138643,114.28435988653291,2.7113659036764006
2460365.708358477,114.29243396577401,2.7116499651932346
2460365.71530309,109.2408447265625,2.7095372552830654
2460365.722247703,110.67305501302114,2.7100268755222996
2460365.729192316,109.50224958147328,2.708470316476711
2460365.736136929,112.54516020275332,2.711333222288911
2460365.743081542,111.6579880487352,2.710497093275979
2460365.7500261557,109.41289411272328,2.7110386714620343
2460365.7569707693,109.08647228422645,2.709892522923608
2460365.763915383,109.07530575706869,2.7098754852492797
2460365.7708599963,110.9952857607888,2.70942325554493
2460365.77780461,115.8770751953128,2.711270277299636
2460365.784749224,114.23533993675603,2.711091743337578
2460365.791693838,119.57170177641395,2.7125731845361236
2460365.798638452,117.04146902901782,2.7125133358118503
2460365.8055830654,118.91454496837802,2.7133719108287533
2460365.81252768,112.74443126860145,2.7119813736321707
2460365.819472294,120.07529994419656,2.714080491610579
2460365.8264169083,111.9096679687503,2.7112778916678306
2460365.8333615228,116.93082101004468,2.711112012439429
2460365.8403061368,114.26820010230676,2.7128232394524203
2460365.8472507517,111.2319626581105,2.709075689498853
2460365.854195366,114.4092145647325,2.710179251118768
2460365.861139981,111.44163876488103,2.7082978272966827
2460365.868084596,114.82877604166681,2.7121794112603186
2460365.8750292105,116.64951869419671,2.711663049648076
2460365.8819738254,117.76917085193463,2.711989445973213
2460365.8889184403,117.25270298549124,2.7150494061681747
2460365.8958630557,110.8596656436013,2.708982319866903
2460365.902807671,110.45960053943479,2.7086967300719107
2460365.9097522865,106.97408040364583,2.709038003933371
2460365.916696902,110.5323776971727,2.708880915927978
2460365.9236415173,104.53538295200906,2.70642105865779
2460365.9305861327,106.53523763020864,2.708437257618
2460365.937530748,109.77483840215791,2.7096380540278187
2460365.944475364,106.85025460379484,2.7081523794212923
2460365.95141998,108.84608677455405,2.7101094264145935
2460365.958364595,109.74062383742573,2.7098156227514085
2460365.9653092115,110.74419875372041,2.7091332046972827
2460365.9722538274,115.33735584077385,2.7121594921384666
2460365.9791984437,113.98462495349713,2.7099140827273103
2460365.9861430596,117.81800478980676,2.711634718194732
2460365.993087676,119.73469470796165,2.71290182121241
2460366.000032292,113.53447033110145,2.7107075797609537
2460366.006976909,114.17510114397328,2.7095233114970116
2460366.0139215253,112.7842843191964,2.7078418894863563
2460366.020866142,113.77764020647328,2.708023642352705
2460366.0278107584,118.99143182663693,2.7097387641322026
2460366.0347553752,121.40239606584858,2.7109527268162132
2460366.041699992,117.69309198288708,2.708548467259852
2460366.0486446093,117.31679571242573,2.710103635815712
2460366.055589226,123.20356677827415,2.7112027377754764
2460366.062533843,121.49866303943479,2.711640887505233
2460366.06947846,116.88804408482186,2.707334110962583
2460366.0764230774,119.98643275669656,2.7090059085585794
2460366.0833676946,116.7443847656253,2.706267403766393
2460366.090312312,114.80062430245532,2.7065557140773415
2460366.097256929,114.46191987537229,2.7052778859148776
2460366.1042015473,111.3844459170388,2.7044162554068176
2460366.1111461646,113.83237420944958,2.7046068901284794
2460366.1180907823,111.93332054501525,2.705806573450198
2460366.1250354,108.46869768415188,2.7033780255633073
2460366.1319800173,111.27972121465791,2.704768923504196
2460366.138924636,113.93695359002989,2.705038889409147
2460366.1458692537,110.36565871465776,2.7044046694480417
2460366.152813872,113.59989420572947,2.704641280153028
2460366.1597584896,109.31476702008938,2.7041548498942602
2460366.166703108,113.42539178757458,2.705578776819588
2460366.173647726,109.7086472284227,2.704262930792739
2460366.1805923446,113.61632719494082,2.7083546415368596
2460366.187536963,113.6222214471727,2.705285160696105
2460366.1944815814,112.34334891183062,2.706055887165908
2460366.2014262,113.55323428199426,2.703714540391211
2460366.2083708183,119.05482700892874,2.708810962026845
2460366.2153154374,116.33847191220259,2.705169035945797
2460366.222260056,118.57857840401796,2.7070648355359483
2460366.2292046747,118.53417968750016,2.707622249244567
2460366.2361492934,116.16047014508938,2.7073999243909967
2460366.2430939125,113.61124093191984,2.703811318272215
2460366.2500385316,112.85806129092286,2.703218478702676
2460366.2569831507,108.07734607514915,2.700319613926455
2460366.26392777,110.07045782180073,2.702340539476941
2460366.270872389,110.99232119605647,2.701555069005066
2460366.277817008,107.96425083705374,2.699999825328503
2460366.2847616277,117.42322939918192,2.7022435527387567
2460366.2917062473,114.0987548828128,2.7017479700441065
2460366.2986508664,108.64072381882472,2.6996550368324423
2460366.3055954855,114.87815057663693,2.702124189383427
2460366.3125401055,111.16934640066968,2.7008788779354247
2460366.319484725,109.55086263020848,2.7011055880137484
2460366.3264293447,106.39370000930073,2.6977797191652564
2460366.333373965,106.4814453125,2.6974894766734625
2460366.340318585,106.64424641927098,2.6985028156781827
2460366.347263204,106.88273111979197,2.6985731250548626
2460366.3542078244,114.62360491071438,2.700682931712828
2460366.361152444,116.92215983072931,2.7006262076105894
2460366.3680970646,116.84452892485145,2.7015538931874263
2460366.3750416846,115.6427176339289,2.699761715533459
2460366.3819863047,113.18625023251509,2.7013010057648117
2460366.3889309256,112.84410458519353,2.700609438718731
2460366.395875545,110.1232735770089,2.697050652115038
2460366.4028201657,114.42010207403291,2.699390906066856
2460366.4097647867,115.00205775669656,2.6994579075431155
2460366.4167094068,115.54948497953895,2.7004568510436773
2460366.4236540273,123.69764927455374,2.7019002790553817
2460366.430598648,114.2834763299855,2.6982165464364942
2460366.437543269,113.99008324032745,2.6975442806857415
2460366.444487889,113.63742210751509,2.698540870851726
2460366.45143251,111.56201753162229,2.6970267439573665
2460366.458377131,112.86368233817,2.698717580434432
2460366.465321752,113.47208658854197,2.6969084108444186
2460366.4722663723,114.28519112723234,2.697136814331745
2460366.4792109933,112.71730840773837,2.696746493532142
2460366.4861556143,113.42707752046165,2.697801193295955
2460366.4931002352,115.01198032924124,2.698278209831109
2460366.5000448567,116.40594191778291,2.699572874152338
2460366.5069894777,114.67886788504468,2.6971856506743905
2460366.5139340986,117.67832147507488,2.7013664110987072
2460366.5208787196,113.39292689732156,2.697902867734758
2460366.527823341,112.08787899925603,2.695066167587186
2460366.5347679625,113.23507835751509,2.6955679660651746
2460366.541712584,114.13321940104197,2.6975563714641875
2460366.5486572054,110.44534737723234,2.6946246392076625
2460366.5556018264,110.4246070498513,2.6957524727894513
2460366.5625464483,112.84174455915218,2.6956761238746125
2460366.5694910693,117.7312360491075,2.6979551505339483
2460366.576435691,115.08408900669656,2.697313414911118
2460366.5833803127,115.52669270833364,2.6961197470000644
2460366.590324934,109.95373535156266,2.6927225409610425
2460366.597269556,119.8902878534227,2.698065111465638
2460366.604214178,121.35234723772344,2.698249213622655
2460366.6111587994,115.97535923549124,2.6962454425649587
2460366.6181034213,123.733549572173,2.6984853344460777
2460366.625048043,117.48699660528291,2.6968856720351257
2460366.6319926647,124.32136462983635,2.699762158094863
2460366.6389372866,123.33844866071468,2.697318986986911
2460366.6458819085,116.99419875372041,2.695703734178029
2460366.6528265304,114.66246977306552,2.6951559194016106
2460366.659771153,120.77019973028307,2.6971611075568993
2460366.6667157747,115.31348818824411,2.695060759058603
2460366.6736603966,115.29827590215776,2.6946399378110577
2460366.6806050185,110.44107491629468,2.6934066272404587
2460366.687549641,114.58414132254484,2.6944805844183524
2460366.694494263,110.91120256696452,2.6941483205565118
2460366.7014388847,110.74341982886926,2.692809180452865
2460366.708383507,106.30854143415202,2.6930755448413666
2460366.715328129,103.06772577194988,2.6901939049674746
2460366.7222727514,103.53316824776796,2.6902911832525906
2460366.7292173738,105.89364769345259,2.6920750700764784
2460366.736161996,112.40517461867573,2.693004796928561
2460366.743106618,110.43033272879484,2.693341789466866
2460366.750051241,114.92079961867603,2.6962310801995866
2460366.756995863,113.38998558407745,2.695441835068255
2460366.763940485,113.9205787295388,2.69572832823695
2460366.7708851076,114.44496372767874,2.693649301368851
2460366.7778297304,115.76085263206853,2.695474869069901
2460366.7847743523,113.84741792224713,2.6940845730847323
2460366.7917189747,110.30722772507472,2.6958224552702474
2460366.798663597,115.09760393415202,2.6974097079226937
2460366.8056082195,115.62359328497026,2.698495925803016
2460366.812552842,119.9761207217263,2.696782266740311
2460366.819497464,119.76670038132472,2.695893675509307
2460366.8264420866,116.46604701450921,2.69543243891671
2460366.8333867094,114.62089029947931,2.695097353296605
2460366.8403313314,120.07380603608651,2.696276317197117
2460366.847275954,118.20918782552114,2.6979495593931015
2460366.8542205766,119.40343656994082,2.6966153031596303
2460366.861165199,117.96353004092286,2.6982457936846274
2460366.868109822,118.49935477120562,2.6961327675526
2460366.8750544437,116.24004255022328,2.695493700904357
2460366.8819990666,113.95064871651812,2.6961147739503435
2460366.888943689,115.76343354724729,2.697510301789231
2460366.895888312,114.05857049851208,2.6944995400690925
2460366.902832934,109.2893357049855,2.695665442810093
2460366.909777557,111.03484235491078,2.695552610189234
2460366.916722179,118.02012997581853,2.6966271598666034
2460366.923666802,112.49865141369067,2.6940414935575983
2460366.930611424,109.02604166666681,2.693333512251374
2460366.9375560465,111.95971098400302,2.6940333783807993
2460366.9445006694,115.41710844494052,2.6958372485153634
2460366.9514452913,114.13100469680073,2.6939343444698767
2460366.958389914,108.96244884672645,2.694236600595899
2460366.9653345365,112.77386183965776,2.6937130416451875
2460366.972279159,115.78630138578895,2.6944228715112257
2460366.9792237817,109.08383324032759,2.6944383298632477
2460366.9861684036,108.01723516555073,2.6936472253743466
2460366.9931130265,120.92024158296151,2.6986261065013237
2460367.0000576484,111.96769205729197,2.693615104917525
2460367.0070022712,119.39495558965791,2.698926424038896
2460367.013946893,119.31247093564009,2.697424977759553
2460367.020891516,118.91936965215791,2.7003452654847275
2460367.0278361384,113.19306291852688,2.6974555764500288
2460367.0347807608,113.15340169270864,2.697165540699524
2460367.0417253827,114.94845726376509,2.696958773154794
2460367.048670005,108.86124674479181,2.695195806379285
2460367.0556146274,110.57272484189009,2.692320360584502
2460367.06255925,106.00662667410734,2.6911334884586346
2460367.069503872,114.24627976190474,2.694867771194492
2460367.076448494,120.42301432291681,2.696880462110423
2460367.083393116,117.0700857979911,2.6952777095482516
2460367.0903377384,110.01291620163708,2.69337989518003
2460367.097282361,109.39379301525317,2.6925319315671126
2460367.1042269827,113.6003592354914,2.6944977858795447
2460367.1111716046,101.45052083333348,2.687009358419832
2460367.118116227,107.43369838169656,2.6906705850951558
2460367.125060849,111.34194800967286,2.6914167209365534
2460367.1320054713,113.95063127790188,2.693126649561773
2460367.138950093,113.15259370349713,2.6952316140421604
2460367.145894715,113.76898484002989,2.6926883947463107
2460367.152839337,115.24374534970259,2.693701397736627
2460367.159783959,111.79404413132472,2.6918683216500248
2460367.166728581,113.63784644717286,2.692158545799744
2460367.1736732023,115.58665829613119,2.693815152949733
2460367.180617824,113.41546340215791,2.692321419996304
2460367.1875624456,107.30808221726208,2.6921606343152824
2460367.1945070676,115.42578125000016,2.6933373636524593
2460367.2014516895,116.43843005952401,2.6920553928787565
2460367.208396311,111.70910644531266,2.6914389031306336
2460367.2153409324,116.10299246651796,2.6938743957556444
2460367.2222855543,117.20746140253004,2.6952495844858952
2460367.2292301753,116.42775181361624,2.694397711081592
2460367.236174797,113.83320545014901,2.693202011259172
2460367.2431194186,119.04306756882458,2.6958769924856196
2460367.25006404,113.57219005766395,2.693785569689398
2460367.257008661,116.40759858630963,2.692785701307892
2460367.263953282,113.48752557663708,2.693082947916441
2460367.270897904,111.11102585565489,2.69250447033065
2460367.277842525,110.19881184895864,2.6910022490501615
2460367.284787146,111.64627511160734,2.6926515802779982
2460367.291731767,112.6610572451638,2.6941692992282387
2460367.298676388,107.82814825148837,2.691088102015428
2460367.3056210093,111.8490164620539,2.6925817840093083
2460367.31256563,107.3650192987352,2.690241530316193
2460367.319510251,102.78772553943463,2.6881427055915914
2460367.326454872,107.93628510974729,2.6913570977489605
2460367.333399493,105.15229724702401,2.691860497584651
2460367.3403441138,107.50425502232171,2.6898728922450075
2460367.347288734,110.67693801153307,2.6920747323457
2460367.354233355,106.83982049851222,2.6896177092824853
2460367.3611779753,116.00756835937516,2.693280311794219
2460367.368122596,114.49943615141395,2.6935771851565122
2460367.375067217,115.46571568080374,2.693253308790035
2460367.382011837,118.12590680803594,2.6943794984677853
2460367.3889564574,112.99122837611624,2.691989585307677
2460367.395901078,119.00169154575906,2.6958932980585395
2460367.4028456975,122.42746698288708,2.695158618519022
2460367.409790318,113.93160574776812,2.6934388235988203
2460367.416734938,115.14590890066984,2.6951054485563914
2460367.423679558,110.94704473586337,2.6915852185882714
2460367.430624178,115.96668643043161,2.6939044553093137
2460367.437568798,117.77761114211323,2.693474773333858
2460367.444513418,120.39015415736624,2.6947778994106577
2460367.4514580383,117.30811128162229,2.6943091663945236
2460367.4584026574,117.26329985119052,2.693670159877076
2460367.4653472775,116.92377580915202,2.6934499659994153
2460367.472291897,115.35510835193463,2.693061277045899
2460367.476921643,107.04581124441984,4.664665831125565
