time,flux,flux_err
2460339.785682982,603.9767150878907,2.2458836781176146
2460339.7937848098,605.2830403645834,2.5941337035108476
2460339.8007292333,602.8639322916669,2.591802564967999
2460339.8076736573,606.041707356771,2.5937996988298693
2460339.814618081,601.8958333333335,2.5940638530206193
2460339.8215625044,600.6928710937501,2.592392485617005
2460339.8285069284,603.7052001953126,2.5938025305131127
2460339.835451352,599.5131835937501,2.590851731721713
2460339.842395775,598.4189860026041,2.591336908161305
2460339.8493401986,593.2799479166667,2.5884755781773836
2460339.856284622,592.5434570312501,2.5892662707747798
2460339.863229045,593.3445231119791,2.588940500097054
2460339.8701734683,588.2450358072919,2.5868517886475257
2460339.8771178913,593.3099772135419,2.588198869637519
2460339.8840623144,587.0376790364584,2.587236310151657
2460339.891006738,582.6927897135416,2.584472410363792
2460339.89795116,591.2547607421875,2.587902627637362
2460339.904895583,593.6777750651044,2.5893271456941895
2460339.911840006,587.461873372396,2.5877472414635854
2460339.9187844284,592.8536376953125,2.589239284510896
2460339.925728851,591.116170247396,2.587862768442046
2460339.9326732736,595.0230305989584,2.5918091514900796
2460339.9396176958,598.1994628906251,2.5923032494282663
2460339.9465621184,598.8085123697916,2.592465723396856
2460339.953506541,598.7990722656252,2.591721076302724
2460339.9604509627,603.0806477864584,2.5934451199234663
2460339.9673953853,602.4263102213544,2.5931124561715353
2460339.974339807,605.6290690104167,2.596066239016491
2460339.981284229,603.0914713541667,2.595111803806271
2460339.988228651,604.7839355468751,2.5957208856874003
2460339.995173073,601.947998046875,2.593159615415887
2460340.0021174946,608.0553385416669,2.5965533702866894
2460340.0090619163,607.9452311197917,2.596175393992928
2460340.016006338,606.7057291666667,2.59510163915865
2460340.0229507596,602.8029785156251,2.5934525145182357
2460340.0298951813,599.1123046875001,2.5930223179070637
2460340.0368396025,598.5585123697917,2.5919161876272585
2460340.0437840237,598.5380859375,2.5919375547555563
2460340.0507284454,600.5949300130209,2.5920259708300857
2460340.057672866,591.7835286458335,2.5898474682375645
2460340.0646172874,590.2657063802084,2.589664060274303
2460340.0715617086,588.6161702473959,2.5884884442336267
2460340.0785061293,592.5431315104169,2.5897461149507763
2460340.08545055,589.7795410156252,2.5897202218506616
2460340.092394971,593.5306396484376,2.5896650692178773
2460340.099339392,587.6896972656251,2.587123389354922
2460340.1062838123,591.1240641276042,2.590829791765677
2460340.113228233,590.333699544271,2.589018229323256
2460340.120172654,594.2742513020835,2.590375380957141
2460340.127117074,591.8267822265626,2.588680047913044
2460340.1340614944,597.8198649088544,2.5923214986637544
2460340.1410059147,597.2613932291667,2.5923419192565476
2460340.147950335,600.8011474609375,2.592284227218688
2460340.154894755,603.3935953776042,2.5935944672771787
2460340.1618391755,603.2398274739585,2.5935288685026374
2460340.1687835953,605.3146158854169,2.5956176019730477
2460340.175728015,606.8553466796876,2.5952624010761736
2460340.182672435,611.6122233072917,2.5979614067933157
2460340.1896168552,605.9310302734376,2.5950551371379853
2460340.1965612746,608.6561279296876,2.5969121165234603
2460340.2035056944,605.9932861328126,2.5953699048925323
2460340.210450114,608.5284423828125,2.59828441032242
2460340.217394534,606.3636881510417,2.595340730745279
2460340.224338953,607.0907389322919,2.595306668799103
2460340.2312833723,607.328816731771,2.5972370645397858
2460340.2382277916,605.1090901692709,2.5957265875275897
2460340.2451722114,598.5862630208334,2.592795968599943
2460340.25211663,601.154012044271,2.592988430941587
2460340.259061049,597.5855305989584,2.592706427936249
2460340.266005468,595.1377360026044,2.591066960757869
2460340.2729498874,587.0906168619794,2.588900112766002
2460340.279894306,587.8248697916667,2.587546452995158
2460340.286838725,585.0268147786459,2.5881464605905444
2460340.2937831436,587.9558105468751,2.5890148628967187
2460340.3007275625,595.1711425781251,2.5923077813893376
2460340.307671981,589.6961263020834,2.5888847358793186
2460340.3146164003,591.5325113932294,2.5898417354414702
2460340.3215608182,597.51171875,2.5927259049766556
2460340.3285052367,595.1091308593751,2.592406001112543
2460340.335449655,597.1375732421876,2.5930654430683577
2460340.3423940735,602.6820882161459,2.594892156111421
2460340.349338492,602.3694661458334,2.5957145214193575
2460340.35628291,609.6114908854166,2.598526840157526
2460340.3632273283,604.8472900390626,2.5972081660555193
2460340.3701717462,605.6311035156251,2.5963809940414877
2460340.377116164,608.6008707682292,2.597512377351898
2460340.384060582,610.9014078776044,2.600766334884853
2460340.391005,610.6159667968751,2.597885453752032
2460340.397949418,602.414998372396,2.5951897463578697
2460340.404893836,603.7251383463541,2.5975856490569424
2460340.411838254,602.396199544271,2.597813677615779
2460340.4187826714,599.9720052083335,2.596261882108244
2460340.425727089,601.4606119791669,2.5961479449694855
2460340.4326715064,600.4924316406251,2.5946125417594064
2460340.439615924,596.9813232421876,2.593859112326279
2460340.446560342,598.7755940755209,2.5934781889881737
2460340.453504759,597.5341389973961,2.5943539453669597
2460340.4604491764,595.2764078776041,2.592902257812157
2460340.467393594,596.1785074869794,2.592494200106226
2460340.4743380104,592.8338623046875,2.5913009804164004
2460340.481282428,594.3742675781251,2.5921714691423516
2460340.4882268454,590.0081787109376,2.590198871232517
2460340.495171262,587.71630859375,2.5896570271844057
2460340.502115679,589.2264404296876,2.5890583471229993
2460340.509060096,593.3950602213544,2.592058598377361
2460340.5160045126,597.3834228515626,2.5936150240964277
2460340.52294893,601.1457519531251,2.597682175387155
2460340.5298933466,600.6210937500001,2.5950118764431873
2460340.5368377636,600.2371012369792,2.5954995550436606
2460340.54378218,601.5699462890626,2.596628651430738
2460340.5507265967,601.732381184896,2.5963804444208947
2460340.5576710138,603.7502848307294,2.597941784286807
2460340.5646154303,604.3424479166667,2.597402954827166
2460340.571559847,608.2893066406251,2.599561675685137
2460340.578504263,606.520222981771,2.5981808444305416
2460340.58544868,609.6968180338542,2.6005407750587013
2460340.592393096,607.4302164713544,2.599012187169997
2460340.599337512,609.1750895182294,2.5999076038240765
2460340.6062819287,606.7328287760419,2.598944857445223
2460340.613226345,601.6059163411461,2.5966974338233206
2460340.6201707614,604.5627034505209,2.59909540340075
2460340.6271151775,603.8682047526044,2.5996952382962637
2460340.6340595935,603.1159667968751,2.5975400243187
2460340.6410040096,603.5036621093751,2.59985237079226
2460340.6479484257,596.4723307291669,2.599218138703214
2460340.654892842,600.3889567057292,2.603579479710993
2460340.661837258,597.8831787109376,2.616652280968425
2460340.6687816735,590.1632893880209,2.630511658924686
2460340.675726089,594.2047932942709,2.653688108904906
2460340.6826705053,588.0892333984376,2.673149027893601
2460340.6896149213,589.4440104166666,2.700719807660578
2460340.696559337,590.8707682291669,2.736713174255275
2460340.7035037526,589.1845703125,2.7780088436400523
2460340.710448168,587.7636718750001,2.8282715618210115
2460340.717392584,589.8089192708334,2.8896803510991664
2460340.724337,587.8472493489584,2.9576012621606647
2460340.731281415,590.696044921875,3.0348943463367903
2460340.7382258307,588.0014648437501,3.1169655877613915
2460340.7451702463,592.6849772135416,3.208193225863153
2460340.7521146615,589.204752604167,3.3020495941834653
2460340.7590590776,587.3955078125001,3.3992573579901832
2460340.7660034928,585.2779947916669,3.4968010297985246
2460340.772947908,591.040201822917,3.592889144789875
2460340.7798923235,588.9617513020834,3.6881296755111737
2460340.786836739,589.705078125,3.783103897405173
2460340.7937811543,589.7602539062503,3.877886689255862
2460340.8007255695,586.1000976562503,3.9691696466395605
2460340.8076699846,569.509765625,4.054118495635162
2460340.8146144,576.0022786458336,4.142172139577285
2460340.8215588154,578.237955729167,4.224463515077279
2460340.82850323,567.1336263020839,4.298559994070638
2460340.8354476453,566.4812825520836,4.37176850341376
2460340.8423920604,553.0048828125,4.439071899569757
2460340.8493364756,557.9692382812503,4.507528667900552
2460340.8562808908,556.6749674479173,4.570940077630289
2460340.863225306,558.419921875,4.635103388686034
2460340.870169721,550.6046549479166,4.693753550741172
2460340.877114136,541.7001953125003,4.749811341410827
2460340.884058551,545.2607421875,4.807857609825265
2460340.8910029656,539.3408203125006,4.861589674263654
2460340.897947381,547.4300130208334,4.915450653900231
2460340.9048917955,549.107421875,4.963958903847224
2460340.91183621,543.6145833333339,5.010655767558756
2460340.9187806253,546.8287760416666,5.054603214891578
2460340.92572504,560.9423828125006,5.09987518598761
2460340.932669455,561.4720052083339,5.141480811180491
2460340.93961387,552.1282552083334,5.176824970368494
2460340.9465582846,565.1233723958334,5.214457602470872
2460340.9535026993,569.4378255208345,5.248281108443274
2460340.960447114,569.1315104166673,5.276682329909632
2460340.9673915287,564.1155598958339,5.303444499978091
2460340.9743359433,568.4368489583334,5.3264252709030755
2460340.981280358,570.6331380208334,5.348011828699609
2460340.9882247727,572.0810546875006,5.367780422278582
2460340.9951691874,561.7412109375006,5.386756190524714
2460341.0021136017,560.8518880208334,5.403838381538507
2460341.009058017,566.7268880208334,5.424731772834872
2460341.0160024315,559.2395833333339,5.443611493477814
2460341.022946846,566.9700520833334,5.468025448552332
2460341.0298912604,557.451171875,5.489776640492194
2460341.036835675,563.4013671875,5.513600402059204
2460341.04378009,573.6881510416673,5.535342723348639
2460341.050724504,557.0537109375,5.555882565581567
2460341.057668919,557.3929036458345,5.580344468557802
2460341.0646133334,550.0686848958339,5.6015631769516965
2460341.0715577477,561.1009114583334,5.628255384280852
2460341.078502163,563.2962239583352,5.656301032546601
2460341.085446577,560.2412109375013,5.683471380193979
2460341.0923909913,556.6269531250006,5.71115715168107
2460341.099335406,551.3522135416666,5.740069369474021
2460341.1062798207,550.6158854166679,5.764383084208032
2460341.113224235,552.4954427083339,5.790828400632485
2460341.120168649,558.22265625,5.818468453212897
2460341.1271130634,560.2669270833339,5.844027131309737
2460341.1340574785,570.4990234375006,5.869395877350737
2460341.1410018927,569.0065104166673,5.892109858478855
2460341.147946307,565.7968750000006,5.9152416426337835
2460341.1548907217,574.2643229166673,5.9384841995046
2460341.161835136,577.9869791666684,5.963443305084879
2460341.1687795506,582.3613281250006,5.983320988373745
2460341.175723965,580.1647135416679,6.00204027674672
2460341.182668379,577.8382161458339,6.017525859999039
2460341.1896127933,571.8968098958339,6.033051964419776
2460341.196557208,597.7265625000006,6.048748108323813
2460341.2035016227,587.1171875000018,6.055027202292134
2460341.210446037,588.6188151041673,6.060271065871103
2460341.217390451,573.7578125000013,6.062039617980626
2460341.2243348653,576.7115885416679,6.0634560135214075
2460341.23127928,566.0009765625,6.059860790600985
2460341.2382236947,583.6783854166666,6.062839688606894
2460341.245168109,584.1028645833334,6.062055821453161
2460341.252112523,581.3264973958334,6.059374294234626
2460341.2590569374,570.0341796875006,6.0537237508182775
2460341.2660013526,578.6780598958334,6.0502279176314255
2460341.272945767,584.1728515625,6.041065248002944
2460341.279890181,564.1207682291666,6.029089103357887
2460341.2868345953,590.2197265625,6.017203140375027
2460341.29377901,570.8167317708339,5.996502356314866
2460341.300723424,592.2861328125013,5.981926982445287
2460341.307667839,585.6321614583345,5.965451700416868
2460341.314612253,583.6585286458334,5.947911148941412
2460341.3215566673,583.5026041666673,5.935784146170999
2460341.3285010816,598.31640625,5.924787190672283
2460341.3354454967,603.6809895833334,5.9150193402031634
2460341.342389911,602.8304036458339,5.905112736286296
2460341.349334325,599.9026692708345,5.897469872058953
2460341.35627874,604.7587890625013,5.889568653566215
2460341.3632231546,610.9280598958339,5.884524755161891
2460341.370167569,610.5657552083339,5.879929277187695
2460341.3771119816,613.4257812500006,5.875747464904031
2460341.3840563954,615.7460937500006,5.874116014495075
2460341.3910008096,605.1305338541673,5.869691129959001
2460341.397945225,620.0986328125006,5.869149006465718
2460341.404889639,612.6608072916666,5.866761316060558
2460341.4118340537,611.8053385416666,5.8652165748178176
2460341.418778468,605.1822916666666,5.861956366077988
2460341.4257228826,613.7421875000013,5.863104684471221
2460341.432667297,599.5192057291684,5.8610755492453315
2460341.439611712,610.7848307291673,5.864323499659733
2460341.4465561262,618.4069010416679,5.866451982915266
2460341.4535005414,601.1809895833334,5.866277941672867
2460341.4604449556,598.25,5.866579675188546
2460341.46738937,609.0413411458334,5.867939489334841
2460341.474333785,598.1168619791666,5.865685757989429
2460341.4812781997,597.8310546875006,5.86705940491153
2460341.4882226144,607.6227213541673,5.866848683817633
2460341.4951670286,607.9482421875006,5.865665002772599
2460341.502111444,606.8382161458339,5.864576001217184
2460341.509055858,604.6373697916673,5.858706125881784
2460341.516000273,608.5104166666666,5.85292582549398
2460341.5229446874,610.048828125,5.844103507985326
2460341.5298891026,625.3544921875,5.839282449049924
2460341.5368335173,618.9368489583334,5.829875553212027
2460341.543777932,612.8382161458339,5.82013010220509
2460341.5507223466,623.7565104166673,5.81260390069584
2460341.5576667613,630.4407552083334,5.803900920771852
2460341.5646111765,624.2239583333339,5.790757594636523
2460341.5715555907,629.2389322916666,5.78075233358928
2460341.578500006,621.8564453125006,5.765932445046711
2460341.585444421,639.6946614583339,5.754338169696997
2460341.5923888357,627.4153645833334,5.7382433444735526
2460341.599333251,628.2047526041666,5.72614119304403
2460341.6062776656,634.3102213541673,5.713031012849754
2460341.6132220807,631.1129557291666,5.698574942962626
2460341.6201664954,623.2428385416673,5.6839403238566995
2460341.6271109106,619.8740234375018,5.669898978151835
2460341.6340553253,631.0032552083334,5.658008242283995
2460341.6409997405,622.9837239583334,5.640946940116752
2460341.6479441556,625.6194661458352,5.628784446048017
2460341.654888571,624.0367838541679,5.614251955811653
2460341.661832986,613.3505859375006,5.598215939099382
2460341.6687774006,617.5875651041673,5.585409136124421
2460341.6757218163,614.3447265625006,5.57197650220852
2460341.682666231,613.2041015625006,5.558243354444212
2460341.6896106466,618.7552083333339,5.544315700172714
2460341.6965550617,627.5403645833334,5.531630331819237
2460341.703499477,623.9514973958339,5.518259351540908
2460341.710443892,611.6367187500006,5.502504679225947
2460341.717388307,638.7083333333345,5.492904910031599
2460341.724332723,628.6344401041673,5.4775783360774675
2460341.731277138,627.8636067708339,5.463347305222276
2460341.738221553,629.8876953125006,5.4492114476813525
2460341.745165969,637.8304036458334,5.43434338757872
2460341.752110384,637.7327473958339,5.420275174294403
2460341.7590547996,646.3730468750006,5.4064142489388445
2460341.765999215,635.0247395833334,5.389976661191642
2460341.7729436303,641.5091145833334,5.378643899607899
2460341.7798880455,642.3981119791666,5.3633746074163495
2460341.7868324616,635.2757161458339,5.34943287476646
2460341.7937768768,656.5983072916673,5.340044713479844
2460341.800721293,647.9928385416666,5.32659987335381
2460341.807665708,639.2330729166673,5.313024470180276
2460341.8146101236,637.8782552083339,5.299914117472827
2460341.8215545393,642.3232421875006,5.287074341581892
2460341.8284989554,639.3398437500013,5.2745450180184195
2460341.8354433705,645.11328125,5.2640659226983635
2460341.842387786,635.5309244791666,5.250130504560709
2460341.849332202,641.5914713541666,5.239117689023032
2460341.856276618,638.7233072916673,5.22566434663696
2460341.863221034,632.1588541666666,5.212660292621539
2460341.87016545,634.0003255208345,5.201987469789538
2460341.877109865,641.9658203125018,5.191620644769
2460341.8840542813,630.2792968750006,5.176577889076571
2460341.8909986974,623.8434244791666,5.16305645519702
2460341.8979431135,629.9303385416673,5.153250819537095
2460341.904887529,624.5511067708334,5.137776195535638
2460341.911831945,636.8818359375006,5.127048393278022
2460341.9187763613,632.7659505208339,5.112406435401304
2460341.9257207774,628.5364583333334,5.1001713105611985
2460341.9326651935,638.3258463541666,5.087167386948695
2460341.9396096095,641.2177734375006,5.074376186949309
2460341.946554026,638.8818359375,5.060910644944326
2460341.953498442,645.17578125,5.047907908222723
2460341.9604428583,653.310546875,5.037565420892701
2460341.9673872744,647.50390625,5.022549708265408
2460341.9743316905,645.9189453125013,5.009727160323175
2460341.9812761075,644.6529947916666,4.995168785846194
2460341.9882205236,651.4733072916666,4.983040441911437
2460341.9951649397,638.0494791666673,4.965274766944243
2460342.002109356,647.5768229166673,4.952590943972428
2460342.009053773,646.0361328125006,4.937708319456217
2460342.015998189,632.5940755208334,4.916704727208266
2460342.022942606,644.2265625000006,4.9038074409415655
2460342.0298870225,636.6800130208334,4.886556649669712
2460342.036831439,635.4986979166666,4.8704918644750865
2460342.043775855,633.2906901041679,4.853005931568608
2460342.0507202726,628.2503255208334,4.835304089149738
2460342.057664689,627.6523437500006,4.820822480208034
2460342.0646091057,628.3089192708334,4.804289346551859
2460342.0715535227,623.0543619791666,4.788400705887799
2460342.0784979393,624.3201497395836,4.774436949753131
2460342.0854423563,631.6455078125006,4.761504893951123
2460342.092386773,626.8984375000003,4.745072283906313
2460342.09933119,626.8706054687503,4.730276797722503
2460342.106275607,636.5219726562503,4.718188115428144
2460342.1132200235,627.6365559895843,4.701500587828315
2460342.120164441,628.1004231770839,4.687469185479749
2460342.127108858,626.177897135417,4.674961309889863
2460342.134053275,633.5458984375006,4.663898191705012
2460342.140997692,642.6238606770836,4.6524259445802345
2460342.1479421095,645.8763020833339,4.641819434114326
2460342.1548865265,644.3007812500003,4.628502172337025
2460342.1618309435,645.6222330729175,4.614766343927697
2460342.168775361,636.0629882812503,4.600016935436451
2460342.1757197785,646.632975260417,4.589126278144351
2460342.1826641955,654.2075195312506,4.578959643697502
2460342.189608613,645.5491536458336,4.565227830391797
2460342.196553031,641.2176106770836,4.552525701575888
2460342.203497448,648.0984700520836,4.541909476922881
2460342.2104418655,639.9781901041675,4.5306659122437996
2460342.217386283,631.8531901041666,4.520023728550194
2460342.224330701,635.093424479167,4.510998785416687
2460342.2312751184,637.874674479167,4.50299847137127
2460342.238219536,634.0877278645836,4.491866451508108
2460342.2451639534,625.674479166667,4.481652879870945
2460342.2521083714,630.7849934895834,4.472314148162859
2460342.2590527893,630.3032226562503,4.459245978340939
2460342.265997207,629.9622395833334,4.443681223491802
2460342.2729416247,622.7386067708336,4.425993287349008
2460342.2798860427,623.5668945312503,4.412367064961562
2460342.2868304607,624.080078125,4.399756060157588
2460342.2937748786,623.4134114583334,4.386840991106872
2460342.3007192966,628.3263346354166,4.373398138985998
2460342.307663715,632.8751627604166,4.358141418619165
2460342.314608133,630.3330078125,4.341875480404297
2460342.321552551,634.239420572917,4.329057603984958
2460342.3284969693,626.5986328125003,4.3126830176945825
2460342.3354413877,627.8032226562506,4.2945261507755506
2460342.3423858057,637.062174479167,4.282518864781503
2460342.349330224,634.8901367187506,4.2648260458845195
2460342.356274642,635.0965169270836,4.250990050196788
2460342.3632190605,637.8359375000006,4.237678026582012
2460342.3701634794,634.8291015625003,4.22451228204896
2460342.3771078973,643.0174153645836,4.215075788746655
2460342.384052316,634.3133138020836,4.200007196499397
2460342.3909967346,635.2027994791666,4.191043309654018
2460342.3979411535,633.621256510417,4.181280034084454
2460342.404885572,632.6590169270836,4.173414614196216
2460342.411829991,629.80126953125,4.165935346324635
2460342.418774409,637.3583984375,4.162952047124279
2460342.4257188286,625.4060872395836,4.155330845216648
2460342.432663247,625.2073567708339,4.151594330471823
2460342.439607666,625.714518229167,4.148579067045561
2460342.4465520848,620.6082356770834,4.147829644219594
2460342.453496504,621.1450195312506,4.143513978055641
2460342.4604409225,621.2716471354166,4.1423882001481305
2460342.467385342,618.7888997395836,4.13890339221811
2460342.4743297608,611.8697916666673,4.137764158085761
2460342.48127418,616.3152669270834,4.137156488713662
2460342.4882185995,623.1123046875006,4.138090900152467
2460342.4951630183,617.0974934895839,4.133300014043751
2460342.5021074377,625.4099934895836,4.134767599412069
2460342.509051857,627.8465169270834,4.135160512583726
2460342.515996276,625.2700195312503,4.1319147526768
2460342.5229406958,620.9337565104166,4.1265743252782245
2460342.529885115,626.6302083333343,4.12516039384915
2460342.5368295345,634.0616861979173,4.123580990160785
2460342.5437739543,630.579752604167,4.1187601205637066
2460342.550718374,631.23876953125,4.1157573717489795
2460342.557662794,627.860026041667,4.111355486007475
2460342.564607213,632.114420572917,4.109236554490495
2460342.5715516326,633.2495117187503,4.10487547354447
2460342.5784960524,629.8032226562503,4.09918081261332
2460342.5854404722,636.1482747395836,4.096575484003609
2460342.592384892,631.50439453125,4.09182784603827
2460342.599329312,638.1056315104173,4.087403420341685
2460342.6062737317,634.0947265625003,4.080695097911223
2460342.6132181515,634.8833007812506,4.073213327183198
2460342.6201625722,632.047526041667,4.068925432430147
2460342.627106992,628.5511067708334,4.059839664734009
2460342.6340514123,626.6985677083339,4.0542609800830816
2460342.6409958326,625.757975260417,4.052097271716867
2460342.6479402524,626.8240559895836,4.045826538995596
2460342.654884673,625.7351888020834,4.039467018957561
2460342.661829093,621.6853841145834,4.03283311562734
2460342.6687735138,618.720703125,4.027262985129213
2460342.6757179336,616.1879882812503,4.020863897095235
2460342.6826623543,620.670572916667,4.017698705679711
2460342.689606775,618.8030598958334,4.010715437164319
2460342.6965511953,617.3247070312503,4.004412890544712
2460342.703495616,615.1404622395839,3.9996037841353087
2460342.7104400364,619.0680338541666,3.993058648345255
2460342.7173844576,623.67138671875,3.988532665507955
2460342.724328878,624.4208984375003,3.9830739883503874
2460342.731273299,630.51708984375,3.9770942238505405
2460342.73821772,627.5502929687503,3.9705145654385947
2460342.7451621406,628.7719726562509,3.9650717532449895
2460342.752106562,631.0349934895839,3.9587947792024845
2460342.7590509825,631.2120768229166,3.952652165210061
2460342.7659954038,641.4443359375,3.9497576300880457
2460342.772939825,629.4741210937506,3.93959786299941
2460342.7798842457,628.50341796875,3.9321711384009777
2460342.786828667,631.4090169270836,3.927620504006398
2460342.793773088,631.0149739583336,3.9216986562039797
2460342.80071751,624.7620442708339,3.9139274456035538
2460342.8076619306,633.0473632812503,3.9113139087686513
2460342.8146063522,624.0270182291666,3.90396456390581
2460342.8215507735,615.8709309895836,3.8989293819713264
2460342.828495195,621.2164713541666,3.8947962837337404
2460342.835439617,624.2885742187503,3.8918870100101572
2460342.842384038,621.65087890625,3.8886342568179795
2460342.8493284597,621.1630859375003,3.8835215480985874
2460342.856272882,620.2639973958336,3.879413955542605
2460342.8632173035,615.4090169270834,3.8748613936541907
2460342.870161725,611.0107421875,3.8701878924512556
2460342.8771061474,611.561686197917,3.865494055102076
2460342.884050569,613.5524088541673,3.8627485977395164
2460342.8909949907,610.39404296875,3.859313763037795
2460342.8979394124,616.9495442708334,3.856871066683522
2460342.904883835,617.1329752604166,3.85339486716625
2460342.911828257,619.1083984375,3.8505979606644156
2460342.9187726793,621.8082682291666,3.8469798656501175
2460342.925717101,623.30908203125,3.8439123607914705
2460342.932661524,625.3616536458336,3.840521544447153
2460342.939605946,627.8855794270834,3.835098943056758
2460342.946550368,630.0478515625,3.830483215786982
2460342.953494791,622.98779296875,3.822638017057502
2460342.960439213,619.9210611979175,3.8178883956137883
2460342.9673836357,628.1171875,3.8120503017064364
2460342.9743280564,627.6984049479166,3.8063267688372076
2460342.981272476,630.6503906250003,3.8004793956274443
2460342.9882168984,624.1461588541666,3.792024320464058
2460342.995161321,626.5320638020834,3.785580802886768
2460343.002105744,622.97216796875,3.7784460642249833
2460343.0090501667,624.4300130208334,3.771546144318577
2460343.01599459,622.2529296875,3.765112901105051
2460343.0229390124,620.412109375,3.7569921141400724
2460343.0298834355,620.78955078125,3.7502003980572467
2460343.0368278585,616.11669921875,3.7435185469796344
2460343.043772282,617.7928059895836,3.7368053488977133
2460343.0507167047,617.2259114583334,3.728775128938119
2460343.057661128,614.0346679687503,3.721526840521841
2460343.0646055513,606.658203125,3.708564449556629
2460343.0715499744,606.0205078125,3.698676323563406
2460343.078494398,608.7547200520836,3.68957491563836
2460343.0854388215,610.0732421875,3.6811246346232136
2460343.092383245,609.2405598958334,3.672237874790241
2460343.0993276685,610.1365559895834,3.6653511490044557
2460343.106272092,614.6207682291666,3.660168625044672
2460343.1132165156,621.810546875,3.6542661165954153
2460343.120160939,614.5961914062503,3.646453206426587
2460343.1271053627,616.4078776041666,3.640900008064053
2460343.1340497867,618.34521484375,3.636092971349557
2460343.1409942107,621.15283203125,3.6297589377063377
2460343.1479386343,621.8294270833334,3.6214012899757235
2460343.1548830583,623.2351888020834,3.6159603220266994
2460343.1618274823,624.9500325520834,3.610448265623164
2460343.1687719063,629.778483072917,3.6057726632931755
2460343.1757163308,627.9910481770834,3.5985888568124427
2460343.182660755,622.5952148437503,3.590894091111253
2460343.189605179,613.6512044270834,3.583250393921999
2460343.1965496032,617.6660156250003,3.576302631646117
2460343.2034940273,612.8045247395834,3.5673672356970734
2460343.210438452,615.54736328125,3.5623661415216286
2460343.217382876,624.5094401041666,3.5591551363316025
2460343.224327301,617.4169921875003,3.5511100255609556
2460343.231271725,612.5345052083336,3.54528931042389
2460343.23821615,612.2996419270836,3.540680037203065
2460343.2451605746,605.9319661458334,3.5342920162593043
2460343.2521049995,606.6429036458336,3.530819371547434
2460343.2590494244,602.9135742187503,3.5270338353061668
2460343.265993849,599.7354329427084,3.521350747989658
2460343.272938274,599.8472493489586,3.51952914913818
2460343.279882699,600.7781575520836,3.514288075515536
2460343.286827124,602.586669921875,3.5118958118566
2460343.2937715487,604.75146484375,3.506435085627183
2460343.3007159736,615.5435384114585,3.5029392537503745
2460343.307660399,609.5380045572919,3.4923750148650137
2460343.314604824,606.503580729167,3.4833837624855106
2460343.3215492493,607.4453938802085,3.4742140926474168
2460343.3284936748,613.0363769531251,3.4652348706830836
2460343.3354381,612.0406087239585,3.4578996921115306
2460343.3423825256,619.7012532552085,3.4477385365977367
2460343.349326951,619.7149251302085,3.4376896972082247
2460343.3562713764,619.7142740885419,3.430242028687955
2460343.3632158022,616.665934244792,3.419087579409871
2460343.3701602276,615.3906250000003,3.4101636721407727
2460343.3771046535,619.0324707031253,3.4026506011321396
2460343.384049079,620.7383626302084,3.3962320698704627
2460343.3909935053,618.0776367187501,3.389733399985051
2460343.3979379307,619.3298339843753,3.383443247288509
2460343.404882357,622.1655273437503,3.377993387642352
2460343.411826783,612.3307291666669,3.3705836193501995
2460343.4187712087,608.5684407552088,3.3639760112833454
2460343.425715635,610.1175130208336,3.361611865829664
2460343.432660061,612.032958984375,3.3585324966801946
2460343.4396044873,608.505289713542,3.355322794097734
2460343.4465489136,601.7701822916671,3.351086671890515
2460343.45349334,605.279947916667,3.350142337358639
2460343.4604377663,601.3195800781253,3.347265517028392
2460343.4673821926,606.7251790364585,3.3477758070868853
2460343.4743266194,598.0576985677085,3.34361037232515
2460343.4812710457,602.6667480468753,3.3468520704404465
2460343.4882154725,599.3999023437501,3.3469677018371495
2460343.495159899,601.3050944010416,3.3462006332021446
2460343.5021043257,602.5026855468753,3.346175734575761
2460343.5090487525,607.1027018229166,3.349591100513527
2460343.5159931793,609.1459147135419,3.349028392751739
2460343.5229376066,614.3796386718751,3.3502951785904256
2460343.529882033,609.7614746093751,3.348967549730759
2460343.53682646,616.4768880208335,3.348339782449239
2460343.5437708874,620.9872233072919,3.3475639593840607
2460343.5507153147,616.0865885416669,3.343112492261661
2460343.5576597415,612.9530436197919,3.33766198833586
2460343.5646041688,614.2022298177085,3.3346665630791557
2460343.571548596,615.1597493489584,3.3310725465968702
2460343.5784930233,613.5804036458336,3.3277286949997245
2460343.585437451,612.1920572916669,3.3247443420793927
2460343.5923818783,610.7832845052085,3.320977825083355
2460343.5993263056,611.0619303385416,3.318548804785387
2460343.6062707338,606.6675618489586,3.3141364517306173
2460343.613215161,605.8304850260419,3.3102676655769887
2460343.6201595888,605.7993977864585,3.3096494086320942
2460343.6271040165,602.322916666667,3.3042980180529855
2460343.6340484447,599.309488932292,3.3017686413224716
2460343.6409928724,601.8345540364585,3.298532533338245
2460343.6479373,595.3767903645835,3.295622673528126
2460343.6548817283,592.2952473958335,3.2906885900784606
2460343.6618261565,596.8602701822916,3.2907088931892754
2460343.6687705843,594.5958658854166,3.2858745799592106
2460343.675715013,594.4404296875001,3.284696372714789
2460343.6826594407,598.4349772135419,3.2831549520098418
2460343.689603869,597.9431966145834,3.280965526937754
2460343.6965482975,600.4962565104166,3.281705212854232
2460343.7034927257,605.2039388020834,3.279321997696075
2460343.7104371544,610.0447591145835,3.2764051214379344
2460343.717381583,605.6265462239585,3.2714259665228216
2460343.7243260113,609.7756347656251,3.2699571149119073
2460343.7312704404,611.4563802083334,3.2671635779265293
2460343.738214869,611.069580078125,3.2668591018712014
2460343.7451592977,613.0825195312501,3.262036165586345
2460343.7521037264,610.1764322916669,3.2579884664508802
2460343.7590481555,612.06396484375,3.2542484742485533
2460343.765992584,612.3898925781251,3.2512483521170363
2460343.7729370133,616.4562988281255,3.2492366883940034
2460343.7798814424,608.8898925781251,3.2426159626829274
2460343.7868258716,614.3710937500003,3.241166794707001
2460343.7937703007,605.2721354166666,3.2346497068827205
2460343.80071473,610.5471191406251,3.2325401020906437
2460343.8076591594,612.113688151042,3.2294589815135666
2460343.8146035885,607.9864095052086,3.225290399552757
2460343.821548018,602.0828450520834,3.2207859503463347
2460343.8284924473,601.998046875,3.2180535598120947
2460343.835436877,602.7906087239588,3.2130734056282626
2460343.8423813065,601.4619954427085,3.209634879788261
2460343.8493257365,600.473795572917,3.206569237775163
2460343.856270166,596.6864420572916,3.203733794236315
2460343.8632145957,595.9990234375001,3.201569307791095
2460343.870159026,595.1636555989585,3.1995790715288117
2460343.8771034554,600.1880696614584,3.1996380139762652
2460343.884047886,601.1361490885419,3.19982932106587
2460343.8909923155,597.4986979166666,3.197219672916488
2460343.897936746,596.6916503906251,3.1939747280138593
2460343.9048811756,597.800537109375,3.194265708066339
2460343.911825606,602.2410481770834,3.194755517080994
2460343.918770036,602.4952799479169,3.1939196360204907
2460343.9257144663,603.0349121093753,3.191155231187261
2460343.9326588972,607.8833821614584,3.193427708726927
2460343.9396033273,601.3636881510416,3.1901353873962766
2460343.946547758,606.10546875,3.1909385754091915
2460343.9534921884,609.0620930989584,3.188783818440216
2460343.9604366194,612.21484375,3.1875551704082135
2460343.9673810494,610.5817057291669,3.1851114011242334
2460343.9743254804,609.834228515625,3.1826978990366332
2460343.9812699114,615.7689615885419,3.182192927270201
2460343.9882143424,605.8204752604166,3.178496369784632
2460343.995158773,609.5891927083334,3.1774453929719346
2460344.002103204,605.4055989583336,3.1743768531695546
2460344.0090476354,601.7172851562501,3.1705444565578227
2460344.0159920664,602.54833984375,3.1695344071365583
2460344.0229364973,602.9916992187501,3.1687325453397626
2460344.0298809283,596.6118164062503,3.1644983601678867
2460344.03682536,604.1836751302084,3.165056172312666
2460344.0437697913,595.7233072916669,3.1603816987091915
2460344.0507142222,594.332926432292,3.1570421978096803
2460344.057658654,591.2736816406253,3.1535644173796236
2460344.064603085,589.9734700520835,3.150291862230027
2460344.071547517,595.8848470052084,3.1499599098638673
2460344.078491949,595.6125488281251,3.146515580429073
2460344.0854363805,596.5225423177086,3.1431314988531853
2460344.0923808124,594.995361328125,3.1378381562306923
2460344.099325244,598.1548665364585,3.1356161968342735
2460344.1062696762,598.1542968750001,3.129572340179159
2460344.1132141077,598.8082682291666,3.125928827181486
2460344.12015854,603.3423665364585,3.125446035794125
2460344.127102972,607.0683593750003,3.122778775540562
2460344.1340474044,612.6867675781253,3.1231974164615757
2460344.1409918363,604.8325195312501,3.1164684419366204
2460344.1479362682,611.4838053385419,3.116442078405093
2460344.154880701,607.2060546875,3.1122527306674868
2460344.161825133,609.7479654947916,3.1119938044474664
2460344.168769566,606.4552408854169,3.1095519797166205
2460344.1757139983,612.3429361979169,3.1092732908065472
2460344.1826584307,606.9618326822919,3.1062948204372964
2460344.1896028635,605.3038736979166,3.1032639959944492
2460344.1965472964,606.0142415364584,3.1015901403773047
2460344.203491729,604.1853841145834,3.100350232878901
2460344.210436162,600.7619628906251,3.0958382477906166
2460344.217380595,604.0385742187501,3.096928824583978
2460344.224325028,601.3914388020835,3.093739242019143
2460344.2312694606,601.3766276041669,3.0925238093951624
2460344.2382138935,599.572509765625,3.0920679286476407
2460344.2451583273,602.6591796875001,3.0918422860691988
2460344.25210276,598.84033203125,3.089276183754544
2460344.2590471935,583.8838704427085,3.082996672872495
2460344.265991627,592.4855957031251,3.085909566852701
2460344.2729360596,597.1770019531253,3.086714332940377
2460344.2798804934,589.7930501302086,3.084050802278451
2460344.2868249267,592.7682291666666,3.0840009234816783
2460344.29376936,597.7975260416669,3.084033583846955
2460344.3007137943,597.1976725260419,3.082870889450277
2460344.3076582276,600.5739746093751,3.084000160293009
2460344.314602662,603.9510091145835,3.0813572284016524
2460344.321547095,600.9732259114585,3.0779991763752386
2460344.3284915294,608.1938476562501,3.0767381616626284
2460344.3354359632,607.2114257812501,3.071789037416913
2460344.3423803975,604.5033365885419,3.0668158995939447
2460344.3493248317,607.6186523437503,3.06274288152601
2460344.3562692655,606.4339192708334,3.0584220093211028
2460344.3632137,608.3996582031251,3.053525511434198
2460344.370158134,609.5456542968755,3.0491641250821115
2460344.3771025683,606.4241536458335,3.0432290509940216
2460344.3840470025,608.361572265625,3.038972710213575
2460344.3909914372,605.7456054687503,3.0349350813668643
2460344.3979358715,609.4848632812501,3.031151438828541
2460344.404880306,605.1780598958335,3.024104540990448
2460344.411824741,600.0699869791669,3.0192775062437445
2460344.4187691757,596.0616048177084,3.014190644562948
2460344.4257136104,593.6141764322916,3.0094135486974825
2460344.432658045,592.49951171875,3.007144526065739
2460344.43960248,591.4021809895834,3.0029799055303705
2460344.446546915,587.8986002604169,3.002981672146934
2460344.45349135,593.1695149739585,3.0022023707528565
2460344.460435785,593.1258951822916,2.999829958946211
2460344.46738022,587.0185546875001,2.997776755015497
2460344.4743246553,590.6956380208335,2.998283016615719
2460344.481269091,596.4943847656253,2.9992887575241665
2460344.488213526,591.8145345052084,2.998454979753228
2460344.4951579613,594.9352213541666,2.998897355922852
2460344.502102397,600.818115234375,3.001879539079251
2460344.509046832,600.8208007812503,3.0020202910921334
2460344.515991268,597.9346516927088,2.9998471557919864
2460344.5229357034,602.1887207031253,3.001930250295752
2460344.5298801395,601.4072265625001,3.002519346603266
2460344.5368245747,601.7356770833338,3.003535865844324
2460344.543769011,606.2858072916669,3.0035609988558836
2460344.5507134474,605.3493652343751,3.0033188466256053
2460344.557657883,604.068277994792,3.0029784135861544
2460344.5646023187,608.8618164062501,3.005760093259638
2460344.5715467553,608.2714843750003,3.0036834785779924
2460344.5784911863,607.3440755208335,3.002043858397902
2460344.585435623,608.6931966145834,3.003014638361849
2460344.5923800594,603.6021321614585,2.9995938798897517
2460344.599324495,603.3554687500001,2.999081776601841
2460344.6062689316,602.7111002604169,2.997733654410519
2460344.613213368,596.4771321614585,2.994263171021487
2460344.620157805,602.4541829427086,2.996154389059671
2460344.6271022414,596.5796712239588,2.9945121225127456
2460344.634046678,594.4194335937501,2.9932466577899763
2460344.6409911145,594.094156901042,2.9906299538722725
2460344.647935551,595.471923828125,2.9911858271741676
2460344.6548799886,589.9919433593751,2.990174109155331
2460344.661824425,590.7097981770835,2.987764674266614
2460344.6687688623,584.2957356770838,2.9852020653684996
2460344.6757132993,592.2998046875,2.987149021496324
2460344.682657736,594.6168619791666,2.9874851090402257
2460344.6896021734,593.6576334635419,2.986964879734451
2460344.6965466104,596.323486328125,2.9858197341918253
2460344.703491048,593.2736816406251,2.9843888304933315
2460344.7104354855,594.3365885416666,2.9847585457281176
2460344.7173799225,598.8740234375001,2.985675733531624
2460344.72432436,600.7646484375003,2.9855267906784615
2460344.7312687975,602.6365559895836,2.985389371052589
2460344.7382132355,604.8098144531251,2.9856261799763364
2460344.7451576735,606.1154785156251,2.984779005239881
2460344.752102111,607.2858886718753,2.985961008784123
2460344.7590465485,609.7530110677085,2.9840416674654513
2460344.765990987,600.5013834635416,2.980251563036187
2460344.7729354245,608.343017578125,2.9810491591211736
2460344.7798798624,605.476806640625,2.977951600647413
2460344.7868243004,603.1707356770834,2.9776655866857875
2460344.793768739,603.6914062500003,2.9738378833141152
2460344.8007131773,602.75390625,2.972981568781226
2460344.807657615,602.881754557292,2.9692982298026265
2460344.8146020533,601.5699869791666,2.9673371510404674
2460344.8215464917,596.7552897135416,2.964148036341008
2460344.82849093,592.2709147135416,2.961268331802918
2460344.8354353686,590.3186848958334,2.9567699068148054
2460344.842379807,589.5855305989584,2.954190248471367
2460344.8493242464,595.302001953125,2.9540768142589187
2460344.856268685,583.0179850260416,2.9481517944190845
2460344.8632131238,590.4014485677084,2.9474575535985466
2460344.8701575627,587.7124023437501,2.944960907412572
2460344.877102001,587.0943196614585,2.945178468782743
2460344.8840464405,594.3138020833335,2.9458500073928513
2460344.8909908794,594.9029947916669,2.9448663001390982
2460344.8979353183,592.46484375,2.944225115433651
2460344.904879758,598.6871744791666,2.9460648418601125
2460344.911824197,595.2073567708336,2.944751870030388
2460344.9187686364,604.4990234375001,2.948024662251871
2460344.925713076,598.6564127604169,2.9455350133678935
2460344.932657515,602.01318359375,2.9493470198649647
2460344.9396019545,601.186279296875,2.9473097239793975
2460344.9465463944,602.5494791666666,2.9475054056956296
2460344.9534908338,604.4283040364585,2.948416058985419
2460344.9604352736,607.2921549479166,2.9496622759131785
2460344.9673797134,603.7335611979169,2.949534801220817
2460344.9743241533,606.1048990885416,2.950518986746569
2460344.9812685926,608.1060384114586,2.951206770520237
2460344.988213033,610.9868977864585,2.9540458658179882
2460344.995157473,603.9519856770836,2.9514296040794616
2460345.002101913,602.9610188802085,2.9515538126636174
2460345.0090463534,599.6440429687503,2.9496852343149698
2460345.0159907937,602.359985351563,3.6159867949201288
2460345.022935234,593.233317057292,2.94947460046201
2460345.029879674,592.43310546875,2.948240717153952
2460345.0368241146,592.553955078125,2.9486757351264554
2460345.043768555,589.3643391927086,2.9475597837935243
2460345.0507129957,589.3320312500001,2.9468644709938765
2460345.057657436,587.1263020833336,2.946416807251204
2460345.0646018772,586.6056315104169,2.9443590224988014
2460345.0715463175,586.753173828125,2.9441716733348913
2460345.0784907583,588.0512695312501,2.944601201635178
2460345.085435199,588.6422526041669,2.942274367392937
2460345.0923796403,590.0730794270835,2.9397947657807815
2460345.099324081,598.2756347656251,2.938254594986026
2460345.1062685223,592.6190592447916,2.9327889865792596
2460345.1132129636,593.5460611979169,2.9310939314243565
2460345.120157405,592.3333333333334,2.927761296700974
2460345.127101846,603.339599609375,2.928734478554246
2460345.1340462877,608.0659993489585,2.9285836059324795
2460345.1409907285,602.5515950520835,2.923131870765777
2460345.14793517,604.8606770833335,2.920651854639487
2460345.1548796115,600.8872884114584,2.918190855958784
2460345.161824053,603.5026855468753,2.9164181905472923
2460345.168768495,601.4138183593751,2.9146890483416708
2460345.175712937,607.170654296875,2.9150073859919896
2460345.1826573783,604.0394694010416,2.9131020451218674
2460345.1896018204,599.5564778645835,2.9102565625185606
2460345.196546262,602.32373046875,2.9097101067039173
2460345.2034907043,601.4825032552084,2.9084044979124237
2460345.2104351465,597.888916015625,2.9073588714857386
2460345.217379588,593.8775227864584,2.905593794964432
2460345.224324031,592.5603841145835,2.906413044746444
2460345.231268473,591.0048828125001,2.9048009689374843
2460345.238212915,589.47607421875,2.9049928022284064
2460345.245157358,583.5482584635416,2.9026783388402255
2460345.2521018,586.8997395833334,2.9059717145697435
2460345.259046243,582.2790527343751,2.9038077719681934
2460345.265990685,585.1034342447919,2.9049782892012197
2460345.272935128,591.2936197916666,2.908348025016261
2460345.2798795705,586.5766601562501,2.908811049626616
2460345.2868240136,598.1204427083335,2.9110510919179204
2460345.293768456,594.1560058593751,2.91109505750267
2460345.3007128993,597.6302897135416,2.911671920049841
2460345.307657342,594.0078125,2.9099559157052215
2460345.314601785,603.1219889322919,2.9152615808416162
2460345.321546228,605.5777994791666,2.91304608629684
2460345.3284906712,598.3228352864585,2.9099362618948166
2460345.335435115,607.0995279947919,2.9106506417762392
2460345.342379558,606.0352376302084,2.909123086778378
2460345.3493240015,598.2926432291666,2.903531917792072
2460345.356268445,602.7674967447916,2.9025865007539946
2460345.3632128886,607.4095052083334,2.901330632875639
2460345.3701573317,605.200439453125,2.8960676813912216
2460345.3771017757,606.5410970052085,2.892768183324412
2460345.3840462193,606.17578125,2.887656999912212
2460345.390990663,604.38037109375,2.88356876594719
2460345.397935107,603.303466796875,2.8789226776729393
2460345.404879551,601.6538899739584,2.875107207042007
2460345.411823995,601.270751953125,2.8710450226666464
2460345.418768439,592.8465169270835,2.865759271369193
2460345.425712883,592.8728841145834,2.8639825916440222
2460345.432657327,596.3855794270834,2.862919895559056
2460345.4396017715,591.7099609375001,2.860207995425133
2460345.446546216,588.4857584635419,2.8579411171709594
2460345.45349066,588.7552083333335,2.8580248050452357
2460345.460435105,586.8055826822916,2.8574997290705224
2460345.467379549,586.5329589843751,2.8573870650614723
2460345.474323994,589.027587890625,2.8596275219101694
2460345.481268438,586.08740234375,2.8583078975370673
2460345.4882128835,589.0035807291669,2.860123157435743
2460345.495157328,597.599853515625,2.865237368669368
2460345.502101773,596.7434082031251,2.8683282489113915
2460345.509046218,597.7403157552084,2.867869354190106
2460345.515990663,592.4295247395836,2.8674410973190185
2460345.522935108,595.6019694010416,2.87031347804195
2460345.5298795532,599.8931477864584,2.8729762864796293
2460345.536823998,602.6785481770834,2.874250055045272
2460345.5437684436,607.1399739583334,2.875709031378109
2460345.550712889,601.6114908854169,2.8765558046859616
2460345.557657334,607.175048828125,2.8774725517611217
2460345.5646017794,605.2288411458334,2.8781149046370587
2460345.5715462253,604.0365397135416,2.8770436106984385
2460345.578490671,599.3898111979166,2.875253169187016
2460345.5854351167,601.6083170572916,2.877561549069588
2460345.592379562,596.361083984375,2.875917944906418
2460345.599324008,599.7622884114586,2.8748709609373986
2460345.606268454,591.6455078125,2.8712814950977883
2460345.6132129,597.7291666666666,2.8745901158966762
2460345.6201573457,592.2799479166666,2.8709969298012132
2460345.6271017916,594.3405761718751,2.871944241492317
2460345.634046238,591.897216796875,2.8691640846710396
2460345.6409906843,587.8608398437501,2.865916480893947
2460345.646777723,587.1586914062502,3.512113340969731
2460345.654879577,585.7255045572916,2.8647310200420257
2460345.661824023,581.7156575520834,2.8632115536573077
2460345.6687684697,589.605224609375,2.8662192237437267
2460345.6757129165,579.8740234375,2.8637536024657724
2460345.682657363,589.3072102864584,2.8669988452038204
2460345.6896018093,589.9027506510419,2.866383219231303
2460345.6965462565,592.361328125,2.8675706818560767
2460345.703490703,601.033935546875,2.8698122622401367
2460345.71043515,597.0118001302084,2.8682124157306927
2460345.717379597,601.88916015625,2.8711347321875276
2460345.724324044,597.5301106770834,2.8681275606209056
2460345.731268491,603.0060221354169,2.8723175269709746
2460345.738212938,594.1465657552085,2.8694764295088184
2460345.7451573852,605.7124837239584,2.8725324749337973
2460345.7509444244,595.3753662109375,3.513579820926171
2460345.7590462803,601.5386555989584,2.870536433377873
2460345.765990728,602.9071451822919,2.872099278157179
2460345.772935175,605.7708333333334,2.871824798145387
2460345.7798796226,603.8441569010416,2.8699653340818005
2460345.78682407,605.3798828125,3.5133373408651414
2460345.794925926,598.0106201171875,3.5078632157934324
2460345.8007129654,604.882568359375,2.8651145650037204
2460345.8076574137,598.3638509114585,2.860668484480131
2460345.8146018614,594.6284993489585,2.8569308619388813
2460345.821546309,594.8114420572916,2.856442368991479
2460345.828490757,590.8339843750001,2.851426623140524
2460345.8354352056,594.90087890625,2.850567427559558
2460345.8423796534,593.2514648437501,2.8471892174891824
2460345.849324102,587.1442057291669,2.8437271619999827
2460345.85626855,587.8285319010416,2.840603667950878
2460345.8632129985,584.1057942708334,2.8379865243103652
2460345.870157447,586.0914713541666,2.837250911485842
2460345.8771018954,591.9105631510419,2.8372921932398074
2460345.884046344,586.2656250000001,2.8341716171284514
2460345.890990793,593.8562825520835,2.835777768812188
2460345.8979352415,598.9054361979166,2.8358379364406914
2460345.90487969,602.1021321614585,2.836514420803606
2460345.911824139,593.6324869791666,2.833905752931745
2460345.918768588,600.3435872395834,2.8378086908784077
2460345.9257130367,601.010009765625,2.8367258125713746
2460345.9326574863,600.7489420572916,2.8375969237535337
2460345.939601935,603.5799153645834,2.84024563198634
2460345.9465463846,606.3217773437501,2.841298764853803
2460345.9534908333,604.435546875,2.841395181775592
2460345.960435283,603.3974609375001,2.840894565686447
2460345.9673797325,601.1140950520834,2.8416484924573715
2460345.9743241817,599.6844889322916,2.841173947119715
2460345.9812686313,598.5066731770834,2.842275734404099
2460345.988213081,599.3308919270836,2.8445251255833455
2460345.9951575305,601.4955240885416,2.846302977540691
2460346.00210198,596.3515625,2.8453060888962187
2460346.0090464302,600.4942220052085,2.848366717706128
2460346.01599088,592.497233072917,2.84736550111209
2460346.0229353295,595.1446126302084,2.848914213134027
2460346.02987978,593.5870768229166,2.8502570762034964
2460346.03682423,595.7853190104169,2.848625335652043
2460346.04376868,590.380859375,2.846736051110698
2460346.05071313,590.6856282552084,2.846711783734374
2460346.057657581,592.9674479166669,2.8486003943226836
2460346.064602031,586.8789062500003,2.8469344620836137
2460346.071546482,586.2601725260416,2.8452792296623954
2460346.078490932,590.0214029947919,2.845136210273623
2460346.0854353826,594.024332682292,2.846093237832756
2460346.092379833,593.673828125,2.845790406741509
2460346.099324284,600.9942220052086,2.8448586196169785
2460346.1062687347,604.647705078125,2.844353306226287
2460346.1132131857,599.2076009114585,2.8410538543491426
2460346.1201576367,605.884765625,2.8394565792588176
2460346.1271020877,606.51708984375,2.8380905082871384
2460346.1340465387,608.044921875,2.833552000347947
2460346.1409909897,608.2815755208334,2.8326518397993437
2460346.1479354408,607.0661621093751,2.8276262641205854
2460346.1548798922,610.5365397135419,2.826438561701907
2460346.1618243437,603.8653971354169,2.821904558600286
2460346.1687687947,605.60693359375,2.8216153103890007
2460346.39214868,611.3695068359375,3.4483510811681786
2460346.3979357244,610.4072265625,2.814367252148695
2460346.4048801786,610.7705891927084,2.8123313595123762
2460346.4118246324,613.0708821614584,2.8131322780276
2460346.4187690862,607.7479654947919,2.810218249980025
2460346.4257135405,607.281005859375,2.8084638462628013
2460346.4326579943,604.220621744792,2.806091542287899
2460346.439602448,604.2854817708334,2.8070210681581305
2460346.4465469024,602.7593587239586,2.8046763191862936
2460346.4534913567,600.764892578125,2.804610576142734
2460346.460435811,602.5293782552085,2.8067086079749526
2460346.4673802652,602.8376464843751,2.8067746840629053
2460346.47432472,600.9117024739585,2.809919898106637
2460346.4812691743,607.7316080729166,2.810691844446282
2460346.488213629,608.6433919270834,2.812082771900179
2460346.4951580837,612.5060221354169,2.814600260229891
2460346.5021025385,617.1439615885416,2.8182870126525645
2460346.509046993,618.9361979166669,2.8200116471443333
2460346.515991448,618.5313313802085,2.820478788893561
2460346.522935903,620.87744140625,2.8225337609047596
2460346.529880358,617.2740071614585,2.821246084828074
2460346.536824813,622.8527018229166,2.8269841724222324
2460346.543769268,623.1246744791666,2.823757261941758
2460346.5507137235,621.8268229166666,2.825194439397358
2460346.5576581787,621.9642740885416,2.825928243078316
2460346.5646026344,619.7080078125001,2.823696918510753
2460346.5715470896,623.7552897135416,2.8260594657180556
2460346.578491545,617.9479166666666,2.8244325674215496
2460346.585436001,620.36865234375,2.824788516034925
2460346.5923804566,615.4932454427084,2.821437705156674
2460346.5993249123,613.8119303385416,2.8207898290590396
2460346.6062693675,618.0267740885419,2.8208208400533845
2460346.613213824,613.1289876302084,2.8182667729820636
2460346.62015828,608.2699381510416,2.8159129562816165
2460346.627102736,609.8868815104166,2.817681819735856
2460346.634047192,610.8230794270835,2.81479687029851
2460346.6409916477,599.9546712239585,2.810527483223511
2460346.6479361043,604.4530436197919,2.813929315815127
2460346.6548805605,598.3426920572916,2.8108646465791782
2460346.6618250166,598.6571451822916,2.8104221654531525
2460346.668769473,606.2298177083334,2.812765046564179
2460346.6757139303,607.234375,2.8128263397883635
2460346.682658386,608.1748046875001,2.8138751242426125
2460346.689602843,614.0770670572916,2.8145039519408535
2460346.6965472996,613.6721191406251,2.8139237410160054
2460346.7034917567,612.296142578125,2.8131926609638325
2460346.7104362133,615.4290364583334,2.814283032663448
2460346.7173806704,616.5613606770834,2.814622574813343
2460346.7243251274,617.1879069010416,2.8153060825540432
2460346.7312695845,621.0375976562501,2.8169758112931933
2460346.7382140416,620.4654134114585,2.8152600090301974
2460346.7451584986,620.7683919270834,2.8160846943389077
2460346.7521029557,618.3456217447919,2.8156240221890645
2460346.7590474132,617.7458496093751,2.817241855194043
2460346.765991871,622.1976725260419,2.816590578769009
2460346.7729363283,616.4271647135416,2.8142704292033702
2460346.779880786,619.23828125,2.8151061218555378
2460346.7868252434,615.5817871093751,2.8130402537725065
2460346.793769701,617.3968098958334,2.8137498623337778
2460346.800714159,611.5900878906253,2.809410856466767
2460346.8076586165,612.4556477864584,2.809729186143192
2460346.814603075,605.7876790364585,2.8072581380985953
2460346.8215475325,608.9225260416669,2.8057441921826007
2460346.828491991,606.8014322916666,2.802451323177696
2460346.835436449,605.0353190104166,2.799072952606925
2460346.842380907,599.844970703125,2.7951814449136703
2460346.849325366,604.4695638020834,2.794685820028562
2460346.856269824,603.2338867187501,2.7914480668100414
2460346.8632142823,599.8187662760416,2.7885022397906116
2460346.870158741,605.9268391927085,2.7888033568098867
2460346.8771031997,605.3543294270834,2.78770908537919
2460346.8840476577,605.0325520833334,2.7853067722047165
2460346.8909921166,611.7493489583334,2.785697571617504
2460346.8979365756,614.8378906250001,2.7857405363006653
2460346.904881034,614.0651855468751,2.7839046765385227
2460346.9118254934,614.2207031250001,2.782947211107416
2460346.9187699524,618.02490234375,2.785308816617993
2460346.9257144113,619.5314941406251,2.784475093801746
2460346.9326588702,617.0115559895835,2.785730814911695
2460346.939603329,615.4254557291666,2.7848610479053577
2460346.946547789,616.0804036458334,2.7857854664133406
2460346.953492248,623.7702636718751,2.7879563055152286
2460346.960436708,623.225830078125,2.788076789730571
2460346.9673811668,620.14892578125,2.788303384346594
2460346.9743256266,623.75634765625,2.789657147955896
2460346.9812700865,621.147216796875,2.7913812116461827
2460346.988214546,614.9774576822916,2.7898379137024807
2460346.9951590057,615.6885579427084,2.7928019376119004
2460347.0021034656,613.9213053385419,2.7927690598564427
2460347.0090479255,615.1554361979166,2.795443702040225
2460347.0159923853,609.4235839843751,2.7943687995208055
2460347.0229368457,609.1511230468751,2.795413640908715
2460347.0298813055,607.110595703125,2.7941528227050814
2460347.036825766,605.5194498697919,2.7942632879436418
2460347.043770226,603.451904296875,2.7943246196303178
2460347.0507146865,602.4366861979166,2.79384326247813
2460347.057659147,612.4052734375,2.798571976406402
2460347.0646036076,601.7682291666669,2.7928236539153413
2460347.0715480684,613.11767578125,2.7960822417373326
2460347.0784925283,606.4862467447916,2.7932345439716673
2460347.085436989,608.633951822917,2.7975429528867566
2460347.09238145,610.0922037760416,2.7941045762392225
2460347.0993259107,613.95849609375,2.7957510110209807
2460347.1062703715,614.065185546875,2.7931345732290094
2460347.1132148323,612.5032552083335,2.792560639686492
2460347.120159294,615.4506022135416,2.7922190981864596
2460347.127103755,617.676513671875,2.789551311781388
2460347.1340482165,619.239013671875,2.788755910793609
2460347.1409926773,615.5662434895834,2.7860309817544926
2460347.147937139,613.937255859375,2.783384278600782
2460347.1548816003,621.4659830729166,2.784152692617923
2460347.1618260616,617.2789713541666,2.7818840834233716
2460347.1687705237,611.8177083333335,2.7774760816332287
2460347.175714985,613.6318359375,2.7783057985532875
2460347.182659447,612.4855957031253,2.773724285175806
2460347.1896039085,616.5538736979169,2.773736825010813
2460347.1965483706,618.1983235677084,2.7737188178025147
2460347.2034928324,610.2213541666666,2.7702677811698737
2460347.2104372946,614.9825846354166,2.7727474753556987
2460347.2173817568,609.4698893229166,2.769462559876532
2460347.2243262185,605.1880696614584,2.7673581945052574
2460347.2312706807,600.7061360677084,2.7676702595842664
2460347.2382151433,610.243082682292,2.7731723296203774
2460347.2451596055,602.0314127604166,2.7715086099110935
2460347.252104068,599.6517740885416,2.772609117495932
2460347.259048531,601.9778645833334,2.7748610861253824
2460347.265992993,607.1387532552084,2.778601702664702
2460347.2729374557,608.5400390625001,2.7819533655935813
2460347.279881919,608.2617187500001,2.78227809347319
2460347.2868263815,611.6543782552084,2.7856074941120954
2460347.293770844,614.17431640625,2.788988576950379
2460347.3007153072,610.4773763020834,2.7880209905213973
2460347.3076597704,614.4361979166666,2.791681724004001
2460347.3146042335,611.8863118489585,2.793455073918691
2460347.3215486966,620.0116373697916,2.7948446793481896
2460347.3284931597,620.85986328125,2.7966930583120218
2460347.3354376233,618.5712076822916,2.794402257395483
2460347.3423820864,616.8292643229166,2.7957658405282113
2460347.34932655,624.7675781250001,2.7947037936408274
2460347.3562710136,615.5057779947919,2.7894452341509193
2460347.363215477,617.5804036458334,2.7877595234208012
2460347.370159941,618.577555338542,2.7857138053651056
2460347.377104405,619.1713053385419,2.783824777758794
2460347.3840488684,616.4297688802085,2.781755188672138
2460347.3909933325,613.5323079427085,2.779592663189041
2460347.3979377965,616.7136230468751,2.7784568646664383
2460347.4048822606,614.603515625,2.7773531366139133
2460347.411826724,609.90673828125,2.773954852317719
2460347.4187711887,609.6532389322916,2.772559553588909
2460347.4257156528,607.62109375,2.769912153990674
2460347.4326601173,603.4134114583334,2.7696834313265835
2460347.439604582,605.351318359375,2.7673700978127385
2460347.4465490463,602.8548990885416,2.766647339826458
2460347.453493511,601.7779947916666,2.7657289325111556
2460347.4604379754,604.3854980468751,2.768179955913885
2460347.4673824403,607.52587890625,2.770183093814754
2460347.474326905,603.5703125,2.770167851725766
2460347.48127137,606.1890462239584,2.7711762206678947
2460347.4882158344,613.342041015625,2.777330928119684
2460347.4951603,619.3247884114584,2.77856407162165
2460347.502104765,616.9549967447916,2.777628397404875
2460347.50904923,610.111572265625,2.7771773979934067
2460347.5159936952,615.8799641927084,2.78189612109033
2460347.52293816,617.1643880208334,2.7809926591589744
2460347.5298826257,617.4427897135416,2.7834842279272523
2460347.536827091,620.982177734375,2.7835219079045026
2460347.543771557,618.1381022135419,2.784593973942276
2460347.5507160225,615.1001790364585,2.784217584649424
2460347.557660488,617.2657877604166,2.784459854497094
2460347.564604954,617.6238606770834,2.783311412357184
2460347.5715494193,615.2501627604166,2.785238419865321
2460347.578493885,613.580322265625,2.7806831025633905
2460347.5854383516,611.1791178385416,2.7807225973559433
2460347.5923828175,610.4017740885416,2.777489624488798
2460347.5993272834,612.6412760416666,2.7768288966134693
2460347.60627175,605.3958333333335,2.772707086159389
2460347.6132162157,606.8017578125,2.7721720941764105
2460347.620160682,602.3360188802084,2.767099785124868
2460347.6271051485,605.4044596354169,2.7667702716182068
2460347.634049615,603.6991373697916,2.764781413309452
2460347.6409940817,598.7144368489585,2.761211608210403
2460347.647938548,597.81640625,2.7624735819542514
2460347.6548830145,606.0431315104166,2.7635691454679687
2460347.661827482,607.7129720052084,2.7624594055111817
2460347.6687719487,603.7712402343753,2.759385460632379
2460347.6757164155,608.336181640625,2.7632808678519223
2460347.6826608824,609.29931640625,2.7621724399882006
2460347.6896053497,606.61474609375,2.7617348340793915
2460347.6965498165,612.8070475260416,2.7647864159398945
2460347.7034942843,614.640625,2.762670547852808
2460347.710438751,612.7769368489584,2.7634722429729295
2460347.717383219,615.9422200520835,2.7657567323267287
2460347.724327686,619.1428222656251,2.7667421538398713
2460347.7312721536,621.970703125,2.7689815440857086
2460347.7382166213,614.8678385416669,2.766736912917152
2460347.7451610886,620.2083333333334,2.768226794641396
2460347.7521055564,617.8710123697919,2.767410888447092
2460347.7590500247,621.3310546875,2.770879903492654
2460347.7659944925,622.7494303385419,2.76973944353662
2460347.77293896,617.2713216145835,2.7690517580958205
2460347.7798834285,613.9744466145834,2.7668703328566298
2460347.7868278963,617.435546875,2.7689088864722273
2460347.7937723645,615.5209147135419,2.7661264072222598
2460347.8007168327,612.9002278645835,2.7648259085134033
2460347.807661301,611.1153157552084,2.7632987869990946
2460347.8146057697,609.5703125,2.760990216698374
2460347.821550238,605.6602376302085,2.758249732669356
2460347.8284947067,606.3219401041669,2.7574736202690038
2460347.8354391754,601.9416503906251,2.7546538130184803
2460347.8423836436,603.1079915364584,2.751718806220225
2460347.849328113,603.131591796875,2.7495992564102987
2460347.8562725815,597.0299479166669,2.745839139837497
2460347.86321705,602.3827311197916,2.74551641295985
2460347.87016152,608.0152994791669,2.74451371671562
2460347.8771059886,609.7320963541666,2.7439463819773136
2460347.884050458,606.1891276041666,2.7426344131475084
2460347.890994927,613.5301920572916,2.7431752409246086
2460347.8979393966,610.00390625,2.742122525202769
2460347.9048838657,612.8321940104166,2.7398770264014587
2460347.911828335,610.395263671875,2.739200161942486
2460347.918772805,616.84033203125,2.741008842110711
2460347.925717274,619.9894205729169,2.7405244272942615
2460347.932661744,612.544677734375,2.7375587555275787
2460347.939606214,617.9199218750001,2.7394144863714995
2460347.9465506836,619.7153320312501,2.739943963041943
2460347.9534951537,619.3352864583334,2.7395914492498843
2460347.960439624,622.4107259114585,2.741459891669028
2460347.967384094,615.6341959635416,2.7399319076205924
2460347.974328564,617.553955078125,2.7412833884721715
2460347.981273034,616.0467122395835,2.7417318953304566
2460347.988217504,608.6424967447916,2.7386997188178412
2460347.9951619743,612.2063802083335,2.7418755204509355
2460348.002106445,611.2938639322916,2.741015606683678
2460348.0090509155,603.6736653645834,2.7394681990566334
2460348.015995386,607.5665690104166,2.7414953507257427
2460348.0229398566,607.9833984375,2.7433310210446464
2460348.029884327,609.384033203125,2.7455274059002437
2460348.0368287982,604.6865234375,2.744195328127434
2460348.043773269,594.0126139322919,2.7396520339690444
2460348.05071774,596.9222005208334,2.7409651784637954
2460348.057662211,600.6786295572916,2.742366442623441
2460348.064606682,603.3174641927084,2.740572315531624
2460348.0715511534,603.8114420572919,2.7405745887718034
2460348.078495625,607.963134765625,2.7430176064557625
2460348.085440096,608.7963053385419,2.7435507538502715
2460348.092384567,607.6107584635416,2.74256021959188
2460348.099329039,615.3018391927085,2.7455057764817004
2460348.10627351,610.3063964843751,2.7439720424652645
2460348.113217982,616.2287597656251,2.746949236351903
2460348.1201624535,611.2598470052084,2.7453233177498575
2460348.1271069255,618.4236653645834,2.7463204863261015
2460348.134051397,621.5918782552084,2.7468686588594085
2460348.1409958694,620.1494140625001,2.745172657273519
2460348.1479403414,619.7473958333334,2.7438319143761754
2460348.1548848134,619.0748697916666,2.7417082697685746
2460348.161829286,616.6940104166666,2.739131383417274
2460348.1687737578,614.6070963541666,2.737049712254393
2460348.175718229,622.5311686197916,2.7371350666082566
2460348.182662698,615.2696126302084,2.733389015278698
2460348.18960717,617.2585449218751,2.7335524672231046
2460348.196551643,613.4026692708334,2.730704094373485
2460348.2034961153,612.553466796875,2.7299998124202904
2460348.2104405877,610.5884602864585,2.7283165907161675
2460348.217385061,607.9111328125001,2.7277072578843007
2460348.2243295335,607.42626953125,2.7275749751398632
2460348.231274007,605.2361653645834,2.7264342446469
2460348.23821848,600.0623372395835,2.7266142568502816
2460348.245162953,606.4941406250001,2.729742919724485
2460348.252107426,603.0723470052084,2.7293383924455057
2460348.259051899,601.8817545572919,2.728743102210735
2460348.265996373,604.0065104166669,2.732128815914596
2460348.272940846,606.8415527343753,2.7337014635572956
2460348.2798853195,608.317301432292,2.7360629890561703
2460348.2868297934,615.090087890625,2.738776087914402
2460348.2937742667,607.8722330729169,2.7404608015834264
2460348.3007187406,617.7294108072919,2.7415088603830085
2460348.307663214,612.423828125,2.7400304909499806
2460348.3146076878,619.35986328125,2.742597137104538
2460348.321552162,620.6854654947919,2.744053731804175
2460348.328496636,615.2167154947919,2.7423985460537383
2460348.33544111,619.4763997395835,2.741779767671314
2460348.342385584,620.3853352864584,2.7426906756479075
2460348.3493300583,617.9267578125,2.74053861262808
2460348.3562745326,616.3145345052084,2.739053787900827
2460348.3632190074,616.784830729167,2.7362512589385783
2460348.3701634817,619.2058919270836,2.7385070176929482
2460348.377107956,619.3138020833334,2.7346087358363955
2460348.3840524307,610.5993652343751,2.7288254416937208
2460348.390996905,613.725341796875,2.7297844039615065
2460348.3979413803,604.2207845052084,2.723751936346673
2460348.404885855,605.3655598958335,2.7213132096081374
2460348.41183033,607.8019205729166,2.722155013445071
2460348.4187748055,602.6318359375003,2.7187461317255415
2460348.4257192803,598.3580729166666,2.7164108696655114
2460348.4326637555,598.213623046875,2.7167777559406487
2460348.4396082307,595.4096679687503,2.71527701639381
2460348.4465527064,600.1117350260416,2.7162880155777867
2460348.453497181,604.638427734375,2.718474572893037
2460348.460441657,604.8921712239584,2.7185552440152168
2460348.467386132,602.9315592447919,2.719089659671541
2460348.4743306083,606.9609375000001,2.722810819592008
2460348.4812750835,607.3363444010416,2.721909891088863
2460348.4882195597,611.1049804687501,2.7251180796804744
2460348.4951640354,615.2713216145834,2.726522430324504
2460348.502108511,610.5081380208334,2.725342720620214
2460348.5090529867,618.22314453125,2.728585043383625
2460348.5159974634,614.7416178385419,2.725875270559708
2460348.5229419395,618.0890299479169,2.7290720601923986
2460348.5298864157,619.4740397135416,2.7288591635450103
2460348.536830892,619.652587890625,2.730162015828798
2460348.5437753685,619.4645182291669,2.7290560223055014
2460348.5507198446,618.2162272135416,2.727918212263061
2460348.5576643213,617.7443847656251,2.7263956186232554
2460348.564608798,616.6309407552084,2.725841539666155
2460348.5715532745,619.9839680989584,2.72628020002348
2460348.5784977516,615.1168619791669,2.723116587453086
2460348.5854422282,613.9893391927085,2.7213668251447345
2460348.5923867053,613.805338541667,2.719339296145254
2460348.599331182,613.671549479167,2.7189782610674076
2460348.6062756595,606.9658203125003,2.7138044885978165
2460348.613220136,605.0341796875,2.7129245117481866
2460348.6201646137,603.2263183593751,2.7116044876729988
2460348.6271090913,602.1276041666666,2.7099738612662514
2460348.634053569,598.4224446614584,2.708316418755651
2460348.6409980464,601.1405436197916,2.7087156796509686
2460348.647942524,603.8949381510419,2.710432204717699
2460348.6548870015,597.844645182292,2.706991087485246
2460348.661831479,605.3442382812501,2.709893942692137
2460348.6687759566,604.5906575520835,2.7109013974904443
2460348.6757204346,611.4779459635416,2.713378895557614
2460348.6826649127,606.2172851562503,2.7115591059183153
2460348.68960939,613.9051920572919,2.715794808785954
2460348.6965538687,610.4138997395835,2.714758042819217
2460348.703498347,614.8838704427084,2.7166804793104173
2460348.7104428248,616.226318359375,2.715965591082107
2460348.7173873037,620.9014485677085,2.7176959726248917
2460348.7243317817,621.813720703125,2.718545654662726
2460348.7312762607,623.088297526042,2.7194597639599816
2460348.7382207387,618.9968261718753,2.717693349295272
2460348.7451652177,620.1866861979166,2.7182112132779856
2460348.7521096966,616.764404296875,2.7160421267858954
2460348.759054175,616.9160156250001,2.716153241463797
2460348.765998654,615.584228515625,2.714005975094375
2460348.7729431335,616.0982259114585,2.7126265454171494
2460348.7798876124,607.3063151041666,2.707730123607503
2460348.7868320914,613.5857747395835,2.7080940496218218
2460348.793776571,602.4628906250001,2.703262749731831
2460348.80072105,607.7073567708334,2.7031847900211226
2460348.807665529,609.9475097656251,2.702400414397023
2460348.8146100086,602.990966796875,2.70012748133793
2460348.8215544885,602.125732421875,2.6979370796293103
2460348.828498968,598.831298828125,2.6947453840669713
2460348.835443448,602.7052408854166,2.6950529161485104
2460348.842387927,595.5319010416666,2.691258685654239
2460348.849332407,600.8743489583334,2.6914004508968996
2460348.856276887,606.9725748697919,2.693920467975312
2460348.8632213674,604.0428059895835,2.6929431603740297
2460348.8701658472,605.8310546875001,2.692176355548605
2460348.8771103276,608.2134602864584,2.6934838625109374
2460348.8840548075,610.1831054687501,2.6947033269010894
2460348.890999288,613.5532226562501,2.692937395135297
2460348.897943768,614.548055013021,2.6928282962834498
2460348.9048882495,613.2818603515625,2.690976552108323
2460348.9118327294,620.2968343098959,2.6948601284386178
2460348.91877721,617.9498697916667,2.6929716154956673
2460348.925721691,615.3855387369792,2.693065081860411
2460348.932666172,618.3808186848959,2.6933736018063765
2460348.9396106526,619.5937906901044,2.694957764293736
2460348.9465551334,619.8179931640625,2.6945063444605952
2460348.9534996147,616.9986572265626,2.6933846590711337
2460348.960444096,617.4759928385416,2.693259667420834
2460348.9673885773,616.3483886718751,2.6916305308486006
2460348.9743330586,613.6170654296876,2.6914421329792333
2460348.9812775394,618.2412516276041,2.692556506774279
2460348.988222021,612.6865234375001,2.690330332329532
2460348.9951665024,607.8981933593751,2.6891826834081303
2460349.002110984,610.4798990885417,2.6885388163087467
2460349.009055466,605.915974934896,2.6862437925213727
2460349.015999947,602.5144856770834,2.685616739998442
2460349.0229444294,603.2911376953126,2.6863036603778734
2460349.029888911,603.8802490234376,2.685898535226185
2460349.036833393,596.5867919921876,2.6824104608382027
2460349.043777875,600.7303873697919,2.6850465816205897
2460349.0507223574,602.6324055989584,2.683249780359313
2460349.0576668396,599.3474121093751,2.67964183003432
2460349.064611322,606.2791748046876,2.6839524262333048
2460349.0715558045,605.5625813802085,2.6832920644364555
2460349.078500287,606.4736328125001,2.683182041308626
2460349.0854447694,610.9718424479167,2.6847732786939233
2460349.092389252,613.2668863932292,2.6850880392962995
2460349.0993337347,610.7032063802086,2.6833153789645885
2460349.106278218,616.2012939453126,2.686029392807644
2460349.1132227,617.2569173177086,2.686070331629131
2460349.120167183,619.5951334635416,2.6872129201030948
2460349.1271116664,616.5590820312501,2.6873595398602173
2460349.1340561495,622.1580810546875,2.6868370712239233
2460349.1410006327,617.5074462890626,2.6852232251768946
2460349.147945116,619.3014322916667,2.6854972200413862
2460349.154889599,613.2139892578126,2.682563980157235
2460349.161834083,612.9267985026044,2.681566638130518
2460349.1687785666,610.1289062500001,2.6808671065865166
2460349.1757230503,612.8139241536459,2.679971189149194
2460349.1826675334,610.5941975911459,2.678829275371291
2460349.1896120175,606.2679036458335,2.674676098582847
2460349.196556501,608.4211018880209,2.676879906233965
2460349.203500985,606.4221598307294,2.673644321386815
2460349.2104454692,604.4233398437501,2.673975192654113
2460349.2173899533,598.6358235677084,2.669917121686815
2460349.2243344374,596.7892659505209,2.669670210230326
2460349.231278922,598.6141357421876,2.6693754731163817
2460349.238223406,593.0047607421876,2.6684368279226924
2460349.2451678906,603.2631022135416,2.674289042428336
2460349.2521123756,605.2248942057294,2.674948602124046
2460349.2590568596,603.237548828125,2.673306283005976
2460349.266001344,605.3137207031251,2.676603012960348
2460349.272945829,605.5803629557292,2.6761091244498334
2460349.2798903137,610.4934488932294,2.678688469918578
2460349.2868347988,610.2351888020835,2.6789083330984624
2460349.2937792838,611.9847412109377,2.6809456363691733
2460349.300723769,615.2150065104169,2.68265898081702
2460349.307668254,614.0666910807294,2.6816565395118004
2460349.3146127393,613.794148763021,2.681452483289186
2460349.3215572247,617.915242513021,2.682595378614803
2460349.32850171,617.6771647135417,2.682895813990785
2460349.3354461957,620.2460937500001,2.6830671057929716
2460349.3423906807,617.6975097656251,2.680616397534664
2460349.349335167,620.4797770182292,2.68124774619297
2460349.356279652,617.676025390625,2.6789609930367075
2460349.363224138,614.484375,2.6758403514870133
2460349.370168624,615.4186197916669,2.6760239173439966
2460349.3771131104,613.5450846354169,2.6743377936324415
2460349.3840575963,610.8667805989586,2.673224042225268
2460349.3910020827,609.9757486979167,2.673485642541165
2460349.397946568,612.255086263021,2.672539779226645
2460349.4048910546,605.7086588541667,2.6689497180150865
2460349.4118355415,607.460652669271,2.6683402528759035
2460349.4187800274,599.4825032552084,2.665875859910716
2460349.4257245143,598.8096923828125,2.664954960695472
2460349.4326690007,598.751708984375,2.6626419672636983
2460349.4396134876,603.1399739583334,2.666561075705128
2460349.4465579744,599.9041748046876,2.664946313461734
2460349.4535024613,601.8495686848959,2.6644589529705245
2460349.460446948,606.5500081380209,2.6668330439901538
2460349.4673914355,606.1995849609376,2.66647525023652
2460349.4743359224,606.6078287760417,2.6679924239535935
2460349.4812804093,607.8071289062501,2.669175758955809
2460349.488224897,610.9584960937502,2.6701767703477883
2460349.495169384,616.4752197265626,2.6733689774499023
2460349.5021138717,617.2572428385419,2.6754766701184676
2460349.509058359,618.5631510416669,2.6770973923979935
2460349.516002847,618.2295328776042,2.6760783608888885
2460349.5229473347,616.4145507812501,2.6736862343002894
2460349.529891822,612.4608154296876,2.67210215002577
2460349.5368363103,616.0863850911461,2.6725692070893423
2460349.543780798,617.3780924479169,2.672716820262789
2460349.5507252864,617.2592773437501,2.6713793523553053
2460349.557669774,616.52685546875,2.6699136895172053
2460349.5646142624,615.1873372395836,2.669339033480513
2460349.5715587507,611.3467610677085,2.6660620993364765
2460349.5785032394,608.9770100911461,2.6660321536056415
2460349.5854477272,614.757568359375,2.6667088720733236
2460349.592392216,606.2529296875001,2.661986014856753
2460349.5993367047,606.5147298177084,2.6606281878915543
2460349.6062811934,605.856892903646,2.659266527594777
2460349.613225682,597.0240478515627,2.6547267971939075
2460349.620170171,602.0406087239584,2.6561333885402627
2460349.6271146596,599.1497802734375,2.653267430792966
2460349.6340591493,597.4284261067709,2.6527029504010327
2460349.6410036385,599.4414469401044,2.654067278694584
2460349.6479481272,601.1810302734376,2.6528020087046964
2460349.6548926164,599.4351806640626,2.6534519322667234
2460349.661837106,604.1236979166669,2.6545848399749143
2460349.6687815953,610.5211995442709,2.65636319804841
2460349.675726085,611.8605550130209,2.6589529428793517
2460349.6826705746,611.0334879557292,2.657805896130929
2460349.6896150643,608.6374918619791,2.656793639797465
2460349.696559554,611.0815429687501,2.657764349488471
2460349.703504044,612.6078287760416,2.6588964584550623
2460349.7104485338,614.4939371744791,2.658816333717541
2460349.717393024,615.2442220052084,2.6592713120473657
2460349.7243375145,615.5938313802084,2.659294866336175
2460349.731282004,621.2761230468751,2.66203912447974
2460349.7382264948,617.3849283854169,2.6611245040965215
2460349.745170985,618.1024576822917,2.6588313059129307
2460349.7521154755,617.8808593750002,2.6605549187939
2460349.759059966,618.351521809896,2.6574857354601673
2460349.7660044567,616.9985758463542,2.6574757616185476
2460349.7729489473,612.6395670572916,2.6530954339237076
2460349.7798934383,612.8529866536459,2.653863187040615
2460349.7868379294,607.8724772135416,2.6494887685460773
2460349.79378242,609.6365559895834,2.6485566647358163
2460349.800726911,607.9661458333335,2.6489228793303727
2460349.807671402,603.7380777994792,2.645312830098644
2460349.8146158936,602.455525716146,2.643988924164549
2460349.8215603847,597.7827962239584,2.6398518797706694
2460349.8285048762,601.3772379557292,2.640626987387839
2460349.8354493678,595.9732259114584,2.638273527240422
2460349.8423938593,596.3740234375001,2.638211238727538
2460349.849338351,601.4488932291667,2.63974900046822
2460349.856282843,603.3756103515625,2.6405015663171585
2460349.8632273343,605.1211751302084,2.639587520880338
2460349.8701718263,607.0205485026042,2.6398100243676264
2460349.8771163183,605.2030436197917,2.6393675748850716
2460349.884060811,609.4246419270835,2.6403503497814156
2460349.8910053023,608.9479166666667,2.6413971874320645
2460349.897949795,615.1163330078126,2.6421639714252976
2460349.904894287,618.3573811848959,2.6427657532919846
2460349.9118387797,616.9463297526042,2.640961614712885
2460349.918783272,614.3085123697919,2.639393040804342
2460349.9257277646,614.5938720703127,2.638923446424592
2460349.932672257,616.1737060546875,2.6388447838078397
2460349.9396167495,616.4714355468752,2.6400124203595374
2460349.946561243,615.3470052083336,2.6381817007932438
2460349.953505736,620.1809895833334,2.641270338652984
2460349.960450229,611.7696940104167,2.6369291392048546
2460349.9673947203,614.3987630208334,2.637083613756188
2460349.974339211,609.34033203125,2.6353947602841923
2460349.9812837043,612.5513509114585,2.6352530192516057
2460349.9882281977,611.1824951171875,2.6354904406073203
2460349.995172691,607.1790771484376,2.6327859586861253
2460350.0021171845,602.4942220052084,2.630997133567568
2460350.0090616783,602.3808593750001,2.631012175603831
2460350.016006172,603.07666015625,2.630732298579254
2460350.0229506656,597.6092122395836,2.626758498843124
2460350.02989516,604.2964680989585,2.629334028644292
2460350.0368396533,599.0137939453126,2.6279224070848217
2460350.0437841476,602.5782470703126,2.6283313446214414
2460350.0507286415,599.970703125,2.6277259752913866
2460350.057673136,603.6536458333334,2.6280643126885956
2460350.06461763,604.5762939453126,2.628703702653698
2460350.0715621244,609.0956624348959,2.628693800950456
2460350.078506619,613.9726969401042,2.6299205883233987
2460350.0854511135,609.7484130859376,2.630425906763999
2460350.092395608,613.122802734375,2.6304311685434247
2460350.099340103,610.1299641927084,2.627138426964601
2460350.106284598,615.6795247395834,2.629934246961877
2460350.1132290927,616.6865641276044,2.6289275570219166
2460350.120173588,614.5533854166666,2.628285486244778
2460350.1271180827,621.0186767578126,2.6317615776399075
2460350.1340625775,613.9851888020835,2.629017936439921
2460350.139849657,609.6245727539064,3.2176836377220517
2460350.145636737,615.7124837239584,2.6290353620078863
2460350.152581232,610.982666015625,2.6257434028785567
2460350.159525728,619.1461181640625,2.6270862490161933
2460350.166470223,614.4585774739584,2.6244509268940814
2460350.173414719,613.1614990234376,2.6269888680612623
2460350.1803592145,608.7143961588542,2.622393564501088
2460350.1873037107,607.0170898437501,2.621551529448476
2460350.1942482064,607.1569417317709,2.6194478131777856
2460350.201192702,604.1255289713542,2.6187985113402106
2460350.2081371984,607.3596598307294,2.6191385313519757
2460350.2150816945,604.0023600260417,2.6166844399786724
2460350.2220261907,599.7636718750001,2.6153415741189967
2460350.2289706874,603.3660888671876,2.6148230198859657
2460350.2359151836,604.3087565104167,2.615158335510856
2460350.24285968,597.428670247396,2.6139395842499122
2460350.249804177,599.2738444010417,2.6128382571139857
2460350.2567486735,607.0270182291669,2.6153564139664662
2460350.26369317,607.0629475911459,2.6155026120330405
2460350.270637667,604.605224609375,2.6135374178857145
2460350.2775821644,608.5880126953125,2.6148160388108357
2460350.284526661,608.1157633463544,2.613951806650483
2460350.2914711586,613.9298909505211,2.616894911745096
2460350.2984156553,609.387654622396,2.613671413368593
2460350.305360153,614.0517578125002,2.615182147131937
2460350.3123046504,617.6717529296877,2.6168995298499502
2460350.3192491475,615.421590169271,2.617082883681715
2460350.326193645,620.5822347005209,2.615310038160821
2460350.333138143,616.2037353515626,2.613713972801691
2460350.3400826403,617.2073160807292,2.613009862929633
2460350.3470271383,613.9476318359376,2.61177998644501
2460350.3539716364,615.4117838541667,2.6121788048480368
2460350.3609161344,614.1201985677084,2.612310295744258
2460350.3678606325,610.2611083984376,2.6081614297270517
2460350.3748051305,609.5299886067709,2.607509164818624
2460350.3817496286,611.4875895182292,2.607269429573836
2460350.3886941276,609.1033121744792,2.606271873027344
2460350.3956386256,608.9031168619794,2.607705615003247
2460350.4025831246,603.0437825520836,2.6028900345830492
2460350.409527623,602.7775472005209,2.6019832696928984
2460350.4164721216,601.8562011718751,2.601220353980065
2460350.4234166206,601.9452718098959,2.6010846089091317
2460350.4303611196,603.5215657552085,2.6013627972605526
2460350.4373056185,599.6005859375,2.5991200563675743
2460350.4442501175,600.8760172526042,2.601358484857186
2460350.4511946165,604.273396809896,2.6011515033592936
2460350.458139116,609.286376953125,2.6021092041582414
2460350.4650836154,608.1173909505209,2.603598075439046
2460350.4720281144,612.291951497396,2.605984431062644
2460350.4789726143,611.166219075521,2.6035164168252503
2460350.4859171137,609.9998372395834,2.6046582828413505
2460350.492861613,613.9581298828126,2.602955599711179
2460350.499806113,613.8138427734376,2.6044572067939966
2460350.506750613,620.0059814453126,2.6077226843590577
2460350.513695113,618.2975667317711,2.606282648298206
2460350.5206396133,615.8963216145834,2.60518538288034
2460350.527584113,616.1298014322919,2.606926072416385
2460350.5345286136,618.1681722005209,2.607103774315894
2460350.5414731135,618.9784342447917,2.6074221218935527
2460350.5484176143,613.2315266927086,2.605728755767425
2460350.5553621147,614.4160156250001,2.6060763668977853
2460350.562306615,615.3991292317709,2.6043744601868783
2460350.569251116,614.7229817708334,2.605657853410595
2460350.5761956167,615.3363444010417,2.605501759907818
2460350.5831401176,607.3661295572917,2.60193626711334
2460350.5900846184,607.2296956380209,2.601078609915304
2460350.5970291197,606.5989583333334,2.602915830498532
2460350.6039736206,604.2906494140626,2.5998599894246825
2460350.610918122,603.3744303385416,2.600005565011611
2460350.617862623,600.9653320312501,2.5984077012822895
2460350.624807125,600.8402099609376,2.600315275581299
2460350.6317516263,599.597127278646,2.598840020717913
2460350.6386961276,600.3256429036459,2.598897905195888
2460350.6456406293,602.1556803385419,2.598108171391064
2460350.652585131,603.4214274088544,2.601249575979735
2460350.659529633,611.5061442057292,2.602923212261147
2460350.6664741347,607.4287516276042,2.602431926906785
2460350.673418637,608.0132649739584,2.602485222517984
2460350.680363139,608.088623046875,2.602205151127865
2460350.687307641,614.0724283854167,2.6043494911647214
2460350.6942521436,610.4570719401044,2.604274290832628
2460350.701196646,613.2513834635417,2.605673542517957
2460350.708141148,618.6066080729166,2.6069066861861656
2460350.7150856513,615.7281087239586,2.6070544364399937
2460350.7220301535,617.7967122395834,2.6065975194732807
2460350.7289746567,618.2173258463542,2.6084333312690116
2460350.735919159,619.2124023437501,2.607872856292873
2460350.742863662,621.0065917968751,2.6076839317468683
2460350.749808165,617.3277994791666,2.606129879518468
2460350.756752668,613.6430664062501,2.605152091569074
2460350.763697171,614.465047200521,2.6051120983480507
2460350.7706416748,616.4715169270834,2.606918775260409
2460350.7775861784,605.5671386718751,2.6028849222285104
2460350.784530682,604.824951171875,2.6010478060327302
2460350.7914751847,606.3715413411459,2.6003383556172706
2460350.7984196884,603.2201334635417,2.5998128991770804
2460350.805364192,598.5933837890626,2.5982724050569934
2460350.812308696,601.1775309244791,2.600307380164005
2460350.8192532,604.7804361979169,2.6012067702701613
2460350.826197704,598.8436686197916,2.599874954692223
2460350.8331422084,599.7988688151042,2.6010568982233657
2460350.840086712,594.9062500000001,2.597069631042656
2460350.8470312166,603.9872233072917,2.6003651288876335
2460350.853975721,606.2670491536459,2.60309723075868
2460350.8609202257,601.1166585286459,2.5988951688184025
2460350.86786473,602.6879882812502,2.600468180840407
2460350.874809235,606.2846272786459,2.6026081336683884
2460350.8817537394,608.8191731770834,2.603023642614326
2460350.888698244,613.4139811197917,2.6044594992429
2460350.895642749,611.0834147135419,2.6035077263688327
2460350.902587254,611.7213134765626,2.604381000024403
2460350.909531759,615.1080729166666,2.6080697350402855
2460350.916476264,623.5766194661459,2.6107803509362406
2460350.9234207696,614.813191731771,2.607809789423361
2460350.930365275,614.1461588541667,2.605535682137242
2460350.9373097806,617.4883626302085,2.6066053890543195
2460350.944254286,615.8080647786459,2.6067496450174814
2460350.9511987916,614.6150716145835,2.6053938537720818
2460350.9581432976,617.2935791015626,2.606528248597263
2460350.965087803,612.750935872396,2.605547927039166
2460350.972032309,609.9457600911459,2.6038860213675052
2460350.9789768145,609.2563883463541,2.6027661140975185
2460350.9859213214,608.362996419271,2.602588283322301
2460350.9928658274,606.7435302734376,2.600828047962156
2460350.999810334,609.5293782552084,2.60262760250961
2460351.0067548403,600.8395182291667,2.5984338733422354
2460351.013699346,603.0166015625001,2.599757243643308
2460351.020643853,594.9844156901044,2.5970394767299374
2460351.02758836,599.7556559244794,2.600357145402985
2460351.0345328664,600.0716959635419,2.5993900297048227
2460351.0414773733,600.8730875651041,2.5983461536069785
2460351.04842188,604.4313557942709,2.6023815044794056
2460351.055366387,602.3609212239585,2.5985276111635365
2460351.062310894,608.8529459635416,2.6025095476510116
2460351.0692554014,606.2419026692709,2.600620257949873
2460351.0761999087,615.3722330729169,2.6039645990746854
2460351.083144416,609.7870279947917,2.6027582620334417
2460351.0900889235,614.0653483072917,2.605470364703759
2460351.0970334313,615.2312011718751,2.6046041468009524
2460351.1039779386,617.5504150390625,2.606601065031781
2460351.1109224465,614.0959879557294,2.603231326750121
2460351.1178669543,614.7296549479169,2.6035710727400905
2460351.1248114626,614.9215901692709,2.605966436232866
2460351.1317559704,611.7635498046875,2.6051436634982807
2460351.1387004782,616.3605957031251,2.605932582290167
2460351.1456449865,614.5170898437501,2.604352962004215
2460351.152589495,615.7521158854167,2.6046112818755556
2460351.159534003,613.859130859375,2.6032470662276226
2460351.166478512,617.1264241536459,2.6068578300915166
2460351.17342302,612.9909261067709,2.602458798835856
2460351.180367529,601.2165120442709,2.5990349124132415
2460351.187312038,605.3776448567709,2.5999670659583805
2460351.1942565464,606.5415445963542,2.600162974965965
2460351.2012010557,603.4825439453125,2.597275695891527
2460351.2081455644,598.8448079427085,2.597550147640145
2460351.2150900736,597.8500976562501,2.596119303906955
2460351.222034583,596.590779622396,2.5977648099494086
2460351.228979092,598.610107421875,2.596425096517353
2460351.235923602,596.2336425781251,2.595204531456558
2460351.242868111,598.0644531250002,2.596093334711175
2460351.24981262,600.9978841145835,2.5997919348176493
2460351.2567571304,604.3596191406251,2.5979495350013684
2460351.26370164,606.8258056640625,2.599754485577208
2460351.2706461498,609.1113688151041,2.6011860349019362
2460351.27759066,606.6381835937501,2.6003077419327902
2460351.2845351696,606.5318603515626,2.5996052894478656
2460351.2914796798,615.8585611979167,2.603724525902722
2460351.29842419,615.7139485677085,2.6043217887432255
2460351.3053687005,615.0886230468751,2.6036470090597565
2460351.3123132107,616.8456624348959,2.6049677330383636
2460351.319257721,611.9741210937501,2.604488677906583
2460351.326202232,619.2159016927084,2.605903787985691
2460351.333146742,616.1629638671875,2.604952494589287
2460351.340091253,614.9283447265626,2.6039271186998945
2460351.347035764,615.9019368489586,2.6035294341463935
2460351.353980275,617.4291992187501,2.6044233974226745
2460351.360924786,615.1359863281251,2.6031606802396463
2460351.367869297,608.8348388671876,2.6013033889947392
2460351.374813808,611.3772786458334,2.601227570818667
2460351.3817583197,608.9580078125001,2.600487148283507
2460351.3887028308,607.8364664713542,2.6003622131488435
2460351.3956473423,607.0222574869794,2.5998128205690545
2460351.4025918543,602.2672119140626,2.598983393743318
2460351.409536366,602.9592285156251,2.599307458566805
2460351.4164808774,602.9037679036461,2.599631085720112
2460351.4234253895,601.0758870442709,2.5988396237770566
2460351.430369901,600.7749837239586,2.5976813210631557
2460351.4373144135,600.9541829427084,2.5989846433439605
2460351.4442589255,606.1035156250002,2.5988939581448016
2460351.451203438,599.7307535807294,2.597230144428965
2460351.45814795,604.5278727213542,2.601182838540169
2460351.4650924625,610.1296793619792,2.6018911874757937
2460351.472036975,608.5181070963544,2.6017095938626436
2460351.4789814875,609.5008138020834,2.601891031683853
2460351.4859260004,610.3752848307294,2.6009137119608927
2460351.492870513,614.7974039713541,2.602600111181681
2460351.499815026,611.3119303385416,2.605277829553957
2460351.506759539,616.9744873046876,2.604289392504429
2460351.5137040517,616.144775390625,2.6053019794178565
2460351.5206485647,612.6455078125001,2.601496054343911
2460351.527593078,617.2900797526044,2.6030420593175703
2460351.5345375915,613.5231933593751,2.6016100643370508
2460351.541482105,616.8905843098959,2.6029009056754293
2460351.5484266183,608.3354492187501,2.599222226250308
2460351.5553711317,608.6022542317709,2.600897427050031
2460351.5623156456,612.1541748046876,2.6016368045590776
2460351.5692601595,610.5574137369792,2.600236569930574
2460351.5762046734,605.9122721354169,2.5986403692414095
2460351.5831491873,610.4589843750001,2.6003780453847343
2460351.5900937016,602.6119791666669,2.5969362833726177
2460351.597038215,602.067342122396,2.597314414852245
2460351.6039827294,599.1614990234376,2.594648520280161
2460351.610927244,591.7799072265626,2.5918834161218354
2460351.617871758,596.4991455078125,2.5943534221434272
2460351.624816273,596.1546223958335,2.593949981987795
2460351.631760787,595.5967610677085,2.5932712639069577
2460351.638705302,593.4803059895834,2.592311746480248
2460351.645649817,595.6452636718751,2.59415393766043
2460351.6525943317,605.9621175130209,2.598403640533653
2460351.6595388465,605.3067626953126,2.598299526760566
2460351.6664833617,605.2344156901042,2.5982453868139905
2460351.6734278766,605.4580891927085,2.600065705017555
2460351.680372392,608.2628987630209,2.6004644576554408
2460351.687316907,617.2687174479169,2.601846737509579
2460351.6942614224,612.1111246744791,2.6013429539350077
2460351.7012059377,618.6199137369794,2.604074401656094
2460351.7081504534,617.0741780598959,2.6024814493738972
2460351.715094969,616.7458496093751,2.603540631487433
2460351.722039485,618.9493001302085,2.6036728982215784
2460351.7289840006,615.5087076822917,2.6027528710791894
2460351.7359285164,617.8281250000001,2.6021191019186536
2460351.7428730326,615.1789957682292,2.6021596980666613
2460351.749817549,610.775838216146,2.6020069092844578
2460351.7567620645,611.7337646484375,2.5994356004770665
2460351.763706583,614.2906494140626,2.601574565161913
2460351.7706510997,608.8562011718751,2.598690325632621
2460351.7775956155,608.0699462890626,2.5996128604255024
2460351.784540132,609.2154947916669,2.5986345269216007
2460351.791484649,607.8734537760416,2.5978415468688416
2460351.7984291655,600.2947591145835,2.5944508671414437
2460351.805373682,594.1385904947919,2.5925374145707365
2460351.8123182,600.6620686848959,2.5941728803895745
2460351.8192627165,597.8781738281251,2.5954611276336528
2460351.8262072336,605.4407145182292,2.5973979988782907
2460351.8331517507,605.2143147786459,2.5955414938711594
2460351.8400962674,602.8021647135417,2.5954791399447443
2460351.847040785,601.7456461588542,2.596079526034868
2460351.8539853026,606.6063639322919,2.5981052799867657
2460351.86092982,606.6343180338544,2.597029298563179
2460351.8678743374,608.8929036458334,2.5977614814626473
2460351.8748188554,611.4646402994791,2.6004099955376403
2460351.881763373,611.0721435546876,2.598539084977027
2460351.888707891,609.5712076822919,2.598921534044897
2460351.8956524082,613.5126953125001,2.6000743028979207
2460351.902596927,613.6663004557292,2.5997412446709576
2460351.909541445,611.4878743489584,2.6000171707813418
2460351.916485963,614.1759847005209,2.5992696629756353
2460351.9234304815,615.2738037109376,2.6007789389021796
2460351.9303749995,614.3270670572919,2.60053904339091
2460351.937319518,607.6350911458335,2.597693811750373
2460351.9442640366,608.7566324869792,2.5987426566953107
2460351.951208555,611.9276123046876,2.6002522688686445
2460351.9581530737,606.4715169270834,2.5971117618303117
2460351.9650975927,608.5285237630209,2.5976360196005817
2460351.972042111,603.6611328125001,2.5964240409427286
2460351.97898663,604.4745279947919,2.597452159253408
2460351.985931149,600.6324055989585,2.5939479175196514
2460351.992875668,601.5831705729167,2.5950960273868175
2460351.9998201877,599.4784342447919,2.5943496802291377
2460352.0067647067,600.68896484375,2.5958890647747204
2460352.013709226,599.0987955729169,2.5935916183370353
2460352.020653745,595.9040120442709,2.5943246266599025
2460352.027598265,596.7220052083336,2.5928578101428763
2460352.0345427846,598.4392496744794,2.5947586114117076
2460352.041487304,603.3162027994791,2.5964639943285803
2460352.0484318244,602.4811197916669,2.5944151099924646
2460352.055376344,602.4191894531252,2.595491664888032
2460352.062320864,603.0416259765627,2.5967659460985204
2460352.0692653838,608.7945149739584,2.5994187332237586
2460352.076209904,612.004353841146,2.6014676277003637
2460352.0831544246,611.2668863932292,2.60061244915934
2460352.090098944,608.5362955729167,2.5986064545316423
2460352.0970434644,612.0103352864585,2.6004020291901946
2460352.103987985,613.0403645833334,2.6005076792257182
2460352.110932505,619.5665283203126,2.6034228582966317
2460352.1178770256,615.4625244140627,2.601625219032339
2460352.1248215465,615.8054199218751,2.602051984518972
2460352.1317660674,618.8796386718751,2.6034224155506696
2460352.1387105878,615.6282958984376,2.6025197123368913
2460352.145655109,612.2223714192709,2.599394818561077
2460352.1525996295,611.4270833333334,2.5998260358402057
2460352.159544151,614.2640787760417,2.6001707548864865
2460352.166488672,613.5629069010416,2.601012785085407
2460352.173433193,609.872273763021,2.5996238691267197
2460352.1803777143,605.1599527994794,2.5991795955566412
2460352.1873222357,601.6547851562501,2.595808971909154
2460352.194266757,603.1857503255209,2.5962237689980254
2460352.2012112783,598.1546630859376,2.594431899298645
2460352.2081558,596.9066162109375,2.5945459955465817
2460352.2151003215,599.2272135416666,2.5952412914353995
2460352.2220448437,598.0110270182291,2.5934913008439167
2460352.2289893655,597.7154541015626,3.1764020929009944
2460352.2359338873,600.8029378255211,2.5961111331773803
2460352.242878409,602.5126953125002,2.5955536595268813
2460352.249822931,606.2212320963544,2.5992933469989814
2460352.256767453,608.9615478515626,2.5975734801976036
2460352.2637119754,607.2487792968752,2.5989258219188835
2460352.2706564977,610.459187825521,2.598574623703014
2460352.27760102,614.6107584635416,2.600693479657986
2460352.284545542,610.4265543619792,2.5980090255887984
2460352.2914900645,615.8366292317709,2.6011327905479327
2460352.298434587,613.7090657552084,2.600294490031573
2460352.30537911,614.1775716145835,2.6012664201248907
2460352.312323632,616.2006835937501,2.600710976035589
2460352.3192681544,612.7522379557294,2.6000884794076526
2460352.3262126776,610.3188883463544,2.5989612337175
2460352.333157201,612.3777262369792,2.6004076696417964
2460352.340101723,612.8934733072917,2.599596727228392
2460352.3470462468,607.0170898437501,2.597424743948758
2460352.3539907695,609.5850423177085,2.599041126417901
2460352.360935293,609.8339436848959,2.5999366409086098
2460352.367879816,604.7949625651044,2.5986118199776835
2460352.3748243395,598.9410400390626,2.5950257926743965
2460352.3817688623,604.8682454427084,2.5981508876022636
2460352.388713386,599.1583658854166,2.5946473983020364
2460352.3956579096,601.7756347656251,2.596683521903698
2460352.4026024328,598.3414306640626,2.5936088245484057
2460352.409546957,595.6451822916667,2.593434807224964
2460352.4164914805,593.9250895182292,2.5940066830232693
2460352.423436004,598.0138753255211,2.5954327657403247
2460352.430380528,597.8193766276042,2.5939831789166683
2460352.4373250515,600.3401692708334,2.5955918282819455
2460352.4442695756,601.6558430989586,2.5960494024508747
2460352.4512141,604.9180094401041,2.596800936209726
2460352.4581586234,602.8351643880209,2.5971427006619776
2460352.4651031476,606.9770100911459,2.5985679255262117
2460352.4720476717,610.5292968750001,2.600392235470401
2460352.4789921963,608.3221435546876,2.5997549593853724
2460352.4859367204,610.7175699869792,2.6000832940672636
2460352.492881245,609.9068196614584,2.600240829143515
2460352.499825769,618.6888427734376,2.6041337878693844
2460352.5067702937,610.1628011067709,2.600538491991275
2460352.5137148183,614.5425618489586,2.600898456002486
2460352.5206593424,616.1184895833336,2.6041425115867898
2460352.5276038675,614.7138264973961,2.6023085818785847
2460352.534548392,611.6623535156251,2.6003723082544754
2460352.5414929166,610.7237955729169,2.599789461430975
2460352.5484374417,609.7527262369794,2.5989535537445634
2460352.5553819668,610.2166341145835,2.599561735866649
2460352.5623264913,609.4118245442709,2.598935031002172
2460352.5692710164,607.6164957682292,2.600596080991345
2460352.576215541,602.5976155598959,2.596330022042906
2460352.5831600665,602.8022460937501,2.597271201273618
2460352.5901045916,600.1148274739584,2.594794562850063
2460352.5970491166,599.2603759765626,2.5962353619190885
2460352.6039936426,598.7844238281251,2.5942707624890233
2460352.610938167,597.4016520182292,2.5945048796460255
2460352.6178826927,596.7400716145835,2.593462998006895
2460352.624827218,600.2985432942709,2.59453378608625
2460352.6317717433,600.5560302734375,2.5967542430012895
2460352.638716269,601.5417480468752,2.594429250410799
2460352.645660795,600.0007731119792,2.5949106021395267
2460352.65260532,606.2981770833335,2.5991622151179286
2460352.6595498454,604.2397867838544,2.5979456924534015
2460352.6664943714,603.8658854166667,2.597291244601428
2460352.673438897,608.3112386067709,2.598590556584129
2460352.680383423,610.4041748046876,2.5988241526308653
2460352.687327949,612.5447591145834,2.5993770554534725
2460352.694272475,611.0712890625001,2.601316425637259
2460352.701217001,613.2395426432292,2.5996838309291577
2460352.708161526,613.5561523437501,2.6015372647863653
2460352.715106053,613.6788330078125,2.600454030026327
2460352.722050578,613.5043131510417,2.600364980072161
2460352.728995105,607.3717854817709,2.5969970504070408
2460352.735939631,609.3479003906251,2.5978246738453246
2460352.7428841568,609.2839355468751,2.597363533296647
2460352.7498286827,606.4753824869792,2.597201659965244
2460352.7567732087,603.7178955078126,2.5976827831900677
2460352.763717735,602.6158447265626,2.596181387715194
2460352.7706622616,600.9958496093751,2.5954423423519235
2460352.7776067876,601.9538981119792,2.5960863995041463
2460352.7845513136,596.9086100260417,2.593443846638696
2460352.7914958405,599.9245198567709,2.593943096298523
2460352.798440367,591.0592447916669,2.5908553899280227
2460352.8053848934,593.2087809244792,2.5906827612116343
2460352.8123294194,594.9294840494791,2.59193364838687
2460352.8192739463,597.1165364583335,2.5936850055316376
2460352.8262184733,598.9990234375001,2.593198550899715
2460352.8331629992,597.850789388021,2.592715461791071
2460352.840107526,597.4978434244792,2.5933433330438525
2460352.8470520526,594.4399414062501,2.5915683039866804
2460352.8539965795,603.8733317057294,2.597462834547801
2460352.860941106,606.4656575520834,2.597066762517279
2460352.867885633,608.342732747396,2.5984525149357194
2460352.87483016,606.0061848958334,2.59751982569714
2460352.8817746863,605.348347981771,2.598623699242005
2460352.888719213,611.2703043619794,2.599036647907802
2460352.8956637396,611.9961751302084,2.6005172210351364
2460352.9026082666,610.6689860026042,2.5987875392814135
2460352.9095527935,609.3031005859376,2.598677091580347
2460352.9164973204,612.5221761067711,2.599763534402434
2460352.9234418473,609.9347330729169,2.599566235761625
2460352.9303863742,613.794392903646,2.59904722521561
2460352.937330901,607.555379231771,2.5971704985500934
2460352.944275428,609.6023763020834,2.597549323467285
2460352.951219955,610.2440185546876,2.598152593159653
2460352.958164482,605.9924723307292,2.59653784041494
2460352.9651090093,607.572469075521,2.5969692088259113
2460352.972053536,605.0886637369794,2.5973211983900044
2460352.978998063,598.4373372395835,2.5931623338645307
2460352.9859425905,599.4540201822917,2.593466501534532
2460352.9928871174,597.0686848958335,2.5918853914031343
2460352.9998316444,595.6805013020835,2.5954584880783886
2460353.0067761713,598.0180257161459,2.5930535975602895
2460353.0137206987,597.5744628906251,2.593043748181308
2460353.0206652256,593.4036458333334,2.59335646110822
2460353.027609753,598.3708902994792,2.5927603762586493
2460353.03455428,599.2896728515626,2.593535927659676
2460353.041498807,594.133992513021,2.59424915377465
2460353.048443334,602.2662353515626,2.5953779419076155
2460353.0553878616,605.0611165364584,2.596598504895442
2460353.0623323885,605.5233561197917,2.596502460773193
2460353.0692769154,603.6855468750001,2.5965497695682367
2460353.076221443,606.9429524739584,2.5995565455852145
2460353.08316597,611.8174235026042,2.5999741066408766
2460353.090110497,607.8776855468751,2.5975542135016467
2460353.0970550245,613.18701171875,2.601082965881277
2460353.1039995514,612.5884195963544,2.599368584425143
2460353.110944079,609.9090983072917,2.5978286972661224
2460353.1178886057,609.2417399088544,2.5997935291395247
2460353.124833133,609.1487223307292,2.5980793681797674
2460353.13177766,610.9076334635417,2.599780937478088
2460353.1387221874,609.7229003906251,2.5979673765626905
2460353.1456667143,606.0517578125001,2.5987686176203693
2460353.152611241,604.4368896484375,2.5972566125431
2460353.1595557686,606.4028320312501,2.5977690372885487
2460353.166500296,602.0104573567709,2.5952715585410875
2460353.173444823,604.0626220703126,2.595801614614803
2460353.18038935,594.9809977213544,2.5927354566374503
2460353.187333877,598.3571777343751,2.593529854942366
2460353.194278404,592.8098958333335,2.5910856641084137
2460353.2012229315,589.381062825521,2.5903298377062662
2460353.2081674584,598.0676676432294,2.5927774681546216
2460353.2151119853,598.9378662109376,2.5944643712897046
2460353.2220565127,593.4218343098959,2.5933744332269435
2460353.2290010396,591.5846761067709,2.59109793463029
2460353.2359455666,600.6441243489585,2.595372703769537
2460353.2428900935,598.5303141276042,2.5950304154349433
2460353.2498346204,597.7148844401044,2.5940779528176754
2460353.2567791473,604.2116699218751,2.5966412009459305
2460353.2637236747,602.5146077473959,2.595618362198909
2460353.270668201,603.1960856119792,2.595216679328094
2460353.2776127285,606.8746337890626,2.596549052404486
2460353.284557255,610.661092122396,2.597603169374707
2460353.291501782,612.277058919271,2.5992291795853513
2460353.298446309,610.1729329427086,2.5981591480035258
2460353.3053908357,609.8269856770835,2.598446204799354
2460353.312335362,609.9183756510417,2.5993268809203833
2460353.319279889,612.4917805989584,2.5993439055392513
2460353.326224416,609.4928385416669,2.5985111375927157
2460353.333168943,609.8933919270834,2.5987352831714507
2460353.3401134694,608.6208496093751,2.5980009529035684
2460353.3470579963,607.9505208333335,2.5973901117878286
2460353.354002523,608.1524251302084,2.59701864349122
2460353.3609470497,603.7316894531251,2.5973337038202726
2460353.3678915757,599.8885091145835,2.5942285346117804
2460353.3748361026,599.1264241536459,2.593467404473077
2460353.3817806286,594.1792805989585,2.59255927052447
2460353.3887251555,597.8875732421876,2.593127208315428
2460353.395669682,593.5619303385417,2.592025550824181
2460353.4026142084,591.0854492187501,2.590687870282457
2460353.4095587344,597.1738688151042,2.5932684085095787
2460353.4165032613,593.0534667968751,2.5909653766017837
2460353.4234477873,590.8389485677084,2.591925018270943
2460353.4303923137,596.5648600260417,2.5924523072566124
2460353.43733684,596.2898763020836,2.5951538881674634
2460353.444281366,597.4460042317709,2.5946526327261217
2460353.451225892,599.7639160156252,2.595027888437875
2460353.458170418,605.216023763021,2.5969912370455615
2460353.465114944,608.3198649088542,2.59811921048508
2460353.472059471,608.7353922526044,2.5996207928135244
2460353.479003997,612.5810546875001,2.5996538958343285
2460353.485948523,607.7325846354169,2.598194711322798
2460353.492893049,610.8581136067709,2.599796116317379
2460353.499837574,611.366414388021,2.5991076786472367
2460353.5067821,609.8108317057292,2.600137071578111
2460353.513726626,612.3352457682292,2.601549113548198
2460353.520671152,606.7429606119794,2.597212742881928
2460353.5276156776,610.0699055989585,2.599944537943436
2460353.5345602036,606.6125081380209,2.597373880178376
2460353.541504729,609.8361816406251,2.6009664082079875
2460353.548449255,606.9759928385419,2.599467705180604
2460353.770674061,609.9113769531251,2.6025762145925806
2460353.777618585,610.8015950520834,2.6011447746124183
2460353.784563109,609.3689371744791,2.6013606268756906
2460353.7915076325,605.2620849609376,2.599031694435031
2460353.798452156,606.306355794271,2.6004918063311577
2460353.80539668,606.5794677734377,2.6014058278521044
2460353.812341203,599.663289388021,2.5970835386838145
2460353.8192857266,603.7762858072916,2.5989520240324526
2460353.8262302503,607.006591796875,2.6010414134650786
2460353.8331747735,605.7450764973961,2.6000439325597076
2460353.8401192967,608.9992675781251,2.6017266980086897
2460353.84706382,613.3081054687501,2.602831848425695
2460353.854008343,616.2307535807291,2.6057342456899217
2460353.860952866,613.1289876302084,2.602664073456914
2460353.8678973895,612.4233805338542,2.6040295716694315
2460353.874841912,616.105672200521,2.604495846389514
2460353.8817864354,617.9776204427084,2.6047838404574617
2460353.888730958,618.2922770182294,2.607151590639579
2460353.895675481,614.5204671223959,2.603562277090022
2460353.902620003,623.1795654296876,2.6072123938166456
2460353.9095645263,619.1441650390626,2.605202453385553
2460353.916509049,622.5200602213542,2.606808635651898
2460353.9234535717,617.4013671875001,2.6058837891225584
2460353.930398094,617.47119140625,2.60458299950602
2460353.9373426163,617.0570475260417,2.6047592489600446
2460353.9442871385,619.0550537109376,2.60636166220991
2460353.951231661,614.852498372396,2.6042639321250203
2460353.958176183,613.6473388671876,2.6034169750029963
2460353.9651207053,614.9530436197916,2.6044862817627354
2460353.9720652276,611.0036621093751,2.604077570137142
2460353.97900975,610.3541259765625,2.6034724356700467
2460353.9859542716,608.0526123046876,2.6018283417184063
2460353.9928987934,605.8628336588544,2.601489854655338
2460353.9998433157,602.5723063151042,2.599459510875193
2460354.006787837,601.8826090494794,2.599012931328544
2460354.0137323593,602.2655029296875,2.6012069687322863
2460354.0206768806,606.0396321614584,2.600429761100711
2460354.027621403,605.6172688802084,2.6016021249355545
2460354.034565924,607.6921386718751,2.602735034321127
2460354.0415104455,615.8489990234376,2.6072409987424643
2460354.048454967,613.4149983723959,2.604256194388992
2460354.055399488,611.1856282552084,2.6036319166004054
2460354.06234401,613.3853759765626,2.6044503303397213
2460354.069288531,613.6302490234376,2.606060247735235
2460354.076233052,615.2717692057294,2.606950779868005
2460354.0831775735,623.3937988281251,2.6090818189269505
2460354.090122095,622.2821858723959,2.608640199650052
2460354.0970666152,623.8174235026044,2.608538901796965
2460354.1040111366,624.3828938802084,2.6108166939220734
2460354.1109556574,627.5024414062501,2.610225002802076
2460354.1179001783,623.8818359375001,2.609236389134597
2460354.1248446987,621.2996012369794,2.6078954540499657
2460354.13178922,618.297810872396,2.6080462842395806
2460354.1387337404,620.78173828125,2.609637170500353
2460354.145678261,618.8437906901042,2.606714991427867
2460354.1526227817,614.0698242187501,2.6046003012216032
2460354.159567302,612.4795328776044,2.604261260525595
2460354.166511823,608.9622395833336,2.6037497149949123
2460354.173456343,607.8000081380209,2.603398255819518
2460354.1804008633,602.829793294271,2.6000073451750887
2460354.1873453837,605.3440755208334,2.6005512680003497
2460354.1942899036,604.9058024088541,2.602322602832871
2460354.201234424,602.6131998697917,2.601599347985465
2460354.2081789444,603.1232910156251,2.6013426341417323
2460354.215123464,604.9989420572916,2.6021353448894837
2460354.222067984,605.4501546223959,2.601394783543534
2460354.2290125038,609.7113444010417,2.6036939990221337
2460354.235957024,606.7246500651044,2.6016877150625084
2460354.2429015436,609.7985026041669,2.602714739273519
2460354.2498460636,612.5623372395834,2.605264656561971
2460354.2567905835,619.241455078125,2.6091471379084266
2460354.2637351025,615.0910644531251,2.604924834284076
2460354.2706796224,616.951131184896,2.606104031790648
2460354.277624142,617.7631022135417,2.6083565996002154
2460354.2845686614,618.5296630859376,2.6067509385355856
2460354.291513181,618.8509521484375,2.6067182356240686
2460354.2984577003,624.9934488932294,2.6100556572805673
2460354.3054022193,622.7150472005209,2.6075556070220895
2460354.3123467388,620.0843505859376,2.608065430678814
2460354.3192912578,617.000447591146,2.607723368281815
2460354.3262357768,616.6278076171876,2.6081082055804763
2460354.3331802962,613.3779703776042,2.6047311764140497
2460354.3401248152,614.8833821614584,2.6057644204572745
2460354.3470693342,617.5720621744792,2.6065898433620776
2460354.3540138532,613.8340250651044,2.604254894657372
2460354.3609583722,612.372762044271,2.6033602252358756
2460354.367902891,612.1903889973959,2.603639606444504
2460354.37484741,605.7171223958334,2.6003349036415897
2460354.3817919283,607.0862223307291,2.6008761163853316
2460354.3887364473,597.664754231771,2.5983093931474586
2460354.395680966,600.7504069010419,2.598255312153182
2460354.4026254844,605.4494628906251,2.600414573238747
2460354.4095700034,599.7414143880211,2.597836379644961
2460354.4165145215,601.1747233072917,2.5993516347691705
2460354.42345904,603.6745605468751,2.5993902679610783
2460354.4304035585,604.2234293619794,2.599128653760973
2460354.437348077,606.1750895182292,2.6016514473770838
2460354.4442925956,612.9962972005209,2.6038285121392084
2460354.4512371137,608.77392578125,2.6017259955837657
2460354.4581816318,607.8258463541667,2.601529345305473
2460354.4651261503,612.1136067708334,2.6048363746728076
2460354.4720706684,612.9590657552085,2.603476056024178
2460354.4790151864,620.1756591796875,2.6060444032641867
2460354.4859597045,620.8599039713544,2.6067354212341165
2460354.492904222,621.089803059896,2.608126358676007
2460354.4998487406,622.1325683593751,2.607704185772529
2460354.5067932587,618.7321777343751,2.6062064596881167
2460354.5137377763,617.6201578776041,2.6074755001497705
2460354.5206822944,618.8450927734376,2.6066749186015428
2460354.527626812,622.3878580729167,2.6074340078824294
2460354.5345713296,620.4495849609376,2.607207435344176
2460354.5415158477,617.6061604817709,2.605533252342216
2460354.548460365,608.6724039713544,2.6027127654545588
2460354.555404883,614.779744466146,2.6051900992985386
2460354.5623494005,611.002644856771,2.6021394223534395
2460354.569293918,613.064900716146,2.6027156208962205
2460354.576238435,609.9375,2.6013064881249135
2460354.5831829533,607.8603515625,2.6004743782591304
2460354.5901274704,605.8821614583334,2.5993442947018797
2460354.597071988,598.2937825520834,2.5974985617515025
2460354.6040165056,597.6224772135417,2.597988517347183
2460354.6109610223,596.5513916015626,2.5957069348380784
2460354.6179055404,606.2133382161459,2.5998512863792658
2460354.6248500575,602.9632975260419,2.601162592228588
2460354.631794574,604.8203125000001,2.6002370311709764
2460354.6387390923,607.7044677734376,2.6017602774381205
2460354.6456836094,610.4909667968751,2.603928585510848
2460354.652628126,611.4215087890626,2.603010427886561
2460354.6595726437,613.3898518880209,2.6066022459587965
2460354.6665171604,614.0922037760417,2.61064470453834
2460354.673461678,614.0008544921875,2.6191746771784326
2460354.6804061946,614.8762613932291,2.632183680618899
2460354.6873507113,618.9027506510417,2.6457391365240697
2460354.694295229,618.3799235026042,2.6610231023916815
2460354.7012397456,613.8134765625,2.6809808972324114
2460354.7081842623,619.1070149739585,2.7078943551819314
2460354.7151287794,616.3216959635419,2.7379747906975798
2460354.7220732966,617.264404296875,2.773790826939979
2460354.729017813,617.0776367187501,2.8153924257894136
2460354.73596233,608.6588541666666,2.8578937359044825
2460354.7429068466,605.3796386718751,2.9082101759925547
2460354.7498513632,604.2526041666671,2.9671820214412086
2460354.75679588,604.3402506510419,3.0328942040594313
2460354.7637403966,598.177897135417,3.1002083199525168
2460354.7706849133,593.2775878906251,3.1705890581218843
2460354.77762943,588.5976562500001,3.242981447507288
2460354.7845739466,592.7115071614586,3.3130321070592657
2460354.7915184633,583.9788411458336,3.379012927747022
2460354.79846298,588.9357910156251,3.4495024927568423
2460354.8054074966,579.8211263020834,3.516025579745613
2460354.812352013,575.0729166666666,3.5840452342634372
2460354.819296529,578.27001953125,3.6533559305414998
2460354.8262410457,579.9384765625006,3.7197894639881888
2460354.8331855624,581.6100260416666,3.784227957054903
2460354.840130079,589.0546875,3.844914666806948
2460354.847074595,589.5799153645834,3.898800317384829
2460354.8540191115,581.69384765625,3.9488763976356256
2460354.860963628,585.9972330729166,3.9990173379387968
2460354.8679081444,589.2459309895836,4.048188154153558
2460354.8748526606,590.7828776041673,4.0946878930283885
2460354.8817971773,588.0231119791666,4.1389771783838505
2460354.888741693,584.869303385417,4.182395433864319
2460354.8956862097,591.1354166666673,4.22420176752179
2460354.9026307254,585.1492513020839,4.262539099863466
2460354.909575242,586.2947591145834,4.302083929285028
2460354.9165197583,589.3572591145834,4.340536716087693
2460354.9234642745,587.904947916667,4.376209591071068
2460354.9304087907,584.763346354167,4.41104225121727
2460354.937353307,582.936197916667,4.4441725684508215
2460354.9442978227,587.5219726562503,4.48059496636423
2460354.951242339,577.7996419270836,4.511952855493281
2460354.958186855,579.196451822917,4.545216337602485
2460354.9651313713,580.2189127604166,4.5783443973960685
2460354.9720758875,568.903971354167,4.60856387228821
2460354.979020403,574.5934244791673,4.641887348259443
2460354.98596492,577.1448567708343,4.674117528403149
2460354.9929094356,570.603678385417,4.703348920582476
2460354.9998539514,563.081217447917,4.733261811647143
2460355.0067984676,571.5568033854173,4.765662711046056
2460355.013742984,575.9664713541673,4.794503071542237
2460355.0206874995,575.5872395833334,4.820193687400032
2460355.0276320158,570.2125651041666,4.84302008712876
2460355.0345765315,569.6705729166673,4.86714286129042
2460355.0415210477,577.8255208333334,4.892680453463521
2460355.0484655635,577.8564453125,4.917087531787539
2460355.0554100797,582.0751953125006,4.944960768930054
2460355.0623545954,584.7470703125,4.972525630797219
2460355.0692991116,580.6158854166673,4.999840087023724
2460355.0762436274,587.4440104166666,5.030535004825975
2460355.083188143,582.830078125,5.062296109956976
2460355.0901326593,585.7516276041673,5.093592960601719
2460355.0970771755,588.7858072916666,5.127527307632996
2460355.1040216913,592.0338541666673,5.160353996777107
2460355.110966207,585.8776041666673,5.191980945512758
2460355.1179107227,581.8190104166666,5.2232337837565685
2460355.124855239,584.2646484375006,5.257155915723347
2460355.1317997547,577.6311848958334,5.287312602385069
2460355.1387442704,581.0638020833345,5.316628110145328
2460355.1456887866,582.8050130208339,5.344834322818566
2460355.1526333024,578.6357421875006,5.370235367835959
2460355.159577818,573.0319010416679,5.391965754089323
2460355.1665223343,577.0009765625,5.41270808469402
2460355.17346685,572.1132812500006,5.430865028039643
2460355.180411366,586.7291666666666,5.449623004657332
2460355.1873558816,581.3544921875013,5.458836316307251
2460355.1943003978,563.9182942708334,5.465002721175651
2460355.2012449135,574.9332682291666,5.475263063318302
2460355.2081894292,573.1582031250006,5.481455772049326
2460355.215133945,571.544921875,5.487759204857187
2460355.2220784607,585.3336588541666,5.493696257203339
2460355.229022977,578.7405598958334,5.496192700145294
2460355.2359674927,595.6516927083339,5.497656297111731
2460355.2429120084,595.3808593750006,5.4962634499896685
2460355.249856524,583.4762369791673,5.48924763807688
2460355.2568010404,589.9078776041666,5.484204758743258
2460355.263745556,597.4270833333352,5.479712538794883
2460355.270690072,603.0595703125,5.476011124847129
2460355.277634588,590.2532552083334,5.467058251993671
2460355.284579104,608.6848958333334,5.465770981867798
2460355.2915236196,600.9931640625006,5.458719273291323
2460355.2984681353,614.0074869791679,5.456798236442562
2460355.3054126515,610.166015625,5.451762737266286
2460355.3123571672,608.1402994791673,5.445661835926056
2460355.319301683,606.3574218750006,5.440913277621152
2460355.326246199,605.5462239583334,5.43798687555195
2460355.333190715,606.7268880208339,5.43568782037588
2460355.340135231,602.5478515625,5.431933039540689
2460355.347079747,595.5725911458334,5.429015268349816
2460355.3540242617,599.6458333333334,5.427561248937309
2460355.3609687774,602.6448567708334,5.42742898831539
2460355.367913293,601.3919270833334,5.426479346987538
2460355.3748578094,601.0292968750013,5.42603405996529
2460355.3818023256,596.4814453125,5.427327808437178
2460355.3887468413,602.1959635416666,5.428091328420867
2460355.395691357,593.3597005208339,5.42800824178097
2460355.4026358733,590.6910807291673,5.429042512641498
2460355.409580389,602.1809895833334,5.430683202878574
2460355.4165249052,615.7669270833339,5.434367484086884
2460355.4234694215,601.1357421875,5.430270116915722
2460355.430413937,601.7008463541673,5.430614064809821
2460355.4373584534,615.2138671875013,5.434887126656381
2460355.444302969,614.0432942708334,5.433770866536977
2460355.4512474854,611.3434244791679,5.433390715214004
2460355.4581920016,617.0826822916673,5.434814406036684
2460355.4651365173,618.9498697916679,5.435284687452494
2460355.4720810335,621.2441406250006,5.436774079442131
2460355.4790255497,616.0764973958339,5.436041810425329
2460355.4859700655,623.2897135416673,5.437195052150282
2460355.4929145817,624.9690755208334,5.43857208538779
2460355.499859098,621.6897786458334,5.434613134904162
2460355.506803614,632.4212239583339,5.435702832053937
2460355.5137481303,620.4944661458339,5.429516487598939
2460355.5206926465,632.4394531250018,5.428622683854347
2460355.5276371627,626.3017578125006,5.42182622312204
2460355.534581679,610.3085937500006,5.412322369681818
2460355.541526195,619.7470703125006,5.40540595998107
2460355.5484707113,620.6718750000006,5.397954500210253
2460355.5554152275,627.2578125000013,5.389935334901256
2460355.5623597438,611.5400390625006,5.377041499816722
2460355.56930426,611.1057942708339,5.368115933582652
2460355.576248776,604.9016927083334,5.357858933905761
2460355.5831932924,615.8828125000006,5.351809334316926
2460355.590137809,613.1233723958334,5.342404097394026
2460355.5970823253,596.2535807291673,5.332136678787254
2460355.6040268415,611.5185546875006,5.325817777563475
2460355.610971358,622.8740234375006,5.3212077266920526
2460355.617915874,615.6604817708339,5.3090816112116075
2460355.6248603906,625.0804036458334,5.302617976780163
2460355.631804907,619.1676432291673,5.293851797804922
2460355.638749424,631.8714192708334,5.28785664145618
2460355.6456939396,635.5830078125,5.282092278938387
2460355.6526384563,634.673828125,5.276282699371158
2460355.659582973,634.765625,5.268754197030735
2460355.666527489,638.8769531250006,5.263353323717951
2460355.673472006,636.73046875,5.256775400234939
2460355.680416522,635.2734375,5.253253478173562
2460355.6873610388,633.7054036458339,5.24932939286866
2460355.6943055554,640.9000651041666,5.246561218509112
2460355.701250072,639.9313151041673,5.243510653274281
2460355.708194589,642.1953125,5.243187146126907
2460355.7151391055,643.0074869791666,5.240693283119782
2460355.722083622,626.21875,5.236037052647844
2460355.729028139,633.60546875,5.237092327086876
2460355.7359726555,634.658203125,5.236347102233533
2460355.742917172,627.5276692708334,5.233629044051925
2460355.7498616893,637.1305338541666,5.233541397261328
2460355.756806206,636.1875000000006,5.232581992141589
2460355.7637507226,628.9915364583345,5.232406610051732
2460355.77069524,634.6858723958334,5.233803657135019
2460355.7776397564,631.89453125,5.234635904382964
2460355.784584273,627.9534505208339,5.235372242157445
2460355.79152879,637.0058593750006,5.23815595698476
2460355.7984733074,629.8580729166666,5.238115806140382
2460355.805417824,628.5348307291666,5.240846690884246
2460355.812362341,634.7415364583339,5.242123071776773
2460355.819306858,630.1458333333334,5.242510693615615
2460355.826251375,626.7867838541666,5.242399255060893
2460355.8331958917,633.9817708333334,5.242017570716119
2460355.8401404093,644.4095052083334,5.242506742052796
2460355.847084926,642.2581380208339,5.240089907400445
2460355.854029443,647.5413411458334,5.2373471516281915
2460355.8609739603,634.9651692708334,5.230652048401832
2460355.867918477,646.2190755208339,5.226465341082356
2460355.874862995,646.3509114583345,5.221810117316802
2460355.881807512,649.7044270833334,5.215217536909823
2460355.888752029,645.7994791666666,5.207087149604582
2460355.8956965464,650.5647786458339,5.196993851947311
2460355.9026410636,641.6852213541666,5.18559737548071
2460355.9095855807,653.6048177083339,5.175873320594312
2460355.9165300983,651.5973307291666,5.163996485086381
2460355.923474616,651.9339192708334,5.152537099508172
2460355.9304191335,642.5553385416666,5.138762797765644
2460355.9373636506,639.73046875,5.124748698775091
2460355.944308168,638.5123697916666,5.110258602913798
2460355.951252686,638.271484375,5.09745747904219
2460355.958197203,637.6998697916666,5.080327044082957
2460355.9651417206,636.5888671875,5.0651648145500445
2460355.972086238,630.638671875,5.049026860252444
2460355.9790307563,640.3912760416673,5.034571786770589
2460355.9859752734,629.1383463541666,5.016349396083476
2460355.9929197915,633.2119140625013,5.002893269225907
2460355.9998643086,633.7890625,4.987377627013173
2460356.0068088267,634.1204427083334,4.9727113789893735
2460356.0137533443,635.04296875,4.958847460308378
2460356.0206978624,637.9534505208339,4.945109194636111
2460356.02764238,641.9788411458339,4.930671092070598
2460356.0345868976,648.8108723958334,4.9198254272472415
2460356.0415314157,639.9853515625,4.9050820009499185
2460356.0484759337,648.9397786458334,4.894325592982236
2460356.0554204513,634.6614583333339,4.877365813544281
2460356.0623649694,644.3323567708334,4.865019050899111
2460356.069309488,648.6852213541673,4.84953450628983
2460356.0762540055,650.8092447916673,4.8371590316825275
2460356.0831985236,648.6207682291673,4.825294366571126
2460356.0901430417,652.9456380208345,4.813602298987787
2460356.09708756,650.8102213541666,4.802712721249883
2460356.1040320783,658.3365885416679,4.794011554486404
2460356.1109765964,650.6142578125,4.781274775256754
2460356.1179211144,648.0511067708336,4.769631713943802
2460356.1248656325,652.26953125,4.75983498545978
2460356.131810151,651.0952148437503,4.7490072950170905
2460356.1387546696,641.1476236979175,4.7346190430550275
2460356.145699188,647.158365885417,4.723288218124238
2460356.152643706,636.7394205729166,4.71029913073968
2460356.1595882247,644.2356770833339,4.6989307785286885
2460356.1665327433,640.1962890625009,4.683871897814393
2460356.173477262,635.690104166667,4.669016458341612
2460356.1804217803,639.4501953125003,4.656856765331067
2460356.1873662984,635.1778971354166,4.642891195441682
2460356.1943108174,631.7198893229173,4.629354129616483
2460356.201255336,633.5976562500006,4.616387546922458
2460356.2081998545,635.3289388020843,4.603332064910494
2460356.2151443735,634.7065429687503,4.594089902653342
2460356.222088892,638.0704752604173,4.583797566403089
2460356.2290334105,640.2301432291675,4.56944239125682
2460356.2359779296,639.7263997395836,4.553150201390796
2460356.2429224486,644.4606119791673,4.53882735619869
2460356.2498669676,635.9781901041673,4.520975385467562
2460356.256811486,644.9472656250006,4.50773531266372
2460356.263756005,638.1149088541666,4.491113151802118
2460356.270700524,641.05078125,4.4764334039671745
2460356.2776450436,645.4931640625003,4.461388742324113
2460356.284589562,640.5086263020839,4.446292385005451
2460356.291534081,650.3178710937503,4.43270163782375
2460356.2984786006,643.7410481770834,4.415812261408305
2460356.3054231196,647.0693359375003,4.40143962767592
2460356.3123676386,646.0696614583336,4.386778625728478
2460356.3193121585,638.2802734375003,4.369186228992042
2460356.3262566775,647.4514973958334,4.357694529744452
2460356.333201197,638.7841796875003,4.342841309229857
2460356.340145716,633.8902994791673,4.327381791158783
2460356.3470902354,638.0196940104173,4.31301981276268
2460356.354034755,621.375651041667,4.298169475778412
2460356.3609792744,621.1225585937503,4.285810904213626
2460356.367923794,634.6321614583339,4.276220549536819
2460356.3748683133,625.0320638020839,4.262180478699777
2460356.3818128332,628.7646484375,4.2534128439741705
2460356.388757353,618.3518880208334,4.2424377857356665
2460356.3957018727,629.7041015625003,4.236112419983852
2460356.402646392,622.9718424479166,4.225533238659647
2460356.4095909116,634.7387695312506,4.219766030369822
2460356.4165354315,631.1276041666673,4.21124369625552
2460356.4234799515,631.9720052083336,4.204941215801086
2460356.430424472,635.8997395833334,4.198872378706652
2460356.4373689913,635.8691406250003,4.1931010910095425
2460356.4443135113,641.377115885417,4.188504776377525
2460356.451258031,639.1966145833334,4.183179325265857
2460356.4582025516,639.21142578125,4.179810875094832
2460356.465147072,639.7976888020836,4.175605068357727
2460356.4720915915,634.409830729167,4.168592334159596
2460356.479036112,641.7648111979166,4.166548711691529
2460356.485980632,642.5948893229173,4.163213756009912
2460356.492925152,646.1902669270834,4.160474601336433
2460356.499869672,638.9609375000003,4.1557816466086885
2460356.5068141925,646.0366210937503,4.153233612031921
2460356.513758713,645.159830729167,4.1493380306789485
2460356.5207032333,642.9368489583334,4.145905715582333
2460356.5276477537,639.450846354167,4.1419210707016765
2460356.534592274,637.7078450520843,4.137989593869102
2460356.541536795,641.4536132812503,4.133631729693055
2460356.5484813154,641.3199869791666,4.131222309625541
2460356.5554258362,636.0361328125003,4.124766122191791
2460356.5623703566,632.7758789062503,4.11880963046132
2460356.569314877,625.0437825520839,4.11253749254977
2460356.5762593984,626.1429036458336,4.10977618905675
2460356.5832039188,626.6479492187503,4.104099960611609
2460356.5901484396,627.1805013020836,4.100297001070257
2460356.5970929605,623.176432291667,4.095343320716227
2460356.6040374814,632.4451497395843,4.093143343729211
2460356.610982002,626.8382161458336,4.088535820098095
2460356.6179265236,631.366861979167,4.087201725668882
2460356.624871044,631.6844075520836,4.083870468871991
2460356.6318155653,634.0374348958334,4.081874313398981
2460356.6387600866,632.327799479167,4.07685608609684
2460356.6457046075,641.6035156250003,4.075531831125356
2460356.652649129,634.2093098958336,4.071042694858406
2460356.65959365,638.01025390625,4.068929330200467
2460356.6665381715,643.7596028645834,4.064412487888839
2460356.673482693,638.5314127604173,4.061264603294275
2460356.680427214,636.1796875000006,4.056054297493238
2460356.6873717355,638.0315755208336,4.053389064683352
2460356.694316257,639.5112304687506,4.05177783918622
2460356.7012607786,650.503092447917,4.051399697888857
2460356.7082053,644.029459635417,4.046508350168597
2460356.7151498217,644.761393229167,4.044140587532627
2460356.7220943435,637.9723307291673,4.040013092736072
2460356.729038865,640.9345703125006,4.03856559991362
2460356.7359833866,629.0502929687503,4.032878417821619
2460356.7429279084,632.7166341145839,4.032510312612306
2460356.74987243,634.5371093750006,4.029442601321775
2460356.756816952,631.7073567708336,4.025989387819616
2460356.7637614743,632.7119140625,4.02343084114269
2460356.7707059956,625.5610351562506,4.018523989512987
2460356.777650518,628.6160481770834,4.017516294604021
2460356.78459504,622.2690429687506,4.013485709512305
2460356.7915395624,621.7778320312506,4.010779914846231
2460356.7984840847,625.8632812500003,4.01139302716591
2460356.805428606,630.0989583333336,4.010698674903565
2460356.8123731283,628.668131510417,4.010247249237307
2460356.8193176505,632.62939453125,4.007990943133753
2460356.8262621737,633.7548828125006,4.007636109807641
2460356.833206696,631.8863932291675,4.0039708453250356
2460356.840151218,635.6124674479166,4.003149550829859
2460356.8470957405,636.666015625,4.001565312743907
2460356.854040263,639.047037760417,3.9985469758199037
2460356.8609847855,646.236328125,3.995433777980344
2460356.867929308,643.0236002604173,3.989918072542542
2460356.8748738305,641.4153645833334,3.9856092653632853
2460356.8818183537,647.1988932291666,3.9832470089850958
2460356.8887628764,641.7641601562509,3.9770083178862277
2460356.895707399,635.4858398437509,3.9725649853419367
2460356.9026519214,646.307291666667,3.9672819158837314
2460356.909596445,639.45751953125,3.960580211431673
2460356.9165409678,639.2469075520836,3.954224020273276
2460356.923485491,640.4646809895834,3.9474757191963064
2460356.9304300137,638.1199544270834,3.9398343037514856
2460356.9373745364,634.725260416667,3.931898134864579
2460356.944319055,631.487955729167,3.923626830472362
2460356.9512635786,626.67041015625,3.9160299245013666
2460356.958208102,628.5214843750003,3.9106076648259815
2460356.965152625,628.4448242187503,3.9047930795449717
2460356.9720971487,630.1982421875003,3.89889080932659
2460356.979041672,629.0823567708334,3.892319139253495
2460356.9859861955,624.3546549479166,3.8850860403277774
2460356.992930718,629.9736328125003,3.8801004504172485
2460356.9998752424,625.6658528645836,3.8724879319220236
2460357.006819766,619.8873697916666,3.864962120491672
2460357.0137642897,630.7713216145834,3.8595488375107565
2460357.020708813,622.1121419270836,3.850807319264528
2460357.0276533365,637.4630533854173,3.8493869808165933
2460357.0345978606,628.00048828125,3.84020463311909
2460357.0415423843,633.728190104167,3.83509766804494
2460357.048486908,632.2330729166666,3.830510947791725
2460357.055431432,643.7285156250003,3.8298493654091
2460357.0623759557,634.6080729166666,3.8233504508128315
2460357.06932048,638.309733072917,3.8199901414287982
2460357.076265004,635.0771484375,3.8172654757331848
2460357.083209528,636.7044270833336,3.8120502114209116
2460357.0901540522,625.8976236979166,3.805585861157233
2460357.0970985764,635.2415364583336,3.804101024204161
2460357.1040431005,640.9347330729166,3.8012858313101283
2460357.110987625,635.405924479167,3.795514559766706
2460357.117932149,633.253092447917,3.7907528007085567
2460357.124876674,631.177734375,3.7862394829107004
2460357.131821198,627.7967122395834,3.78189265345042
2460357.1387657225,628.1848958333334,3.7782899142096977
2460357.145710247,625.1394856770834,3.774815478226028
2460357.1526547717,620.5094401041666,3.770328222422743
2460357.1595992963,619.6453450520834,3.7648236199007896
2460357.166543821,620.7931315104173,3.7612983835152694
2460357.173488346,628.2638346354166,3.758441960687465
2460357.1804328705,615.5611979166666,3.7527954629475295
2460357.187377395,619.912272135417,3.7504272506644543
2460357.1943219206,622.6129557291666,3.7493404103457943
2460357.201266445,621.2742513020836,3.745004418369485
2460357.2082109707,616.4205729166666,3.7406017625211967
2460357.2151554953,622.2068684895834,3.7392084254836977
2460357.222100021,625.3068033854166,3.7362365610427806
2460357.2290445454,627.9707031250003,3.7341154371700203
2460357.235989071,629.8971354166666,3.7325793223508996
2460357.242933596,629.971354166667,3.729609847903225
2460357.249878121,628.0325520833336,3.7243970167839895
2460357.256822647,629.6733398437503,3.7208109167962413
2460357.2637671717,630.87890625,3.716129567051882
2460357.2707116976,632.4358723958336,3.7107322737579698
2460357.277656223,633.5592447916666,3.7047742254792873
2460357.284600748,629.6866861979166,3.6967846105766387
2460357.291545274,634.5452473958334,3.6893237493421456
2460357.2984897997,629.2163085937503,3.6807658990740855
2460357.3054343252,633.3500976562503,3.6728468102878113
2460357.312378851,632.6018880208336,3.664163451426017
2460357.319323377,631.0927734375,3.6540585087163326
2460357.326267903,627.0708007812506,3.6437513112282365
2460357.333212429,626.0958658854166,3.633836525381119
2460357.340156955,624.12255859375,3.6241109645027563
2460357.347101481,628.0265299479166,3.6161072526528524
2460357.354046007,618.8437500000003,3.6057928594077477
2460357.360990533,619.125,3.5967566725412694
2460357.367935059,616.4674479166666,3.586584676972406
2460357.374879585,621.3157552083334,3.5802419679201214
2460357.381824112,615.999186197917,3.5703705873157197
2460357.388768638,606.1280924479166,3.5605501529474033
2460357.3957131645,614.1842447916666,3.5555330761253745
2460357.402657691,614.2506510416666,3.5479312762828568
2460357.4096022174,616.7509765625,3.5429254465886717
2460357.416546744,611.8177083333334,3.533776808346404
2460357.4234912703,612.9081217447919,3.529205122919136
2460357.430435797,621.4501953125001,3.5247540392306473
2460357.4373803237,614.697672526042,3.5163371349346804
2460357.4443248506,622.8240559895834,3.5142692689512245
2460357.4512693775,626.3792317708335,3.5083160839731558
2460357.4582139044,630.54638671875,3.5051339917149655
2460357.4651584313,630.705810546875,3.500479626695118
2460357.4721029582,631.4499511718751,3.49677102252148
2460357.479047485,628.0301106770835,3.4921312699813174
2460357.485992012,623.851481119792,3.4896433455996156
2460357.4929365395,624.0006510416671,3.4857367716120344
2460357.4998810664,629.5934244791666,3.4834744932573156
2460357.5068255938,628.3374023437503,3.4814734007160477
2460357.5137701207,618.7897949218753,3.475938369611194
2460357.5207146485,621.6507161458334,3.4739913830187046
2460357.5276591755,627.0174967447919,3.4728080047269287
2460357.5346037033,617.5495605468753,3.469467272575162
2460357.5415482307,615.53173828125,3.46589395408582
2460357.548492758,615.4135742187503,3.4610531077485986
2460357.555437286,615.8050130208335,3.4592762017969663
2460357.5623818133,608.990966796875,3.4538473229767184
2460357.569326341,616.100504557292,3.4536473998784203
2460357.5762708685,613.7679036458336,3.44930319829945
2460357.583215397,606.2940266927085,3.443689550690385
2460357.5901599247,614.5061848958334,3.44536523811564
2460357.5971044526,610.719889322917,3.4412432401066737
2460357.604048981,610.9758300781255,3.4377458533796683
2460357.6109935087,608.964762369792,3.434493546609783
2460357.6179380366,610.6462402343753,3.4324649510660112
2460357.6248825644,612.5952148437501,3.430135654922212
2460357.631827093,617.9105631510419,3.4287775106377345
2460357.6387716215,627.8185221354166,3.4277004388247114
2460357.6457161494,621.9531250000003,3.42285245510979
2460357.6526606777,625.0694986979171,3.4217615874939864
2460357.6596052065,622.1703287760416,3.4172466006239244
2460357.666549735,620.0703125000001,3.4144300773051444
2460357.673494263,624.0375162760419,3.412554193467655
2460357.6804387923,629.482584635417,3.409838891890463
2460357.6873833206,624.4664713541669,3.4056182873070164
2460357.6943278494,624.9086100260419,3.4023829686063407
2460357.701272378,626.3761393229169,3.3992963208910574
2460357.708216907,626.5362141927085,3.394900354675976
2460357.715161436,621.1737467447921,3.3896604977889573
2460357.722105965,628.8132324218751,3.3887123783932602
2460357.7290504933,617.2342122395835,3.3801225334719214
2460357.7359950226,619.2285156250001,3.3782853333994605
2460357.742939552,616.8135579427085,3.3737277804839327
2460357.7498840806,609.3571777343753,3.3680036482884446
2460357.75682861,610.2976074218753,3.3654877605846605
2460357.7637731396,615.1942545572919,3.361639681518252
2460357.770717669,610.3571777343751,3.3593226912654646
2460357.777662198,606.120279947917,3.3535151549881372
2460357.7846067273,602.5808919270835,3.347922256038382
2460357.791551257,602.9576009114585,3.344852329348143
2460357.7984957863,605.8811035156253,3.3436438904668333
2460357.805440316,607.3301595052088,3.3421380938170997
2460357.8123848457,615.1660970052085,3.3425131397356416
2460357.8193293754,614.7303873697919,3.3416633571429633
2460357.826273905,615.483561197917,3.3406819701731862
2460357.833218435,609.5394694010419,3.3378487893351814
2460357.840162965,614.7389322916669,3.3387220776310524
2460357.8471074947,619.6922200520835,3.338284625781009
2460357.854052025,621.3199055989585,3.3391993445112664
2460357.8609965546,619.6097005208335,3.336367686423477
2460357.867941085,619.9042154947919,3.3355306454151052
2460357.874885615,621.3900553385416,3.333830586728915
2460357.8818301447,624.2701009114584,3.3345366993950876
2460357.888774676,626.3008626302084,3.331820944520755
2460357.8957192055,618.3880208333334,3.330804170929392
2460357.902663736,614.7964680989585,3.3259656178986794
2460357.909608267,616.4042968750003,3.323783325004874
2460357.916552797,617.4044596354169,3.322674523716605
2460357.9234973276,619.8661295572916,3.320732832783492
2460357.930441858,610.8743489583335,3.316257663495257
2460357.937386389,612.4228515625003,3.3147819143695294
2460357.9443309195,612.4099121093753,3.3120872681644613
2460357.9512754506,610.3758138020835,3.3086454457598475
2460357.958219981,611.7035319010419,3.3057530842058287
2460357.965164512,609.8404134114584,3.300914045833334
2460357.9721090426,611.4111328125,3.297844195160044
2460357.9790535737,604.9283040364585,3.2931998471471347
2460357.985998105,607.7421875000001,3.2913265966176843
2460357.9929426364,601.3646647135419,3.2864488785955914
2460357.999887167,599.7539876302086,3.2820300258162582
2460358.006831698,609.631103515625,3.2839707444025126
2460358.0137762297,613.3380533854169,3.2825011675662736
2460358.020720761,610.0496419270834,3.2784410683580294
2460358.0276652924,614.9772949218751,3.278659080841443
2460358.034609824,613.860107421875,3.274655048089258
2460358.0415543555,615.7434082031251,3.2711675144520758
2460358.048498887,615.7412923177085,3.268785479162133
2460358.0554434187,617.12158203125,3.2648476725416047
2460358.0623879503,623.6942545572919,3.2622192521892512
2460358.069332482,624.2234700520835,3.2593768565219623
2460358.076277014,617.546061197917,3.2538385318456875
2460358.083221546,621.1957194010419,3.2527004258921934
2460358.0901660775,621.2790527343751,3.2505188981733375
2460358.097110609,622.9745279947916,3.24850167958381
2460358.1040551416,625.790201822917,3.246604450850325
2460358.1109996736,621.9082031250005,3.2423749241414725
2460358.1179442056,616.3919270833334,3.2375984508328286
2460358.124888738,620.0151367187501,3.2349228380833135
2460358.13183327,611.349853515625,3.2307244681778005
2460358.138777802,609.1385904947916,3.2278470892489177
2460358.1457223347,615.6709798177084,3.2257208778377575
2460358.1526668672,608.68017578125,3.2220173591602705
2460358.1596113998,604.134521484375,3.217431573426483
2460358.1665559323,610.290283203125,3.2180978867981707
2460358.1735004648,602.059977213542,3.213235114004395
2460358.1804449973,599.6999511718753,3.2097075997470252
2460358.18738953,604.5368652343751,3.21069777349501
2460358.1943340627,605.6911621093751,3.2096897138367235
2460358.2012785957,606.4790852864585,3.2094409837399724
2460358.2082231287,609.8347167968751,3.2101122120851238
2460358.2151676617,606.3904622395835,3.210764779173528
2460358.2221121946,606.1547851562501,3.20931669330406
2460358.2290567276,612.4256184895835,3.2112187777520904
2460358.2360012606,614.7538248697919,3.2127457203072254
2460358.2429457936,614.7169596354169,3.2117256348241323
2460358.249890327,617.9139811197916,3.213226019499293
2460358.2568348604,616.5000813802084,3.212728291341113
2460358.263779394,622.6078287760419,3.2127226135050067
2460358.2707239273,618.9930013020835,3.210922425498184
2460358.2776684607,622.6393229166669,3.208642880893311
2460358.284612994,616.7306315104166,3.2041994837326815
2460358.2915575276,616.9427083333334,3.2000722146984426
2460358.2985020615,617.2696126302084,3.1963586790387732
2460358.305446595,615.6350911458334,3.1921776200644065
2460358.312391129,606.638671875,3.183577895432879
2460358.3193356623,609.8868001302084,3.178848494754783
2460358.3262801967,609.0600585937501,3.1725078761042274
2460358.3332247306,610.6315104166666,3.1662427187966746
2460358.3401692645,612.7239583333334,3.160345009055517
2460358.347113799,608.321533203125,3.154177107690181
2460358.3540583327,600.6042480468751,3.1397538735389143
2460358.3610028666,604.3272298177086,3.1352896043662994
2460358.367947401,598.2824707031253,3.1252101951109825
2460358.3748919354,601.74072265625,3.1211380355281886
2460358.3818364698,595.3696289062501,3.113167506994687
2460358.388781004,599.6772460937501,3.10848862453307
2460358.395725539,599.58251953125,3.1046003839587546
2460358.402670073,604.0455729166669,3.100391576636565
2460358.4096146077,605.4753417968751,3.092420162768597
2460358.4165591425,606.6990559895835,3.0882569620161995
2460358.423503677,611.1372070312501,3.08539921254722
2460358.4304482117,611.2487792968753,3.0798200800360154
2460358.437392747,611.5033365885416,3.077568464028317
2460358.444337282,614.0028483072916,3.0740844058183856
2460358.4512818162,617.3579915364584,3.0721597071157714
2460358.4582263515,613.185302734375,3.0684695795163193
2460358.4651708864,618.910563151042,3.067322210227306
2460358.4721154217,621.4335123697919,3.0677275231865266
2460358.479059957,621.5684407552085,3.064381619818756
2460358.4860044923,618.67919921875,3.062342419427704
2460358.4929490276,616.775553385417,3.0615039256883065
2460358.499893563,618.027587890625,3.059837146364457
2460358.506838098,617.5945638020835,3.059241010163683
2460358.5137826335,612.0252278645835,3.0568653826542493
2460358.5207271692,619.7003580729166,3.0609786436299564
2460358.5276717036,609.7255859375,3.058486299870332
2460358.534616236,608.0839029947919,3.0573281837610065
2460358.541560772,609.8042805989584,3.0584358008952583
2460358.5485053076,606.9283854166669,3.058421162620181
2460358.5554498434,605.113037109375,3.058637921278164
2460358.562394379,604.6298014322916,3.060342471917769
2460358.5693389154,601.1687825520836,3.058922784046734
2460358.576283451,597.2947591145836,3.0588537104463422
2460358.583227988,601.569254557292,3.0601617904107585
2460358.5901725236,598.8542480468751,3.058925282883637
2460358.5971170603,600.9629720052085,3.0611701261786854
2460358.604061596,612.9017740885419,3.065240359548872
2460358.611006133,605.8789876302084,3.0616534676343057
2460358.6179506686,600.4866536458335,3.059779595241329
2460358.6248952053,609.4899088541666,3.063469830510417
2460358.6318397424,609.7478841145835,3.0632714455265027
2460358.638784278,612.6153157552084,3.0639589404458665
2460358.645728815,614.0570475260419,3.062680078017758
2460358.652673352,618.9797363281251,3.063739366139728
2460358.6596178883,615.357340494792,3.061305307295625
2460358.666562425,619.4015299479166,3.0624283162805583
2460358.673506962,614.0853678385419,3.060974438778173
2460358.680451499,612.7715657552084,3.0594720967741673
2460358.687396036,617.79345703125,3.060850317480927
2460358.694340573,612.4092610677084,3.057754037091017
2460358.7012851103,614.130045572917,3.0599545921024345
2460358.7082296475,615.343505859375,3.058589592605406
2460358.7151741846,610.409912109375,3.0571491157258825
2460358.722118722,611.0625813802086,3.0560791940119305
2460358.729063259,612.7814127604169,3.057417928534559
2460358.7360077966,606.8291015625,3.055164670894232
2460358.742952334,608.096598307292,3.055760687140688
2460358.7498968714,607.2830403645834,3.056332299514007
2460358.756841409,602.0762532552084,3.053756837945016
2460358.7637859466,601.6210123697919,3.0544224078895064
2460358.7707304847,602.320231119792,3.05395553768551
2460358.7776750224,598.9224446614585,3.0534471898210165
2460358.78461956,603.4101562500001,3.0557345039546564
2460358.791564098,596.6787923177085,3.050841268013199
2460358.798508636,606.8560384114585,3.0539033721844135
2460358.8054531743,610.6605631510419,3.053600864205567
2460358.812397712,604.6810709635419,3.0502032684630467
2460358.8193422505,611.0977376302084,3.051345772879701
2460358.8262867886,614.5903320312501,3.051766564781213
2460358.8332313267,613.753662109375,3.050262413693409
2460358.8401758648,610.8713378906251,3.049646915368665
2460358.8471204033,611.7998046875,3.0490220595086055
2460358.854064942,616.5118815104169,3.0484841210946527
2460358.86100948,617.5222981770834,3.047377844216611
2460358.867954019,620.9001464843751,3.0499285944362264
2460358.8748985576,617.235758463542,3.0465904500275935
2460358.881843096,618.1619466145836,3.0472943565922996
2460358.888787635,614.6066894531251,3.0451251061626485
2460358.8957321737,620.9796549479169,3.046090877132583
2460358.9026767123,614.9925944010416,3.044986028984803
2460358.9096212513,613.7976888020834,3.04384758115158
2460358.9165657903,612.3499348958335,3.0420885180979265
2460358.9235103293,608.6573079427084,3.040205660121934
2460358.930454869,610.9012858072919,3.040468648311285
2460358.937399408,604.5629882812503,3.0396754230645247
2460358.9443439473,610.0607096354169,3.0394478190189456
2460358.9512884864,605.7822265625003,3.0367596756581343
2460358.9582330254,597.7740071614584,3.0328886038012066
2460358.9651775653,599.5320638020834,3.031274771967436
2460358.972122105,600.0909016927085,3.0289991242435548
2460358.9790666443,600.14599609375,3.0290373863448283
2460358.9860111834,599.5006510416669,3.0257646406935517
2460358.992955724,598.2618001302084,3.024467000390128
2460358.9999002633,602.5033365885419,3.0258663429691075
2460359.006844803,605.8114420572916,3.023691120408617
2460359.013789343,605.5099283854169,3.0225216389633753
2460359.0207338827,607.1127115885419,3.021815765582916
2460359.027678423,615.0189615885416,3.022769709207451
2460359.034622963,611.6522623697916,3.0204829022565107
2460359.041567503,615.6014811197921,3.021035041809471
2460359.0485120434,609.8681640625001,3.0179341843894973
2460359.0554565834,613.2582194010419,3.0182266662680584
2460359.062401124,614.8132324218751,3.017191484103821
2460359.0693456642,614.265543619792,3.0171587492955063
2460359.0762902047,622.3740234375001,3.018666964561385
2460359.0832347446,613.93798828125,3.013422550184393
2460359.0901792855,613.1377766927084,3.0119618083715483
2460359.097123826,611.3400878906253,3.0108738601441636
2460359.104068367,611.1723632812501,3.0095553699653252
2460359.1110129077,608.5930175781251,3.0059014326509916
2460359.117957448,607.1876627604169,3.0055749850975673
2460359.1249019895,609.3181152343753,3.005150116660998
2460359.13184653,605.02001953125,3.00337499278362
2460359.1387910713,602.9940592447919,2.9997278002575567
2460359.145735612,606.2200520833335,2.9987054518857614
2460359.152680153,601.8782552083334,2.9976828901362302
2460359.1596246944,595.7879231770834,2.9925961133025982
2460359.1665692357,601.5407714843751,2.9939647459261014
2460359.173513777,602.6131184895835,2.994183182921516
2460359.180458318,597.3984375000003,2.9923336900705695
2460359.18740286,595.7446289062501,2.991629156723185
2460359.194347401,602.3258463541669,2.993940919867794
2460359.201291943,603.035319010417,2.9952933794932135
2460359.208236484,606.1844889322916,2.997957371205327
2460359.215181026,609.5703938802084,2.9992356739360595
2460359.2221255675,609.2998046875001,3.000290440883559
2460359.22907011,612.1997070312501,3.001756800250025
2460359.236014651,611.8335774739584,3.0031815940768958
2460359.2429591934,613.5372721354169,3.0045139552237194
2460359.2499037352,616.0752766927085,3.0045030062244122
2460359.256848277,616.6888834635416,3.0053655962417665
2460359.26379282,615.1147460937501,3.003174550157985
2460359.2707373616,615.7249348958335,3.003413632853151
2460359.277681904,615.4795735677085,3.0026136405741872
2460359.284626446,613.7902018229166,2.999515831640073
2460359.291570989,615.1899414062501,2.9970815309848557
2460359.298515531,612.7759602864585,2.9946037407127
2460359.3054600735,617.451171875,2.9920750767473616
2460359.312404616,611.2312825520835,2.9872333227511274
2460359.3193491586,611.934733072917,2.985166106968584
2460359.3262937013,608.2815755208334,2.9802455137894466
2460359.333238244,608.5205891927085,2.9764438904504917
2460359.3401827863,606.5851236979166,2.9690575797953653
2460359.3471273296,606.059326171875,2.965465652677619
2460359.354071873,599.45947265625,2.9559429330257108
2460359.3610164155,600.1762695312501,2.9506083374279957
2460359.3679609583,599.8055013020836,2.9461242361389837
2460359.3749055015,600.1940104166669,2.9398911213033894
2460359.3818500447,598.7758789062503,2.9342122676808806
2460359.388794588,601.4833170572916,2.929694278205762
2460359.395739131,603.1192220052086,2.926583926238216
2460359.402683675,601.2137044270835,2.9217588486691564
2460359.409628218,608.2012532552084,2.92062569628512
2460359.4165727613,609.3926595052084,2.918756303597654
2460359.4235173054,612.9463704427084,2.9159007410920785
2460359.4304618486,610.5711263020834,2.910949521361827
2460359.4374063923,609.2486165364585,2.9097466451168166
2460359.444350936,613.4605305989586,2.907833586420613
2460359.4512954797,615.27294921875,2.905021172350178
2460359.458240024,614.5477701822916,2.9032660623828157
2460359.4651845675,614.3142903645834,2.9014663398788048
2460359.4721291116,617.9641927083335,2.902235142726349
2460359.479073656,614.5804036458335,2.8991838019588054
2460359.4860182,612.2697753906251,2.897774909795849
2460359.492962744,611.016357421875,2.897493193936238
2460359.4999072882,612.7200520833335,2.900802726370889
2460359.506851833,610.4773763020834,2.9001909723320343
2460359.5137963775,608.6626790364584,2.8980001920017497
2460359.520740921,608.3730468750001,2.898374946937592
2460359.5276854658,605.8546549479166,2.8995321808120553
2460359.5346300104,603.4082845052086,2.9007907381287326
2460359.541574555,598.2268880208334,2.89981691748947
2460359.5485190996,603.0590006510416,2.904265713812952
2460359.555463644,598.6585286458334,2.9021395085353703
2460359.5624081898,596.9580078125001,2.9028477790589453
2460359.5693527344,590.2779947916666,2.9020600153163882
2460359.5762972794,598.3402506510416,2.906219122921742
2460359.5832418245,596.5648600260416,2.9093441914413645
2460359.590186369,598.6293131510416,2.9106780116761217
2460359.5971309147,605.2509765625,2.9145502980641127
2460359.6040754598,604.9258626302085,2.9175261311899106
2460359.611020005,606.44384765625,2.9187727228217057
2460359.6179645504,615.03076171875,2.9223905598381497
2460359.624909096,612.8818359375001,2.9227065954475555
2460359.6318536415,614.2088216145835,2.9235976743202663
2460359.6387981866,607.8833821614584,2.924041073609127
2460359.6457427326,614.1847330729166,2.9259192488650374
2460359.652687278,612.0044759114584,2.9250730664922493
2460359.659631824,621.0173339843751,2.9280985456759634
2460359.666576369,618.9214680989586,2.9275501760682836
2460359.673520915,615.6711425781251,2.9269796506222883
2460359.6804654617,617.128173828125,2.9272547451268616
2460359.687410007,616.7854003906251,2.9285653243166174
2460359.6943545532,620.3002115885416,2.92825617219613
2460359.7012990993,610.9583333333336,2.926243618668629
2460359.7082436457,615.08251953125,2.926685387987222
2460359.7151881917,612.6912434895834,2.9264225285526524
2460359.722132738,610.9353027343753,2.927994993436632
2460359.7290772847,609.45361328125,2.926613599190692
2460359.736021831,602.09228515625,2.9255428675665502
2460359.7429663776,604.914306640625,2.925679163221172
2460359.749910924,597.4716796875003,2.9236686867539174
2460359.7568554706,605.0271809895835,2.928030101913477
2460359.763800017,594.0262044270834,2.9246971290388797
2460359.770744564,597.6914062500003,2.9265538639463196
2460359.777689111,594.4215494791666,2.9245822007543967
2460359.7846336574,600.9287109375,2.928429311475039
2460359.791578205,600.9173990885416,2.92745132058425
2460359.798522752,602.6094563802085,2.928482785027896
2460359.8054672987,606.4339192708335,2.9288894672614663
2460359.812411846,608.9776204427084,2.929723168808176
2460359.819356393,602.8509114583334,2.9247962639142995
2460359.8263009405,610.6342773437501,2.9244358901727776
2460359.833245488,608.8474934895835,2.921840054964214
2460359.840190035,610.0921223958334,2.920544821131483
2460359.8471345827,615.1588541666666,2.9224059260319133
2460359.8540791306,612.9397786458335,2.9193186976581003
2460359.8610236775,614.7008463541666,2.918534591133257
2460359.8679682254,612.3711751302085,2.9198458524447104
2460359.874912773,609.5297851562501,2.9165247018382714
2460359.8818573207,609.7552083333334,2.916077797667094
2460359.8888018685,611.269775390625,2.91631032422001
2460359.895746417,613.3994954427084,2.9164413564284994
2460359.9026909643,610.183349609375,2.914610622618548
2460359.9096355126,606.9280598958334,2.9149224144463624
2460359.916580061,604.9902343750001,2.913810226427747
2460359.923524609,602.2412923177085,2.911517631622823
2460359.930469157,605.300537109375,2.913620673865933
2460359.9374137055,602.2342122395834,2.912839633908144
2460359.944358254,600.6435546875,2.9118406486291817
2460359.951302802,600.209716796875,2.9110854476217427
2460359.958247351,598.2240397135416,2.9103578209705545
2460359.9651918993,597.9231770833336,2.9114465322834797
2460359.9721364477,593.5072428385416,2.908033165113466
2460359.979080997,599.000732421875,2.908335553737828
2460359.9860255453,599.3956705729166,2.910426064179807
2460359.992970094,597.7746582031251,2.906335997984517
2460359.999914643,608.6140950520834,2.9098780153195563
2460360.006859192,605.5716959635419,2.9073075460601356
2460360.013803741,603.6647135416666,2.9063927918718604
2460360.02074829,605.4457194010419,2.9050608974413845
2460360.027692839,609.1441243489584,2.9068881235099564
2460360.0346373883,612.117919921875,2.907153019375888
2460360.0415819376,608.5995279947916,2.90537267143265
2460360.048526487,613.1309407552084,2.9070955694788765
2460360.055471036,612.9222819010416,2.905272820315681
2460360.062415586,615.444742838542,2.906899661382141
2460360.0693601356,617.2035319010416,2.9064411940525923
2460360.076304685,618.5928548177085,2.907404690131157
2460360.0832492346,617.0351562500001,2.905472247770856
2460360.0901937843,614.956298828125,2.9044351027085127
2460360.097138334,615.2705891927084,2.903931822944084
2460360.104082884,615.7709147135419,2.904436101357319
2460360.111027434,614.914794921875,2.902352639071708
2460360.115657134,614.060546875,5.0242797111575355
2460360.3355679126,619.90087890625,4.994871673947026
2460360.340197614,614.5852864583334,2.880986298085341
2460360.347142166,610.1144205729166,2.8745182092981096
2460360.354086718,616.1347656250001,2.8723148661390123
2460360.3610312706,612.21240234375,2.869212913674232
2460360.367975823,608.161376953125,2.8613684857698796
2460360.3749203756,607.5939941406251,2.857541055937862
2460360.3818649277,606.3558756510416,2.8552797527586296
2460360.3888094807,616.23193359375,2.853965644270851
2460360.3957540332,615.5914713541669,2.850984377949208
2460360.4026985858,617.2750651041666,2.8472401954137863
2460360.4096431388,618.7417805989584,2.845070248767369
2460360.4165876913,624.3104654947919,2.845354361867681
2460360.4235322443,624.262939453125,2.8414989077338366
2460360.4304767973,618.9496256510419,2.837426069260187
2460360.4374213507,625.04150390625,2.838510158259355
2460360.4443659037,620.4456380208335,2.835587138007066
2460360.451310457,623.8807779947919,2.8361107151421425
2460360.4582550097,627.5440266927084,2.837643804571238
2460360.465199563,630.0789388020834,2.8367987528225957
2460360.472144117,625.33544921875,2.8339060328799515
2460360.47908867,627.568766276042,2.8332853809600613
2460360.4860332236,625.5969238281251,2.834527864771015
2460360.492977777,628.1557617187501,2.835376104126278
2460360.499922331,623.3887532552084,2.8349643862703915
2460360.506866885,628.1180013020834,2.8358868607739307
2460360.513811438,627.8474934895834,2.8371145491386134
2460360.520755992,624.9669596354169,2.836670277065131
2460360.5277005457,620.1663411458334,2.8355852412282156
2460360.5346451006,613.1509602864585,2.83433138367503
2460360.5415896545,615.9440104166666,2.837184054387069
2460360.5485342084,617.9761555989584,2.8381761200449183
2460360.5554787624,611.256754557292,2.839463258596664
2460360.5624233168,612.1285807291666,2.8407363309550075
2460360.569367871,611.526611328125,2.840737009248364
2460360.576312425,611.0963541666666,2.842909511867072
2460360.58325698,610.6523437500001,2.8462983656511724
2460360.5902015343,611.4276529947916,2.8491325982334783
2460360.5971460887,615.02099609375,2.850257759506888
2460360.6040906436,614.5354003906251,2.8523344325247297
2460360.6110351984,621.2113444010419,2.8568168595189483
2460360.617979753,621.541015625,2.858394903714922
2460360.6249243077,625.3191731770834,2.8638049328755844
2460360.6318688625,623.3978678385416,2.8647135890361572
2460360.6388134174,625.6407063802085,2.8679199717437727
2460360.6457579727,628.3683268229166,2.8702170794511077
2460360.6527025276,629.8894856770834,2.8721905740612503
2460360.659647083,622.785563151042,2.8687615863922358
2460360.6665916382,626.5664062500001,2.8712402138994886
2460360.673536194,621.3773600260419,2.869528349698158
2460360.680480749,625.4215494791666,2.872120874201471
2460360.687425304,627.1713053385416,2.8716656816140627
2460360.69436986,622.4191894531251,2.8716680923399642
2460360.7013144153,621.7223307291666,2.8690021588027235
2460360.708258971,620.244384765625,2.869825465858758
2460360.715203527,616.7217610677084,2.866512322227477
2460360.7221480827,620.3401692708334,2.867605843236884
2460360.7290926385,624.4180501302084,2.8708461834345065
2460360.7360371943,615.7539876302084,2.8668694000770905
2460360.7429817505,613.7475585937501,2.865292044350325
2460360.749926307,609.9498697916666,2.8629793698525305
2460360.7568708626,609.1306966145834,2.8652141363167725
2460360.7638154184,609.0848795572916,2.863876465268072
2460360.770759975,611.3638509114586,2.8654865096398425
2460360.7777045313,610.89697265625,2.863582001644898
2460360.7846490876,607.9309895833334,2.8617847550587494
2460360.7915936443,614.4357096354169,2.865835405081634
2460360.7985382006,613.39697265625,2.8645121332030814
2460360.8054827573,615.623779296875,2.8649327628991514
2460360.812427314,621.1305338541666,2.8681113209728752
2460360.8193718707,621.9938151041666,2.866345894888697
2460360.8263164274,626.1596679687501,2.868447289477299
2460360.8332609846,618.6978352864584,2.861603392972201
2460360.8402055413,623.3740234375,2.8612141825897357
2460360.8471500985,626.234375,2.859036000823598
2460360.8540946557,627.9087727864584,2.856013685690191
2460360.861039213,627.05419921875,2.8535895809494733
2460360.86798377,624.3030598958334,2.8528301747040614
2460360.8749283273,626.8902994791666,2.8504114198846597
2460360.881872885,626.6702473958334,2.848155498019423
2460360.888817442,626.0420735677084,2.8484497201767276
2460360.8957619993,628.7731119791669,2.8476991108788394
2460360.902706557,624.2373046875,2.845408577054531
2460360.9096511146,621.7078450520836,2.845611197922194
2460360.9165956723,623.8697916666666,2.8426021630567604
2460360.92354023,619.2508138020835,2.8415097734670014
2460360.930484788,618.6861165364584,2.840238045700691
2460360.9374293457,617.2571614583336,2.839454724989278
2460360.944373904,616.42236328125,2.8388402379462714
2460360.951318462,614.9978841145834,2.8381818593460184
2460360.95826302,611.280029296875,2.837673847979604
2460360.965207578,612.6216634114584,2.8379454839789617
2460360.9721521363,607.6284179687501,2.836083019236875
2460360.979096695,611.7425944010416,2.838701571873259
2460360.986041253,614.9180501302084,2.83952468850938
2460360.992985811,609.6158854166666,2.8380742279208673
2460360.99993037,614.7346191406251,2.8403411984083564
2460361.0068749283,610.53173828125,2.837925940609406
2460361.0138194873,617.8072102864585,2.840917241663659
2460361.020764046,623.0261230468751,2.8437950712400375
2460361.0277086045,623.7342122395835,2.8434037613582466
2460361.034653164,624.2294921875003,2.844371744915509
2460361.0415977226,617.6816406250001,2.8410564877033444
2460361.048542281,624.6321614583334,2.8445961471267545
2460361.0554868407,627.4834798177084,2.8468641198163396
2460361.0624314,629.6302083333336,2.8486803677860935
2460361.0693759588,628.7146809895834,2.8483112590338417
2460361.0763205183,621.4332682291666,2.8478286504547867
2460361.083265078,624.5026041666666,2.8479868239699617
2460361.090209637,621.537109375,2.846147258288085
2460361.0971541964,620.7242838541666,2.8474264052944336
2460361.104098756,621.0647786458334,2.8476891827760427
2460361.1110433154,612.0992838541669,2.845973445279975
2460361.1179878754,617.2427571614584,2.8472835702010753
2460361.124932435,613.0855305989584,2.847133459696644
2460361.1318769944,613.4605305989585,2.8465700516183934
2460361.138821555,606.3111165364584,2.843880661305016
2460361.1457661144,608.6653645833334,2.8450652417001834
2460361.152710675,610.4060872395835,2.8465008600789967
2460361.1596552343,606.0563151041669,2.844054542600773
2460361.1665997948,609.2643229166666,2.846350278163168
2460361.173544355,607.9352213541666,2.8456925847080305
2460361.180488915,610.7294921875001,2.847804363195609
2460361.1874334756,606.5921223958334,2.845386388152859
2460361.194378036,613.19384765625,2.8478682145170446
2460361.2013225965,612.1854654947919,2.8491990716306823
2460361.208267157,621.8401692708334,2.8514104160080653
2460361.215211718,617.5794270833334,2.849582290118033
2460361.2221562783,621.70068359375,2.8532430337170545
2460361.2291008397,621.0865071614584,2.853469822211457
2460361.2360454,623.2626139322916,2.855346099490228
2460361.242989961,625.3468424479169,2.8539040206350332
2460361.249934522,625.2648111979166,2.853895527945204
2460361.2568790833,623.0617675781251,2.852865941990976
2460361.2638236447,628.3302408854166,2.854421444732564
2460361.270768205,624.7349446614584,2.8513697671676472
2460361.2777127665,626.9185384114585,2.851287826981018
2460361.284657328,628.9829101562501,2.850432763845666
2460361.2916018893,624.8962402343751,2.8485843154555917
2460361.2985464507,619.9899088541669,2.844199253960396
2460361.305491012,622.069742838542,2.842526334660851
2460361.3124355744,621.1330566406251,2.8392267452757616
2460361.3193801357,620.3850911458334,2.838357666339888
2460361.3263246976,617.0459798177084,2.832691316823611
2460361.3332692594,611.0383300781251,2.827209080925724
2460361.340213821,616.7440592447919,2.8258904503052116
2460361.347158383,615.6517740885416,2.82194142666342
2460361.3541029454,607.2297363281251,2.8151464411972698
2460361.361047507,604.690185546875,2.8114755085802607
2460361.3679920696,609.8425292968751,2.8101520631302743
2460361.3749366314,608.9449055989584,2.8086531285871925
2460361.381881194,610.1015625,2.8043975861006065
2460361.388825756,608.751953125,2.801463551531526
2460361.395770319,618.1306966145834,2.802229120805809
2460361.4027148816,617.4556477864585,2.798908543635676
2460361.409659444,617.795654296875,2.7957130170551356
2460361.4166040067,612.4415690104166,2.790846074221601
2460361.4235485694,618.2144368489584,2.791226531955568
2460361.430493132,617.1234537760416,2.790116275415506
2460361.437437695,621.8321126302084,2.7887603029037167
2460361.444382258,617.331787109375,2.7855005470875813
2460361.451326821,615.66259765625,2.783027903317654
2460361.4582713842,616.0904947916666,2.7828431881831173
2460361.4652159475,626.8802897135416,2.7862866578189798
2460361.4721605107,625.9792480468751,2.7866846894993844
2460361.4791050735,625.6573893229166,2.786899046675733
2460361.486049637,624.4790852864585,2.786016548739596
2460361.4929942004,620.1117350260419,2.784194605477928
2460361.499938764,618.7357584635416,2.784516510268674
2460361.506883328,621.7677408854166,2.7861889382451674
2460361.5138278916,616.9474283854166,2.7842051574934175
2460361.5207724553,612.0445963541669,2.782492785180756
2460361.5277170185,617.9486490885416,2.7857706709450127
2460361.5346615827,613.000244140625,2.785713067043645
2460361.5416061464,610.7402343750003,2.7849139271635046
2460361.5485507105,608.3213704427084,2.785497604846848
2460361.5554952747,605.397216796875,2.783667582515353
2460361.562439839,606.564697265625,2.786444877981261
2460361.569384403,612.9816894531251,2.788436155146762
2460361.576328967,607.9122721354166,2.78743905687698
2460361.5832735314,611.2919108072919,2.790337795812043
2460361.5902180965,614.6962890625,2.793415736234785
2460361.5971626607,620.333984375,2.7969502193101428
2460361.604107225,622.6846516927085,2.7998494402056804
2460361.61105179,620.2710774739584,2.8008680363692675
2460361.617996355,618.2147623697916,2.8007891916806007
2460361.624940919,618.2766927083336,2.80358309923688
2460361.631885484,625.8786621093751,2.8075780757577657
2460361.638830049,626.5370279947919,2.8099601602194184
2460361.645774614,629.919189453125,2.8124105274398077
2460361.6527191787,628.2075195312501,2.8160037990014692
2460361.6596637443,625.4590657552084,2.816397800354071
2460361.6666083094,622.99462890625,2.815944538629925
2460361.673552875,624.1185709635416,2.8153858908573386
2460361.68049744,629.8847656250001,2.817884107408735
2460361.687442005,624.83642578125,2.816354832833017
2460361.694386571,623.5873209635419,2.814197408726054
2460361.7013311363,618.5084635416669,2.811030008846046
2460361.7082757023,620.718994140625,2.810916204394229
2460361.7152202674,620.829833984375,2.8113176078607296
2460361.7221648335,615.9723307291669,2.8076826382012663
2460361.7291093995,617.9318847656251,2.8087936332324417
2460361.736053965,614.43212890625,2.8058294386845133
2460361.742998531,611.9081217447916,2.8041074995843274
2460361.749943097,609.9299316406255,2.802992545482905
2460361.756887663,612.30224609375,2.803294494666913
2460361.7638322297,608.9826660156251,2.8021040974583573
2460361.7707767957,606.9107259114586,2.800370162219357
2460361.777721362,612.3875325520834,2.801815016233723
2460361.7846659287,610.9973144531251,2.800529817897979
2460361.7916104947,611.1934407552084,2.799806542503663
2460361.7985550617,615.2721354166666,2.8019400352583586
2460361.805499628,619.8199055989584,2.803224179466746
2460361.8124441947,622.2116699218751,2.8048466039910127
2460361.8193887617,623.1283365885419,2.8028336103100684
2460361.8263333286,622.1077473958334,2.8028495993428333
2460361.8332778956,621.3977050781251,2.8000405055622957
2460361.8402224625,625.9671223958334,2.800445850469861
2460361.8471670295,624.5537109375001,2.80056481990825
2460361.8541115965,624.0826822916666,2.7969547253043334
2460361.861056164,627.1385904947916,2.795605397174745
2460361.868000731,624.9741210937501,2.7937976177492962
2460361.8749452983,622.9678548177084,2.7916034177352196
2460361.8818898653,623.1171061197919,2.7898657486369083
2460361.888834433,619.8427734375,2.7871646414211537
2460361.8957790006,617.5192057291666,2.7856002415837104
2460361.902723568,620.3672688802085,2.7839922153822694
2460361.9096681364,617.0386555989584,2.7818562406380742
2460361.916612704,619.1368815104166,2.782619961834126
2460361.9235572717,613.7137044270836,2.778500960324115
2460361.9305018396,609.9285481770834,2.778192021910596
2460361.9374464075,614.2447102864584,2.7789000074194443
2460361.9443909754,611.630859375,2.7770040624236394
2460361.9513355438,607.4921061197916,2.7745709212568967
2460361.958280112,608.4523925781251,2.77572699290244
2460361.96522468,612.556640625,2.7767476849471193
2460361.9721692484,613.3358561197919,2.7771449639574683
2460361.979113817,612.6799316406251,2.777715639705684
2460361.9860583856,612.6714680989584,2.7799897694459172
2460361.993002954,618.7486979166666,2.7817369880513225
2460361.9999475223,616.5021972656251,2.782326037307009
2460362.006892091,614.5155436197916,2.7823082556156327
2460362.01383666,619.5586751302084,2.785532260385184
2460362.0207812293,626.6098632812501,2.7894428273840206
2460362.027725798,625.0,2.7890459803272822
2460362.034670367,623.3881835937501,2.789374029075491
2460362.041614936,625.6800944010416,2.7915263605253506
2460362.048559505,624.8270670572916,2.792176414543287
2460362.0555040743,626.0754394531251,2.7946991057472843
2460362.0624486436,628.9752604166666,2.795532470974733
2460362.0693932134,633.3023274739585,2.7982883994700027
2460362.076337782,632.4803873697916,2.8008480780223777
2460362.0832823515,623.7108561197919,2.7992223386348827
2460362.0902269217,627.66455078125,2.800609860621721
2460362.097171491,622.3579915364585,2.799313563732893
2460362.1041160612,626.0546875,2.8018429047858806
2460362.1110606305,623.3795572916669,2.8009740866524164
2460362.118005198,617.6507161458334,2.799848243988017
2460362.124949766,618.5869954427085,2.800184675923779
2460362.1318943365,613.5621744791666,2.7979611909319595
2460362.138838906,612.5057779947916,2.797195392643656
2460362.145783476,611.1602376302084,2.796873639646954
2460362.1527280468,607.8594563802085,2.795206166797756
2460362.1596726165,606.1625162760419,2.7948245095895277
2460362.166617187,608.099365234375,2.7975403855162586
2460362.1735617574,610.4026692708334,2.794819651453311
2460362.180506328,614.386962890625,2.7977084504272756
2460362.187450899,612.1241048177085,2.795013060604837
2460362.1943954695,614.156494140625,2.794611664871018
2460362.20134004,621.5140787760419,2.7976922470320935
2460362.208284611,620.4619954427084,2.795740925276166
2460362.215229182,618.9863281250001,2.79544320908545
2460362.2221737527,620.4970703125001,2.7956048343997444
2460362.2291183234,623.0332845052084,2.7971400431560682
2460362.236062895,623.783935546875,2.795875527867814
2460362.243007466,626.9964192708335,2.7967726220512845
2460362.2499520374,625.238525390625,2.795796086170847
2460362.2568966085,625.785400390625,2.795400350207584
2460362.26384118,618.765625,2.793007015546912
2460362.2707857513,618.6704915364584,2.7900754426202385
2460362.277730323,621.1346028645834,2.7901606050287175
2460362.2846748945,618.0222981770835,2.7869611839097828
2460362.291619466,619.4801432291666,2.7863226921110473
2460362.2985640382,622.4519042968751,2.786143256806253
2460362.30550861,618.864013671875,2.7825904052649366
2460362.312453182,619.4599609375,2.780555064669739
2460362.3193977536,617.828369140625,2.777354775819163
2460362.326342326,617.8374023437501,2.77652540893163
2460362.3332868977,607.3999023437501,2.769570166691095
2460362.3402314703,609.3346354166666,2.7680998567389845
2460362.347176043,607.7715657552085,2.765022846183919
2460362.3541206145,605.9717610677084,2.7615311883840277
2460362.361065187,608.2613932291666,2.7606140832283557
2460362.3680097596,607.40673828125,2.7572044001297162
2460362.374954332,611.063232421875,2.756607933853978
2460362.3818989047,613.7084147135416,2.7551070027704916
2460362.388843478,613.6874186197919,2.754605438513923
2460362.3957880507,621.8470052083334,2.7540694973836612
2460362.4027326233,618.4677734375001,2.750850114594794
2460362.4096771963,622.0321451822919,2.752145765946844
2460362.4166217693,621.6390787760416,2.7512371094347965
2460362.423566342,625.931640625,2.7511208168763197
2460362.430510916,624.9542643229166,2.7486070483917957
2460362.437455489,628.7801106770834,2.749457357606777
2460362.4444000623,624.60400390625,2.7460618566512918
2460362.451344636,627.0250651041666,2.7465530385877095
2460362.4582892093,625.0050455729169,2.7444361977385205
2460362.465233783,622.9423828125,2.7424128893147337
2460362.4721783563,625.1426595052084,2.7442859022421655
2460362.4791229297,627.3186035156251,2.7440561991915726
2460362.4860675037,623.7740071614584,2.740301837363297
2460362.4930120776,624.7023111979166,2.741749025598216
2460362.4999566516,618.5740559895834,2.7407724333422596
2460362.5069012255,624.3662923177085,2.740504927327398
2460362.5138457995,624.2032063802084,2.7423677418663974
2460362.520790374,612.39208984375,2.7367089177886896
2460362.527734948,614.5984700520834,2.7384273812325315
2460362.5346795223,614.0750325520835,2.7400918847567257
2460362.5416240967,605.2291666666666,2.7348184781661704
2460362.548568671,611.611979166667,2.7392075683938812
2460362.5555132455,613.8230794270834,2.7396013635534646
2460362.5624578204,606.9145507812503,2.7366619637973955
2460362.569402395,609.2733561197916,2.736961549997926
2460362.576346969,613.517822265625,2.7387888238806357
2460362.583291544,608.7066243489584,2.7380017715228484
2460362.5902361195,613.7665201822916,2.741649418663437
2460362.5971806943,616.5406087239584,2.742571974298553
2460362.6041252688,618.8715006510416,2.745971021754743
2460362.6110698446,618.2052408854166,2.7458298163543997
2460362.6180144195,623.908447265625,2.7484580407623014
2460362.6249589953,625.5257975260416,2.7507457454795805
2460362.63190357,621.308837890625,2.7486017337347035
2460362.638848146,620.340087890625,2.7494099558927245
2460362.645792721,630.6439615885416,2.754719518010916
2460362.6527372967,622.1462402343751,2.7526157275476995
2460362.6596818725,623.5865885416666,2.7524399191564672
2460362.666626448,617.6514485677084,2.751535406822987
2460362.6735710236,627.0120442708334,2.753019587635005
2460362.6805156,619.7832845052085,2.7520946352879623
2460362.6874601752,620.7331542968753,2.749749266524159
2460362.6944047515,626.2871907552085,2.7526381854452455
2460362.701349328,616.570556640625,2.7477355233611593
2460362.708293904,618.3583984375001,2.74734780139106
2460362.7152384804,618.6884765625,2.7481674220020733
2460362.7221830566,615.1490885416666,2.74451554970128
2460362.729127633,608.4383951822916,2.7416982217608883
2460362.736072209,610.147867838542,2.7415412365549177
2460362.7430167855,611.6962076822919,2.741492193372276
2460362.7499613627,607.2644856770835,2.7391325203615593
2460362.756905939,607.8764648437503,2.7397135883660932
2460362.763850516,607.9388834635419,2.739904326200597
2460362.7707950925,610.9754231770835,2.7401674407210432
2460362.7777396697,619.5089518229166,2.744303856017206
2460362.784684247,616.6535644531251,2.741721720471642
2460362.7916288236,619.9999186197916,2.7401559642713678
2460362.798573401,618.8970540364585,2.7389950950182205
2460362.805517978,619.2735188802084,2.738274516942006
2460362.8124625552,623.0205891927085,2.737465415975729
2460362.819407133,623.7902018229169,2.7372031064632125
2460362.82635171,621.1483561197916,2.7343708073324433
2460362.833296288,626.0458984375,2.735367188167384
2460362.8402408655,623.763671875,2.7348950304302506
2460362.8471854436,623.82763671875,2.734712110298054
2460362.854130021,627.4839680989584,2.7325726682799005
2460362.861074599,620.71044921875,2.730004710270009
2460362.8680191766,623.2707519531251,2.730227064244487
2460362.874963755,623.3194173177084,2.7281701150545676
2460362.8819083325,625.473876953125,2.72892419934066
2460362.8888529106,615.1192220052084,2.721884858407286
2460362.895797489,620.9459635416669,2.7218676238553314
2460362.9027420674,622.3208821614586,2.7229740704848164
2460362.909686646,620.0224609375001,2.720295082170501
2460362.916631224,620.4775390625,2.7176093881599392
2460362.9235758022,609.87451171875,2.7128124364429804
2460362.9305203813,611.6333007812501,2.7134000965992002
2460362.93746496,611.8913574218751,2.7118054427830587
2460362.9444095385,609.3709309895835,2.7111349290131415
2460362.9513541176,608.5040690104166,2.7103446929644632
2460362.9582986967,605.853271484375,2.70891168741413
2460362.9652432757,610.0743815104166,2.711364973662611
2460362.972187855,613.0431315104169,2.712533007353084
2460362.979132434,615.6112467447916,2.713461132530662
2460362.986077013,615.7909342447916,2.714690139009416
2460362.9930215925,613.9718424479169,2.716205462990581
2460362.9999661716,616.2700195312501,2.7170648825384274
2460363.006910751,619.6665852864584,2.7201595453143033
2460363.0138553306,624.4726562500001,2.7231184246433098
2460363.0207999106,619.130126953125,2.7237662452001175
2460363.02774449,619.1826985677085,2.724513432019165
2460363.0346890697,624.6626790364584,2.727343578776401
2460363.0416336497,622.0962727864584,2.727964374841554
2460363.0485782297,630.3348795572916,2.7334413685102024
2460363.0555228097,624.244140625,2.732319926869525
2460363.0624673897,623.2161458333334,2.7330874648107737
2460363.0694119697,626.505615234375,2.734392062157125
2460363.07635655,624.951416015625,2.7359551971701435
2460363.0833011307,622.9140625,2.73434207917629
2460363.0902457107,618.9454752604166,2.7337145963187837
2460363.097190291,619.9923502604166,2.732608700971267
2460363.104134872,613.5506184895835,2.730116853167779
2460363.1110794526,615.67041015625,2.728316826618011
2460363.118024033,617.5721028645834,2.730711591309803
2460363.124968614,617.0609537760416,2.726776636257378
2460363.1319131944,611.2882486979166,2.724687030998768
2460363.138857776,610.53564453125,2.7228554802303866
2460363.145802357,606.715576171875,2.7185011253956373
2460363.1527469377,605.1760253906251,2.7162350805036044
2460363.1596915196,600.865234375,2.7136722345288153
2460363.1666361,613.342692057292,2.716152331792202
2460363.1735806814,613.9217122395834,2.715261900046592
2460363.1805252633,611.44384765625,2.714891964420063
2460363.1874698442,612.8527018229169,2.714639124366619
2460363.194414426,614.315673828125,2.7114951827720506
2460363.2013590075,620.3526204427084,2.713639411324829
2460363.2083035894,618.3527018229166,2.712428595480961
2460363.2152481712,622.3033040364584,2.7143871951975265
2460363.222192753,623.3329264322916,2.716569523557838
2460363.229137335,622.153483072917,2.71411221926566
2460363.2360819173,621.3603515625,2.71236491560632
2460363.243026499,623.3698730468751,2.7130450895851226
2460363.249971081,625.9684244791666,2.7146155819516147
2460363.256915664,626.7910970052084,2.712874929493836
2460363.2638602457,628.7144368489584,2.715279040288959
2460363.2708048285,623.7888997395834,2.7124747999693866
2460363.277749411,628.7361653645834,2.7113189543420275
2460363.284693993,624.3539225260416,2.7081988040990272
2460363.291638576,622.8709309895834,2.7072905798559854
2460363.2985831588,619.482096354167,2.7041783442029614
2460363.3055277416,623.49560546875,2.704100851445735
2460363.3124723244,620.0438639322919,2.701937298267079
2460363.3194169076,610.9515787760416,2.696418052888221
2460363.3263614904,610.2246907552084,2.6946038215539097
2460363.3333060737,610.6920166015626,2.691964806990052
2460363.340250657,608.3212483723959,2.6890822343998795
2460363.34719524,607.3690592447919,2.6879456953861527
2460363.354139824,605.2530924479169,2.683367814350174
2460363.3610844067,608.9977213541669,2.684465975586713
2460363.3680289905,607.6055908203126,2.6798183907920436
2460363.374973574,607.3707682291667,2.6785686920644523
2460363.381918158,614.1769612630209,2.6803951545828055
2460363.3888627416,617.1129557291669,2.683270746651326
2460363.3958073254,616.6698811848959,2.6783742683794727
2460363.4027519096,613.6734212239585,2.6778047841687793
2460363.4096964933,620.7717285156252,2.6794089554120384
2460363.4166410775,620.8391520182292,2.6776145953840373
2460363.423585661,623.2929687500001,2.6796092102306552
2460363.4305302463,619.4498291015627,2.6762540202876846
2460363.4374748305,623.3890787760417,2.6772029683892185
2460363.4444194143,621.1117350260417,2.6766195420637597
2460363.4513639994,617.1374104817709,2.6744673305963222
2460363.4583085836,626.1546223958335,2.677883866033369
2460363.4652531687,621.4085286458334,2.6762957893744495
2460363.472197753,620.3530680338544,2.674288976038509
2460363.479142338,622.9546712239584,2.675329836082071
2460363.486086923,623.6649169921876,2.6776979028814676
2460363.493031508,618.1360677083336,2.6739973992080817
2460363.499976093,615.7040201822916,2.6740169431228717
2460363.506920678,617.5483805338542,2.6747837194619613
2460363.513865263,615.5955810546876,2.6741317520326624
2460363.5208098483,609.9742024739584,2.672013720698418
2460363.527754434,613.60009765625,2.6713295862084596
2460363.5346990195,609.1732177734377,2.6700957370971814
2460363.541643605,604.9824625651041,2.6674205786659324
2460363.5485881907,606.9558105468751,2.6675175540184974
2460363.5555327763,605.2675781250001,2.6670875522070165
2460363.5624773623,612.5053710937501,2.6712910055257026
2460363.569421948,605.5091959635416,2.667522988525651
2460363.576366534,615.2692871093751,2.671449283128723
2460363.58331112,613.4556477864584,2.6711374080589745
2460363.5902557056,617.9147135416667,2.6726743320525603
2460363.5972002926,619.9763590494792,2.672929423484641
2460363.604144878,623.6579996744794,2.674226829653557
2460363.6110894647,621.5764160156251,2.674349925785728
2460363.6180340513,619.4392903645834,2.673778586879686
2460363.624978638,615.14892578125,2.671488520369081
2460363.6319232243,624.6661376953127,2.675970705584959
2460363.6388678113,625.2932535807294,2.6767126256771303
2460363.645812398,627.0478108723961,2.678073530016641
2460363.652756985,628.3144531250001,2.677622192011747
2460363.6597015723,625.2322998046876,2.677898316747663
2460363.6666461583,626.9974772135416,2.6773410192804845
2460363.673590746,625.8841959635419,2.6767625363977707
2460363.6805353328,626.8208821614584,2.676375671069119
2460363.68747992,626.3325602213544,2.6752362396813214
2460363.6944245077,616.8649902343751,2.673359265492366
2460363.701369095,618.9103190104166,2.6725129169197057
2460363.7083136826,614.0549723307292,2.669444605366127
2460363.71525827,616.2615152994791,2.6715252260510387
2460363.7222028575,615.0583496093751,2.670373814734799
2460363.7291474454,612.3221028645834,2.6701460333801528
2460363.7360920333,614.2120768229169,2.668662495102629
2460363.743036621,609.2881266276044,2.665529175973784
2460363.749981209,609.0283203125001,2.6655380286628527
2460363.756925797,606.588134765625,2.6634433528448054
2460363.763870385,611.8247477213544,2.6666165146274037
2460363.7708149734,614.0234781901042,2.6658894317435555
2460363.777759562,612.5285644531251,2.665721579502324
2460363.78470415,612.6302490234376,2.6633998416210027
2460363.7916487386,619.7753906250001,2.6685889766079627
2460363.7985933274,619.2325439453126,2.6665256087179157
2460363.805537916,614.4307047526044,2.663368569074525
2460363.8124825046,616.8590901692709,2.663605287225509
2460363.819427093,619.6750895182294,2.664103593952908
2460363.8263716823,620.0707194010417,2.6645152678387327
2460363.833316271,624.3383382161459,2.662766331337745
2460363.84026086,623.7606201171876,2.660719214545
2460363.8472054494,626.8461914062501,2.6622064279580884
2460363.8541500387,621.2401123046876,2.659412402971327
2460363.861094628,623.3053792317709,2.6590430131177043
2460363.8680392173,626.9822998046876,2.6581700110735205
2460363.8749838066,622.2683919270834,2.655905802659668
2460363.881928396,623.2712402343751,2.6548339735078765
2460363.8888729857,611.8769531250001,2.651379660176696
2460363.8958175755,612.6055908203125,2.650164125664333
2460363.902762164,620.3727213541669,2.6518824556286344
2460363.9097067514,616.2845052083334,2.6487267447785805
2460363.9166513416,613.5382893880209,2.6474311610404713
2460363.923595932,612.8245035807294,2.6455307857862485
2460363.930540521,610.9986165364585,2.6450695889848905
2460363.937485112,608.3689371744792,2.6429113886756075
2460363.944429702,609.1107177734376,2.64349851045777
2460363.9513742924,612.7237141927085,2.64250240740234
2460363.9583188836,611.0242106119791,2.6436928049934334
2460363.9652634733,609.2755533854169,2.6391138836978114
2460363.9722080645,606.6843668619791,2.63848404744464
2460363.979152655,609.7049967447916,2.640869302654131
2460363.986097246,619.0989990234376,2.6457109597276744
2460363.9930418367,615.6614990234376,2.641265385423838
2460363.999986428,614.9569905598959,2.6421679141666847
2460364.0069310185,623.4498291015626,2.645012381822122
2460364.0138756097,623.1584065755209,2.644830074640467
2460364.0208202014,619.6971028645834,2.64407791020647
2460364.0277647926,623.5803629557294,2.644896120405442
2460364.0347093837,627.2541503906251,2.6461609249617415
2460364.0416539754,629.2851562500001,2.648534138201043
2460364.0485985666,627.8597005208335,2.6491499096011464
2460364.055543158,623.7134602864585,2.646796306020146
2460364.0624877503,622.7585856119791,2.6460994588979796
2460364.069432342,623.3052164713542,2.646083939029862
2460364.0763769336,623.8348388671876,2.6464661217952115
2460364.083321526,625.3014322916669,2.6474993421210353
2460364.090266118,621.5399576822919,2.6457596623861934
2460364.0972107104,618.4911702473959,2.6428023592208163
2460364.1041553025,616.1092529296876,2.641441448068843
2460364.1110998946,617.5560302734376,2.6429830856727503
2460364.1180444877,613.6241048177084,2.6391799559463878
2460364.1249890793,613.2722167968751,2.6375609197758147
2460364.1319336724,610.2118733723959,2.635437275050957
2460364.138878265,611.6877034505209,2.6351357392039474
2460364.145822858,609.9977620442709,2.6318507905305077
2460364.152767451,610.4130045572917,2.6313601116778464
2460364.159712043,613.0311686197916,2.6308354570842094
2460364.166656636,610.3575846354169,2.62923972603287
2460364.173601229,613.0949300130209,2.6270071150101564
2460364.180545823,617.7116699218751,2.6304593158115357
2460364.187490416,615.5994873046876,2.6287525142503236
2460364.1944350093,620.8421630859376,2.6294656518187343
2460364.201379603,617.8181152343751,2.6258488659905628
2460364.2083241963,617.0243326822919,2.6253352510233117
2460364.21526879,624.4214274088544,2.627134767617297
2460364.2222133833,626.6711018880209,2.626928998255579
2460364.2291579773,624.0622965494794,2.625052908801209
2460364.2361025712,627.6082356770834,2.6257715805116257
2460364.243047165,628.6580403645834,2.625411571445618
2460364.249991759,624.4256591796876,2.622790328004596
2460364.256936353,627.1566975911459,2.62299397159389
2460364.2638809476,619.6887207031251,2.620184022294643
2460364.270825542,628.101318359375,2.6221884425731283
2460364.277770136,621.7262369791669,2.6208822713286777
2460364.2847147305,619.1728515625001,2.6191227429650543
2460364.291659325,620.6470133463542,2.617012248731408
2460364.29860392,618.1804606119792,2.614892882779774
2460364.3055485147,618.3528645833334,2.6138418547922684
2460364.3124931096,613.2115071614585,2.6106932714115376
2460364.3194377036,610.218953450521,2.607552847252817
2460364.3263822994,606.7828776041667,2.6045702099781525
2460364.3333268943,610.1548665364584,2.6048636785709762
2460364.340271489,607.8146972656251,2.604384697235839
2460364.3472160846,606.4208984375001,2.602788752783499
2460364.35416068,608.1968587239585,2.599302517500592
2460364.361105275,605.4615478515625,2.599876014735178
2460364.368049871,610.6259358723959,2.5993902099287745
2460364.3749944665,616.5863850911461,2.6007615600465077
2460364.381939062,612.878865559896,2.5980619539660594
2460364.3888836578,616.0068766276041,2.5995927962303926
2460364.395828253,620.7133789062502,2.601070658402127
2460364.40277285,623.146199544271,2.6009461714650857
2460364.4097174457,623.7941487630209,2.5999775935721288
2460364.4166620416,625.2282714843751,2.598477109931459
2460364.423606638,625.2931315104166,2.59853996908538
2460364.430551234,620.3877766927085,2.5968605678283088
2460364.4374958305,628.5587972005209,2.5978958472017744
2460364.4444404272,628.3648681640626,2.5972250860856483
2460364.4513850235,625.2267659505209,2.5962302207668375
2460364.4583296203,626.1156412760417,2.5955394695567446
2460364.465274217,624.7949218750001,2.5953719646365303
2460364.472218814,628.0556233723959,2.5954745950485125
2460364.4791634106,622.787109375,2.5920513864957564
2460364.486108008,618.2192789713542,2.5898996707712327
2460364.493052605,623.5237223307294,2.5939398836645275
2460364.499997202,616.8906250000001,2.5901815707625793
2460364.506941799,615.3747558593751,2.587568582573789
2460364.5138863963,620.1231282552084,2.5886238628470135
2460364.520830994,610.6991780598959,2.5863589147599506
2460364.5277755912,605.7562662760417,2.583260329878294
2460364.5347201894,607.7689615885417,2.584349338320341
2460364.5416647866,608.7532958984376,2.582932962125497
2460364.548609385,607.1282552083334,2.5828842921178627
2460364.5555539825,614.843953450521,2.585608005758607
2460364.56249858,612.8777669270834,2.5857624933999404
2460364.569443179,615.142049153646,2.585397572308015
2460364.5763877765,611.0500488281251,2.58412340576384
2460364.5833323747,614.752197265625,2.5861658571482384
2460364.590276973,615.7672526041667,2.5863585054462734
2460364.5972215715,617.0541992187501,2.587856087407714
2460364.60416617,621.6262207031251,2.5882950736264925
2460364.6111107687,625.1072184244791,2.592030332113414
2460364.6180553674,624.3279215494791,2.5913832197884283
2460364.624999966,618.0211995442709,2.5882634190298517
2460364.6319445646,625.4999593098959,2.589591327648972
2460364.6388891637,620.7744140625001,2.588341551485532
2460364.645833763,624.1668294270835,2.5890993543945915
2460364.6527783615,622.9392089843751,2.5882284818173935
2460364.659722961,620.4523518880209,2.5889807307537516
2460364.66666756,624.8048909505211,2.5898263838364226
2460364.673612159,623.8028564453126,2.5884445764200517
2460364.680556759,622.8179524739584,2.5891396665346673
2460364.6875013583,614.3201904296877,2.5856565317747395
2460364.694445958,618.927205403646,2.5883812529488
2460364.7013905575,612.7874755859376,2.5859303282668833
2460364.7083351575,615.1843261718751,2.5840901145081587
2460364.7152797575,613.5351562500001,2.5838811421211365
2460364.7222243575,609.6376953125001,2.582697106496898
2460364.7291689576,604.9175618489585,2.580412026219779
2460364.7361135576,605.9405517578126,2.58032884573422
2460364.7430581576,608.2530110677085,2.581289911539806
2460364.750002758,603.9593098958336,2.5800773770250562
2460364.7569473586,606.6267496744792,2.582949516462486
2460364.763891959,608.1949055989584,2.5820445495825264
2460364.77083656,613.2367350260417,2.5840092990987533
2460364.7777811605,612.6923421223959,2.5832963923419014
2460364.7847257615,618.5826416015625,2.5860614189030584
2460364.791670362,619.1527506510417,2.5854801472265994
2460364.7986149634,622.5447998046876,2.5876867900542564
2460364.8055595644,618.4009195963542,2.5858975996356883
2460364.8125041653,625.2057291666667,2.5889728745103446
2460364.8194487668,623.625203450521,2.5889610167426076
2460364.826393368,628.1758626302084,2.5883136035450467
2460364.8333379696,630.7029622395834,2.589956680264549
2460364.840282571,627.3187662760416,2.5886126197823214
2460364.847227173,626.8664550781251,2.588556001682796
2460364.854171774,625.5540771484375,2.5883833433743493
2460364.8611163762,620.7560221354167,2.587161695944613
2460364.868060978,625.1528727213542,2.58917213020894
2460364.87500558,625.9708658854166,2.5887071444466963
2460364.881950182,624.4617919921876,2.587057696555964
2460364.8888947843,619.815388997396,2.5854762414912194
2460364.895839386,617.0303548177084,2.5848651544862737
2460364.9027839885,617.2478841145834,2.5835104293650475
2460364.9097285913,612.0535481770834,2.5822295705362115
2460364.9166731937,614.0130208333335,2.582076638913194
2460364.9236177965,608.3308105468751,2.582671875430853
2460364.930562399,607.403767903646,2.5791815162142337
2460364.9375070017,608.7239583333334,2.5794261710517534
2460364.9444516045,607.9526774088542,2.5804917293045633
2460364.951396208,608.4944661458335,2.581523358241362
2460364.9583408106,608.5639241536459,2.5810882954983985
2460364.9652854134,613.7384033203126,2.582786224310642
2460364.972230017,618.1824544270834,2.5845663150916827
2460364.97917462,618.9489746093752,2.586211820457412
2460364.9861192238,616.9870605468751,2.58660394861152
2460364.9930638275,615.0330403645834,2.583940635753382
2460365.000008431,624.8387044270834,2.5868897664176993
2460365.0069530345,624.1652018229167,2.587504361175065
2460365.0138976383,625.8377685546876,2.5879787273864636
2460365.0208422425,622.7215983072919,2.5874732665243627
2460365.027786846,625.5216471354169,2.588349683610166
2460365.03473145,620.8930257161461,2.586838003973783
2460365.0416760542,623.7989908854167,2.5880787144894906
2460365.0486206585,625.9896647135417,2.5876061928645386
2460365.0555652627,623.3235677083335,2.587065949890438
2460365.062509867,621.2497558593751,2.586742202611513
2460365.069454472,624.0419921875001,2.5882779477336144
2460365.0763990763,618.8237711588544,2.586735688890581
2460365.083343681,617.4043782552085,2.587262311746446
2460365.0902882856,619.1260986328126,2.587226867769684
2460365.097232891,617.9868977864584,2.586572447338517
2460365.1041774955,612.083984375,2.5839159156456373
2460365.1111221006,614.9838053385417,2.5848055011593387
2460365.1180667058,607.0651041666669,2.582492924139144
2460365.125011311,607.4006754557292,2.5838504767531405
2460365.131955916,603.7122802734376,2.581556799685272
2460365.1389005217,600.8069254557292,2.579222784204984
2460365.145845127,602.8636881510419,2.5808299700588955
2460365.152789733,610.1912027994794,2.584786307292689
2460365.159734338,611.1761067708335,2.584244768049253
2460365.166678944,608.5655924479167,2.5820116327264016
2460365.17362355,617.5942789713544,2.5861681263032974
2460365.1805681563,616.1852213541667,2.587219326069687
2460365.1875127624,618.400146484375,2.586810595030919
2460365.1944573685,618.1584472656251,2.586023976929519
2460365.2014019745,619.6995849609376,2.5873304239915598
2460365.2083465806,619.2458902994794,2.5860142221951077
2460365.215291187,624.4269205729169,2.5896413627667836
2460365.2222357937,627.5100097656251,2.5894671537415817
2460365.2291804,623.7559407552084,2.5874061212048676
2460365.236125007,625.2765706380209,2.5894441756765985
2460365.243069614,624.1105143229169,2.5902534232673307
2460365.2500142204,628.2506917317709,2.5902990369143835
2460365.256958828,628.9286295572916,2.5903765896220508
2460365.2639034344,627.401082356771,2.5923814797620706
2460365.2708480414,625.7719319661459,2.588686009169139
2460365.2777926493,625.0639241536459,2.5884963043008873
2460365.284737256,621.6761067708334,2.5876201969475408
2460365.291681864,614.0450846354169,2.585645234864477
2460365.2986264713,616.7969156901044,2.58584487336844
2460365.305571079,613.6777343750001,2.5859675607833927
2460365.3125156863,613.650146484375,2.584208352550623
2460365.319460294,606.4648844401042,2.5825119373044916
2460365.326404902,611.4477945963542,2.5833937764250536
2460365.33334951,611.6236165364584,2.58282125918832
2460365.340294118,605.9958089192709,2.581407997987273
2460365.3472387264,608.1492919921875,2.584248138478769
2460365.3541833344,613.2798258463544,2.5841282915657686
2460365.361127943,612.7349446614585,2.5833254796754237
2460365.368072551,615.6160074869794,2.585558575624288
2460365.37501716,614.9669189453126,2.5852192712265603
2460365.3819617685,616.6273193359376,2.585759607520799
2460365.388906377,618.4542236328125,2.586307211082228
2460365.395850986,617.2988281250001,2.586258667072792
2460365.4027955947,620.8110758463541,2.5868015383982925
2460365.4097402035,623.7428385416669,2.587391719138718
2460365.4166848133,621.3617350260419,2.58814143425033
2460365.4236294217,624.3536376953125,2.5885537485500785
2460365.430574031,623.4541015625001,2.5870414356677305
2460365.437518641,625.3006184895834,2.5879747367343966
2460365.4444632498,625.1583251953125,2.5903060226523613
2460365.4514078596,617.9072672526041,2.5852802848976935
2460365.458352469,624.0960286458335,2.5879294972155207
2460365.4652970787,618.6397298177084,2.586060087987082
2460365.4722416885,619.3772786458334,2.5848825328927987
2460365.4791862983,624.5732014973959,2.588221665906644
2460365.4861309086,612.3073323567709,2.583091601925425
2460365.4930755184,621.5862630208335,2.5871958650426508
2460365.500020128,615.2649332682292,2.584160719266751
2460365.506964739,612.6511230468751,2.582226564435208
2460365.513909349,614.0276692708334,2.5831324125795687
2460365.5208539595,605.1905110677085,2.5803404452431984
2460365.52779857,604.9496256510417,2.579713058354891
2460365.5347431805,605.7187906901042,2.5803363325693573
2460365.5416877912,606.8588053385419,2.58147351297101
2460365.548632402,604.0908203125001,2.5800530873864207
2460365.555577013,607.0342610677084,2.583051018193469
2460365.562521624,614.2727457682292,2.585202650004452
2460365.5694662347,616.6521402994794,2.5867553941186654
2460365.5764108463,613.0636393229167,2.583841037377133
2460365.583355457,616.1856689453126,2.58508828684229
2460365.5903000687,612.7869059244794,2.5846087500967427
2460365.5972446795,618.9197184244791,2.5870352134672565
2460365.604189291,619.4573567708334,2.5895988954963367
2460365.611133903,622.6836751302084,2.5891431963895104
2460365.6180785145,625.2266845703126,2.5899167547156177
2460365.625023126,623.1778157552084,2.5891452558881
2460365.631967738,624.4319254557292,2.5926459189385196
2460365.63891235,623.6880289713542,2.5907515261325087
2460365.645856962,620.2906087239584,2.5894691290477425
2460365.6528015737,621.933837890625,2.5893586732153624
2460365.6597461863,625.7012125651044,2.58953335252562
2460365.6666907985,623.3402913411459,2.5908852854297257
2460365.6736354106,618.8083902994792,2.586776623168607
2460365.6805800237,619.5139973958334,2.587627897591402
2460365.687524636,615.5360107421876,2.58555418419771
2460365.694469251,614.7474365234375,2.584606829231087
2460365.7014138643,615.2732340494792,2.5863726037978627
2460365.708358477,612.3695475260419,2.583812743969265
2460365.71530309,614.1751708984375,2.584371957801426
2460365.722247703,606.5802815755209,2.5813786848000317
2460365.729192316,608.5911051432292,2.581194676641725
2460365.736136929,607.7309977213544,2.5833028370601405
2460365.743081542,604.6934814453125,2.5806834827261236
2460365.7500261557,609.5327555338542,2.582956552807477
2460365.7569707693,609.9454752604169,2.58309790482058
2460365.763915383,609.9031982421876,2.583283276366294
2460365.7708599963,612.6835530598959,2.5828086806520276
2460365.77780461,616.3374430338544,2.584793120663772
2460365.784749224,616.8050130208334,2.5850149990069977
2460365.791693838,617.9260660807294,2.58443530158628
2460365.798638452,618.8701171875,2.5853427003679186
2460365.8055830654,621.7328694661459,2.587913049010518
2460365.81252768,621.1717122395834,2.5878021121626467
2460365.819472294,623.4842122395834,2.587375701107844
2460365.8264169083,621.8155110677084,2.586625856771272
2460365.8333615228,620.7288004557291,2.5868053623975156
2460365.8403061368,623.8356526692709,2.5887384092842303
2460365.8472507517,619.2425537109376,2.58493556418498
2460365.854195366,621.9390462239585,2.586321810418032
2460365.861139981,619.9620768229167,2.5846392489368584
2460365.868084596,614.8212076822919,2.58410949615608
2460365.8750292105,619.9068196614585,2.5859035754410633
2460365.8819738254,614.4877115885417,2.5824798500204023
2460365.8889184403,612.7160237630209,2.585442921135062
2460365.8958630557,611.0926920572917,2.5819048640768454
2460365.902807671,610.2155761718752,2.581060260804757
2460365.9097522865,610.7603759765625,2.581530266792712
2460365.916696902,607.2923990885416,2.5815344445290296
2460365.9236415173,605.8345133463544,2.5795711757146464
2460365.9305861327,611.3168131510419,2.5843014015660875
2460365.937530748,605.6666259765626,2.5796615182020415
2460365.944475364,608.267293294271,2.5812630498436486
2460365.95141998,606.1374511718752,2.5820479877594456
2460365.958364595,614.1209716796876,2.583761950751418
2460365.9653092115,612.9403483072917,2.582410615145068
2460365.9722538274,615.8812662760416,2.58454437583066
2460365.9791984437,612.5818277994792,2.5823914098421024
2460365.9861430596,617.1265055338542,2.5838160607543346
2460365.993087676,614.8414306640626,2.5817462705001075
2460366.000032292,619.8170572916669,2.5847126063516113
2460366.006976909,624.9756266276042,2.586681747401126
2460366.0139215253,623.7150065104167,2.5857017350357383
2460366.020866142,618.0064697265626,2.5823988096081445
2460366.0278107584,619.0472005208334,2.582916748217435
2460366.0347553752,620.6965738932294,2.5836416991372824
2460366.041699992,631.8041178385417,2.5877130001614432
2460366.0486446093,623.6545817057291,2.585458155001921
2460366.055589226,622.2876790364585,2.585424307116961
2460366.062533843,620.9547526041667,2.584998132870836
2460366.06947846,624.3598632812502,2.583873489977649
2460366.0764230774,618.54638671875,2.5810866891231394
2460366.0833676946,617.8925781250001,2.5807480678913977
2460366.090312312,616.6713460286459,2.5808604781444378
2460366.097256929,616.2016194661459,2.579586567383728
2460366.1042015473,611.0539957682292,2.5793133544805604
2460366.1111461646,610.1160074869791,2.5769582004070934
2460366.1180907823,613.9247639973961,2.578992825943895
2460366.1250354,607.4439697265626,2.577602220720195
2460366.1319800173,613.7550862630209,2.579485917060901
2460366.138924636,609.3240559895835,2.5766093155918735
2460366.1458692537,607.6359456380209,2.576569012575198
2460366.152813872,608.6172281901044,2.5764956195491817
2460366.1597584896,612.0199381510417,2.5783200686363954
2460366.166703108,611.3925374348959,2.5794215947368637
2460366.173647726,616.1849772135416,2.5809795050544726
2460366.1805923446,611.4036458333334,2.580252172478501
2460366.187536963,616.5742187500001,2.5815149959899744
2460366.1944815814,613.6676839192709,2.5791935686236616
2460366.2014262,617.0891113281251,2.5788424461139305
2460366.2083708183,623.9403483072917,2.583521406757869
2460366.2153154374,623.4376627604167,2.5819869791888297
2460366.222260056,619.8766276041667,2.580194752944728
2460366.2292046747,622.6129557291669,2.5827964053347596
2460366.2361492934,620.5376790364585,2.5825192094089906
2460366.2430939125,616.7725830078126,2.5791754307041637
2460366.2500385316,619.0847167968751,2.580176283363602
2460366.2569831507,619.7737630208334,2.580472131935608
2460366.26392777,617.0821533203126,2.577857279754305
2460366.270872389,617.8654378255209,2.577934996922489
2460366.277817008,614.1762695312501,2.5778632168084803
2460366.2847616277,612.6317952473961,2.575772397525353
2460366.2917062473,610.9766845703126,2.575375625660439
2460366.2986508664,610.674275716146,2.5752866069504834
2460366.3055954855,609.9953613281251,2.5744307916812645
2460366.3125401055,607.1282145182291,2.5721913923062885
2460366.319484725,606.5810546875001,2.574035698381183
2460366.3264293447,606.9245198567709,2.5712865105058347
2460366.333373965,602.1942545572916,2.5708647453032656
2460366.340318585,603.8350830078126,2.5712099638377537
2460366.347263204,608.3867187500001,2.573607154010926
2460366.3542078244,607.859619140625,2.5740500362379524
2460366.361152444,613.3713785807292,2.5739739469417984
2460366.3680970646,611.5360514322917,2.5740875984599683
2460366.3750416846,605.6251627604169,2.5701057194653996
2460366.3819863047,614.3193766276042,2.575684034283252
2460366.3889309256,619.4093831380209,2.577433719290307
2460366.395875545,619.2142333984376,2.5772713206676374
2460366.4028201657,623.1695556640626,2.5778985028648487
2460366.4097647867,621.0149739583334,2.577412211228735
2460366.4167094068,620.8471272786459,2.5777059418037997
2460366.4236540273,622.7401529947917,2.577253693754059
2460366.430598648,625.9614664713544,2.5776436221117147
2460366.437543269,623.1735026041667,2.5782167028892142
2460366.444487889,627.3958740234375,2.579857492873134
2460366.45143251,621.6671142578126,2.5765842857131185
2460366.458377131,623.3264567057294,2.5764768638717257
2460366.465321752,621.2811686197917,2.575487315094317
2460366.4722663723,618.8344726562501,2.574345968202752
2460366.4792109933,617.5708007812501,2.5743474885132414
2460366.4861556143,615.9876708984376,2.5733253890191476
2460366.4931002352,613.9871826171875,2.572719433214853
2460366.5000448567,610.7202555338544,2.5721421616591145
2460366.5069894777,607.4437255859375,2.569066522844778
2460366.5139340986,608.0131429036461,2.570354461402338
2460366.5208787196,607.8882649739584,2.5696922606382198
2460366.527823341,605.8563639322916,2.568368745664303
2460366.5347679625,602.1393636067709,2.5663290459081862
2460366.541712584,608.3908691406251,2.5713173892239314
2460366.5486572054,607.6302083333335,2.568969392927665
2460366.5556018264,606.0821940104167,2.5690432283833426
2460366.5625464483,607.6832275390626,2.569889120607648
2460366.5694910693,607.2357584635419,2.5700020212534214
2460366.576435691,610.0583496093751,2.56961642242786
2460366.5833803127,619.7989908854169,2.5736833728190978
2460366.590324934,615.9275309244794,2.5710806285162593
2460366.597269556,620.5855305989584,2.5727312414690298
2460366.604214178,618.6514892578126,2.5722658422661238
2460366.6111587994,620.3664143880209,2.5736520439577437
2460366.6181034213,620.7215169270835,2.572785872002783
2460366.625048043,622.3727620442709,2.5756777833621713
2460366.6319926647,621.9175211588541,2.574074493802853
2460366.6389372866,620.4996744791669,2.5723709595561233
2460366.6458819085,618.55029296875,2.5721661868742065
2460366.6528265304,613.66845703125,2.5702159686868056
2460366.659771153,616.6980387369794,2.5732363454669893
2460366.6667157747,615.4398600260417,2.5715498299813406
2460366.6736603966,620.4702555338541,2.5730708419570267
2460366.6806050185,615.0981852213541,2.5714594007744336
2460366.687549641,613.5944417317709,2.570326130697293
2460366.694494263,610.5158691406251,2.570640685394844
2460366.7014388847,610.6847330729167,2.5682644598641113
2460366.708383507,607.6823323567709,2.5684036906667127
2460366.715328129,605.8431396484377,2.5669950111710587
2460366.7222727514,605.3678385416667,2.566762849409932
2460366.7292173738,603.1294759114584,2.566109740276827
2460366.736161996,605.6322021484376,2.5659200086888316
2460366.743106618,602.9243570963544,2.5657125242444647
2460366.750051241,604.4832763671876,2.567698989222096
2460366.756995863,607.6086425781251,2.5686898243048923
2460366.763940485,610.8571370442709,2.568953490652639
2460366.7708851076,614.1612141927084,2.5697100904634365
2460366.7778297304,618.0710856119791,2.5722081103800107
2460366.7847743523,617.1759033203126,2.5716671100153286
2460366.7917189747,616.0570068359376,2.573431022390284
2460366.798663597,620.1144612630209,2.5744772647372005
2460366.8056082195,622.1963704427084,2.5760625110066333
2460366.812552842,622.3702799479167,2.5736731364642806
2460366.819497464,620.0016682942711,2.5721270131621288
2460366.8264420866,620.3154703776044,2.5725306524857934
2460366.8333867094,619.5254313151042,2.573246409609853
2460366.8403313314,624.7286376953126,2.5743883794393847
2460366.847275954,618.922078450521,2.5747274798356203
2460366.8542205766,621.4920247395835,2.5731362152939834
2460366.861165199,623.9672851562502,2.5757430354213033
2460366.868109822,619.0146891276042,2.571532393938613
2460366.8750544437,622.3898518880209,2.5752364177875875
2460366.8819990666,610.3155924479167,2.570784083295479
2460366.888943689,612.8962809244794,2.5718058196721554
2460366.895888312,612.5884602864584,2.569989835730991
2460366.902832934,609.7497965494794,2.569766171420145
2460366.909777557,606.2620442708334,2.568735098111124
2460366.916722179,606.3328043619791,2.5686124223499482
2460366.923666802,607.6585286458334,2.5675910694339468
2460366.930611424,604.3289388020834,2.5667056731138764
2460366.9375560465,605.5435791015626,2.5663203269399553
2460366.9445006694,608.3826497395834,2.5676018669826046
2460366.9514452913,610.1889241536459,2.568159121278481
2460366.958389914,607.5022786458335,2.5676382404728977
2460366.9653345365,608.2032470703125,2.5679059786198315
2460366.972279159,612.3778889973959,2.5689342425796613
2460366.9792237817,613.0503743489584,2.570545988646122
2460366.9861684036,614.2650146484376,2.5711225288749096
2460366.9931130265,616.4211832682292,2.572211976739737
2460367.0000576484,612.9070638020835,2.569386568926708
2460367.0070022712,613.6160888671876,2.570500414308623
2460367.013946893,618.4871826171876,2.5714677912631734
2460367.020891516,621.2290445963542,2.575547633690206
2460367.0278361384,616.7473551432292,2.5728795038071675
2460367.0347807608,620.1714680989585,2.574948564738097
2460367.0417253827,620.0640055338541,2.5754023754847792
2460367.048670005,621.0179036458335,2.57626773782258
2460367.0556146274,619.5373942057292,2.571986491757587
2460367.06255925,616.7805989583334,2.5724319352876788
2460367.069503872,616.7398274739584,2.571207252320843
2460367.076448494,616.1067708333334,2.570885007920966
2460367.083393116,614.7501220703125,2.5701264771586256
2460367.0903377384,610.3185221354167,2.5690703838925653
2460367.097282361,610.1936442057292,2.5683888443090113
2460367.1042269827,606.2046305338544,2.5661147647579514
2460367.1111716046,605.6297200520834,2.564883614988786
2460367.118116227,601.1736653645834,2.564427447279142
2460367.125060849,603.3825683593751,2.5647523273704893
2460367.1320054713,601.6890055338541,2.563906431883513
2460367.138950093,599.0440673828125,2.5635502785519493
2460367.145894715,606.4013671875001,2.565385003880039
2460367.152839337,606.6549479166667,2.568763939883989
2460367.159783959,604.9131266276044,2.5645807357953365
2460367.166728581,608.5094401041667,2.5669040584898855
2460367.1736732023,616.3357747395834,2.570937882575717
2460367.180617824,616.5119222005209,2.569934196617459
2460367.1875624456,615.0543619791666,2.5707486437775575
2460367.1945070676,615.6876627604167,2.569289657618628
2460367.2014516895,618.4405110677084,2.5706688645138738
2460367.208396311,620.0139567057292,2.5712878637218584
2460367.2153409324,616.4589029947917,2.5709076581508787
2460367.2222855543,618.3966471354169,2.571131413753488
2460367.2292301753,620.596394856771,2.571981591006713
2460367.236174797,620.8831380208334,2.572605355475977
2460367.2431194186,623.2907307942709,2.574015871033175
2460367.25006404,619.4013264973959,2.5723420975765
2460367.257008661,620.7240397135417,2.572051263570071
2460367.263953282,616.5335286458334,2.570060613210121
2460367.270897904,617.3033040364584,2.5715615154502465
2460367.277842525,614.0388183593751,2.5686206382217835
2460367.284787146,609.2395833333334,2.566855482097917
2460367.291731767,606.7813720703125,2.5670113287809113
2460367.298676388,611.2797037760419,2.568176263936997
2460367.3056210093,609.3660481770835,2.5671694755380177
2460367.31256563,606.4454345703125,2.564854547660148
2460367.319510251,599.5380045572916,2.5628550898694127
2460367.326454872,604.6628824869794,2.5655488841814678
2460367.333399493,598.6706542968751,2.5632176607053876
2460367.3403441138,607.5236816406251,2.565257114625222
2460367.347288734,606.4119873046876,2.566198355452016
2460367.354233355,606.6682128906251,2.5660932589916037
2460367.3611779753,604.2514648437501,2.5646151454237036
2460367.368122596,610.1835530598959,2.567158760469918
2460367.375067217,612.3970540364584,2.5694283197019727
2460367.382011837,616.7909342447917,2.5696154509740805
2460367.3889564574,618.0222574869791,2.570000596104276
2460367.395901078,610.4677327473959,2.568639797864614
2460367.4028456975,616.0320638020834,2.5690687622246275
2460367.409790318,620.7146809895834,2.5723160500039373
2460367.416734938,615.8284098307292,2.570607940926378
2460367.423679558,619.3844401041669,2.5715450196687333
2460367.430624178,618.4016520182291,2.570834616386485
2460367.437568798,619.2037760416666,2.5714774701632215
2460367.444513418,618.5708414713542,2.570642428348613
2460367.4514580383,616.3999430338542,2.569139324051989
2460367.4584026574,613.5597330729166,2.5685017528626912
2460367.4653472775,615.434529622396,2.568608112727713
2460367.472291897,615.2353515625,2.569606518355356
2460367.476921643,619.6107177734375,4.452575926166615
