time,flux,flux_err
2460312.8670129837,477.9229125976562,2.288824305663365
2460312.875114638,476.13990234374995,2.6432912975642
2460312.8820589134,478.96677734375,2.643613951533039
2460312.889003188,480.743095703125,2.6477531732756563
2460312.8959474624,484.58290364583326,2.6449815855204366
2460312.902891738,485.8284049479166,2.6465402332823524
2460312.9098360124,484.0998014322916,2.6460152488889763
2460312.916780287,487.2114680989583,2.6463226064908567
2460312.9237245615,484.4948014322916,2.6457457317698068
2460312.930668835,494.27327473958326,2.6495916703716773
2460312.937613109,493.87499348958323,2.6503566240313234
2460312.944557383,497.15944661458326,2.6511520171444376
2460312.9515016573,492.17348958333326,2.6485729745720996
2460312.957288552,493.3557324218749,3.245626091493171
2460312.965390205,495.93710286458327,2.6513384375827886
2460312.972334478,496.7439388020833,2.6517991416336084
2460312.979278752,496.4650065104166,2.6501730518091793
2460312.9862230252,493.0529069010416,2.650840725603093
2460312.9931672984,494.0982454427083,2.649744736528176
2460313.0001115715,493.76803385416656,2.6496471731964153
2460313.0070558446,487.03123046875004,2.6460498194868363
2460313.0140001173,491.56776041666666,2.6497173263367713
2460313.0209443904,490.32876953125,2.6495380819131538
2460313.027888663,483.8082682291666,2.6457061280943193
2460313.034832936,483.8905957031249,2.6452457149743314
2460313.041777208,479.35134114583326,2.6433673494193206
2460313.04872148,474.4472819010416,2.6419528804562424
2460313.0556657524,476.1451236979167,2.642650385999794
2460313.062610025,479.9359928385416,2.643447982359491
2460313.0695542973,479.69078124999993,2.644204575367074
2460313.076498569,477.4487760416667,2.644775770705996
2460313.0834428407,484.436015625,2.6458860297767353
2460313.0903871125,484.2754947916667,2.6459661445014286
2460313.097331384,482.2638606770833,2.6450883004561323
2460313.1042756555,488.49654296874996,2.648934154106065
2460313.1112199277,491.11093750000003,2.6488070929329814
2460313.118164199,492.32678385416665,2.6509386398992496
2460313.1251084697,492.05113281249993,2.649200286285461
2460313.1320527415,495.619931640625,2.6511743050909655
2460313.1389970123,493.54509765624994,2.651431462621202
2460313.145941283,499.8902994791667,2.6535564350784147
2460313.152885554,496.6771419270833,2.651435866705966
2460313.1598298247,498.9066438802083,2.6544679575846977
2460313.1667740955,498.8978971354167,2.6543050231552963
2460313.1737183663,496.5978776041666,2.6517370760957846
2460313.180662637,500.17100585937493,2.652995847094799
2460313.187606907,494.1303483072916,2.6507391574436108
2460313.1945511773,494.5345638020833,2.6520796941173943
2460313.2014954477,496.3823600260416,2.652393123919269
2460313.208439718,489.05888346354163,2.648592180385762
2460313.2153839883,488.81029296875,2.6499042342721277
2460313.222328258,488.5443554687499,2.6503512935296203
2460313.229272528,484.2251855468749,2.6485121425659996
2460313.236216798,479.83771158854165,2.6463754560378328
2460313.243161068,481.93656901041663,2.6476520207267114
2460313.2501053377,482.1462174479166,2.646043854971357
2460313.2570496066,475.81183268229165,2.6449024223627506
2460313.2639938765,478.65334960937497,2.646379915205099
2460313.2709381455,480.0418424479167,2.646269554994265
2460313.2778824153,485.64939453125,2.6491296480850566
2460313.2848266843,484.07778320312497,2.6487588013000107
2460313.2917709537,483.6475585937499,2.6476332449281523
2460313.298715223,485.1833723958334,2.6535795258908323
2460313.305659492,487.28586588541657,2.653326096029188
2460313.3126037605,490.91733723958333,2.6586103750466044
2460313.3195480295,487.3773632812499,2.661441605484561
2460313.3264922984,496.1486686197916,2.6647703254962205
2460313.333436567,492.69004231770833,2.6686535070066584
2460313.340380836,490.3918033854166,2.671769222168605
2460313.347325104,494.5357194010416,2.6809421755868112
2460313.3542693723,494.3323795572915,2.6864213634561422
2460313.361213641,498.847001953125,2.697658363621881
2460313.3681579097,494.2749283854167,2.7070926914964732
2460313.3751021777,497.82357747395827,2.7173632804599563
2460313.3820464457,495.16626953124995,2.729984325887536
2460313.388990714,489.9770247395833,2.7398028711729006
2460313.395934982,489.51183919270835,2.752301919219583
2460313.4028792502,494.82008789062485,2.7663295123829403
2460313.409823518,488.5930468750001,2.780577938298426
2460313.416767786,488.06547200520845,2.796660392365673
2460313.423712054,487.37709309895826,2.81122953094323
2460313.4306563213,484.04418294270846,2.8266066772716325
2460313.4376005894,485.92860026041654,2.846544677696986
2460313.444544857,480.1441927083333,2.8612300697228523
2460313.4514891244,476.06818359375,2.8757760620735096
2460313.4584333915,479.25378906250006,2.890944303893502
2460313.4653776595,480.8611621093751,2.9065276232196915
2460313.4723219266,474.86730468749994,2.9201537149478813
2460313.479266194,487.3447884114583,2.9418921902165724
2460313.4862104612,486.9329589843749,2.9562601707046827
2460313.4931547283,487.75926757812493,2.97294992784993
2460313.500098996,489.2865755208333,2.9912958492033614
2460313.507043263,492.50355794270837,3.0068740674873933
2460313.51398753,490.86475260416665,3.025570039668867
2460313.520931797,492.6520540364583,3.0462879806403342
2460313.5278760637,492.25152018229164,3.0612389173091983
2460313.534820331,499.6427701822916,3.0844203051959873
2460313.5417645974,497.2661555989583,3.1033105806261942
2460313.548708864,497.42760742187494,3.120794608714368
2460313.555653131,499.7594042968749,3.1404367785822296
2460313.5625973977,503.936015625,3.161801474792489
2460313.569541665,493.0861458333332,3.1770088555921756
2460313.5764859314,504.75073893229165,3.1974343238368075
2460313.5834301976,501.77587890625,3.211549843388371
2460313.590374464,504.1421256510416,3.2310560970748106
2460313.597318731,497.7647786458333,3.244636803627968
2460313.604262997,494.020068359375,3.2562438199137236
2460313.6112072635,490.5341634114584,3.268184357724673
2460313.61815153,489.63795898437485,3.279264064440253
2460313.6250957963,480.9921809895832,3.2911654184259955
2460313.632040063,487.8927083333333,3.3041696501286286
2460313.6389843286,479.5518750000001,3.312005106926822
2460313.645928595,484.8156184895832,3.322745263588358
2460313.652872861,478.7356803385416,3.330255101626649
2460313.6598171275,478.95509765625,3.338215545448607
2460313.666761393,469.74286132812495,3.344186280275327
2460313.67370566,481.7355110677083,3.357230689535196
2460313.6806499255,484.5583072916667,3.3650499907482665
2460313.6875941916,482.5076627604167,3.3706439591136896
2460313.6945384573,485.50887369791644,3.3784570187333283
2460313.701482723,486.99943684895817,3.3862906281452143
2460313.708426989,487.1634960937501,3.3906295033559837
2460313.715371255,491.10438151041654,3.3975043783886574
2460313.7223155205,491.31470703124995,3.403305674995711
2460313.7292597867,492.7608040364583,3.4068146022570045
2460313.7362040523,493.32997070312496,3.4139867913770323
2460313.743148318,494.70910156249994,3.4206821500791253
2460313.7500925832,500.57285807291663,3.428854516057467
2460313.7570368494,497.1537239583333,3.4344080521657783
2460313.763981115,493.94728515625,3.442268584521259
2460313.7709253808,496.1201692708334,3.4478411701388274
2460313.777869646,493.64159505208335,3.454447438936029
2460313.784813912,496.7134700520831,3.461857107202832
2460313.791758178,497.6094596354166,3.4686829902598313
2460313.798702443,490.73707031249995,3.4712208257078747
2460313.8056467087,496.51905598958336,3.4803307364100213
2460313.812590974,492.5545898437499,3.4835684601626795
2460313.819535239,484.2335611979165,3.487296815641893
2460313.8264795053,488.50486979166664,3.495251560128567
2460313.8334237705,478.5697591145833,3.496639810844515
2460313.8403680357,483.1696614583334,3.505288908678357
2460313.847312301,479.9602994791665,3.5106730941983066
2460313.8542565666,478.1586132812499,3.5157379243817597
2460313.861200832,473.74966145833315,3.5188816820982662
2460313.8681450975,477.47448567708324,3.523456616553437
2460313.8750893627,480.9443033854166,3.526052204012719
2460313.882033628,485.7888020833332,3.5302079566791087
2460313.888977893,490.6589973958333,3.533893762916706
2460313.8959221584,480.78477213541663,3.5343767679590834
2460313.9028664236,483.5532682291666,3.5349848969544833
2460313.909810689,486.62697265625,3.5365154837574284
2460313.916754954,491.4435546875,3.539433196209505
2460313.9236992192,491.59717447916654,3.5393540827413763
2460313.9306434845,490.31775390625006,3.542134466587086
2460313.9375877497,497.9600716145831,3.5464969773518913
2460313.944532015,495.6431966145835,3.544844806444544
2460313.95147628,497.2165039062499,3.5469453387472196
2460313.9584205453,497.46757161458316,3.550247805324347
2460313.9653648105,503.4345052083333,3.553042938889267
2460313.9723090758,492.7374674479165,3.5541106323575526
2460313.979253341,492.75440104166654,3.555714827888005
2460313.986197606,491.60188151041666,3.5586534498215765
2460313.9931418714,490.90107421875,3.5610075760871864
2460314.0000861366,489.3726236979166,3.563337091853487
2460314.007030402,490.9070572916665,3.5650726606016416
2460314.013974667,485.09824869791663,3.565857988255735
2460314.0209189323,489.35345703124995,3.5701457183574834
2460314.027863197,476.4672200520833,3.5677148951569007
2460314.0348074622,478.10316406249996,3.570561599020481
2460314.0417517275,481.41746744791664,3.5724653978560106
2460314.048695992,481.9736914062499,3.5735671630869064
2460314.0556402574,478.9345833333332,3.573383141719811
2460314.0625845226,474.2376106770832,3.5736230168988627
2460314.069528788,480.62793619791665,3.5753243244663904
2460314.076473053,480.48224609374984,3.5757841992984645
2460314.0834173183,483.71488281249987,3.5768617184588045
2460314.0903615835,485.49134114583313,3.577658377549142
2460314.0973058487,480.63595703125003,3.5756846450383315
2460314.104250114,492.31395833333335,3.5781962130131233
2460314.111194379,488.0950325520833,3.5757240673697055
2460314.1181386434,492.10572265624995,3.575270513885227
2460314.1250829087,494.69308593749975,3.577976944989473
2460314.132027174,491.5040169270833,3.573534196806842
2460314.138971439,495.28050781249993,3.5744227791421253
2460314.1459157043,494.44354817708336,3.5731179242186246
2460314.1528599695,493.40775390624987,3.571045066016087
2460314.1598042347,495.61965494791656,3.5690013699852874
2460314.1667485,490.4708984375,3.5680190294616794
2460314.173692765,500.81208333333325,3.568230580893987
2460314.1806370304,488.9993033854166,3.5624102627745295
2460314.1875812956,485.9076302083331,3.5611191171216086
2460314.194525561,486.06323567708324,3.5586643525388
2460314.201469826,490.5879036458332,3.5564045372723907
2460314.2084140913,493.37951171874994,3.5535281876301004
2460314.2153583565,485.0534505208332,3.5497396086534163
2460314.2223026217,478.8543619791665,3.5462831898379688
2460314.229246887,474.2843815104167,3.543052193805055
2460314.236191152,475.2829427083332,3.5423731350285554
2460314.2431354173,479.4561067708334,3.5408686539100107
2460314.2500796826,477.6157682291666,3.538353387203949
2460314.257023948,473.2971354166666,3.5351130954150007
2460314.263968213,478.0092513020833,3.534427622234625
2460314.270912478,475.8516927083333,3.5312354641621546
2460314.2778567444,478.7525195312501,3.527553216664852
2460314.2848010096,482.95021484374985,3.523505090444244
2460314.291745275,481.13671223958335,3.518673352795719
2460314.2986895405,483.5227994791665,3.5149361996170776
2460314.3056338057,487.05102864583324,3.510806568378433
2460314.3125780714,488.33447265624983,3.5029667599459877
2460314.3195223366,497.1327669270833,3.4982641929229708
2460314.326466602,490.6311132812498,3.4900379688655065
2460314.333410867,496.8339583333333,3.484896539780093
2460314.340355133,491.7161783854165,3.475481606240091
2460314.3472993984,490.4921549479166,3.4685942114825576
2460314.354243664,493.6814322916666,3.46068934349806
2460314.3611879293,492.6904231770832,3.45576861191287
2460314.368132195,492.8621874999999,3.447883132081771
2460314.37507646,492.05923828124986,3.441732445870086
2460314.3820207263,496.77518880208316,3.4369440522184487
2460314.388964992,490.0604296874999,3.4312208910696445
2460314.3959092577,489.7983854166666,3.427146584411363
2460314.402853523,487.0141894531248,3.424447082237689
2460314.409797789,486.9005533854167,3.4187504146834526
2460314.4167420547,481.3510091145833,3.4160709187024625
2460314.4236863204,478.73734374999987,3.412958040212478
2460314.4306305856,472.7769173177083,3.408125941255943
2460314.437574852,485.5939290364583,3.4109019195727246
2460314.4445191175,474.8810514322915,3.4093376744304247
2460314.451463383,478.37759114583315,3.4099678495283086
2460314.4584076456,473.24419596354164,3.4091232878632916
2460314.4653519113,468.2170052083334,3.4088190531657574
2460314.472296177,476.20815104166667,3.4104935109962287
2460314.479240443,476.7040852864582,3.4119063685617035
2460314.4861847092,483.2119173177081,3.415585279876447
2460314.493128975,481.0156673177083,3.415349469461191
2460314.500073241,480.4914160156248,3.41638140328873
2460314.5070175068,491.07826497395837,3.421021466910563
2460314.5139617734,490.8164811197915,3.423317324392853
2460314.520906039,493.6479231770833,3.4229360320025566
2460314.5278503057,493.5116406249999,3.4240479383803293
2460314.5347945713,493.7659440104165,3.4246724984101706
2460314.5417388375,492.26849609374995,3.4255198361625996
2460314.5486831036,492.4186653645832,3.4264822902537113
2460314.5556273703,494.9597005208332,3.4284117387609423
2460314.562571636,494.28040364583313,3.426099327141111
2460314.5695159025,486.8128059895832,3.4241020515416554
2460314.5764601687,488.76379557291665,3.42486692869235
2460314.5834044353,486.1255338541666,3.4247627037697934
2460314.5903487015,489.80571940104164,3.426842949314434
2460314.5972929676,489.14626302083315,3.42653771946231
2460314.604237234,486.2465625,3.4286018765022828
2460314.611181501,479.47527994791653,3.426147378817515
2460314.618125767,480.82141276041665,3.4278104639874214
2460314.6250700336,478.3852701822918,3.4256743600200292
2460314.6320143,474.3671158854166,3.4249737022947024
2460314.6389585664,472.63180989583316,3.423708430504329
2460314.6459028334,476.68527994791657,3.4277819913686653
2460314.6528471,474.19569335937484,3.424706322643528
2460314.6597913667,472.2089778645832,3.4243854941627574
2460314.666735633,473.8346647135416,3.423338560544502
2460314.6736799,475.74659505208336,3.4239159507503634
2460314.6806241665,480.1878906249999,3.426132049912292
2460314.6875684336,477.00768880208335,3.4245488017167216
2460314.6945127,485.67785807291665,3.427140055096766
2460314.7014569673,485.13151692708317,3.4259522371974875
2460314.708401234,488.1214973958331,3.4286052413059824
2460314.715345501,488.16087890625005,3.4306533006040483
2460314.722289768,492.22730468749995,3.4305072108497896
2460314.7292340347,487.4763346354166,3.4297771222096993
2460314.7361783017,488.3424999999999,3.4303524319272554
2460314.743122569,494.6962174479166,3.433353521780185
2460314.750066836,488.3710807291665,3.4310741735501047
2460314.7570111034,493.53415364583316,3.433087537064477
2460314.7639553705,492.77017578124986,3.435240019195346
2460314.7708996376,487.4279492187499,3.431904035691811
2460314.7778439047,488.5849218749998,3.4335690901944473
2460314.784788172,492.77992838541667,3.433482162403452
2460314.7917324393,482.62757812499984,3.432511369383956
2460314.798676707,483.84256510416645,3.43282007896611
2460314.805620974,479.20031249999994,3.4342084410983955
2460314.8125652415,476.9439583333333,3.432157624852977
2460314.819509509,479.19562499999984,3.432742595599384
2460314.8264537766,477.2306315104165,3.433311093376544
2460314.833398044,471.3397330729167,3.432432314076607
2460314.840342311,477.1563151041666,3.4350583861247794
2460314.847286579,477.1652799479166,3.434807245242169
2460314.8542308467,473.7712695312498,3.4346080633453195
2460314.8611751143,468.06457031249994,3.434761378974537
2460314.8681193823,472.53542968749997,3.435722924570154
2460314.8750636503,479.1675130208334,3.4412015628482364
2460314.8820079174,480.1538606770834,3.4403630364768656
2460314.888952186,485.97975911458315,3.445099562399081
2460314.8958964534,488.80793619791666,3.4465123965182394
2460314.902840722,486.59157552083326,3.448055329024777
2460314.9097849894,487.2909179687501,3.450101977605884
2460314.916729258,490.26125,3.4527354684852014
2460314.9236735255,484.5580989583332,3.452214144758276
2460314.930617794,491.1738020833333,3.4569015741790143
2460314.9375620615,485.30837239583326,3.457469429865931
2460314.94450633,490.76919921874986,3.4622507757234313
2460314.951450598,491.5529622395832,3.4621592057181707
2460314.9583948664,492.5228385416667,3.4642698834933525
2460314.965339135,489.2870898437498,3.46644724687826
2460314.972283403,491.8189973958333,3.4670872857284176
2460314.9792276714,489.63731119791663,3.4649523222621403
2460314.98617194,488.8915624999998,3.4651588828025672
2460314.993116209,480.02680989583314,3.463861151010588
2460315.000060477,479.7253906249998,3.4622639123466357
2460315.0070047453,486.4239257812499,3.4653237195556943
2460315.013949014,480.1179947916665,3.4635580517519213
2460315.0208932827,475.2650520833331,3.4624712900331516
2460315.0278375517,477.69679687499985,3.4636136242096214
2460315.0347818206,474.7629492187498,3.4623433629379328
2460315.0417260886,474.96731119791656,3.4638390204224905
2460315.0486703576,474.12395182291675,3.4636240582814737
2460315.0556146265,468.70965494791653,3.45988586126253
2460315.0625588954,469.16507812499987,3.459229302995707
2460315.0695031644,471.7593880208333,3.4599999997803668
2460315.0764474333,476.76550130208335,3.460848519456814
2460315.0833917023,483.00009114583344,3.4613480505439482
2460315.090335971,477.2891210937499,3.4616126609050255
2460315.09728024,478.92005859374996,3.460182797374701
2460315.1042245096,487.4347330729165,3.4611633059873133
2460315.111168779,486.27414062500003,3.460702537160858
2460315.118113048,482.49556640624996,3.46056651358748
2460315.125057318,490.42527994791664,3.4618495719485316
2460315.1320015867,492.32080078124983,3.465488666353755
2460315.138945856,486.89294270833324,3.462101096982375
2460315.1458901255,487.37975911458335,3.4627229314746693
2460315.1528343954,489.94264322916644,3.4632870986726005
2460315.1597786644,491.5900195312499,3.465617149862522
2460315.166722934,495.5028710937501,3.467031829181644
2460315.173667204,489.50942057291667,3.465048906646525
2460315.1806114735,486.0897591145833,3.46274521117722
2460315.1875557434,482.0431640624999,3.4637051093694446
2460315.194500013,486.5770117187499,3.462534140309392
2460315.2014442827,482.9370442708334,3.4619674638874898
2460315.2083885525,483.38856770833326,3.4636968211852275
2460315.2153328224,477.2145703124999,3.460428293332999
2460315.2222770923,477.9780078125,3.458607854804501
2460315.2292213626,474.3478645833332,3.457355597491194
2460315.236165633,476.01985026041666,3.457110596047373
2460315.243109903,467.14697916666665,3.4538995341321694
2460315.2500541727,474.4354166666665,3.4518875277874113
2460315.256998443,467.2622786458331,3.4466940439153606
2460315.2639427134,474.71691406249994,3.4471992380569927
2460315.2708869837,473.3209635416667,3.4428620516426576
2460315.277831254,470.7534830729166,3.438608175047733
2460315.284775524,477.3323567708333,3.4365093215767666
2460315.2917197947,476.3311653645833,3.430422410000469
2460315.298664065,481.4625781249999,3.4253804984892504
2460315.305608336,482.7453645833331,3.421370401445307
2460315.312552606,489.8480078124999,3.417143012570937
2460315.319496877,493.20704101562495,3.4095381484409977
2460315.326441148,487.79114257812506,3.4009339739183506
2460315.3333854186,487.2923795572915,3.3924012903020326
2460315.3403296894,488.59832682291653,3.3844157747149226
2460315.3472739602,493.08435221354165,3.3769890180452484
2460315.354218231,490.77916015625004,3.3688558816796514
2460315.361162502,488.85666341145816,3.3600751494892216
2460315.3681067727,487.6505989583332,3.3537229297038245
2460315.375051044,484.16065755208336,3.3458678669984483
2460315.381995315,481.7559244791666,3.339779687723883
2460315.388939586,487.54537109374996,3.3382177765143166
2460315.3958838577,486.77638997395826,3.333078734713032
2460315.4028281285,478.1463248697917,3.328782350181614
2460315.4097724,476.4986360677082,3.327617673668708
2460315.416716671,474.8692317708331,3.3264755062151496
2460315.423660943,477.24639648437505,3.3267051372648404
2460315.4306052146,474.6847265625,3.3245379275770155
2460315.4375494854,475.4205761718749,3.3239071674806024
2460315.4444937576,474.3115006510414,3.3224041739621324
2460315.451438029,470.15220377604163,3.3238700917160293
2460315.458382301,470.66454101562493,3.3263242492482465
2460315.4653265723,472.04296223958335,3.330281144390204
2460315.472270844,478.94811523437494,3.3369264841631474
2460315.479215116,482.91003906250006,3.3424476791754443
2460315.486159388,480.28059244791666,3.345865557388582
2460315.4931036597,482.2328320312499,3.3490808439121658
2460315.500047932,490.0966145833333,3.354865817517647
2460315.5069922036,487.6065039062499,3.3582584157093502
2460315.5139364754,489.69468424479163,3.361918652779367
2460315.520880748,488.19440429687484,3.3635828814702573
2460315.5278250203,485.18109374999995,3.36764084223253
2460315.5347692925,492.8303776041668,3.3703502493554063
2460315.5417135647,492.0319531249999,3.3720412990691835
2460315.548657837,494.329609375,3.3745002152505275
2460315.5556021095,489.38938151041657,3.373831345871448
2460315.5625463817,487.99047851562483,3.37568869814927
2460315.5694906544,494.47336588541657,3.378209083536431
2460315.576434927,488.7678580729166,3.378839527872781
2460315.5833791997,485.86341796874996,3.377961970876115
2460315.5903234724,486.471279296875,3.3789627560875135
2460315.597267745,476.3088118489583,3.3765939405423624
2460315.6042120177,480.26869140624996,3.376476441738222
2460315.6111562904,481.28453125000004,3.3780865788494734
2460315.6181005635,481.78975585937496,3.3763755842322425
2460315.6250448367,471.0189127604165,3.3735837486496014
2460315.6319891093,471.01975260416657,3.3735961969937236
2460315.6389333825,472.55626953124994,3.372418804069508
2460315.6458776556,468.93287109374995,3.3711269162345574
2460315.6528219287,467.75486002604157,3.37037138263603
2460315.659766202,474.07421875,3.3700230087285146
2460315.666710475,472.37144205729163,3.370551339028559
2460315.6736547486,475.48679036458316,3.370755304857905
2460315.680599022,476.65742838541655,3.3709588356717677
2460315.6875432953,478.6479296874998,3.370985139964006
2460315.694487569,476.29187174479165,3.3704479197084516
2460315.7014318425,480.9902180989582,3.3727892410204316
2460315.7083761166,488.1431282552082,3.3743012894811373
2460315.7153203897,483.36403971354156,3.3763598999921736
2460315.722264664,489.0882454427083,3.3773195148159485
2460315.729208937,491.381103515625,3.3792599292265826
2460315.736153211,489.8806282552082,3.379006435433089
2460315.743097485,480.95075846354166,3.377770381439324
2460315.7500417586,485.1435677083332,3.3799700022144363
2460315.7569860327,490.2122005208333,3.382861246931629
2460315.7639303072,488.28002929687483,3.3840288939895444
2460315.770874581,488.6407552083333,3.3843220020376594
2460315.777818855,489.63619140624996,3.3844554401341704
2460315.7847631294,482.73093424479174,3.3826726044377966
2460315.7917074035,486.08685872395836,3.383168313184218
2460315.798651678,482.15987304687496,3.3824629923072234
2460315.8055959526,476.69482747395824,3.380994550011152
2460315.812540227,479.53210286458324,3.3824082907185407
2460315.8194845016,482.36312825520827,3.3830940336045896
2460315.826428776,473.8964518229165,3.3793843072197554
2460315.8333730507,468.47980468749984,3.378797381334866
2460315.840317325,468.0127115885418,3.3751079927819005
2460315.8472615997,470.04614908854154,3.375369424441041
2460315.8542058747,470.3196419270832,3.3733560465110735
2460315.8611501497,473.1194628906249,3.3730771624325464
2460315.8680944243,476.99876627604164,3.373863705023478
2460315.8750386992,477.65924804687484,3.3728824809513385
2460315.8819829742,474.92976236979166,3.37008592420899
2460315.8889272497,480.6905729166665,3.3711992387336127
2460315.8958715247,487.6041113281249,3.3728446141640025
2460315.9028157997,480.44374023437496,3.3703369276325006
2460315.909760075,490.7115364583333,3.3737255582009724
2460315.91670435,484.6274837239583,3.371750371100815
2460315.9236486256,489.4876302083332,3.374645073877568
2460315.930592901,485.81265299479156,3.3739209188454313
2460315.9375371765,485.5962532552083,3.374823708146731
2460315.9444814525,490.5606249999999,3.3797986852445736
2460315.951425728,491.4239257812499,3.3789614101960463
2460315.9583700034,483.1498242187499,3.3782318754306773
2460315.965314279,491.24720377604154,3.3809347536791576
2460315.972258555,486.93458984375,3.380152722485541
2460315.9792028307,487.21826822916654,3.3805902901425586
2460315.986147106,481.7020019531251,3.3825024084151942
2460315.9930913826,490.41253580729153,3.3822003585140235
2460316.0000356585,477.9859374999999,3.3774586682380794
2460316.0069799344,474.01945312499976,3.3757707653862785
2460316.013924211,477.6998665364583,3.3750295175725378
2460316.020868487,475.7303059895832,3.374710665863939
2460316.0278127627,468.7141927083333,3.3726325030790734
2460316.034757039,477.9317154947915,3.3718186594235298
2460316.0417013154,469.81298828124983,3.3687530673258816
2460316.048645592,472.32354492187505,3.366986310569874
2460316.055589866,476.93108072916647,3.3677774402468192
2460316.062534141,475.1622688802084,3.3626873823762815
2460316.069478418,475.40354166666674,3.360497074832083
2460316.0764226946,481.9811881510415,3.3611985015271384
2460316.0833669715,478.3616178385416,3.355673191430808
2460316.0903112483,479.78667643229164,3.35382728259077
2460316.0972555247,487.04775065104167,3.3540148660846287
2460316.104199802,481.96755208333326,3.3486006834109396
2460316.111144079,484.95108072916645,3.3462361232429365
2460316.1180883558,487.3048144531249,3.3443337185265283
2460316.125032633,489.80629557291667,3.3433521586937496
2460316.1319769104,490.44527343749996,3.3396459727738197
2460316.138921187,489.76228190104166,3.3362299254852754
2460316.1458654646,491.2912727864582,3.3343828799947333
2460316.152809742,487.5055013020833,3.3309411798134714
2460316.159754019,489.4216048177083,3.330908624618358
2460316.1666982966,485.4669694010416,3.3286683758041686
2460316.1736425743,488.6715722656248,3.3287699186306274
2460316.1805868517,481.2691536458333,3.327870061414506
2460316.187531129,487.38065429687504,3.3288534556542433
2460316.194475407,487.9653027343749,3.3292564866686623
2460316.201419685,482.20631835937485,3.3272426659142194
2460316.208363963,477.25745768229154,3.3253212462693047
2460316.21530824,477.4866503906249,3.32591581192504
2460316.2222525184,481.416796875,3.3274946790691455
2460316.229196796,475.81521484374997,3.3266559267390945
2460316.2361410744,467.1159635416666,3.3243201865910788
2460316.2430853527,470.8428710937499,3.3262040734507945
2460316.2500296305,465.42536132812484,3.322381751646539
2460316.2569739087,472.6622753906249,3.3223943798602913
2460316.263918187,472.61478515624987,3.320433228118285
2460316.2708624653,470.4052213541666,3.3176358628488725
2460316.2778067435,476.14774739583316,3.3177306415439864
2460316.2847510222,482.5256184895832,3.3155961402037355
2460316.2916953005,476.57513671874995,3.311122680424102
2460316.298639579,484.6038574218751,3.310376408463981
2460316.3055838584,481.89249023437486,3.3051613820795662
2460316.3125281367,485.99310546874995,3.302110947215246
2460316.3194724154,487.4573567708332,3.298361335724776
2460316.3264166946,485.79590169270824,3.2923352302805307
2460316.3333609733,490.49035481770835,3.2861743127843166
2460316.340305252,485.52063476562506,3.2777714375781355
2460316.3472495317,489.7430924479166,3.2720342126066444
2460316.3541938104,491.42769531249996,3.2648467082711474
2460316.3611380896,494.48526041666656,3.2587895184334617
2460316.3680823687,485.3571907552082,3.2517718914472478
2460316.375026648,486.6597753906249,3.247648613532633
2460316.381970927,486.04188802083337,3.2421489249914295
2460316.388915207,484.78384765625,3.236716647221476
2460316.395859486,481.28522786458325,3.2311246942976264
2460316.4028037656,481.6945312499999,3.2278533920963635
2460316.4097480453,478.7697460937499,3.2265398799608676
2460316.4166923244,475.23106119791646,3.222627860513947
2460316.4236366046,476.49513997395843,3.2222889652719733
2460316.430580884,474.9330078124999,3.221033730505018
2460316.437525164,472.52321940104156,3.2209829723450176
2460316.444469444,473.6747460937501,3.2216035858477436
2460316.451413724,473.595234375,3.2221287214476475
2460316.458358004,474.3094563802085,3.221917545312712
2460316.4653022843,472.4360481770832,3.2236539763266756
2460316.4722465635,477.1464583333333,3.2263391657754212
2460316.4791908446,479.32055664062483,3.2252969290857236
2460316.4861351247,485.7256673177082,3.2306448829116015
2460316.493079405,486.22280598958315,3.232471910891549
2460316.500023685,485.9841471354166,3.2338938277539717
2460316.5069679655,489.9034212239582,3.2378659167359345
2460316.513912246,489.8618652343748,3.2390866227330757
2460316.520856526,487.65062174479164,3.2404421915774133
2460316.5278008073,490.2173307291666,3.242493445636693
2460316.534745088,495.764423828125,3.2464175585746897
2460316.5416893684,491.6272330729166,3.2457532284014246
2460316.5486336495,481.95091471354164,3.2419590511378775
2460316.5555779305,485.9691829427082,3.2445766847069777
2460316.5625222116,492.73205403645824,3.246098215419414
2460316.569466492,490.7369921874999,3.2445899710809853
2460316.5764107737,483.91941080729174,3.2422351133084746
2460316.5833550547,485.85656249999994,3.244280843629003
2460316.590299336,484.1964550781249,3.2430403828965155
2460316.597243617,486.7012890624998,3.2456714557410957
2460316.6041878983,483.1890104166667,3.2439635250691534
2460316.61113218,480.8392057291667,3.2441777067191335
2460316.618076461,473.2787890624998,3.244301377030295
2460316.625020743,470.3029459635415,3.243470127131543
2460316.631965024,470.36169270833324,3.2458199997742345
2460316.638909306,469.71240559895824,3.2462058273637884
2460316.645853588,471.69094401041656,3.2465634156226577
2460316.652797869,470.7015136718749,3.2482169351629615
2460316.659742151,477.09538736979175,3.250351471922338
2460316.666686433,473.8117838541666,3.250850253767606
2460316.673630715,480.5939615885416,3.2537811601361355
2460316.680574997,479.97253255208324,3.2546330472941585
2460316.687519279,485.8455533854167,3.256705153380581
2460316.694463561,480.7450846354166,3.2552303833588425
2460316.701407843,479.4101204427082,3.2548792568671447
2460316.7083521257,481.38145182291663,3.2583320333900456
2460316.715296408,485.60536458333326,3.2610601704210094
2460316.7222406906,486.97900390624983,3.262598293116005
2460316.7291849726,492.80217122395834,3.265639547116709
2460316.7361292555,485.45471354166665,3.2649219772030924
2460316.743073538,489.27622721354163,3.268619074105674
2460316.7500178204,491.29625000000004,3.271359175952893
2460316.756962104,491.3955045572916,3.2723228539199156
2460316.763906386,488.8573860677082,3.274546480301454
2460316.770850669,482.2836197916666,3.275646062240833
2460316.777794952,486.07546874999997,3.2800257155228034
2460316.7847392354,485.2096712239583,3.28244107642999
2460316.791683518,485.50119791666657,3.284988356786067
2460316.7986278012,483.13412109375,3.2847442158025593
2460316.805572084,478.56134765625,3.283798649031599
2460316.8125163675,475.3716927083333,3.282215882422507
2460316.819460651,474.92966796875,3.2810265869512656
2460316.8264049343,469.5299739583332,3.27831593912591
2460316.8333492177,470.5743782552081,3.2768382149245543
2460316.840293501,468.6854199218748,3.2748914964890967
2460316.8472377844,468.2488574218749,3.2724305521519077
2460316.8541820683,471.5611295572915,3.270817739915054
2460316.861126352,475.8930240885417,3.272802585454532
2460316.8680706355,477.98878906249985,3.269069033682341
2460316.87501492,480.47507486979174,3.2687782181317075
2460316.8819592036,477.7663606770831,3.2672269785732357
2460316.8889034875,479.7851725260416,3.2651553622066944
2460316.8958477713,486.5277766927082,3.2664346333298813
2460316.902792055,483.854404296875,3.267082229935204
2460316.9097363395,489.01869791666667,3.2677331339045725
2460316.916680624,479.31787434895824,3.2662574948679985
2460316.923624908,486.9236328125,3.268199544599709
2460316.9305691924,489.1716634114582,3.2700500356438997
2460316.9375134767,491.52147460937493,3.27203827506387
2460316.9444577615,486.2610709635416,3.2718663712491183
2460316.951402046,488.04364257812495,3.2734017870042145
2460316.95834633,493.6566438802083,3.277931558899644
2460316.965290615,481.59585611979173,3.2756454351208095
2460316.9722348996,483.927978515625,3.277220852126431
2460316.9791791844,478.4760611979165,3.2796649100363915
2460316.986123469,474.6451269531249,3.2802160440984998
2460316.9930677544,482.7005468749999,3.2813274185705574
2460317.0000120397,471.3186653645832,3.280917864789146
2460317.0069563244,478.4941666666667,3.2825258715483216
2460317.013900609,475.81421549479154,3.283213027516076
2460317.020844895,467.23632812499983,3.2810905102633723
2460317.0277891797,469.6974934895832,3.2818935064254604
2460317.034733465,470.8824348958333,3.2829061925429084
2460317.04167775,470.4930501302083,3.28020675967528
2460317.048622036,476.4534960937499,3.282268988140164
2460317.0555663216,472.23166341145816,3.279174062438333
2460317.0625106073,475.7532845052083,3.2786786474227902
2460317.069454893,477.3860123697917,3.27849267166502
2460317.0763991787,474.7592903645832,3.2732574938919434
2460317.0833434644,477.28683919270816,3.272047399189185
2460317.09028775,480.25138997395834,3.2691308999658806
2460317.097232036,483.8657552083332,3.2648292486923616
2460317.1041763215,484.8279166666666,3.262260837148039
2460317.1111206077,485.62900716145833,3.2589930340326725
2460317.118064894,492.56288411458326,3.255348613515148
2460317.12500918,494.71611979166664,3.251927021507447
2460317.131953466,489.35360677083327,3.2467316318472985
2460317.1388977524,494.76966796874996,3.245389859922503
2460317.1458420386,492.3717740885416,3.239668525865616
2460317.152786325,485.6713541666666,3.234620238863288
2460317.159730612,490.1651464843749,3.2340387923635934
2460317.1666748985,485.93738932291654,3.231968566849993
2460317.173619185,489.18215169270826,3.2306282137205984
2460317.1805634717,488.7710677083331,3.227050110096712
2460317.1875077584,485.2705598958334,3.226046463008378
2460317.194452045,479.45699218749996,3.224775688518045
2460317.201396332,485.1772070312498,3.2258356988321886
2460317.208340619,481.42343098958327,3.2249992429833223
2460317.215284906,474.14942057291654,3.2239474278409674
2460317.222229193,475.11834635416653,3.225141251370106
2460317.22917348,471.87588541666656,3.2255022375055145
2460317.236117767,472.1041699218749,3.2271008536695693
2460317.2430620547,471.59957031249996,3.2270708558404695
2460317.250006342,473.8609179687501,3.2307182478499215
2460317.2569506294,473.7741178385415,3.2313904754957616
2460317.263894917,472.0474414062499,3.2287196663519353
2460317.2708392045,476.65772460937495,3.23119729189349
2460317.277783492,480.8365364583333,3.2312953377858573
2460317.2847277797,478.4577083333332,3.228425232768339
2460317.2916720673,481.33731445312486,3.229673041627182
2460317.2986163553,492.2837760416667,3.2281353013187495
2460317.3055606433,490.33248046874996,3.2255022038014016
2460317.312504931,486.2236067708333,3.2205001558168296
2460317.3194492194,487.60942708333323,3.2151707744864546
2460317.3263935074,490.24707682291654,3.2132991459056126
2460317.3333377955,487.2970703124999,3.2072202794456417
2460317.340282083,489.80202148437485,3.2073941510731356
2460317.347226372,493.0693522135416,3.2041623306808558
2460317.35417066,484.51154622395825,3.1968738848448246
2460317.3611149485,484.58011718749987,3.192275889741783
2460317.368059237,486.1118326822916,3.190657835797851
2460317.3750035255,481.8084570312499,3.18627776006276
2460317.381947814,484.91768229166655,3.185504458359713
2460317.388892103,480.30779296875,3.1824369033255344
2460317.395836392,479.97931966145825,3.178620095435097
2460317.4027806805,473.05595703125,3.173186009168553
2460317.4097249694,474.99940755208337,3.172109255128318
2460317.4166692584,470.7687434895832,3.1698422491207516
2460317.4236135473,466.5795605468749,3.1674151697997655
2460317.4305578363,475.57110677083347,3.1692039436151433
2460317.4375021253,465.84064778645825,3.1658697731615515
2460317.4444464147,472.23408854166655,3.169216657005373
2460317.451390704,468.5528938802083,3.1674276152004475
2460317.4583349936,471.56494791666665,3.1675337717177237
2460317.4652792825,476.4977441406251,3.167763445975066
2460317.4722235724,482.78274088541656,3.169622664841894
2460317.479167862,483.408759765625,3.171044928481742
2460317.4861121513,484.7353971354167,3.1716043884173106
2460317.493056441,483.68832356770827,3.1719247643610804
2460317.5000007306,487.9469205729165,3.173692798815575
2460317.5069450205,484.44248372395833,3.173228922410436
2460317.5138893104,491.89274739583334,3.1733565975401667
2460317.5208336003,493.2231705729167,3.174305894733532
2460317.52777789,495.6490852864583,3.1754310315722853
2460317.5347221806,490.1586263020834,3.1729503123593936
2460317.5416664705,489.45845703124996,3.1732312842412767
2460317.5486107613,491.15201171875,3.172464445323012
2460317.555555051,489.51929036458324,3.170728854665272
2460317.5624993416,489.2600585937501,3.1679714409292328
2460317.569443632,485.62912760416657,3.166637613631216
2460317.5763879227,485.6883268229167,3.165485600559453
2460317.583332213,489.0202311197916,3.1659554821334956
2460317.5902765035,482.592685546875,3.1626268450555113
2460317.5972207948,478.2675748697916,3.1614543473733754
2460317.604165085,480.15036783854174,3.161068519257247
2460317.611109376,476.65981119791667,3.162497672704612
2460317.618053667,474.4098730468748,3.161323618675205
2460317.624997958,470.8887141927083,3.162063631826157
2460317.6319422494,476.0360546874999,3.1652956140873987
2460317.6388865397,467.90889322916655,3.16300271361867
2460317.645830831,469.0629557291666,3.1650076142667296
2460317.6527751214,469.9348177083334,3.1674691118635567
2460317.659719411,472.66896484374985,3.1703457759807048
2460317.666663702,469.6732714843749,3.1692047337018825
2460317.6736079934,484.9529752604167,3.1754817571584297
2460317.6805522847,484.04404947916646,3.177223952765272
2460317.687496576,482.4149446614583,3.1756809050048536
2460317.694440868,484.52313151041653,3.1765808782449008
2460317.7013851595,487.99846354166675,3.1784881597674635
2460317.7083294517,486.63450846354164,3.1780134622119824
2460317.715273743,491.45427734375,3.1797935137408864
2460317.7222180353,483.8812988281249,3.178583139398213
2460317.729162327,491.7600944010417,3.1824857048828896
2460317.7361066192,487.0039973958331,3.1819181602711377
2460317.743050911,489.3464225260415,3.1863634496115734
2460317.749995203,486.35725260416666,3.184118717928824
2460317.7569394954,493.10656901041665,3.187706824926801
2460317.7638837877,480.8400846354166,3.1856805094275145
2460317.7708280804,490.4973665364584,3.1890565398505752
2460317.7777723726,481.8112825520834,3.186597575441033
2460317.7847166653,489.212314453125,3.1895196736873266
2460317.791660958,477.98114257812495,3.186778856421258
2460317.79860525,473.945380859375,3.1846578600154376
2460317.805549543,478.92573893229155,3.1847604380580656
2460317.812493836,477.3204199218749,3.1837175675009153
2460317.819438129,470.5975585937499,3.17973189243189
2460317.8263824214,466.13203125,3.176657827433335
2460317.8333267146,469.99905273437497,3.1757570287736745
2460317.8402710077,471.66911458333334,3.174896959710345
2460317.847215301,472.21908528645827,3.1728773638555823
2460317.854159594,471.85315429687506,3.1697012670772295
2460317.861103887,478.54759765624993,3.170567068681272
2460317.8680481804,480.1581315104166,3.1703008045719128
2460317.8749924744,475.52202799479164,3.169160299996932
2460317.8819367676,485.73227864583333,3.1729351402710395
2460317.888881061,483.8285188802083,3.1722342087331596
2460317.895825355,490.7494661458333,3.174654566177663
2460317.902769648,489.2180338541666,3.17605443996705
2460317.9097139426,485.67250651041667,3.1735658147360297
2460317.916658236,489.2272135416667,3.1750155737762378
2460317.9236025293,493.09840169270836,3.1770135390269236
2460317.930546824,492.78515950520824,3.176125838400068
2460317.9374911175,485.4745117187499,3.1738534497777824
2460317.944435412,491.1473958333331,3.1751039079145573
2460317.951379706,486.1168131510415,3.173539788400557
2460317.9583240007,486.3364615885418,3.1739845756989733
2460317.965268295,486.92115559895836,3.17582079154829
2460317.972212589,483.46232747395834,3.173121506197193
2460317.9791568834,484.754951171875,3.1733984745908477
2460317.986101178,484.3960611979166,3.173788427478385
2460317.9930454725,483.50835611979164,3.173805537319303
2460317.999989767,485.09786132812496,3.1748723043658504
2460318.006934062,474.4769661458333,3.171944904391328
2460318.0138783567,476.3418424479167,3.1719618510472336
2460318.0208226517,470.5912890625,3.1727067813085266
2460318.0277669467,467.10309895833325,3.1719826177410617
2460318.0347112417,469.37637369791656,3.173219638908544
2460318.0416555367,476.1838313802082,3.177294549963713
2460318.0485998318,473.45308593749996,3.1779439171361243
2460318.055544127,471.7068684895832,3.1768140533145104
2460318.062488422,476.1850292968749,3.1789612670817156
2460318.0694327173,481.3799674479167,3.178066267022236
2460318.0763770128,482.961337890625,3.1786079457151604
2460318.0833213083,483.5525520833333,3.1759622547162754
2460318.0902656037,484.13802734375,3.1757898314633213
2460318.097209899,490.51210611979167,3.172085878929321
2460318.104154195,486.00840494791663,3.168747828545607
2460318.1110984907,487.3667610677083,3.165277797885766
2460318.1180427866,486.3423860677082,3.160343492084221
2460318.1249870826,485.38153320312495,3.1558224997831967
2460318.131931379,481.1516406250001,3.1506990083618867
2460318.1388756745,488.22072591145843,3.149745371724563
2460318.145819971,481.32796874999985,3.1416776247091796
2460318.152764267,490.6164485677082,3.141044219067783
2460318.1597085632,487.85078776041655,3.137168402015762
2460318.1666528597,487.5280598958332,3.134174298715688
2460318.1735971556,480.9762858072916,3.1267173973025137
2460318.180541452,486.07894531249985,3.127704237364751
2460318.1874857484,481.5068066406249,3.124339385658534
2460318.1944300453,476.7069824218749,3.1181730646154424
2460318.201374342,476.5200716145834,3.116515568991101
2460318.208318639,477.8607682291666,3.1158098749360303
2460318.215262935,470.89028971354156,3.113752384980597
2460318.222207232,476.62674479166645,3.1168385375308927
2460318.229151529,472.33186197916666,3.11507664642575
2460318.2360958257,469.9413444010417,3.116471317163649
2460318.2430401235,472.22633789062485,3.1161559234736864
2460318.2499844204,471.83724934895827,3.1182101900294903
2460318.2569287177,476.84598632812487,3.1201218133767252
2460318.263873015,484.39840820312503,3.122338747163422
2460318.270817312,477.24315429687493,3.1216610746304583
2460318.2777616098,485.6466308593751,3.1234889242300508
2460318.284705907,486.33086588541664,3.1242006118381807
2460318.2916502045,486.46227539062494,3.1233541227480757
2460318.2985945023,486.4760221354166,3.1243632928215668
2460318.3055388,489.91307291666664,3.1216051903147677
2460318.3124830974,491.1391243489584,3.1213906377026848
2460318.3194273952,496.0493522135416,3.1175052627808424
2460318.3263716935,493.619541015625,3.1139568328957483
2460318.3333159913,488.54984374999987,3.1084891475154457
2460318.340260289,491.5914713541665,3.1077778219991483
2460318.3472045874,490.2508919270834,3.103246327845883
2460318.3541488857,485.99888346354163,3.100130604266837
2460318.3610931835,486.05225585937507,3.0948578789616064
2460318.3680374823,482.1358919270833,3.091290392606858
2460318.3749817805,487.78850260416647,3.0884931973090386
2460318.381926079,481.45326497395826,3.0831804477664595
2460318.3888703776,482.73635091145826,3.07936606519546
2460318.3958146763,480.41006510416673,3.0769461284613153
2460318.402758975,478.049892578125,3.07283365948332
2460318.4097032733,468.8837727864581,3.0693458869481014
2460318.416647572,472.98076171875,3.068681780947078
2460318.4235918713,474.3607682291666,3.064378961447934
2460318.43053617,469.0868782552082,3.0637633033724714
2460318.437480469,469.5480371093751,3.0633601234435273
2460318.4444247684,468.5596061197918,3.0627464308436347
2460318.451369067,474.28044270833334,3.0628818547562617
2460318.458313367,473.7237792968749,3.0616382588494377
2460318.4652576656,477.93630859374997,3.0648115808190184
2460318.4722019653,482.347412109375,3.0657718791360598
2460318.479146265,476.33277018229154,3.0651575620805023
2460318.4860905637,481.01698893229167,3.068343555247759
2460318.493034864,481.9352734374999,3.0687347369542377
2460318.499979163,486.7817643229167,3.068517540708965
2460318.506923463,490.15160156249993,3.070445567275847
2460318.513867763,489.73291666666665,3.0681271352162565
2460318.520812063,490.1989388020834,3.0661305679565216
2460318.5277563627,488.1462890624998,3.065885540668924
2460318.534700663,485.9317350260415,3.0638795400586942
2460318.5416449625,484.96247721354166,3.064455826332263
2460318.548589263,489.75635416666654,3.061896244498188
2460318.5555335633,481.3766927083332,3.0581638747415756
2460318.5624778634,489.27422851562505,3.0602371381077345
2460318.569422164,484.91266927083325,3.05660822402904
2460318.576366464,482.95768880208334,3.0544556589228447
2460318.5833107647,483.19658528645823,3.0541841970649286
2460318.5902550654,482.2631803385416,3.0540353354610343
2460318.597199366,475.10665039062496,3.051672518113828
2460318.6041436666,472.2396289062499,3.051033471727814
2460318.611087967,470.03979817708324,3.0500159999803707
2460318.6180322682,477.816005859375,3.053570767842898
2460318.6249765693,467.22134765625,3.0484147218194497
2460318.63192087,471.7023404947915,3.0513846116222165
2460318.638865171,476.36297851562495,3.0532826897783374
2460318.645809472,472.6065722656249,3.0544575047602076
2460318.6527537736,473.3135774739582,3.05600290877193
2460318.6596980747,480.9171061197917,3.0586761708678605
2460318.666642376,482.71451171875,3.060175748527652
2460318.6735866773,479.1547298177082,3.0604342616198448
2460318.680530979,481.09404622395823,3.0627357828516666
2460318.6874752804,489.5099576822916,3.0675851414876303
2460318.6944195824,486.44770182291677,3.0636643315606364
2460318.701363884,480.88306315104165,3.0643160760311496
2460318.708308186,485.3394010416666,3.065249399463507
2460318.7152524875,490.5481380208333,3.0692322671161985
2460318.723354173,489.1562939453124,3.7609290421881547
2460318.7291410915,493.21584960937497,3.0735962103454693
2460318.736085394,495.50767903645846,3.0769735987938986
2460318.7430296955,489.90200846354156,3.0769290175879624
2460318.7499739975,487.1414746093748,3.0784348580945555
2460318.7569183,488.6206705729166,3.0823843759274716
2460318.7638626024,486.8737727864582,3.081235682040365
2460318.770806905,479.22403320312486,3.0792142083937057
2460318.7777512074,483.9907877604166,3.081304346882495
2460318.78469551,478.81293945312495,3.770579488025713
2460318.7916398128,481.57129882812495,3.0802894830564322
2460318.798584115,474.18358398437505,3.0773539897858133
2460318.8055284177,478.3998730468749,3.079036992240308
2460318.8124727206,476.5298925781249,3.074665705685268
2460318.8194170236,472.47436523437483,3.073457812894633
2460318.8263613265,469.5270345052084,3.0721845784773527
2460318.8333056294,473.1516894531249,3.070258658737826
2460318.840249933,469.29832682291664,3.0672480476667285
2460318.847194236,470.3460579427083,3.066518072812696
2460318.854138539,476.12512695312506,3.06483341704487
2460318.8610828426,477.2713997395833,3.064401611856518
2460318.868027146,474.72503906249995,3.062796806446233
2460318.8749714494,478.893466796875,3.0635843270645093
2460318.881915753,483.76219726562505,3.0659025391176704
2460318.8888600566,486.4252766927081,3.063939175830857
2460318.89580436,483.5258235677082,3.064505431643925
2460318.9027486644,484.3595377604167,3.06383847135312
2460318.909692968,485.9615071614582,3.063066662525365
2460318.9166372716,488.4910546875,3.0615949084517404
2460318.9235815755,487.07446614583324,3.0591134624988876
2460318.9316832637,484.4716064453123,3.7454764383574823
2460318.937470184,486.3424479166665,3.057585258916676
2460318.9444144876,487.9403841145833,3.056696420138426
2460318.951358792,488.69372395833324,3.053967250818617
2460318.9583030962,482.18651692708335,3.0503316916195913
2460318.9652474006,489.97048828124997,3.0515865327641216
2460318.972191706,480.57306640624984,3.0474354190487354
2460318.97913601,486.89341471354163,3.0468628571781253
2460318.9860803145,477.60047526041654,3.042336356854291
2460318.9930246193,477.2353841145834,3.0424507283562385
2460318.999968924,477.54363932291653,3.044878190454337
2460319.0069132284,469.41996093749987,3.040046878391863
2460319.013857534,471.924736328125,3.0421690399808576
2460319.020801839,475.0995572916666,3.0454229037768386
2460319.0277461433,468.7968066406249,3.046491877388606
2460319.034690449,470.3685188802083,3.045144376294471
2460319.041634754,476.33912434895836,3.048765812246095
2460319.0485790595,481.7351529947916,3.0510613140834697
2460319.0555233643,483.31607421875,3.052342351947022
2460319.06246767,479.92821289062493,3.0505999316982333
2460319.069411976,483.68388997395806,3.050462122344449
2460319.076356281,486.48221679687487,3.0525613767868442
2460319.083300587,485.65033203124995,3.051252565210609
2460319.0902448925,492.55682942708336,3.0543701620726442
2460319.0971891982,489.8243001302083,3.049106039094545
2460319.104133504,492.1234798177082,3.0499498000374228
2460319.11107781,489.4533007812499,3.0426028153713034
2460319.118022116,487.05007812499997,3.0416292802781477
2460319.124966422,488.1205208333333,3.039360387331867
2460319.1319107283,492.1389941406249,3.0381456460930214
2460319.1388550345,490.94650390625003,3.0358378046600314
2460319.1457993407,490.888232421875,3.0354767474170603
2460319.152743647,489.4905403645832,3.0329693096373997
2460319.1596879535,486.23066731770814,3.02973445929293
2460319.1666322597,486.6145182291666,3.028100870442645
2460319.173576567,484.5492317708333,3.0231856582819483
2460319.180520873,483.4650390624999,3.021114660056941
2460319.1874651797,480.38317708333324,3.013450202366321
2460319.194409487,474.29968424479165,3.0086666734100755
2460319.2013537935,475.53435221354175,3.0080107914235694
2460319.2082981,472.06580078125006,3.0023941291597036
2460319.2152424078,473.0078710937499,3.000681172183206
2460319.2221867144,473.06763997395836,3.0016896565283537
2460319.229131022,473.09034179687495,2.9994574339416427
2460319.2360753287,472.9635384114583,2.999410723616746
2460319.2430196363,472.21192382812495,3.000443824138117
2460319.2499639434,475.61869466145845,3.0004455696740426
2460319.4721818143,489.91280273437496,2.968100484543461
2460319.479126124,496.8316699218749,2.969009529217704
2460319.486070434,492.5416796875,2.9644127544203873
2460319.493014744,495.12544921874996,2.962921219792438
2460319.499959054,497.52259765624996,2.96335820382229
2460319.506903364,500.3169433593751,2.9631018964362514
2460319.513847674,511.51971679687495,2.966487802837108
2460319.5207919837,503.72585611979156,2.9629144315402187
2460319.5277362945,507.9472298177082,2.963308905801034
2460319.534680605,505.0373014322915,2.9620536433813762
2460319.5416249153,502.59281250000004,2.95987505613386
2460319.5485692252,497.1988769531249,2.959230523695078
2460319.5555135366,503.2945670572917,2.9596696289544564
2460319.562457847,495.66968098958324,2.9588348132150113
2460319.569402158,494.34570638020824,2.9563092074435278
2460319.576346468,495.80404622395827,2.955776502564955
2460319.5832907795,488.2363606770832,2.9521404536908733
2460319.5902350903,492.05946614583337,2.9526009695895277
2460319.5971794017,486.2897298177083,2.9492827709577747
2460319.604123712,487.5128613281249,2.952013421499094
2460319.6110680234,478.3631998697917,2.9471158902082313
2460319.618012335,479.46272135416666,2.948888661701284
2460319.624956646,480.8075520833334,2.9509489659107526
2460319.6319009573,486.3732942708334,2.9513482069309287
2460319.638845269,485.7692350260415,2.952516660119715
2460319.6457895804,490.5311002604165,2.954217471448573
2460319.652733892,487.21193359375,2.9560930364043405
2460319.659678204,484.7545182291665,2.9548715099066496
2460319.666622516,488.05625325520833,2.9566533990289723
2460319.6735668276,484.8203092447916,2.9565735418559513
2460319.6805111393,498.58755533854156,2.95941239903425
2460319.687455451,499.69190755208336,2.96269815148772
2460319.694399763,497.41513020833327,2.9618277929906593
2460319.7013440756,492.09782552083317,2.9608709252887153
2460319.7082883874,500.17056640624986,2.96227399764674
2460319.7152326996,506.4084049479167,2.966461820778069
2460319.722177012,502.1822591145833,2.963472848520627
2460319.7291213246,503.48939127604154,2.966805447120665
2460319.7360656373,494.6275032552083,2.9631465949473057
2460319.7430099496,500.93996419270826,2.9668287631293087
2460319.7499542623,497.2602115885417,2.964961897096728
2460319.756898575,501.41568033854156,2.963846167950828
2460319.7638428877,494.9937076822915,2.9618471426280615
2460319.770787201,492.6253255208333,2.957818507873673
2460319.7777315136,491.57054361979164,2.9579525140204974
2460319.784675827,494.4250846354166,2.960174244828298
2460319.7916201395,483.59474934895826,2.9528836317177696
2460319.7985644527,486.8381998697917,2.9555752055759075
2460319.805508766,484.651943359375,2.9531186241610556
2460319.8124530795,482.19798828124993,2.9528960900180503
2460319.819397393,487.4627083333332,2.9503256403770037
2460319.826341707,483.592705078125,2.9465889020131257
2460319.8332860195,486.48742513020824,2.9459295855681074
2460319.840230333,490.07469726562493,2.9444520166070087
2460319.847174647,488.6040820312501,2.944450328456929
2460319.8541189604,486.60800130208327,2.9409843725746683
2460319.861063275,488.10693684895824,2.941326716573197
2460319.8680075887,490.1415234374999,2.9391673741079902
2460319.8749519023,493.5911263020833,2.9427775547422432
2460319.8818962164,494.0850878906249,2.9427871541252872
2460319.8888405305,495.28274414062497,2.9461692636361563
2460319.895784845,500.2382942708332,2.9489319676345827
2460319.902729159,500.2316731770832,2.9512928935465044
2460319.9096734733,499.67702473958326,2.951561874391595
2460319.916617788,505.37559570312504,2.9521216865456332
2460319.9235621025,508.2332324218751,2.953318179472698
2460319.930506417,505.0623828124999,2.9502090448584943
2460319.9374507316,502.1475097656248,2.9502815869977757
2460319.944395046,496.6738118489582,2.947819719380066
2460319.951339361,500.11819010416656,2.9479762356820083
2460319.9582836763,499.0221516927084,2.9446731188341553
2460319.965227991,496.50635091145824,2.943235441707571
2460319.972172306,491.49597005208335,2.938494627329893
2460319.979116621,491.4794238281249,2.9363445048846213
2460319.986060936,481.64572916666674,2.9319716076922937
2460319.993005251,487.86419596354153,2.9327767212632794
2460319.9999495666,482.6552539062498,2.9308960748442434
2460320.006893882,484.67312174479156,2.9291694700215842
2460320.0138381976,481.6305208333333,2.9259297810050025
2460320.020782513,481.8020865885416,2.92988549564379
2460320.0277268286,482.25318033854154,2.927632706454929
2460320.0346711446,486.75859375,2.930577679852329
2460320.04161546,485.3307389322916,2.9311658067290165
2460320.048559776,491.6477083333331,2.9359871746525514
2460320.0555040915,492.3993782552084,2.934171681232326
2460320.062448408,492.6971712239583,2.9357124119372613
2460320.0693927244,488.6173697916667,2.932491006895846
2460320.07633704,488.4910123697917,2.9339163141877482
2460320.0832813564,501.31408854166665,2.937151017202286
2460320.090225673,502.4723307291665,2.935842614576146
2460320.0971699893,498.33687499999996,2.9342550160216425
2460320.1041143057,498.0555013020832,2.9337029103173777
2460320.111058622,500.6234960937498,2.9326226229926107
2460320.1180029386,497.24816731770835,2.9296449922367045
2460320.1249472555,504.73884114583325,2.9335952605578925
2460320.131891572,500.02476888020846,2.93009736749384
2460320.138835889,501.2586100260416,2.9315690223810473
2460320.145780206,500.8243196614582,2.929704807992524
2460320.152724523,496.49174153645816,2.925866845355087
2460320.15966884,494.46065429687496,2.926777106658234
2460320.166613157,498.1411263020832,2.9252127119195745
2460320.1735574743,492.0449186197916,2.920264475400392
2460320.1805017916,489.0401660156249,2.91658429089785
2460320.187446109,485.76436197916655,2.9099758014583785
2460320.1943904264,487.60571614583324,2.9066434073619103
2460320.201334744,482.81791015625004,2.9015967301188774
2460320.2082790616,484.7435546875001,2.899093165610608
2460320.2152233794,484.7442220052083,2.893453781724021
2460320.222167697,487.9840527343749,2.8931359633053475
2460320.229112014,479.83775390625004,2.8886620701194743
2460320.2360563325,487.88112304687485,2.890969185041748
2460320.2430006503,486.4754720052083,2.8905468745553264
2460320.249944968,491.2022037760415,2.8936649009545494
2460320.256889287,488.2213671874999,2.891758298823086
2460320.2638336048,496.6008138020832,2.897098297595434
2460320.2707779235,495.47731770833343,2.8969833285975892
2460320.2777222414,501.9935742187499,2.9025752032824865
2460320.28466656,499.1187858072917,2.902864690625963
2460320.2916108784,505.0516634114583,2.907546127338284
2460320.2985551967,504.3643196614583,2.90868166628901
2460320.305499516,503.949658203125,2.908416875008801
2460320.3124438343,505.9029427083333,2.90681591867823
2460320.319388153,503.8945572916667,2.905089313332016
2460320.3263324723,507.31984700520826,2.906910612592038
2460320.333276791,503.02554036458315,2.9038583894579966
2460320.3402211103,502.0945833333332,2.90129446125264
2460320.3471654295,500.81695312500005,2.8997017070408653
2460320.3541097487,497.0550260416667,2.8977046006952865
2460320.361054068,495.99023763020824,2.8992951275233545
2460320.367998387,495.10234700520823,2.8938272464999977
2460320.3749427064,496.65553710937485,2.8931912047505595
2460320.3818870257,492.7245768229166,2.8896079411212665
2460320.3888313454,490.8487304687499,2.889336379189763
2460320.395775665,486.3431640625001,2.8857612145454894
2460320.4027199848,487.5193717447917,2.891249323218144
2460320.4096643045,485.58342447916675,2.8876713154648357
2460320.4166086246,486.02500325520833,2.8843044389343717
2460320.4235529443,484.6667220052083,2.8829141637864963
2460320.430497264,484.3828092447914,2.882384388220537
2460320.437441584,488.16387369791664,2.8808750641554197
2460320.4443859044,487.20190755208324,2.879290261363883
2460320.4513302245,490.63080078124995,2.8779310784615872
2460320.458274545,494.5715201822915,2.878057293242206
2460320.465218866,495.6265299479167,2.8771258476102286
2460320.472163186,498.9728190104165,2.8765374872953937
2460320.4791075066,498.55043619791667,2.8757850917669665
2460320.486051827,500.84906575520836,2.8763594168010544
2460320.4929961483,500.3647395833332,2.8753787488978877
2460320.4999404685,503.31854166666653,2.8757626586248226
2460320.5068847896,499.70225260416663,2.873718731689563
2460320.5138291107,506.5428157552081,2.8754346211800446
2460320.5207734318,502.5343457031251,2.872108386273167
2460320.527717753,502.87712890625,2.870991002710102
2460320.534662074,502.0709895833332,2.8683800150095347
2460320.541606395,499.3870703124999,2.8656503888207325
2460320.548550716,498.4507942708333,2.8661895650297393
2460320.555495037,496.14319010416665,2.8640918201644925
2460320.5624393593,500.2483919270832,2.8636880180129825
2460320.569383681,491.0973665364583,2.860121488506532
2460320.5763280024,498.34444335937513,2.864193611648511
2460320.583272324,488.14601562499985,2.8583510591104133
2460320.590216646,483.5851790364583,2.8572547590316657
2460320.5971609675,483.14885091145817,2.855093673761919
2460320.60410529,484.12835611979153,2.856314834784376
2460320.6110496116,482.3712662760416,2.8540122555366274
2460320.617993934,479.06540364583316,2.8525285809804335
2460320.624938256,485.2072233072916,2.8539307873662314
2460320.6318825786,488.3099641927083,2.855087645584259
2460320.638826901,483.7261914062498,2.8530479275790923
2460320.645771223,491.1786263020833,2.855374160580842
2460320.6527155456,490.5515462239582,2.8535049728298394
2460320.659659868,497.6268164062499,2.85586218688814
2460320.666604191,497.5842871093749,2.855323593235724
2460320.6735485136,495.05294921875003,2.854743610518765
2460320.6804928365,498.17723958333335,2.855578138454057
2460320.6874371595,499.83448893229144,2.855542658815789
2460320.6943814824,498.1888964843749,2.8552072468931
2460320.7013258054,501.9195117187499,2.8561819226864777
2460320.7082701284,498.18454427083316,2.8542042645204315
2460320.7152144513,505.43016601562493,2.85622028235985
2460320.7221587747,503.43124348958327,2.8542758131705885
2460320.729103098,504.63825520833325,2.8546103253886312
2460320.7360474216,503.41847981770826,2.8539287260865147
2460320.742991745,500.39647460937493,2.85091841153394
2460320.7499360684,497.0183268229166,2.847590585430877
2460320.7568803923,494.0040039062498,2.847171215001906
2460320.7638247157,499.33472005208324,2.845228744067942
2460320.7707690396,502.82489908854177,2.8443717349885715
2460320.777713364,493.42511718749984,2.8405725997023463
2460320.784657688,492.5945833333332,2.837913921376337
2460320.791602012,491.34545898437483,2.8382597631957016
2460320.798546336,486.4307877604165,2.834438907225188
2460320.80549066,487.93882486979163,2.834752524231241
2460320.8124349844,487.1049023437499,2.8331127019430795
2460320.8193793087,483.7638183593749,2.8322703807275045
2460320.8263236335,488.0646907552082,2.8340112182503656
2460320.8332679574,484.9868196614584,2.8326765913539558
2460320.8402122823,491.3298795572917,2.8347883235595503
2460320.847156607,489.4521842447916,2.8334825847470717
2460320.854100932,491.02622721354163,2.8328334444383505
2460320.8610452567,501.94520507812496,2.836540075319661
2460320.8679895815,494.548984375,2.8331976696979715
2460320.8749339064,500.6469270833333,2.83571442346679
2460320.881878231,504.44850585937485,2.837156924190998
2460320.888822557,501.09501302083316,2.836933461515871
2460320.8957668818,504.45485677083326,2.838831565816268
2460320.9027112075,500.7649283854166,2.8391783069434413
2460320.9096555323,501.81760416666657,2.841672259758209
2460320.916599858,505.52429361979176,2.8432361314344767
2460320.9235441834,503.3329101562499,2.8423881003889715
2460320.930488509,496.89686848958337,2.838442300921489
2460320.937432835,500.26343424479154,2.839012937381968
2460320.9443771606,497.86248046875,2.8378124693867846
2460320.9513214864,492.6322981770833,2.836485665810129
2460320.9582658126,489.6576595052082,2.8318396596318505
2460320.9652101384,502.57010742187504,2.836092609207619
2460320.9721544646,492.2000976562501,2.829835990785252
2460320.979098791,487.65248697916667,2.8271900021464824
2460320.9860431165,483.34668619791665,2.8234853836784684
2460320.992987443,481.5859830729166,2.8222315034595495
2460320.9999317694,486.7378287760418,2.821644120752754
2460321.0068760957,480.10241536458324,2.8168976964435544
2460321.0138204223,486.0912109374999,2.817313538869192
2460321.020764749,488.12157226562493,2.8171819199850696
2460321.0277090757,484.30095377604175,2.816720279119897
2460321.034653403,488.8819173177082,2.8180594764335862
2460321.0415977295,493.4623958333332,2.819213859082852
2460321.0485420567,493.87757486979154,2.8185459125291206
2460321.0554863834,494.9894498697916,2.8187629376132453
2460321.062430708,495.4864062499999,2.8187026315716177
2460321.069375035,497.9064908854166,2.818235392455932
2460321.076319363,497.12549804687495,2.816979511271745
2460321.08326369,503.22107096354165,2.819576178810575
2460321.0902080173,506.337001953125,2.8195657944750177
2460321.097152345,497.4818945312498,2.8163321416599403
2460321.1040966725,510.4264420572916,2.8187041645408546
2460321.1110410006,505.4918619791667,2.8148899707936206
2460321.117985328,501.31042317708335,2.8119662316616156
2460321.124929656,499.61011718750007,2.810428540052085
2460321.131873984,507.2160970052084,2.8116655166207423
2460321.1388183115,505.13819661458336,2.809646492781251
2460321.1457626396,499.752529296875,2.8070729254207816
2460321.152706968,498.68589518229163,2.805436324700502
2460321.159651296,496.79457682291667,2.8039804941217956
2460321.1665956248,489.75124348958326,2.8012397260740305
2460321.173539953,491.22521484374994,2.8027636210539746
2460321.1804842814,487.26452148437494,2.800223316507387
2460321.18742861,491.361640625,2.8021553552887775
2460321.1943729385,491.77845703124984,2.802698681733401
2460321.2013172675,486.08649739583325,2.7975612700646253
2460321.208261596,484.9550651041668,2.7970495004771307
2460321.2152059246,487.5857910156248,2.797402498802613
2460321.222150254,490.08558593749996,2.795223211139028
2460321.229094583,489.5553580729167,2.7920906054458716
2460321.236038912,485.15499023437513,2.7893099484018378
2460321.242983241,491.85015625000005,2.7930509491043836
2460321.2499275706,497.501025390625,2.794095849457484
2460321.2568718996,500.7770670572915,2.7951674455932767
2460321.2638162295,496.60490559895834,2.7932648693724746
2460321.2707605585,498.7358105468749,2.7945864024582137
2460321.2777048885,500.77964518229163,2.7975080515364947
2460321.284649218,503.62183268229165,2.7969950507603056
2460321.291593548,499.3584765625001,2.795609964511698
2460321.298537878,503.97949544270824,2.7964464832863505
2460321.3054822073,502.0302180989582,2.7930250814672815
2460321.3124265373,504.0756542968749,2.7914013212148774
2460321.3193708677,498.43813802083315,2.789762042807927
2460321.3263151976,502.2219759114584,2.7901868109079206
2460321.333259528,503.40454427083324,2.7892588441217936
2460321.3402038584,499.09971028645833,2.783239473445868
2460321.347148189,501.0148144531249,2.7832549283733425
2460321.3540925193,499.2145670572916,2.781487319795431
2460321.3610368497,488.4937792968749,2.776444392336701
2460321.3679811805,492.6345377604166,2.7764388804397586
2460321.374925511,493.98612304687504,2.7754881603624657
2460321.381869842,483.50059244791646,2.7698963196015125
2460321.388814173,485.787265625,2.771381517385546
2460321.3957585036,483.11872395833325,2.7705264652109207
2460321.402702835,484.63483723958325,2.7708796532850126
2460321.409647166,482.3478743489583,2.77025558064247
2460321.416591497,483.0812825520832,2.771456305303517
2460321.4235358285,491.6561979166666,2.773319358266161
2460321.43048016,490.11939453124995,2.7765727046779998
2460321.437424491,492.9817675781249,2.775189209990678
2460321.444368823,495.43264648437497,2.776149417300568
2460321.4513131543,493.11737630208336,2.7751349322200887
2460321.458257486,492.4000683593749,2.7747290269442746
2460321.465201818,497.17885091145826,2.777474182059794
2460321.4721461493,494.4920410156249,2.775181406165187
2460321.4790904815,499.971435546875,2.7771768480102303
2460321.486034814,500.92923828125004,2.7783118328809713
2460321.492979146,502.888671875,2.7758635610008664
2460321.4999234774,501.4477278645833,2.777205933755987
2460321.5068678097,500.4055598958333,2.7749820192689527
2460321.513812142,503.66760742187506,2.7762818000384737
2460321.520756475,504.6991666666666,2.775192960545041
2460321.5277008074,506.7395996093749,2.7753583015731826
2460321.5346451397,505.9211588541668,2.77658360746748
2460321.541589473,500.23475260416654,2.7711582902585907
2460321.548533805,503.5388606770833,2.769034063179013
2460321.5554781384,496.30860677083336,2.7650866377915992
2460321.562422471,492.523974609375,2.7632086727744283
2460321.569366804,496.21208658854147,2.7630178008387296
2460321.5763111375,489.1313932291666,2.7601277154913606
2460321.5832554703,490.3274576822916,2.7585134970879963
2460321.590199804,490.8500130208333,2.7595049305872412
2460321.5971441367,488.5006477864584,2.75750011079535
2460321.6040884703,488.32266276041673,2.7573828315084428
2460321.611032804,488.43273111979164,2.755614522242615
2460321.617977137,481.9574381510417,2.754569773035989
2460321.624921471,489.05228515624987,2.7567280442499977
2460321.631865805,486.30291015624994,2.754609848426362
2460321.6388101387,491.1183789062499,2.75483271558431
2460321.6457544724,486.493955078125,2.7521241453340592
2460321.6526988065,496.01146158854164,2.754006095521389
2460321.6596431406,493.6311360677082,2.755199433065958
2460321.6665874748,500.6513736979166,2.755830800827542
2460321.673531809,499.7474121093749,2.754965431372545
2460321.6804761435,498.96423502604165,2.754917352513276
2460321.6874204776,500.79017252604166,2.75502868210156
2460321.694364812,501.93540039062486,2.7556300383262187
2460321.7013091464,502.13527343749996,2.7552933379747073
2460321.7082534814,504.7283919270833,2.754654938109042
2460321.715197816,504.6311816406249,2.753806132642488
2460321.7221421506,499.6440234375,2.7521299781357835
2460321.729086486,499.79244140624996,2.7508282988930635
2460321.7360308208,498.1915852864583,2.7500116883457224
2460321.7429751563,496.4874837239583,2.749454466447524
2460321.749919491,496.8192024739583,2.7484144419546563
2460321.7568638264,496.55665364583325,2.7485204437594777
2460321.7638081615,492.447998046875,2.746450850476806
2460321.770752497,489.2511686197916,2.7462550210300996
2460321.7776968325,488.5941243489583,2.7433835862258054
2460321.7846411676,486.9511263020833,2.742820987906057
2460321.7915855036,487.3350683593749,2.742771489237718
2460321.7985298396,490.28369140625,2.7436163619111142
2460321.805474175,484.4051236979167,2.7396524391965182
2460321.812418511,485.07656901041656,2.738316463103125
2460321.819362847,479.408740234375,2.7353017620355806
2460321.826307183,483.5199316406249,2.7371673342074896
2460321.833251519,487.5102115885416,2.7396543192409375
2460321.8401958556,496.48633463541665,2.7399183211343203
2460321.8471401916,493.3341341145833,2.739851727221689
2460321.854084528,495.77172851562494,2.7410544815631153
2460321.8610288645,498.2538802083332,2.742185544384872
2460321.8679732014,491.8157356770833,2.738300739034108
2460321.8749175374,504.9213444010416,2.74369328242477
2460321.8818618744,504.34770182291663,2.7441105427074515
2460321.8888062113,505.9421809895833,2.744169220764648
2460321.895750548,505.859365234375,2.7437205534841618
2460321.902694885,503.3431738281249,2.742728529197223
2460321.909639222,504.12612955729156,2.7440920992968434
2460321.916583559,509.4276692708333,2.7479273604804355
2460321.9235278964,504.03650065104165,2.7460506816718038
2460321.930472234,497.4650162760416,2.7435237192011215
2460321.9374165707,503.97290039062494,2.7482919182255565
2460321.9443609086,498.73196289062497,2.745267063481711
2460321.951305246,502.5737141927082,2.745881462424952
2460321.958249584,498.83309895833327,2.7435053133997918
2460321.9651939212,494.61804361979165,2.74315668564348
2460321.972138259,496.22783203125,2.7441881535812094
2460321.979082597,495.86700846354165,2.741702987240115
2460321.9860269353,484.7626497395832,2.736512336400431
2460321.992971273,489.5524544270833,2.7396157126498495
2460321.9999156115,486.727939453125,2.7378746300385894
2460322.0068599493,493.4886197916666,2.740197678701756
2460322.013804288,482.9696126302083,2.7340751781458046
2460322.0207486264,485.9266438802083,2.7322134758629013
2460322.0276929648,485.6820410156249,2.730306328022212
2460322.0346373036,488.7406249999999,2.7290499336646987
2460322.0415816423,494.5265397135416,2.7293846078067276
2460322.0485259807,495.14236328124986,2.729193603782542
2460322.0554703195,497.6410156249999,2.729638491192894
2460322.0624146587,492.08480794270827,2.7260775457560347
2460322.0693589975,500.08547851562497,2.727707706912872
2460322.076303337,500.6693912760416,2.728557944564099
2460322.083247676,496.00325520833326,2.7287660223046117
2460322.090192015,499.0387858072916,2.7276915150685936
2460322.0971363545,503.5039583333333,2.7290868462817297
2460322.104080694,502.8856705729167,2.7288084275519524
2460322.1110250335,500.49898437499996,2.726176279820441
2460322.117969373,500.4132389322917,2.7246745135844432
2460322.1249137125,500.5856119791666,2.7228831950055894
2460322.131858052,502.12990559895826,2.7229038698721966
2460322.138802392,499.63483072916665,2.7186229422823707
2460322.145746732,502.06043619791666,2.719677394558362
2460322.152691072,492.5456705729166,2.714350506558143
2460322.159635412,494.4126953124999,2.714437217867544
2460322.1665797527,495.1382584635416,2.716217314582432
2460322.1735240924,489.9197721354167,2.714184079507728
2460322.180468433,489.38554361979163,2.7151321779076283
2460322.1874127737,489.46168294270825,2.7147963427428397
2460322.194357114,482.66799153645826,2.7153594167095214
2460322.201301455,479.9322949218749,2.7125236997443944
2460322.208245795,484.67823567708325,2.714968914183524
2460322.2151901363,485.1404459635416,2.716035045236287
2460322.222134477,488.9247265624999,2.716796310273326
2460322.2290788176,491.9098177083333,2.716813216091735
2460322.236023159,487.65868164062493,2.716650006154206
2460322.2429675,490.2211165364583,2.717383353757853
2460322.2499118415,497.7149967447917,2.718910997700942
2460322.2568561826,494.91527018229164,2.7186214778642968
2460322.263800524,494.55058919270823,2.7163798791518734
2460322.2707448653,500.58010091145826,2.7205427663184714
2460322.277689207,500.93422200520826,2.719509838427188
2460322.2846335485,497.4354752604167,2.716536251075835
2460322.29157789,499.117158203125,2.719079867088667
2460322.298522232,505.391845703125,2.7192559979516697
2460322.305466574,502.93041015624993,2.719037727723583
2460322.3124109157,505.6900976562499,2.718137459899505
2460322.3193552583,499.57716145833325,2.71489376681185
2460322.3262996003,506.3992675781249,2.7185127836251066
2460322.3332439424,502.6724739583333,2.7134945238494645
2460322.340188285,495.7440429687499,2.709795197211974
2460322.3471326274,501.91255859374996,2.7107467983428104
2460322.35407697,499.9814192708334,2.709465616836894
2460322.3610213124,493.0285449218749,2.7057712618328504
2460322.367965655,494.14552734374996,2.705395603176919
2460322.3749099975,495.2111393229166,2.7070615276509495
2460322.3818543404,493.2348111979167,2.7022596852909224
2460322.3887986834,485.8739680989583,2.700312439846129
2460322.395743027,485.01724283854156,2.700023073872846
2460322.4026873694,484.074140625,2.6998448873162553
2460322.409631713,480.6321484374999,2.6996770580927154
2460322.4165760563,487.12655598958327,2.7000208669289876
2460322.4235203997,489.77183268229163,2.7013493816549836
2460322.430464743,487.937080078125,2.7010089791235394
2460322.4374090866,492.1284993489583,2.70288201228621
2460322.44435343,491.6548860677083,2.7010321923784786
2460322.4512977735,498.3282975260416,2.703952887543988
2460322.458242118,497.422529296875,2.7036048826252856
2460322.4651864613,499.1003971354166,2.704014903637581
2460322.4721308057,493.8123535156249,2.701486483132486
2460322.479075149,499.0763346354166,2.7026124068386763
2460322.486019494,502.5543001302083,2.7050262106872123
2460322.492963838,499.73670572916666,2.703872884334132
2460322.4999081823,501.6696484375,2.7067776392940863
2460322.5068525267,504.7667122395833,2.7046418122497164
2460322.5137968715,500.3417447916666,2.704240858847935
2460322.5207412154,494.7705501302084,2.700452891307995
2460322.5276855608,500.3872265625,2.7033141418889106
2460322.5346299056,496.9661197916667,2.7014675448108796
2460322.54157425,497.2505989583333,2.701052525016337
2460322.548518595,493.660205078125,2.6997992612847646
2460322.55546294,492.09529947916667,2.6969416581752887
2460322.562407285,494.87012044270836,2.6984523925376833
2460322.5693516303,493.65122721354163,2.69811672527293
2460322.5762959756,491.8372233072916,2.696152731359605
2460322.583240321,485.78080078125,2.6957577757608657
2460322.5901846667,488.24642578125,2.693954628415588
2460322.597129012,487.65348958333334,2.694134818442047
2460322.604073358,479.09170247395826,2.6908899501488235
2460322.6110177035,480.10901041666654,2.69177212814718
2460322.6179620493,484.053505859375,2.692269955872344
2460322.624906395,487.9898828124999,2.6947920646746355
2460322.6318507413,490.12825846354167,2.693598685715264
2460322.638795087,493.58569661458336,2.693485868388905
2460322.645739434,492.74644531249993,2.6945010095817974
2460322.652683779,497.925537109375,2.6952894708176287
2460322.6596281244,495.23064453124994,2.695114228655603
2460322.6665724707,501.0779785156249,2.695320327862987
2460322.6735168174,505.4646484375,2.6969413694076514
2460322.680461164,504.62018880208325,2.696725950357715
2460322.687405511,500.2748079427083,2.69484472006306
2460322.6943498575,506.0735839843749,2.697065220391456
2460322.701294204,502.65383789062497,2.6973858357988356
2460322.7082385514,503.17609700520825,2.695651805369398
2460322.7151828986,502.98707356770825,2.6951562053785945
2460322.7221272453,500.38167643229167,2.693822617281762
2460322.7290715924,504.3272981770833,2.695070553478235
2460322.73601594,496.83763671875,2.694177164646783
2460322.7429602877,491.92165364583326,2.690170387532273
2460322.749904635,497.7503548177083,2.6914407541072514
2460322.756848983,497.28399739583324,2.691162434013101
2460322.76379333,490.9678841145833,2.6904126586555983
2460322.7707376783,489.52441731770836,2.6898622758621773
2460322.777682026,490.1056087239583,2.6876743533897414
2460322.7846263736,485.74718098958334,2.686285656858836
2460322.7915707217,493.3086360677083,2.6891440980209627
2460322.7985150698,488.51516927083327,2.689580000341163
2460322.805459418,480.59646484374997,2.684849129637261
2460322.8124037664,483.0193229166666,2.684994350261545
2460322.819348115,486.91169270833325,2.689670491685753
2460322.826292463,484.07702799479165,2.6896391892165057
2460322.8332368117,490.7615950520833,2.688139485925641
2460322.8401811603,487.15595703124995,2.6884111180909986
2460322.8471255093,494.8864127604166,2.6949305463954754
2460322.8540698583,494.8292415364583,2.6925278221928846
2460322.8610142074,493.475390625,2.6918154625798008
2460322.8679585564,496.42576171875,2.6909135751916504
2460322.8749029054,498.48035807291654,2.6931911104335957
2460322.8818472545,496.6584049479166,2.6918061002769966
2460322.8887916035,502.85594726562493,2.693602910613373
2460322.895735953,499.87646484375,2.69209371237153
2460322.9026803025,501.68019205729166,2.695523555761943
2460322.9096246515,505.5481803385416,2.6935415609406346
2460322.916569002,497.7672005208333,2.6921267875097485
2460322.9235133515,498.63730794270833,2.692883480129179
2460322.9304577014,498.8585774739583,2.691854480282753
2460322.9374020514,500.6249511718749,2.6933608242972826
2460322.9443464014,497.84630859374994,2.6936719361714094
2460322.9512907513,489.3902311197916,2.690665091489097
2460322.958235102,493.5873307291666,2.692998995743499
2460322.9651794517,494.74856445312497,2.6916553272583403
2460322.972123802,492.26587890625,2.6905773653475844
2460322.9790681526,484.28180989583325,2.6881877893802724
2460322.9860125035,485.38513997395825,2.6870996252100627
2460322.992956854,482.544482421875,2.687043154163595
2460322.9999012044,485.68444335937494,2.6872453936884226
2460323.0068455553,482.21507161458334,2.687163604243971
2460323.013789906,489.6088476562499,2.688403569604841
2460323.020734257,484.20449544270826,2.6874098942696167
2460323.0276786084,486.8147265625,2.688314712619914
2460323.0346229593,491.0438509114583,2.6914197293046964
2460323.0415673107,494.14512695312493,2.6894732629949623
2460323.048511662,497.9751985677083,2.6925155902331603
2460323.055456014,495.92745117187496,2.6915316346450733
2460323.0624003652,494.4063997395833,2.6923196413400454
2460323.0693447166,499.86376302083335,2.6920331838525766
2460323.076289069,497.24402994791654,2.6926882201737903
2460323.0832334203,505.0839095052083,2.6964607150813684
2460323.0901777726,504.303203125,2.695215416514124
2460323.097122125,499.76365885416664,2.694740271112163
2460323.104066476,501.64435546875,2.69627129516909
2460323.1110108285,501.01147135416664,2.694577787883372
2460323.1179551813,499.47340494791666,2.692957592149806
2460323.124899533,502.0508691406249,2.6939867448959576
2460323.131843886,502.0965299479166,2.697806209565741
2460323.1387882386,496.5170019531249,2.694899267371058
2460323.145732591,497.86342122395826,2.6932896711614025
2460323.1526769437,493.9071712239583,2.692741563731563
2460323.1596212965,493.958173828125,2.691361422776716
2460323.1665656497,486.471748046875,2.6900279009169155
2460323.1735100024,487.23018554687496,2.6882895581174995
2460323.180454355,484.62111328124996,2.6873929614547745
2460323.187398709,488.52184244791664,2.6892786056150744
2460323.194343062,486.28843424479163,2.687817607022865
2460323.2012874153,486.3576627604166,2.6916775965945337
2460323.208231769,484.1369303385416,2.6886243775897385
2460323.2151761223,480.45692057291666,2.6867803029233923
2460323.222120476,483.25072591145835,2.6877316869664267
2460323.2290648296,490.9650227864583,2.6904068136663857
2460323.236009184,491.4384602864582,2.6899092022882365
2460323.2429535375,490.8487402343749,2.6908501030522616
2460323.249897891,494.8867708333333,2.691371084196627
2460323.256842246,493.38896484375,2.690670512412286
2460323.2637865995,490.64386067708324,2.6921336876917326
2460323.270730954,497.6046093749999,2.6942318996109056
2460323.2776753083,501.1148274739583,2.696039366777121
2460323.284619663,500.6898893229167,2.695600460237848
2460323.2915640175,499.9053613281249,2.694224489522379
2460323.298508372,501.66258789062493,2.69509064929456
2460323.305452727,502.6759277343749,2.6981531849663494
2460323.312397082,499.8848600260417,2.696268931611785
2460323.3193414365,497.7477246093749,2.6934823411720346
2460323.326285791,494.28055013020827,2.693585936139202
2460323.333230147,498.4573339843749,2.6951895396551535
2460323.340174502,499.7735514322915,2.6939669608072765
2460323.347118857,492.68557617187497,2.6946252151073353
2460323.354063213,487.335732421875,2.6902477886191924
2460323.361007568,490.62473958333334,2.6917072733505125
2460323.367951924,487.16796223958323,2.688967634516436
2460323.374896279,479.7176985677083,2.688228696220285
2460323.3818406356,483.73538085937497,2.68786334453201
2460323.388784991,484.7457845052083,2.6893082285755803
2460323.395729347,473.1681217447917,2.6847176390500582
2460323.402673703,481.39162109375,2.68856641478048
2460323.409618059,485.13568359374995,2.691088391255381
2460323.4165624157,485.4269726562499,2.688181108646443
2460323.4235067717,489.8843098958332,2.6916651122862905
2460323.430451128,488.65458984375,2.6895269394533727
2460323.4373954847,488.7136328125,2.6912033706450873
2460323.444339841,498.5107063802083,2.6962728157355618
2460323.451284198,496.40700520833326,2.6941729675418933
2460323.4582285546,496.7812923177083,2.696255729782266
2460323.4651729115,498.2484928385417,2.6952063797443677
2460323.472117269,502.897373046875,2.697552779941798
2460323.4790616254,497.05540364583334,2.6930950510773086
2460323.486005983,501.12047526041664,2.695489969228912
2460323.4929503403,503.86559244791664,2.698815486541537
2460323.499894697,504.5343294270833,2.696490101751307
2460323.506839055,503.02485351562495,2.6981282133751545
2460323.5137834125,498.28039713541665,2.695865737539623
2460323.52072777,500.93945312499994,2.6960214062490313
2460323.5276721283,496.7898111979166,2.6936851335545047
2460323.5346164857,494.8807584635417,2.6944279938634814
2460323.5415608436,502.0236067708333,2.6970682870529448
2460323.5485052015,495.7059505208333,2.6937143118663065
2460323.55544956,490.474599609375,2.693939668561537
2460323.562393918,490.465029296875,2.6925366411987466
2460323.5693382765,483.05568359374996,2.688528408246375
2460323.576282635,484.3685579427083,2.6895667453414
2460323.583226993,478.2829231770832,2.687185698588858
2460323.5901713516,489.38686523437497,2.6917348658793636
2460323.5971157104,486.3919498697917,2.690446478902395
2460323.6040600687,488.72953125,2.692158284870096
2460323.6110044275,486.2076595052083,2.689875673008419
2460323.617948787,487.25097005208335,2.6901826513179414
2460323.6248931456,482.0302799479166,2.6900034258899193
2460323.6318375045,489.1897721354166,2.6926110416628095
2460323.6387818637,495.1482194010416,2.695943965267436
2460323.645726223,494.5834440104167,2.6935534149062064
2460323.6526705828,497.3208626302083,2.694793525399714
2460323.6596149425,492.61728841145833,2.694578395963561
2460323.666559302,499.2905794270833,2.6954213790180437
2460323.673503661,501.44989257812495,2.6976130760398616
2460323.6804480213,496.9461002604167,2.695627951734363
2460323.687392381,498.0403190104166,2.696169030737037
2460323.6943367408,497.30797851562505,2.697853396819036
2460323.701281101,500.8430826822916,2.697430640068075
2460323.708225461,502.15527018229164,2.6979078944830293
2460323.7151698214,497.9341699218749,2.6976215057147055
2460323.7221141816,500.26228190104166,2.6982406525563616
2460323.729058542,499.066201171875,2.6963089480174975
2460323.736002902,498.45169270833327,2.696542687485627
2460323.742947263,493.6459049479167,2.697266514801838
2460323.749891624,492.7501692708333,2.6945611311959783
2460323.7568359845,488.2930338541666,2.6938568924456927
2460323.7637803457,490.64234700520825,2.6935359350972163
2460323.770724707,489.0696158854166,2.6929365306876907
2460323.7776690675,482.64491861979167,2.691730403363676
2460323.784613429,481.87953776041667,2.690826951752633
2460323.7915577902,481.6105729166666,2.68926739144544
2460323.7985021514,480.62537109374995,2.6914686326539705
2460323.805446513,484.10807942708334,2.6912370310616462
2460323.8123908746,483.74858072916663,2.6911507263346244
2460323.819335236,483.3065624999999,2.692640754735074
2460323.826279598,488.7202734375,2.693405972764491
2460323.83322396,494.03796223958335,2.696102980258218
2460323.8401683215,491.6113639322917,2.6958782147505365
2460323.8471126836,492.4684765625,2.6954808521786635
2460323.8540570457,497.80210611979163,2.6973550538286677
2460323.8610014077,496.74937174479163,2.69820395045059
2460323.86794577,497.51833984374997,2.699985273477296
2460323.874890133,498.2086686197917,2.700024919262192
2460323.8818344953,499.17956705729165,2.6985657254394426
2460323.8887788574,499.7759863281249,2.7002255757211135
2460323.89572322,504.14388997395827,2.7011236078478134
2460323.9026675834,500.11770833333327,2.7017081595233967
2460323.909611946,498.23717773437494,2.701083897128491
2460323.9165563094,501.07862955729166,2.699516663981956
2460323.923500672,499.20864583333326,2.6989285471147713
2460323.9304450355,499.3774479166666,2.6999204787276994
2460323.937389398,496.33237304687486,3.3039628085543455
2460323.9443337615,491.61580078125,2.697417539114866
2460323.9524355186,494.74102050781255,3.304747522333462
2460323.9582224884,490.78990234374993,2.6974759333415235
2460323.9651668523,488.3624967447917,2.695687211255756
2460323.972111216,485.59821614583325,2.6967944164740243
2460323.9790555798,485.4678580729166,2.694198052372634
2460323.985999943,478.78932617187496,2.6922609717422747
2460323.992944307,479.10871419270825,2.6945073907395205
2460323.9998886716,482.2115169270833,2.6920645185926073
2460324.006833036,481.39195312499993,2.6948692444674838
2460324.0137774,485.2644270833334,2.693785980367933
2460324.020721764,488.75388346354174,2.6962220140899547
2460324.0276661287,485.61106119791657,2.6953842112526694
2460324.034610493,494.7423600260416,2.69973533500718
2460324.041554858,497.33945963541663,2.6990483029155463
2460324.0484992224,494.18578450520835,2.6997497976692824
2460324.0554435872,496.3110058593749,2.6987669717948926
2460324.062387952,494.32689127604164,2.6987278578828593
2460324.069332317,501.371884765625,2.701227626687249
2460324.0762766823,498.486904296875,2.7000376192488176
2460324.0832210477,493.36474283854164,2.699085949131431
2460324.0901654125,506.9060579427083,2.7036377189440626
2460324.097109778,504.3808268229166,2.7034673322201184
2460324.104054143,496.9822591145833,2.6999121329959075
2460324.110998509,499.7604720052084,2.700273889779632
2460324.117942875,500.1737825520833,2.7020136702024202
2460324.1248872406,495.5753255208333,2.6987901617857912
2460324.1318316064,494.0066959635417,2.700080854529112
2460324.138775972,491.46094401041665,2.6979684003764217
2460324.145720338,491.5195052083333,2.698626052332275
2460324.1526647042,493.2304752604166,2.6981124997778223
2460324.1596090705,489.75872070312494,2.6968864981778604
2460324.1665534363,484.6466731770833,2.6953147684330876
2460324.173497803,483.6209309895833,2.6945768763550597
2460324.1804421693,479.045830078125,2.694189338133977
2460324.187386536,475.70760416666667,2.6906988406276695
2460324.194330903,477.13316731770834,2.692036389289534
2460324.201275269,485.9001269531249,2.6959900597262805
2460324.208219636,480.8773665364583,2.694935050206361
2460324.2151640034,485.30236328125005,2.6940388743612016
2460324.22210837,487.544677734375,2.696299425071221
2460324.2290527374,488.32708333333335,2.695626588833042
2460324.2359971046,489.0434374999999,2.697635177770364
2460324.2429414717,494.6707519531249,2.697800690393027
2460324.249885841,495.9357194010417,2.699840608014465
2460324.256830209,498.9319010416666,2.700309101259125
2460324.263774576,497.92701497395836,2.7003083078398933
2460324.270718944,499.35087890625,2.701923643034934
2460324.277663312,496.6931901041666,2.6993877178428725
2460324.2846076796,499.60925130208335,2.7006362018058105
2460324.2915520477,498.49043945312496,2.7019374675689867
2460324.2984964154,500.1940462239583,2.701322297706573
2460324.3054407835,502.061015625,2.7015031797238573
2460324.3123851516,498.1120182291666,2.7020113014824485
2460324.31932952,498.2502180989583,2.6998086265069627
2460324.3262738883,493.46554361979156,2.6995095153691655
2460324.3332182574,494.954658203125,2.701294678136571
2460324.3401626255,498.20123046875,2.6998667843262556
2460324.347106994,490.49084960937495,2.6973149295331864
2460324.3540513627,491.05724283854164,2.6972295561213513
2460324.360995732,486.87449544270834,2.695891069205675
2460324.3679401004,486.6495670572917,2.6966191898698497
2460324.3748844694,480.6577766927083,2.6936447663473118
2460324.3818288385,479.6113020833332,2.693609693268435
2460324.388773208,487.121083984375,2.6950223111592693
2460324.3957175775,482.57518229166664,2.693246253848121
2460324.402661946,483.4509960937499,2.694420767196142
2460324.4096063157,481.43521484375,2.693053056216528
2460324.416550685,487.27094726562495,2.6960725174355527
2460324.4234950547,490.7116243489583,2.696490924981108
2460324.430439425,488.1782649739582,2.6963476240095634
2460324.4373837947,489.5626920572916,2.6974716554997387
2460324.444328164,487.6752213541666,2.698662623753712
2460324.451272534,490.01321614583327,2.696657358658342
2460324.458216904,493.13470703124995,2.698086872316166
2460324.4651612747,496.3317513020833,2.701324130060009
2460324.4721056446,495.17720703125,2.697972566149586
2460324.4790500146,497.4108007812499,2.6999504738066515
2460324.485994385,500.3428548177083,2.7006391708657547
2460324.4929387555,505.00208007812495,2.704006025982484
2460324.499883126,500.55922526041667,2.7024553489174425
2460324.506827497,499.68971028645825,2.7013202433410393
2460324.513771868,497.61572591145836,2.6995878747721425
2460324.5207162383,491.94863281249997,2.6983229622811016
2460324.5276606097,491.42116536458326,2.696686051645384
2460324.53460498,495.4902018229166,2.6987444055709346
2460324.5415493515,488.20068359375,2.6967550018890023
2460324.5484937225,489.47503906249995,2.697699706466039
2460324.555438094,490.7200520833333,2.6975998795277825
2460324.562382465,484.12148111979167,2.6960483412674088
2460324.5693268366,487.34772786458325,2.696698331884633
2460324.576271208,484.98057617187493,2.6949680705679295
2460324.58321558,478.0671549479166,2.6923476981415106
2460324.5901599512,481.1041634114583,2.6932743980814977
2460324.5971043226,482.538134765625,2.693539154744825
2460324.604048695,484.5016829427083,2.694104053347681
2460324.610993067,482.15630533854164,2.6960604217978013
2460324.6179374387,488.09134765625,2.6980815629403048
2460324.624881811,492.6719791666667,2.6994059318546983
2460324.6318261833,490.1174153645832,2.6976704400449307
2460324.6387705556,488.9484049479166,2.698807890120974
2460324.645714928,489.804482421875,2.6990167527363256
2460324.6526593002,495.2697395833332,2.7017454408496984
2460324.6596036726,496.9613118489583,2.700660378470238
2460324.6665480454,493.8223860677083,2.7022262265563888
2460324.673492418,499.815263671875,2.7014586132858844
2460324.6804367905,497.3327897135416,2.7019912881450785
2460324.6873811632,495.09625,2.702293813594917
2460324.6943255365,498.98500325520826,2.7030822034405353
2460324.7012699093,500.69345052083327,2.7060020582569617
2460324.708214282,502.49926106770835,2.7043227813945463
2460324.7151586553,500.73755859375,2.7037162833607553
2460324.7221030286,496.8292643229166,2.703157349484495
2460324.729047402,495.75040364583333,2.70253933031626
2460324.7359917755,490.7631119791667,2.6999731921264942
2460324.742936149,490.9399999999999,2.7005429422082554
2460324.749880522,485.20045898437496,2.6977314126699095
2460324.7568248957,487.0655859374999,2.6998454083624175
2460324.7637692695,483.26713541666663,2.6982757392972325
2460324.7707136436,487.00817382812505,2.701234768526582
2460324.777658017,481.0227311197916,2.6974506257985382
2460324.7846023906,480.17464518229167,2.696014476269435
2460324.7915467652,480.15658528645827,2.6966861673565954
2460324.798491139,483.1263997395833,2.697664774096395
2460324.805435513,484.21458333333334,2.698394561736416
2460324.812379887,487.8564908854167,2.701141621903362
2460324.819324262,485.8613704427083,2.7009158838694933
2460324.8262686357,487.63771158854166,2.7001570664639867
2460324.8332130103,495.6057356770834,2.70392264399796
2460324.8401573845,491.64026367187495,2.7011282717412577
2460324.847101759,499.24668945312493,2.704162614401453
2460324.854046134,497.1005598958333,2.705873642309498
2460324.860990509,497.35425130208336,2.703669270987051
2460324.867934883,496.51550130208324,2.703140125011472
2460324.874879258,498.78114257812496,2.704650812812417
2460324.8818236333,496.3640299479166,2.704836752035446
2460324.888768008,497.47207031249997,2.7034027737111237
2460324.895712383,496.48512369791666,2.7025643567323265
2460324.902656758,497.9785774739583,2.703628106076526
2460324.9096011333,497.655771484375,2.7026083421340634
2460324.916545509,493.76811197916663,2.702441897178403
2460324.923489884,487.5882259114583,2.699673751506563
2460324.930434259,490.32633138020833,2.702928576498577
2460324.9373786347,489.8951920572916,2.700162642336542
2460324.9443230103,487.86353841145825,2.6990000252139623
2460324.9512673863,486.567685546875,2.699422565714244
2460324.9582117614,484.11837565104156,2.6995478207276276
2460324.9651561375,479.12094075520827,2.695520921216507
2460324.972100513,481.73568033854167,2.6967541776621586
2460324.9790448886,482.9409765625,2.6970397728045032
2460324.9859892647,477.7449088541667,2.6968263752761534
2460324.9929336407,475.1875065104166,2.6948229920323303
2460324.9998780168,478.17795572916657,2.6956100441012754
2460325.006822393,487.12654296875,2.6985223361771475
2460325.013766769,484.0614778645833,2.6971918761158986
2460325.020711145,487.6394921875,2.6995860505011096
2460325.0276555214,488.01882812499997,2.6988617439482656
2460325.034599898,491.8226725260416,2.700509849144133
2460325.041544274,496.6403287760417,2.7027312355701567
2460325.048488651,495.59511718749997,2.7034828268046414
2460325.055433027,497.70054036458333,2.7018403158432847
2460325.062377404,495.83881835937495,2.701891034157345
2460325.0693217805,498.9800683593749,2.7017914765414495
2460325.076266157,491.164033203125,2.6998774403259582
2460325.083210534,498.25695312499994,2.7035977332187167
2460325.0901549105,492.37801432291667,2.700404468840673
2460325.0970992874,491.90302734374995,2.7005789977146595
2460325.1040436644,499.1532486979167,2.7021032125670033
2460325.1109880414,493.6068261718749,2.7031204812997878
2460325.1179324184,495.0316341145833,2.7017508864030453
2460325.1248767953,494.1753938802083,2.7014695884655002
2460325.1318211723,491.8346549479166,2.700968582303778
2460325.1387655498,489.7809635416666,2.6998530862498513
2460325.1457099267,484.7327246093749,2.6974774278718456
2460325.1526543037,485.7716243489583,2.699809333181523
2460325.1595986816,491.61311848958326,2.6994049424134823
2460325.1665430586,484.0248307291666,2.6969933406328033
2460325.173487436,481.27714518229163,2.6964460644670982
2460325.1804318135,482.37830729166666,2.6970263956235683
2460325.1873761914,474.7316243489582,2.694465718236724
2460325.194320569,484.4421875,2.6975211973740207
2460325.2012649463,480.38429361979166,2.6978416527734694
2460325.208209324,483.93023763020824,2.6975897799053326
2460325.2151537016,485.0592968749999,2.697362769782529
2460325.222098079,486.9657845052083,2.6977200206771026
2460325.2290424574,491.92576497395834,2.702723222816209
2460325.235986835,489.51180989583327,2.6985386395213244
2460325.2429312128,488.41241861979165,2.698782435011754
2460325.2498755907,495.97035807291667,2.7013254126385444
2460325.256819969,495.61944661458324,2.7025294530580912
2460325.2637643465,492.96210611979154,2.7013145656046333
2460325.270708725,497.75303059895833,2.7056526515724904
2460325.2776531023,497.08970703124993,2.702561099726553
2460325.2845974807,499.11115885416666,2.7031397752101083
2460325.2915418586,497.8123697916665,2.704559778806539
2460325.298486237,494.8711360677083,2.7024127662615034
2460325.3054306153,498.307919921875,2.7030261080641433
2460325.312374993,497.02634440104157,2.702709001338505
2460325.3193193716,495.16202473958333,2.701562675823192
2460325.32626375,491.1637695312499,2.701543682414419
2460325.333208128,489.8932486979166,2.701186346212424
2460325.3401525063,489.27660481770823,2.6993857750925785
2460325.347096885,487.4279524739582,2.698743312156164
2460325.3540412635,483.6597591145833,2.697735582946089
2460325.360985642,484.9877115885417,2.698822297720817
2460325.36793002,481.52870117187496,2.6981010088720008
2460325.3748743986,479.4902766927082,2.699050484376199
2460325.381818777,478.5229557291666,2.697229564365571
2460325.388763156,485.43406901041664,2.6988359184426067
2460325.395707534,475.98440429687497,2.6966066637763326
2460325.4026519125,480.602294921875,2.6971182467990213
2460325.4095962914,479.96322591145827,2.6967286653013782
2460325.4165406697,487.1635546875,2.701512655657794
2460325.4234850486,488.2562955729166,2.69971113060476
2460325.430429427,485.31403971354166,2.6981808484880285
2460325.437373806,488.4468815104167,2.699913649334608
2460325.4443181846,489.35126627604154,2.7022703966008765
2460325.4512625635,491.3809895833333,2.701961471201249
2460325.458206942,495.49560872395824,2.702745984062691
2460325.4651513207,500.284716796875,2.7062173769851374
2460325.4720956995,491.86088541666663,2.702374932274628
2460325.4790400784,498.7757194010416,2.7055601553540796
2460325.485984457,493.8233268229166,2.703760504426471
2460325.4929288356,498.42375,2.704748212610841
2460325.4998732144,496.51477864583325,2.704039506578615
2460325.5068175932,498.60666015625,2.70501365591115
2460325.513761972,498.04832682291664,2.705291503528175
2460325.520706351,493.80196289062496,2.7028032220595133
2460325.5276507298,496.16611979166663,2.7024527310728264
2460325.5345951086,494.0249999999999,2.704181410690126
2460325.5415394874,484.66484375,2.7005889283848377
2460325.5484838663,481.6264908854166,2.69821034620518
2460325.555428245,491.3010904947916,2.7012031928022946
2460325.562372624,485.02282552083335,2.6999011673464026
2460325.569317003,474.96965169270834,2.696904885429236
2460325.5762613816,480.9981412760416,2.6962511024341667
2460325.5832057605,478.51588541666666,2.6992185342159023
2460325.5901501393,474.4384407552082,2.69629761907
2460325.597094518,477.1368294270833,2.6964087689038547
2460325.604038897,477.75862955729167,2.697482792021414
2460325.6109832753,480.70741210937496,2.6988589536777976
2460325.617927654,488.18933593749995,2.7020379998054267
2460325.6248720335,485.2415494791666,2.700375925618331
2460325.631816412,490.8224121093749,2.7033113042308674
2460325.6387607907,494.6849707031249,2.7045026155614256
2460325.6457051695,490.42082356770834,2.702714600367061
2460325.6526495484,495.13421875,2.7060476454004583
2460325.659593927,489.94464518229165,2.703472257576049
2460325.6665383056,493.9858821614583,2.7041922168854295
2460325.6734826844,494.68811197916665,2.7054394442728165
2460325.6804270633,498.49311523437495,2.7054439654229028
2460325.6873714416,495.29835937499996,2.704986526386554
2460325.6943158205,494.78393229166664,2.7047287056830895
2460325.7012601993,497.85050130208333,2.703997918425594
2460325.7082045777,495.19024088541664,2.7045928702610387
2460325.715148956,490.7158463541666,2.7029651696221637
2460325.722093335,490.4812890625,2.703068465046569
2460325.7290377133,488.35147786458333,2.701846817673312
2460325.735982092,490.0369010416667,2.7032595177395993
2460325.7429264705,484.26055989583324,2.700463432108391
2460325.749870849,482.8575162760416,2.6990831815434078
2460325.756815227,483.76542643229163,2.6998202052253704
2460325.763759606,480.9816015625,2.698780807249836
2460325.7707039844,477.553046875,2.6960378739365325
2460325.7776483623,480.97082682291654,2.7003468697925848
2460325.7845927407,478.2180436197917,2.6974423488710335
2460325.791537119,478.21177408854163,2.698860618892238
2460325.7984814974,479.48315104166664,2.6970769630644837
2460325.8054258754,474.51330403645835,2.6963706218915178
2460325.8123702537,487.31497395833327,2.7013885304811995
2460325.819314632,480.32811197916664,2.699901981954131
2460325.82625901,487.6875618489583,2.7017033342816705
2460325.8332033884,490.3877701822916,2.7013235700414095
2460325.840147766,484.78623697916663,2.7010286440348352
2460326.0623678486,496.2563704427084,2.704956094066098
2460326.0693122246,499.81307291666667,2.7061952638529374
2460326.0762566007,497.09986328125,2.7067237789555096
2460326.0832009767,499.0131054687499,2.7073811972193904
2460326.0901453528,499.9523697916666,2.706897402927746
2460326.097089729,494.28873046875,2.7052905722457017
2460326.104034105,496.18534830729163,2.7057869476677836
2460326.1109784804,496.60751302083327,2.705962940188534
2460326.117922856,491.6390104166667,2.7036638180237667
2460326.124867232,497.80580078124996,2.70643704517661
2460326.1318116076,491.4908496093749,2.704431919203023
2460326.138755983,491.57106445312496,2.702472481658045
2460326.1457003583,490.2851985677082,2.7024442410789393
2460326.1526447334,485.33664713541657,2.7011589839538903
2460326.1595891085,478.9833268229167,2.69873682400825
2460326.1665334837,483.0252148437499,2.7019997748693854
2460326.173477859,479.5100944010416,2.699234471588247
2460326.180422234,480.36228515625,2.6987763478783453
2460326.187366609,482.1524381510416,2.6986464402628783
2460326.194310984,484.05788411458326,2.7001720094224524
2460326.2012553588,483.4389127604166,2.7000104188756002
2460326.2081997334,483.9237304687499,2.702379833569878
2460326.2151441085,489.84729492187495,2.7039197392479544
2460326.2220884827,487.1310384114583,2.7035004746735836
2460326.229032857,487.6994075520833,2.7030994936554182
2460326.2359772315,493.0010774739583,2.7054576100068997
2460326.2429216057,496.52297200520826,2.7067582411081776
2460326.24986598,495.5258072916667,2.7068734942406256
2460326.2568103536,498.2063671875,2.707403374298753
2460326.263754728,494.58890625,2.705531169443969
2460326.270699102,493.25449544270833,2.7061473999391477
2460326.2776434757,497.7879329427083,2.7080013805337537
2460326.284587849,502.3276953124999,2.7095218921511086
2460326.291532223,502.01745117187505,2.7107451796905315
2460326.298476597,501.093544921875,2.7109207790320227
2460326.30542097,493.4299055989583,2.7075955505673206
2460326.312365344,488.5895084635417,2.705289807537867
2460326.319309717,497.06016927083334,2.708116127604823
2460326.3262540903,493.20528320312496,2.706837229671091
2460326.333198463,491.0339453125,2.705916136133016
2460326.3401428363,487.64009440104155,2.705532818446916
2460326.347087209,482.736552734375,2.7038808924451683
2460326.354031582,486.62992838541663,2.703779175219313
2460326.3609759547,485.15967122395836,2.7039083003013213
2460326.367920328,481.04830729166673,2.702801270285482
2460326.3748647,474.0082421875,2.699270521472748
2460326.3818090726,480.4907584635416,2.7023587832824485
2460326.3887534454,481.8588053385417,2.702233094955773
2460326.395697817,485.42658203125,2.703159812030645
2460326.402642189,484.1117415364583,2.7050878664292086
2460326.409586562,487.86177734375,2.704497640897383
2460326.4165309337,485.1073014322917,2.704504608123614
2460326.423475306,490.585126953125,2.7067888584763105
2460326.4304196774,484.1026953125,2.704295336861531
2460326.4373640493,488.48976562499996,2.7058792663929263
2460326.444308421,494.1979622395833,2.706369737976091
2460326.4512527925,495.49926757812494,2.708788289633194
2460326.458197164,498.9374544270832,2.709706240797466
2460326.4651415353,497.4146516927083,2.7092683682612666
2460326.4720859067,497.79575846354163,2.709891859237509
2460326.479030278,497.8892220052083,2.7095987497700205
2460326.4859746494,500.007236328125,2.710988029685142
2460326.4929190204,498.22217773437495,2.708744496052821
2460326.4998633913,498.7320410156249,2.7104257990116243
2460326.506807762,493.318681640625,2.708491550316873
2460326.513752133,496.09444335937496,2.7082544168259894
2460326.5206965036,495.345048828125,2.7091056821824515
2460326.527640874,492.91798177083336,2.707517154471148
2460326.534585245,488.83158203125,2.7057989032666687
2460326.541529615,487.01067382812494,2.7056848687477992
2460326.5484739854,488.48033203124993,2.707218799278911
2460326.555418356,486.0272298177083,2.7057173320520707
2460326.562362726,484.14436848958326,2.7056353336847945
2460326.569307096,478.7186523437499,2.7026679926583728
2460326.576251466,482.4789062499999,2.70462256439378
2460326.583195836,477.60754882812495,2.701961195232718
2460326.5901402053,485.2132356770833,2.7045410323098658
2460326.597084575,481.0860123697916,2.7026449223819813
2460326.6040289453,485.64614908854156,2.706388396000603
2460326.610973314,490.85097330729167,2.7061432570992565
2460326.6179176834,487.6522819010416,2.7084631204787257
2460326.624862053,491.0034049479166,2.7075089358123052
2460326.6318064225,499.17962239583335,2.7101310922978663
2460326.6387507915,497.82946289062494,2.709462154169739
2460326.6456951606,496.0944010416667,2.7094274434315087
2460326.65263953,501.80135416666667,2.711158217795486
2460326.6595838983,496.51602864583333,2.710514720696987
2460326.6665282673,499.782158203125,2.7113923911032582
2460326.673472636,498.08814778645825,2.709955385314917
2460326.6804170045,501.0985611979166,2.7112290001803157
2460326.687361373,499.3776204427083,2.7115645810416695
2460326.6943057417,500.95582031249995,2.711654532389352
2460326.70125011,501.62559570312493,2.712572645081854
2460326.7081944784,500.6715983072916,2.7105131588695155
2460326.7151388465,497.05105468749997,2.7100826428193456
2460326.7220832147,493.516591796875,2.7076080267481353
2460326.7290275823,491.912900390625,2.70823870788354
2460326.7359719505,491.34796875,2.7085793687447723
2460326.7429163186,486.5166796874999,2.7067661825933214
2460326.7498606863,487.94252278645826,2.707596914793332
2460326.756805054,486.87284830729163,2.7051494154619644
2460326.7637494216,483.14947591145824,2.7036324201206896
2460326.7706937892,481.9962239583333,2.7052927908525515
2460326.777638157,478.85522460937494,2.703500674004429
2460326.784582524,484.58805989583334,2.7050801957784505
2460326.7915268913,485.82193033854156,2.7056541968350913
2460326.7984712585,481.85923177083333,2.704794729798749
2460326.8054156257,484.0600130208333,2.7044659514389457
2460326.812359993,485.67395833333325,2.705769729652447
2460326.81930436,485.11159505208326,2.7059301632473183
2460326.8262487263,488.18268880208325,2.707244518431843
2460326.8331930935,492.57049804687495,2.7101212751810633
2460326.8401374603,492.81461263020833,2.709546657487246
2460326.847081827,494.61090169270824,2.707876580804084
2460326.8540261933,498.5408203125,2.712413335497302
2460326.8609705605,500.50183593749995,2.7114231489131986
2460326.8679149267,499.58492838541656,2.7106794727481596
2460326.8748592925,496.2749739583333,2.711801344098848
2460326.8818036593,496.26233072916665,2.711357470437664
2460326.888748026,498.30984374999997,2.7107457504892594
2460326.895692392,498.6047623697916,2.7106206212365453
2460326.9026367576,494.8030143229166,2.70971979869725
2460326.9095811243,499.02101562499996,2.7117214681231343
2460326.91652549,491.48720052083326,2.7088010027607514
2460326.923469856,491.22561848958327,2.7087994283931263
2460326.9304142217,490.7760416666666,2.709303635097255
2460326.9373585875,492.03306640624993,2.708173543086108
2460326.9443029533,487.04665039062496,2.706257552867749
2460326.951247319,484.5624641927083,2.706270989341465
2460326.9581916844,481.161611328125,2.70379241350324
2460326.96513605,480.61841796874995,2.704694476549825
2460326.972080415,477.89350911458337,2.7037177885930337
2460326.9790247804,485.5351985677083,2.7058358105655844
2460326.9859691462,479.7522949218749,2.70357902414751
2460326.992913511,485.7850911458333,2.7067565783142054
2460326.9998578764,486.04936197916663,2.7066825776947474
2460327.006802242,487.9384049479166,2.7069345075303044
2460327.0137466067,490.7732194010416,2.708422664238679
2460327.0206909715,495.81029622395835,2.710074895715772
2460327.0276353364,499.2189095052083,2.7117223381401843
2460327.0345797013,497.36180989583335,2.7121265669157757
2460327.041524066,500.0577799479167,2.714084692860554
2460327.048468431,499.7668880208333,2.7134221738115074
2460327.055412796,501.6864029947917,2.7155851572019447
2460327.0623571603,500.7403352864583,2.7177008888694125
2460327.0693015247,500.33918619791666,2.7198255034759193
2460327.0762458895,504.47616536458327,2.7245056816413133
2460327.083190254,496.95556966145836,2.726013940663719
2460327.0901346183,496.6521419270832,2.730231980467098
2460327.0970789827,501.5534212239583,2.7400665117351246
2460327.104023347,496.037626953125,2.7453334725526215
2460327.110967711,495.82130859374996,2.749414380126639
2460327.117912075,498.9373828124999,2.758815754185219
2460327.12485644,496.3988964843749,2.7697700190933925
2460327.131800804,495.39349609374995,2.780783996904637
2460327.1387451678,488.8991438802083,2.788520364474866
2460327.1456895317,487.5356575520832,2.8008241887194765
2460327.1526338956,478.6338867187499,2.811244159248899
2460327.1595782596,481.72453124999976,2.8227554191452184
2460327.1665226235,485.2850097656249,2.837215341958492
2460327.1734669874,476.6229524739583,2.8468141264057336
2460327.1804113514,478.3326497395833,2.858153256306565
2460327.1873557153,478.92064778645835,2.8705380771719082
2460327.1943000783,479.2497526041666,2.885285247930055
2460327.2012444423,487.682421875,2.89754346268486
2460327.2081888057,491.7107747395833,2.9111965187586146
2460327.215133169,491.79232421875,2.9184926358657286
2460327.222077533,494.4416764322917,2.9316623029069806
2460327.229021896,493.0170410156249,2.938424893473495
2460327.2359662596,492.17920572916654,2.9454945697201893
2460327.242910623,497.7205729166667,2.9562042437603577
2460327.249854986,498.6794401041666,2.964370654349997
2460327.2567993496,492.0476920572916,2.972041148728099
2460327.263743713,492.69152343749994,2.9795295802938857
2460327.270688076,500.703173828125,2.989970314955103
2460327.277632439,504.68478515625003,2.999186354012972
2460327.284576802,496.8328157552084,3.004675351981534
2460327.2915211655,499.5944661458334,3.0141804383852833
2460327.298465529,495.79580729166656,3.0193715317512204
2460327.3054098915,496.57167317708326,3.029832515336801
2460327.3123542545,496.67190429687497,3.0355181170037473
2460327.3192986175,492.91875651041664,3.0425534842171404
2460327.32624298,493.17005533854154,3.051139582604714
2460327.333187343,486.16672526041657,3.0561521286236046
2460327.340131706,489.48833333333323,3.0662363858341823
2460327.347076069,492.8067708333333,3.076248704544371
2460327.3540204316,485.2765039062501,3.083183893145131
2460327.3609647946,479.4880957031249,3.091338913976669
2460327.367909157,482.282958984375,3.102666251464969
2460327.3748535197,477.33276692708324,3.110184609158224
2460327.3817978823,487.5072395833334,3.123894783602587
2460327.3887422453,482.41045898437505,3.1323899749157547
2460327.395686608,487.1491243489584,3.145200036871751
2460327.4026309703,488.5419596354166,3.156022484326868
2460327.4095753334,490.80692382812487,3.1685015337566678
2460327.4165196954,491.7448600260415,3.182256215300551
2460327.423464058,494.6108072916666,3.1923767344556455
2460327.4304084205,493.45794921874995,3.2057008870342294
2460327.437352783,501.7342285156249,3.222491215433301
2460327.4442971456,502.3835742187498,3.2350100731614724
2460327.4512415077,499.61220377604167,3.249102871151937
2460327.45818587,502.3454329427083,3.2615232878538087
2460327.4651302323,501.5455859375,3.274953559360945
2460327.472074595,504.67095052083323,3.2906143903864726
2460327.4790189574,505.1250423177083,3.3038572812741465
2460327.48596332,502.23204101562504,3.3166419057695786
2460327.492907682,505.0839029947915,3.3300873639700854
2460327.4998520445,499.1882486979166,3.342417034102606
2460327.5067964066,497.37640624999995,3.354693476864773
2460327.5137407687,499.7556510416666,3.366606843758912
2460327.5206851307,493.0521256510415,3.378417410916685
2460327.5276294933,491.95169921874987,3.3898980651799864
2460327.5345738553,490.0413671874999,3.401897548317029
2460327.5415182174,482.58194010416673,3.413109459305101
2460327.5484625795,491.2420442708332,3.429234695480867
2460327.5554069416,486.2299934895832,3.437747252040611
2460327.562351304,479.54664062499995,3.4476866604029586
2460327.569295666,487.59960286458335,3.4600980244353177
2460327.5762400283,485.82048177083334,3.4703122404768134
2460327.5831843903,481.7791471354165,3.4800538145154665
2460327.5901287524,482.9786653645833,3.4902098265585715
2460327.5970731145,485.8944466145833,3.502869283451329
2460327.6040174766,486.00111328124984,3.512574647358886
2460327.6109618386,489.10274088541655,3.5224606222955472
2460327.6179062007,490.8636067708332,3.5330092994464857
2460327.624850563,490.5163997395833,3.541770752813612
2460327.631794925,495.9730794270833,3.5509759095060893
2460327.638739287,496.67178385416656,3.5588904454024344
2460327.6456836485,501.05752604166645,3.5658805793349546
2460327.6526280106,499.8851757812499,3.572041177373349
2460327.6595723727,499.3268684895832,3.5766731342710916
2460327.6665167348,499.97010416666654,3.5805083369819233
2460327.673461097,500.8971614583332,3.583506580876153
2460327.6804054584,496.66322916666667,3.5858647904117156
2460327.6873498205,497.2257942708331,3.5886452843103585
2460327.6942941826,500.5680664062499,3.5904052670925584
2460327.7012385447,501.44292317708323,3.5929537316556406
2460327.7081829067,490.25880859374985,3.593497700053487
2460327.7151272683,493.57005859374976,3.594396661062883
2460327.7220716304,488.80920572916665,3.5929353416890817
2460327.7290159925,493.1341796874999,3.5960206947512052
2460327.7359603546,490.62241536458305,3.5972221994146847
2460327.742904716,482.1650260416665,3.594168532269044
2460327.7498490782,483.1748893229166,3.5943678659108342
2460327.7567934403,480.9424414062499,3.5954927279190145
2460327.763737802,480.7743359374999,3.5976337953140214
2460327.770682164,481.51684244791676,3.5974878732117896
2460327.777626524,484.1830729166666,3.598390772647782
2460327.7845708854,484.62419270833334,3.6007292115434377
2460327.7915152474,481.53524739583327,3.6006502791588506
2460327.798459609,491.8773242187499,3.6048341801874257
2460327.805403971,491.4281510416666,3.6061043219919817
2460327.812348333,492.46768229166656,3.6072044566267483
2460327.8192926953,492.1326627604165,3.607733149908697
2460327.826237057,495.9805729166663,3.6090523284739917
2460327.833181419,489.4427929687499,3.60906149414663
2460327.840125781,494.5288671874999,3.609918239811366
2460327.847070143,498.4083984374999,3.610759181741324
2460327.854014505,499.64990234375,3.6087078518546636
2460327.860958867,501.9230794270832,3.6114973700095097
2460327.867903229,500.77341796875,3.6092520661664307
2460327.874847591,496.6419270833332,3.6051654483552684
2460327.881791953,500.68154947916645,3.6062591113249964
2460327.888736315,504.6179557291666,3.6040661417092252
2460327.895680677,494.3655533854165,3.5990221160982485
2460327.902625039,495.7083789062499,3.598203534773526
2460327.9095694013,494.68597656249995,3.594153870227346
2460327.9165137634,491.87930338541645,3.5915277629555873
2460327.9234581254,497.2519986979166,3.5917218293864246
2460327.9304024875,488.9164192708331,3.586755060262655
2460327.9373468496,482.59999348958337,3.580807694691473
2460327.9442912117,482.7637174479166,3.578468168842208
2460327.9512355737,483.7226302083333,3.5771324163009663
2460327.958179936,482.0896484374998,3.572859531864621
2460327.9651242984,484.59277343749983,3.570683573248076
2460327.9720686604,484.79621744791666,3.5684167413531367
2460327.9790130225,471.98802734374993,3.563601049362175
2460327.9859573846,483.17578776041665,3.5618003038350428
2460327.992901747,488.99323567708325,3.561991692971761
2460327.999846109,491.5466276041666,3.5607084724629776
2460328.0067904717,488.2801432291667,3.556400651274512
2460328.013734834,494.11587239583315,3.5548769999834455
2460328.020679196,486.30897135416654,3.5497446224292433
2460328.0276235584,488.3156184895832,3.547644565626776
2460328.0345679205,497.31723958333333,3.5466018453863946
2460328.0415122826,493.12207031249983,3.5419198953863966
2460328.048456645,499.0538020833331,3.543079638338885
2460328.0554010076,498.20805989583323,3.538269613148193
2460328.0623453697,502.9485937499999,3.5410313771220943
2460328.0692897323,500.28432291666667,3.5363732954677682
2460328.076234095,495.56556640624984,3.5351399573029756
2460328.083178457,494.24184244791667,3.534040352731594
2460328.0901228194,494.7933593749999,3.5344413313804317
2460328.097067182,492.0921419270832,3.5323513226312127
2460328.1040115445,492.53624999999994,3.532792284273756
2460328.110955907,486.19194661458323,3.5295072189185213
2460328.117900269,487.44607421874997,3.527773870315588
2460328.124844632,485.1410351562501,3.527724707681473
2460328.1317889947,484.40455078124995,3.5263769633871367
2460328.138733357,483.7917122395832,3.522267597285188
2460328.1456777197,483.31662760416657,3.5205932169170087
2460328.1526220827,481.0290494791666,3.5177806089543266
2460328.159566445,476.2524283854165,3.5142723286902187
2460328.1665108074,479.74609374999983,3.513777271709751
2460328.1734551704,482.6019661458333,3.5104992489707008
2460328.1803995334,486.3046744791665,3.5079146873882614
2460328.187343896,484.7331510416666,3.504481081323785
2460328.194288259,489.3947135416667,3.502578906747134
2460328.2012326214,481.25547526041663,3.496084449741336
2460328.2081769845,488.4804361979166,3.495904634720166
2460328.215121347,483.1373046874999,3.4897830652347515
2460328.2220657095,494.47039713541653,3.4893678138976543
2460328.229010073,496.9234570312501,3.4856655111474466
2460328.2359544355,491.89606770833325,3.4807633913320957
2460328.242898799,494.58349609375,3.477849550780242
2460328.2498431616,501.87240234375,3.4752417159064244
2460328.256787525,501.5308072916666,3.4692488866703197
2460328.2637318876,491.4104166666666,3.4607114929691813
2460328.270676251,496.53366536458316,3.456240989075761
2460328.2776206136,498.2979101562499,3.4523419553286483
2460328.284564977,502.56016276041663,3.447686333425422
2460328.29150934,499.2612955729166,3.4414316033536765
2460328.298453703,493.4358072916666,3.4357751575432562
2460328.305398067,492.83314453124996,3.4299055354206054
2460328.3123424295,488.70577148437496,3.4215943402567626
2460328.319286793,491.0914583333333,3.4162246328108594
2460328.326231156,488.3970865885415,3.4098353993059694
2460328.3331755195,491.3379687500001,3.403871667550858
2460328.340119883,481.0817415364583,3.3949387007283547
2460328.347064246,482.3413411458332,3.390673579104067
2460328.3540086094,484.3643326822915,3.3864628134440413
2460328.360952973,485.757099609375,3.3819037401291214
2460328.367897337,478.2457389322917,3.3776495142498497
2460328.3748417,482.0659049479165,3.3736763325793735
2460328.3817860633,484.11569986979174,3.3719063472365516
2460328.388730427,478.56386067708326,3.3690438386714554
2460328.3956747907,484.12498697916664,3.3690362509522873
2460328.4026191547,486.4349869791666,3.3707267629887916
2460328.4095635177,495.2816666666666,3.3735163256661576
2460328.4165078816,490.47377604166667,3.373888672373679
2460328.4234522455,492.56638346354157,3.376780330947185
2460328.430396609,493.2112792968749,3.381879145767432
2460328.437340973,492.83155598958336,3.384298670097124
2460328.4442853364,499.34370768229155,3.3896396258751618
2460328.4512297004,494.31348307291654,3.392935617826971
2460328.4581740643,494.69234374999996,3.3991167040019357
2460328.465118428,502.1592154947916,3.4086543964224405
2460328.472062792,498.92169921875,3.412940696884021
2460328.479007156,494.00092122395836,3.4179398816294526
2460328.48595152,498.6189388020833,3.425837067735784
2460328.4928958844,493.44690104166665,3.4299621115107164
2460328.499840249,491.4650195312499,3.436945251743049
2460328.506784613,495.38927734374994,3.4445861942962437
2460328.5137289767,496.54390624999996,3.4530783843170014
2460328.5206733407,490.8622981770832,3.4572190682835946
2460328.5276177055,486.7622526041666,3.464398546732338
2460328.5345620695,476.18044270833315,3.4669201155539504
2460328.541506434,478.4004752604166,3.4772526871813683
2460328.5484507983,478.63449869791657,3.484653417812924
2460328.555395162,480.5184374999999,3.491848586744057
2460328.562339527,478.7998828124999,3.497004507960692
2460328.5692838915,478.0741015624999,3.505302446054418
2460328.576228256,477.25731770833335,3.5110266086117385
2460328.5831726203,475.39225911458317,3.5189479685411302
2460328.590116985,485.3259440104166,3.5253177609332664
2460328.5970613495,481.94460937499997,3.5312924263846157
2460328.6040057144,489.0426757812499,3.537434241734553
2460328.610950079,492.4906705729165,3.5450539154099574
2460328.6178944437,486.8640950520833,3.545971299247254
2460328.6248388086,491.69518880208324,3.5521372997945995
2460328.631783173,491.7483268229166,3.5546344957311327
2460328.638727538,494.47533203124993,3.5608427913317873
2460328.6456719027,492.76312499999995,3.562086432677494
2460328.652616268,502.58908854166657,3.568384214552449
2460328.659560633,493.6400716145833,3.5701268213932003
2460328.6665049978,494.4155598958332,3.5731508640578817
2460328.673449363,492.0782877604165,3.5747476630893984
2460328.680393728,492.38152994791653,3.5766392945580936
2460328.687338093,487.9863736979166,3.5795666142045186
2460328.6942824586,496.6689778645834,3.5826798413374
2460328.7012268235,493.12852213541646,3.58383839383313
2460328.708171189,491.53554036458326,3.584918671065679
2460328.715115554,493.9134765625001,3.5854242857842156
2460328.7220599195,491.11185546874987,3.587444512299628
2460328.729004285,488.03724609374996,3.5864567118015036
2460328.73594865,484.04419921874995,3.5866858870025147
2460328.7428930155,482.03275390624987,3.586259923177245
2460328.7498373813,475.2578776041666,3.587280851848604
2460328.756781747,477.0044270833334,3.585990965623106
2460328.763726112,473.4088020833333,3.5857876882849973
2460328.7706704778,477.45415364583323,3.5848449106591977
2460328.7776148436,476.4757486979167,3.5857448612902174
2460328.7845592094,477.1469075520833,3.5857419405850313
2460328.791503575,483.9884765624999,3.587261612455187
2460328.798447941,483.3096354166666,3.587059487562593
2460328.8053923068,486.3330729166666,3.5878266883734953
2460328.8123366726,484.73986328124994,3.5902255713909867
2460328.8192810384,487.01380859374984,3.5886304457031124
2460328.826225405,490.9838151041666,3.5922542422535204
2460328.833169771,496.1957747395833,3.5924366529948952
2460328.8401141367,491.8577148437498,3.5929455909256416
2460328.847058503,494.87202473958314,3.59257246279104
2460328.854002869,492.99351562500004,3.5923709144041047
2460328.860947235,495.8495377604166,3.593076714742608
2460328.8678916018,497.2958984375,3.5928864278606976
2460328.874835968,490.45072265624987,3.5924277233150055
2460328.8817803343,497.9590494791666,3.5953874549019478
2460328.888724701,489.41069661458323,3.592716737096875
2460328.8956690673,488.5731249999999,3.590184202337459
2460328.9026134335,492.90640625,3.5944292602171912
2460328.9095578003,484.3631640624999,3.5884063262875414
2460328.916502167,490.24836588541666,3.5919965601759176
2460328.9234465337,484.7617838541666,3.5870461973168584
2460328.9303909,483.52148437499983,3.588041788431841
2460328.9373352667,473.09304036458315,3.5828276440236273
2460328.9442796335,474.5808984375,3.5816365168765407
2460328.9512240007,476.35523437499995,3.5813558492561395
2460328.9581683674,472.2899999999998,3.5784577935454127
2460328.9651127346,478.4453971354166,3.578267161925954
2460328.9720571013,469.66992187499983,3.5720427331816413
2460328.979001468,472.8548632812499,3.5715944163936624
2460328.9859458357,480.8139388020833,3.5707366976532935
2460328.9928902024,486.59256510416645,3.5691240343985577
2460328.9998345696,482.1757682291665,3.565662609957926
2460329.006778937,485.0662434895833,3.5620337977929495
2460329.0137233045,485.0827343749999,3.5602710916520444
2460329.020667671,487.5564127604166,3.5596322664317612
2460329.027612039,489.7621940104165,3.5551247333260854
2460329.034556406,486.41346354166654,3.5520664999429368
2460329.0415007737,488.86966796875004,3.547624395435182
2460329.048445141,494.99514322916656,3.5432933775100266
2460329.0553895086,496.2460611979165,3.538195378994398
2460329.0623338763,495.8281380208332,3.5347546848904075
2460329.069278244,492.6432617187499,3.529125158625709
2460329.0762226116,489.35986979166665,3.523894227204566
2460329.0831669793,489.8923307291666,3.5215425774620077
2460329.0901113474,496.8630013020832,3.5182329663998764
2460329.097055715,489.54457031249996,3.512674196324858
2460329.104000083,491.1555794270832,3.5101416910023695
2460329.110944451,489.00080078125,3.5072697381529405
2460329.117888819,488.67595052083334,3.5036282030720134
2460329.124833187,483.23603515625,3.4986751536152165
2460329.1317775548,487.46479817708314,3.4984528091758094
2460329.1387219233,474.31783203124996,3.4905839458909536
2460329.1456662915,478.0126627604165,3.4903388036405314
2460329.1526106596,477.0737109375,3.4871114268888896
2460329.159555028,477.3970247395834,3.4853067068397756
2460329.1664993963,482.5186132812499,3.4850453121611746
2460329.1734437644,478.95514973958325,3.4827938576994737
2460329.1803881335,475.22167317708335,3.4810230109654516
2460329.1873325016,482.96950520833326,3.4856822372470204
2460329.1942768707,483.66091145833326,3.4844877419254385
2460329.201221239,482.6735026041667,3.482910145802993
2460329.208165608,482.7794921874999,3.4834263067884748
2460329.2151099765,488.3597135416665,3.484758111326409
2460329.222054345,488.5611002604166,3.483177661896232
2460329.228998714,490.33086588541664,3.484449151234829
2460329.2359430827,493.39741536458314,3.483905887833267
2460329.242887452,494.8664257812499,3.483715790012223
2460329.2498318213,497.2483333333333,3.4826413945932457
2460329.25677619,491.1415690104165,3.4788992684205247
2460329.263720559,499.9473763020831,3.4812846025313653
2460329.270664928,492.98470703125,3.4768018939233793
2460329.2776092975,490.08044270833324,3.4714831004249582
2460329.284553667,492.96337890624983,3.471665277263281
2460329.2914980357,496.2030859374998,3.4694431827956027
2460329.298442405,487.9866796874999,3.4647387712502797
2460329.3053867747,486.35056640625,3.4586937129768387
2460329.312331144,489.38763671874995,3.4555671273172983
2460329.3192755138,475.79072916666655,3.4470755759079204
2460329.3262198833,483.0218424479165,3.4479470090125806
2460329.333164253,483.8042643229166,3.4404513628634414
2460329.3401086223,484.62869791666645,3.43780854393667
2460329.347052993,474.45350911458337,3.4275852344848485
2460329.3539973623,470.7699902343749,3.4222049664373753
2460329.360941732,479.32523437499987,3.4195175796545065
2460329.367886102,476.2162760416666,3.4132495195534123
2460329.374830472,472.0114388020832,3.4089629992153854
2460329.381774842,484.8844759114583,3.4064328814213596
2460329.388719212,481.52369466145836,3.401292058777798
2460329.3956635823,488.1374641927082,3.4009328578686024
2460329.4026079522,489.16346679687496,3.3976813677623423
2460329.4095523222,487.8352897135416,3.394525572960333
2460329.4164966927,489.10900390624994,3.39459863399555
2460329.423441063,494.75623046875006,3.3941207790496493
2460329.4303854336,493.63285156249987,3.3919518632340337
2460329.437329804,496.7638802083332,3.3938378677424574
2460329.4442741745,495.23535807291665,3.3950610489139863
2460329.451218545,496.41581054687504,3.3972555038165346
2460329.4581629154,497.54531575520815,3.3984862088142376
2460329.4651072863,502.29652669270826,3.4045140100354843
2460329.4720516573,497.2659505208333,3.4036326539508557
2460329.4789960277,497.50807942708326,3.4065271995098936
2460329.4859403986,494.3868131510417,3.4122470559754507
2460329.4928847696,494.99257486979167,3.4136828309748286
2460329.499829137,489.8388183593749,3.4180091495735367
2460329.5067735068,490.98578124999995,3.423929931332657
2460329.513717877,493.2211783854165,3.429671062991717
2460329.5206622486,484.7767903645833,3.4319591298194356
2460329.52760662,478.67337890625004,3.436923007432236
2460329.534550991,477.66184244791674,3.439120315464557
2460329.5414953623,481.74816406249994,3.4471085175730938
2460329.5484397337,475.0918294270832,3.450117792556035
2460329.555384105,476.86631510416663,3.4554578335450894
2460329.5623284765,475.95362630208336,3.4609080710307296
2460329.5692728483,482.3187955729165,3.468373787775335
2460329.5762172197,486.4618294270834,3.476539505093889
2460329.583161591,482.18068359374985,3.4807425022629115
2460329.5901059625,488.26145182291657,3.491452642312226
2460329.597050335,480.5203385416665,3.49568686367494
2460329.6039947066,484.1436328124999,3.502314649863525
2460329.6109390785,486.0646679687499,3.5067900602063093
2460329.61788345,487.8824869791665,3.5110026862302313
2460329.624827822,491.2269531249999,3.5157221304937813
2460329.6317721945,497.6905403645833,3.521436151227906
2460329.638716566,493.02793619791663,3.5218834133574006
2460329.6456609387,499.72220703124987,3.524922205615002
2460329.6526053105,485.75477213541654,3.521968282719312
2460329.6595496833,496.45594401041654,3.527287854655565
2460329.666494055,494.14016276041656,3.527299005345226
2460329.673438428,491.6523893229166,3.528691356887514
2460329.6803828003,490.08901692708315,3.527788812317322
2460329.6873271726,491.6779231770832,3.531073527774718
2460329.694271546,484.52041666666656,3.5284375194531816
2460329.7012159177,484.4031119791666,3.529532426324987
2460329.708160291,485.00858723958316,3.5286490470685776
2460329.7151046637,483.69142578124985,3.528374219624915
2460329.722049036,482.1929687500001,3.5242159951159078
2460329.7289934093,480.9836783854166,3.5230054470410312
2460329.735937782,478.8201627604165,3.519489655181273
2460329.742882155,477.8628385416666,3.516882191928406
2460329.749826528,475.5208463541667,3.5141452064292413
2460329.7567709014,472.92137369791664,3.510810744525537
2460329.7637152746,468.47296874999984,3.506482263613611
2460329.770659648,480.7990755208331,3.5061809330075877
2460329.777604021,481.0283138020832,3.5025854357977306
2460329.7845483944,471.29796874999994,3.4954138553032377
2460329.7914927676,475.8094856770833,3.494113496947018
2460329.798437141,482.7391731770833,3.4902909893835017
2460329.8053815146,489.66960286458317,3.4880443440903286
2460329.8123258883,486.8998242187499,3.48409693307981
2460329.819270262,491.52372395833316,3.479842367923306
2460329.8262146357,489.0684244791666,3.476622301872452
2460329.833159009,494.1639843749999,3.4740854281436633
2460329.840103383,490.41552083333335,3.469484643903263
2460329.8470477574,492.3371093749997,3.4662228136573465
2460329.8539921306,498.68826171874997,3.465184099771657
2460329.8609365053,500.64955729166667,3.4648709146517143
2460329.867880879,495.1399283854166,3.461007945237695
2460329.8748252536,497.08716796874995,3.460544032322513
2460329.8817696273,493.51808593749985,3.458831050139364
2460329.888714002,496.5443033854165,3.458243071671454
2460329.8956583757,492.1496940104166,3.4557777538114167
2460329.9026027503,491.47059244791654,3.456387012434995
2460329.9095471245,489.1656575520833,3.4555550380999516
2460329.916491499,481.4314257812498,3.4559213913833324
2460329.923435874,483.0354296874998,3.454163479021689
2460329.930380249,481.72915364583315,3.454751914998243
2460329.937324623,476.95728515625007,3.451997268696049
2460329.9442689978,478.86011718749995,3.4547412263980086
2460329.9512133724,478.83805989583334,3.455488832931744
2460329.9581577475,478.87954427083315,3.455306944749973
2460329.9651021226,474.5651562499999,3.453934161837919
2460329.9720464977,478.974296875,3.455180576371953
2460329.978990873,479.34463541666656,3.454121747164161
2460329.985935247,475.0106770833333,3.4542242172542346
2460329.992879622,487.0772981770833,3.4528986715743177
2460329.9998239973,487.41763671875,3.451237027091857
2460330.0067683733,490.43626953124993,3.4481033702621544
2460330.0137127484,488.9132812499999,3.4443623631408706
2460330.0206571235,490.25772135416656,3.4427267858025616
2460330.0276014996,488.4486979166665,3.437804222366859
2460330.0345458747,498.25879557291665,3.439105313128319
2460330.0414902507,497.2460286458333,3.433583446678733
2460330.048434626,495.9139908854166,3.429671441897123
2460330.055379002,495.4273632812498,3.4221302294573737
2460330.0623233775,496.5347460937499,3.4193544768693953
2460330.0692677535,490.8598111979166,3.4135198460817566
2460330.076212129,489.6732747395833,3.4090005818735265
2460330.083156505,481.0484505208331,3.401374044852231
2460330.090100881,484.96730794270843,3.3987572672308843
2460330.097045257,487.39270182291665,3.395484760397091
2460330.1039896333,484.8838509114582,3.3908193088729632
2460330.11093401,484.83398763020824,3.3889885161541584
2460330.117878386,483.61792317708324,3.3860982931058863
2460330.1248227623,484.0015787760417,3.3809585413595413
2460330.1317671384,477.33574544270823,3.3782900536509337
2460330.1387115153,475.1966829427083,3.37402658266217
2460330.1456558914,473.0407649739582,3.3732411576079393
2460330.1526002684,474.3078320312499,3.368948187968224
2460330.159544645,473.11267252604165,3.368356395614096
2460330.1664890214,480.1602669270831,3.3693799825570387
2460330.1734333984,477.7156380208333,3.369506775220275
2460330.1803777753,478.3845703125,3.3704256331081806
2460330.1873221523,478.71983072916663,3.371867440529311
2460330.1942665293,483.1898697916666,3.3751392688717137
2460330.2012109063,481.67139322916654,3.377158619121129
2460330.2081552832,484.1394596354165,3.3801580278993115
2460330.21509966,493.6239420572917,3.3838378926739447
2460330.2220440377,492.0440527343749,3.3877332888121026
2460330.228988415,487.72458333333316,3.389782467710219
2460330.235932792,489.40252929687495,3.3913261040354374
2460330.242877169,485.6079687499999,3.392803220904749
2460330.249821547,494.0579264322916,3.396624305368062
2460330.256765925,492.440478515625,3.397895017333665
2460330.263710302,492.58552083333325,3.3978895198308448
2460330.2706546797,491.80224934895824,3.3969657977901133
2460330.2775990576,492.12240234374985,3.398159178194407
2460330.2845434356,492.5254752604166,3.3952879129208853
2460330.2914878135,489.68244140624984,3.3936745065511293
2460330.2984321914,496.3958138020833,3.3962746728926594
2460330.3053765693,492.0530566406249,3.39338706162216
2460330.3123209476,480.72656249999983,3.3888294284873197
2460330.319265325,485.6153092447915,3.3887300197950463
2460330.3262097035,474.19187174479174,3.382207316184159
2460330.333154082,481.58729492187496,3.3834212378336894
2460330.3400984597,478.7826009114583,3.3790927971889264
2460330.3470428386,478.5800130208331,3.3767999095562633
2460330.353987217,484.5474902343749,3.376645297626739
2460330.3609315953,474.5202278645832,3.368944711057986
2460330.3678759737,473.0046712239582,3.365704148636699
2460330.3748203525,481.8965397135415,3.3652949328810267
2460330.381764731,478.14876627604144,3.36112001665067
2460330.38870911,482.67816406249995,3.357945029284741
2460330.3956534886,482.35239583333333,3.3556723201698553
2460330.402597868,489.3407486979166,3.3549477940620385
2460330.4095422467,488.71443033854166,3.351325597341928
2460330.4164866256,483.568798828125,3.347105277166449
2460330.423431005,495.25777343749996,3.347497717397936
2460330.4303753837,492.7625976562499,3.345208243378431
2460330.437319763,492.53863281249977,3.3431701697005107
2460330.444264142,494.7859505208333,3.344708041921979
2460330.4512085216,493.41657552083325,3.340761952152294
2460330.458152901,487.63929687499984,3.337288193491197
2460330.46509728,493.8831673177083,3.3379725722100964
2460330.4720416605,499.7709342447917,3.339270855594215
2460330.4789860398,496.6618131510415,3.3386851194688987
2460330.485930419,491.05322916666654,3.336692058665822
2460330.492874799,483.5928580729166,3.3379472805034323
2460330.4998191786,485.0754231770834,3.337605407803094
2460330.5067635584,489.8069986979165,3.3415588530096287
2460330.513707939,483.3408626302083,3.3421342793770936
2460330.5206523184,481.9288899739581,3.3424937715204366
2460330.5275966986,479.2740917968749,3.344566013200705
2460330.5345410784,477.49646158854165,3.346944141762647
2460330.541485459,482.3002571614584,3.3528124687029313
2460330.5484298393,477.1050911458331,3.354623989306313
2460330.5553742195,479.77427083333333,3.3580454117168634
2460330.5623186002,472.7759570312501,3.3600556652684292
2460330.56926298,474.53950846354155,3.36453863439939
2460330.5762073607,482.14093749999984,3.368356367861012
2460330.5831517414,487.51445963541664,3.3734235517733997
2460330.590096122,490.26322591145816,3.3781471439550272
2460330.597040503,485.930400390625,3.381699164771982
2460330.6039848835,486.3942675781248,3.3838579206086816
2460330.610929264,487.71061523437476,3.3898247033857856
2460330.617873645,496.27176757812504,3.3942146072072035
2460330.6248180256,485.98430013020817,3.3962121141163197
2460330.6317624073,490.2022786458333,3.400057634236948
2460330.638706788,489.36179361979174,3.4036899152601108
2460330.6456511696,495.5861555989583,3.407683747944597
2460330.6525955503,489.1556998697917,3.4097605340241177
2460330.659539932,489.7237825520833,3.4114356596210182
2460330.666484313,496.96558268229165,3.4160169300700027
2460330.6734286947,491.36843098958326,3.4168129089928647
2460330.680373076,491.26540364583326,3.41782351566874
2460330.6873174575,489.8441601562499,3.4205077939709874
2460330.694261839,486.8063151041667,3.4196761748518085
2460330.701206221,491.23905598958316,3.4221235592932797
2460330.7081506024,486.43591145833335,3.4202073917264584
2460330.7150949845,483.4113411458332,3.4208077752820274
2460330.7220393666,482.0533040364582,3.420412990892054
2460330.7289837482,480.0245735677083,3.4189599650998606
2460330.735928131,478.3599088541667,3.417536291296001
2460330.7428725124,485.3728971354167,3.4176001918423893
2460330.7498168945,475.7388802083331,3.4151841222951287
2460330.7567612766,471.38617838541677,3.4106458616733346
2460330.763705659,473.0084505208333,3.410429033884325
2460330.7706500418,480.7716308593749,3.4090168892291826
2460330.7775944243,475.8058300781249,3.40517760827092
2460330.784538806,479.65636718749994,3.40436002789868
2460330.7914831894,489.48288411458316,3.4069329149957386
2460330.798427572,488.2144010416666,3.4031177900253486
2460330.8053719546,486.24792317708324,3.3963958380363244
2460330.812316337,487.6375390625,3.3946040546253813
2460330.8192607197,488.0602701822916,3.3910077775011
2460330.8262051027,496.5729296875,3.392200155230897
2460330.8331494858,495.2651692708332,3.3873495003231135
2460330.8400938683,494.54472981770806,3.3825508273960687
2460330.847038252,488.03550781250004,3.3777695477415417
2460330.853982635,488.5784375,3.372987463879196
2460330.860927018,495.83032552083324,3.3743965641334985
2460330.8678714014,489.38752278645825,3.3676523358106984
2460330.874815785,495.834521484375,3.3681499610062033
2460330.8817601684,485.8334700520833,3.363483706898973
2460330.888704552,486.0082649739584,3.359836689474856
2460330.8956489353,484.4982584635415,3.360819659541908
2460330.902593319,483.5879036458332,3.357858592929693
2460330.909537703,480.00822265624976,3.3564567898091067
2460330.9164820863,487.1244466145833,3.358455608191361
2460330.9234264703,484.04090494791643,3.3583476843260716
2460330.930370854,482.3394563802082,3.3566781054168686
2460330.937315238,477.8481412760414,3.3574250323110086
2460330.944259622,473.42894205729164,3.355017680749775
2460330.951204006,472.8577669270832,3.357724036628794
2460330.9581483905,474.0325032552082,3.358772090828573
2460330.9650927745,481.39035807291657,3.3620811699917206
2460330.972037159,480.94968424479157,3.362682993585923
2460330.9789815433,474.79371093749995,3.363358932909769
2460330.9859259278,483.9789420572917,3.368023119351113
2460330.992870312,485.3795214843749,3.368419785786901
2460330.9998146966,482.5540624999999,3.367973934828442
2460331.006759081,487.858134765625,3.367831215655668
2460331.013703466,487.82641601562483,3.366822186478824
2460331.0206478513,488.6299479166667,3.367517889713866
2460331.0275922357,492.10308268229164,3.365143731185356
2460331.0345366206,501.4965494791666,3.3660504957362947
2460331.0414810055,498.42189778645826,3.3628429766402017
2460331.048425391,492.8632291666666,3.3579584494362007
2460331.0553697757,491.5149772135416,3.355736308683481
2460331.0623141606,494.3634765625,3.3534763514487356
2460331.0692585465,493.848564453125,3.3500075756456362
2460331.0762029313,491.98578124999995,3.3473494380982998
2460331.0831473167,489.05005533854154,3.344172356039449
2460331.090091702,490.98740885416646,3.340559490032263
2460331.097036088,487.6280696614581,3.3358707294499514
2460331.1039804737,482.83266927083315,3.331591306929164
2460331.110924859,485.5186360677082,3.3296909976862863
2460331.117869245,484.16395507812496,3.3275856716189973
2460331.1248136307,482.7138248697917,3.3233935933865637
2460331.131758017,474.21109375,3.3177109214742337
2460331.1387024024,480.43236002604164,3.3178125995332284
2460331.1456467886,473.5390299479166,3.3111067326879873
2460331.1525911745,475.4238736979167,3.309267618540499
2460331.1595355608,474.7221126302082,3.3072584090144708
2460331.1664799466,475.7652604166665,3.3063924917561316
2460331.173424333,478.78162760416654,3.307859558565617
2460331.180368719,486.37853515624994,3.30929083371432
2460331.187313106,482.1749153645833,3.3076797222244436
2460331.194257492,485.2336751302082,3.3102148517452537
2460331.201201879,486.8924153645832,3.3122840367104174
2460331.2081462652,487.2897233072916,3.313828077923348
2460331.215090652,493.534580078125,3.319115889454602
2460331.2220350355,496.2283984374999,3.321942265953565
2460331.228979421,491.94017578124993,3.325225873268772
2460331.235923808,490.1899772135416,3.3273830053921434
2460331.242868195,496.2551074218748,3.3313548816416296
2460331.249812582,492.32592447916676,3.3337435812481218
2460331.2567569693,490.1309537760417,3.3349275923531914
2460331.263701356,499.3459147135416,3.338452588812436
2460331.2706457432,496.0942805989583,3.338726953538495
2460331.277590131,490.36827148437504,3.3379042711659754
2460331.284534518,493.04372395833326,3.3375106448175322
2460331.2914789054,490.95741210937484,3.3362451709945855
2460331.2984232926,487.2410807291665,3.3321816634844073
2460331.3053676807,484.47055013020827,3.3312349724953414
2460331.312312068,481.3565266927083,3.3284569783426576
2460331.319256456,479.8472005208332,3.3250074962783516
2460331.3262008433,477.3106412760415,3.3225611219198274
2460331.3331452315,481.2157682291666,3.321299750106668
2460331.3400896196,478.5590039062499,3.316584953201712
2460331.3470340073,473.57760742187475,3.313213566430541
2460331.3539783955,474.12590169270834,3.3096466854098683
2460331.3609227836,476.539775390625,3.3091173315110267
2460331.3678671718,478.4795930989582,3.3076360013789547
2460331.37481156,484.3079394531249,3.3050528100572976
2460331.3817559485,485.4056477864583,3.3021402370678388
2460331.3887003367,491.458076171875,3.300414410981882
2460331.395644725,491.9471712239583,3.297341960407645
2460331.402589114,492.25809244791645,3.29338194989507
2460331.4095335025,483.6388671875,3.28981118034918
2460331.416477891,491.67503906249993,3.2869531193693295
2460331.4234222793,498.2081673177083,3.28452898398756
2460331.430366669,497.5395703125,3.2800150134393307
2460331.4373110575,494.8879687499998,3.278586815503569
2460331.4442554465,494.47027018229164,3.276075335612481
2460331.4511998356,495.84262044270827,3.2741245487795445
2460331.4581442247,500.96589192708325,3.2733567689732506
2460331.465088614,495.8699511718751,3.2715798194812513
2460331.4720330033,495.1063281249999,3.2685053663412584
2460331.478977392,502.50215820312496,3.2734353272456853
2460331.485921782,492.1347916666667,3.2690269616989425
2460331.4928661715,493.7574837239583,3.266674227159541
2460331.4998105606,490.0175488281249,3.2666727793743235
2460331.50675495,484.40287109374987,3.265111064910579
2460331.5136993397,486.3000260416664,3.2665725196385957
2460331.5206437297,482.7047558593749,3.266729225221938
2460331.5275881193,481.26069986979155,3.269231994265184
2460331.5345325093,483.52440755208335,3.2724385042873165
2460331.5414768993,481.4636848958332,3.2747146485865684
2460331.5484212893,476.7928515624999,3.2778557739319116
2460331.5553656793,479.5977408854166,3.281290210173664
2460331.5623100693,476.3224739583332,3.2839257507108073
2460331.56925446,482.06486979166647,3.2892839709029045
2460331.57619885,485.8598470052082,3.291232390025352
2460331.5831432403,483.84723958333325,3.293963452312538
2460331.590087631,481.91693684895836,3.2951672629469564
2460331.5970320213,478.7351497395833,3.2969191711704724
2460331.6039764117,488.74097656249995,3.301424450041359
2460331.610920802,495.11996419270827,3.3066075639985866
2460331.617865193,491.27430338541654,3.3065476114249144
2460331.6248095836,489.6360221354166,3.309189241962303
2460331.631753975,489.6584440104166,3.311957051144427
2460331.6386983655,492.8219921874999,3.3162546430723867
2460331.645642757,491.67902994791666,3.3177888566400426
2460331.6525871474,491.5718229166666,3.319889051725301
2460331.659531539,493.4411295572916,3.322971450663214
2460331.66647593,495.4489713541666,3.3273840284181193
2460331.673420321,489.4857812499998,3.3245971443934565
2460331.6803647126,490.97391601562487,3.326591851491342
2460331.6873091045,490.01945638020834,3.3290664536765644
2460331.6942534954,488.42899414062487,3.328702138856757
2460331.701197887,479.49826822916657,3.3273850153545026
2460331.7081422787,491.07453450520825,3.333569583132538
2460331.71508667,482.021953125,3.330242853304781
2460331.722031062,479.199462890625,3.330967722390023
2460331.728975454,480.89984374999995,3.3305386395074077
2460331.7359198458,476.89995442708323,3.3296949471894446
2460331.7428642376,479.4089680989582,3.331466862108572
2460331.74980863,483.5270052083333,3.3333774819848467
2460331.756753022,468.2095052083332,3.3273266390282976
2460331.763697414,480.5203287760416,3.327849258810915
2460331.770641806,481.0311783854166,3.3276845190902193
2460331.777586199,481.0344075520832,3.3236834858849225
2460331.784530591,491.1098144531249,3.322852881390666
2460331.7914749836,486.5927343749998,3.3178561056927935
2460331.7984193764,485.54595377604164,3.3155777463017917
2460331.8053637687,488.92302734375,3.311979255615913
2460331.812308161,493.6398437499999,3.308207037544241
2460331.819252554,491.3301920572917,3.3031940960342445
2460331.8261969467,494.04699544270824,3.299906590490407
2460331.83314134,496.23202473958327,3.294063490002848
2460331.8400857328,495.75143554687503,3.2889194022394332
2460331.8470301256,495.7749837239582,3.283825611812487
2460331.853974519,494.57091796874994,3.2770153876085804
2460331.8609189116,495.49400390625004,3.2724179169694807
2460331.8678633054,501.19919921875,3.268151460905459
2460331.8748076987,493.33513020833317,3.2626892874871145
2460331.881752092,491.0866210937499,3.259512771111581
2460331.8886964857,486.3492708333333,3.2541867153773754
2460331.8956408785,485.56574869791666,3.2526884648411567
2460331.902585272,489.6179785156249,3.252056068016271
2460331.909529666,489.20397786458324,3.2519140584525754
2460331.9164740597,482.87751302083325,3.2481304888023086
2460331.9234184534,479.64305338541664,3.2489141309673593
2460331.930362847,482.66195312499985,3.2500795810217613
2460331.937307242,482.19982747395824,3.2509776577291163
2460331.9442516356,476.6639322916667,3.252630086072026
2460331.95119603,481.4260188802082,3.256589112147848
2460331.958140424,478.26613281249985,3.259121198063651
2460331.9650848177,480.85775390624985,3.2621275921714563
2460331.9720292124,479.9119726562499,3.265794922393359
2460331.9789736066,488.8414550781251,3.2729991016199893
2460331.985918001,484.03650716145813,3.277484362534656
2460331.992862396,490.31947591145826,3.282262452942317
2460331.99980679,487.45863281249996,3.285560436366149
2460332.0067511853,491.2397102864584,3.290949715317023
2460332.0136955795,491.49618164062485,3.2922276742980063
2460332.0206399746,495.12126302083334,3.2949215512333976
2460332.0275843693,498.5179947916666,3.297531819165478
2460332.0345287644,489.44773111979157,3.295565849048964
2460332.0414731596,491.1835677083333,3.2940508562587794
2460332.0484175547,489.9921158854166,3.2922835071032748
2460332.0553619494,486.530673828125,3.287223263434045
2460332.062306345,493.16844726562493,3.287785728153668
2460332.06925074,493.5407682291666,3.283647314815218
2460332.0761951357,490.36877278645824,3.279050895225946
2460332.0831395313,492.73954101562487,3.2749302184272047
2460332.090083927,486.5715690104166,3.270577340005819
2460332.097028322,484.7193815104165,3.2680038722874105
2460332.1039727177,481.66824869791645,3.26290274718932
2460332.1109171137,483.2700651041664,3.260440296100068
2460332.1178615093,478.8243782552081,3.2527981193414703
2460332.124805905,477.3294596354165,3.2511773758113987
2460332.1317503015,478.78223632812495,3.245488475774938
2460332.1386946975,478.98011393229154,3.2418369402647524
2460332.145639093,473.27365885416657,3.2351198228557188
2460332.152583489,482.0611425781249,3.232621423738674
2460332.159527886,477.2635384114581,3.2261181474813228
2460332.1664722823,479.95116536458335,3.22349364442845
2460332.1734166783,475.10088541666664,3.220041014648473
2460332.180361075,486.4505696614583,3.22088276967953
2460332.187305472,487.07787109375005,3.218129793138878
2460332.1942498684,485.62451497395824,3.217628565130569
2460332.201194265,484.77439127604157,3.2182465415330856
2460332.2081386615,497.43317708333325,3.221322970760498
2460332.2150830585,489.1993261718749,3.2198525215058207
2460332.222027455,493.14178385416653,3.221983988270789
2460332.2289718525,502.8610123697916,3.225133192238584
2460332.2359162495,499.2867350260415,3.2293812843017076
2460332.2428606465,498.4879589843749,3.231489319980738
2460332.249805044,494.30252929687504,3.2336076318545484
2460332.2567494414,497.36671874999985,3.2370603397865056
2460332.263693838,499.8260937499999,3.2390792882614807
2460332.2706382354,500.2007942708331,3.239398224734241
2460332.277582633,496.2989550781249,3.240172142516333
2460332.2845270303,492.39931966145815,3.2383586051343918
2460332.2914714287,493.65614583333337,3.2390704660408063
2460332.298415826,485.2294596354165,3.2357037113184437
2460332.3053602236,483.21057291666665,3.2332264261381316
2460332.3123046216,486.80638346354164,3.232296105367849
2460332.3192490195,478.96241210937507,3.2291586532060177
2460332.3261934174,481.5320800781249,3.225717898254537
2460332.3331378154,478.1508300781249,3.2246209100385372
2460332.3400822137,479.8079166666665,3.2201084491767245
2460332.3470266117,474.2250488281249,3.2174221210752676
2460332.35397101,483.6318001302084,3.2167308064206677
2460332.3609154085,479.00330078125006,3.2112053531970495
2460332.367859807,482.5729947916666,3.2099632408399117
2460332.3748042053,484.12942382812497,3.20781849420167
2460332.381748604,480.1633138020831,3.2055481564023416
2460332.3886930025,487.8262825520833,3.204015192448521
2460332.395637401,489.2807161458333,3.201480935018344
2460332.4025818,492.1617057291666,3.1992549681527884
2460332.4095261986,498.6612662760417,3.198138885707874
2460332.416470598,492.5629524739584,3.194394126429031
2460332.4234149964,494.36792643229154,3.191813302411298
2460332.4303593957,500.363701171875,3.189969349113495
2460332.437303795,496.874560546875,3.1858478926995226
2460332.444248194,498.073681640625,3.183091231040677
2460332.4511925937,495.2421093749999,3.179676430534865
2460332.458136993,492.1405273437501,3.175542041963053
2460332.4650813923,489.27652018229173,3.1711347211170726
2460332.4720257916,492.65490885416676,3.169733637672882
2460332.478970191,492.50933268229164,3.1683193527790614
2460332.4859145912,492.1973144531251,3.166877218722037
2460332.4928589906,488.68156575520817,3.1654563379451055
2460332.4998033904,480.42995117187485,3.1648773784747024
2460332.50674779,484.6306119791666,3.1663230678142575
2460332.5136921904,480.48525065104167,3.1671879610701534
2460332.5206365907,477.34261718749985,3.168592339137081
2460332.52758099,476.3914453125,3.1730683139992433
2460332.5345253907,479.70543945312494,3.175580685320343
2460332.5414697905,473.25952148437483,3.175119289024313
2460332.548414191,471.27105468750005,3.18121380350266
2460332.5553585915,476.490302734375,3.1811852541167362
2460332.562302992,481.02578776041656,3.1848646275952444
2460332.5692473925,478.8118359375,3.1878785041565934
2460332.5761917927,483.08716796874995,3.1896476141382784
2460332.583136194,487.90116210937504,3.191074187653189
2460332.5900805946,494.08674479166666,3.1930322096406383
2460332.5970249954,492.534755859375,3.191601119579946
2460332.6039693966,491.78882812499995,3.1921621904709774
2460332.6109137973,490.5121582031249,3.1883615400381533
2460332.6178581985,495.13916015624983,3.189933452740835
2460332.6248025997,493.1778841145833,3.188295155201599
2460332.631747001,495.4418098958333,3.185779666068592
2460332.638691402,490.08431640625,3.1868270985203284
2460332.645635803,497.80949544270834,3.1903308859003903
2460332.652580205,496.5672851562499,3.189063118278788
2460332.659524606,499.16092447916645,3.192008056139428
2460332.6664690077,493.10449544270824,3.1942243789784612
2460332.6734134094,494.41856119791663,3.193722178782497
2460332.680357811,490.5732714843748,3.1951797701121087
2460332.6873022127,488.97708007812497,3.197923376327573
2460332.694246615,486.6210319010417,3.201590191478093
2460332.701191017,484.40357421874995,3.2056320900438067
2460332.7081354186,483.65700846354156,3.2065268622093828
2460332.715079821,478.99298828124984,3.20861088472637
2460332.722024223,479.83126953125003,3.2129466404582785
2460332.7289686254,475.4399153645833,3.2146639938188897
2460332.7359130275,480.44012369791653,3.2188035124150045
2460332.7428574297,470.8423502604166,3.21841632601655
2460332.7498018327,481.5430598958331,3.225433139161844
2460332.756746235,477.25173828124997,3.2250807965619135
2460332.7636906374,482.2904752604166,3.2253639605192195
2460332.77063504,482.2502766927082,3.2244119352617506
2460332.777579443,485.92785156249994,3.2235102136605644
2460332.784523846,489.181376953125,3.224046205251378
2460332.7914682482,485.5402278645831,3.218071615512141
2460332.7984126513,483.3201790364583,3.215459253253829
2460332.8053570543,493.88509765624985,3.2122851189248958
2460332.8123014574,489.5851855468748,3.205436010693095
2460332.8192458604,493.95068359375,3.2021924525595704
2460332.8261902644,493.8519954427082,3.1970363389411935
2460332.8331346675,496.3471972656248,3.1929571864036053
2460332.840079071,494.88515299479167,3.186790635273761
2460332.8470234745,496.8861523437499,3.1843058951141283
2460332.8539678776,496.69164062500005,3.178894788953535
2460332.8609122816,496.0040136718749,3.1740938798680927
2460332.867856685,492.89483398437505,3.1697776324563427
2460332.874801089,495.6734993489584,3.165300176416751
2460332.881745493,484.0358365885416,3.159513925186312
2460332.8886898966,485.6546549479167,3.15575199952111
2460332.8956343005,483.6943717447918,3.152601372092349
2460332.902578705,487.618251953125,3.1523499035258955
2460332.909523109,482.21686848958325,3.1465547362567174
2460332.9164675134,480.82236979166674,3.1445248731521023
2460332.9234119174,474.40713541666645,3.140749136218744
2460332.9303563223,475.6765624999998,3.141501299345205
2460332.9373007263,477.7847656249998,3.1416176940475413
2460332.9419303294,470.27413085937496,5.4372441225447705
2460333.120170066,493.74513671875,5.436872326341229
2460333.1247996707,493.99019531249996,3.13569100745276
2460333.1317440774,490.74550130208326,3.1303720554953007
2460333.1386884837,491.65647135416657,3.1271268411031836
2460333.1456328905,493.6731087239582,3.1241501438258616
2460333.1525772973,492.2035449218749,3.1200006053979514
2460333.159521704,491.0738411458333,3.114618316202801
2460333.166466111,495.875,3.1118478153674896
2460333.173410518,496.0584830729167,3.1104217249878814
2460333.180354925,497.5902604166666,3.1069574318322757
2460333.187299332,505.621513671875,3.1070496201627833
2460333.1942437394,502.9025716145832,3.1043809729918492
2460333.2011881466,506.23325846354163,3.1059597077383096
2460333.208132554,498.70379882812495,3.1001725823531547
2460333.215076962,497.25137369791656,3.0995916749510553
2460333.222021369,505.43360026041665,3.1013789603151554
2460333.228965777,507.583583984375,3.103651058626726
2460333.2359101847,509.83392252604153,3.105448090550946
2460333.2428545924,508.75722330729167,3.105303325240324
2460333.249799,507.3431022135416,3.107229015711568
2460333.2567434083,500.1467610677084,3.106466944308339
2460333.263687816,507.164951171875,3.1096053075944137
2460333.2706322237,505.3715559895833,3.111978488615303
2460333.2775766323,499.5425748697917,3.1110882748823063
2460333.2845210405,503.0085807291668,3.1138455896175468
2460333.2914654487,495.32545247395836,3.1130606626844664
2460333.298409857,491.1662239583332,3.109100454870118
2460333.3053542655,493.0487304687499,3.108993966685567
2460333.312298674,490.8388997395832,3.1092766184425833
2460333.3192430823,493.26142903645814,3.107798710988838
2460333.326187491,485.4584277343749,3.103863418176313
2460333.3331319,487.6025065104166,3.103338483458271
2460333.340076309,487.9385026041667,3.1011007688279535
2460333.347020718,487.8212988281248,3.0989144063666103
2460333.3539651264,489.04009440104164,3.09929570319264
2460333.360909536,492.3887727864582,3.097417257020757
2460333.3678539447,493.4577083333332,3.093875400608937
2460333.374798354,496.5272656249999,3.091710517379804
2460333.3817427633,498.44001627604166,3.091183933943229
2460333.3886871724,496.93993164062505,3.0877544578869194
2460333.395631582,503.35536132812484,3.088808082102361
2460333.4025759916,502.7137011718749,3.0858072371057506
2460333.409520401,500.2908235677084,3.083709955724885
2460333.4164648107,506.4506477864582,3.0848942952133735
2460333.4234092203,505.47293619791645,3.083166879396904
2460333.4303536303,505.2835611979165,3.080454015656852
2460333.4372980404,507.21414062499997,3.080571341773289
2460333.44424245,509.3350585937498,3.0799253201458794
2460333.45118686,507.6851595052082,3.0772216268594517
2460333.45813127,505.0859049479165,3.074372634564367
2460333.4650756805,498.8311686197917,3.0713804759992915
2460333.472020091,504.6043033854165,3.0706043133017196
2460333.4789645015,499.80516601562493,3.0693323565253805
2460333.485908911,496.88483723958325,3.068000807687955
2460333.4928533216,497.66798177083336,3.0688885240405566
2460333.499797732,496.34253255208324,3.067273070861063
2460333.5067421435,498.20490559895825,3.0694811912979367
2460333.513686554,491.85984049479157,3.0666149890109753
2460333.520630965,486.3071126302081,3.0651856397907498
2460333.5275753755,490.59228190104176,3.064908000250165
2460333.5345197865,487.1535156249999,3.0624301024520655
2460333.541464198,489.20948242187495,3.064922517789812
2460333.548408609,494.71921549479157,3.065040766346614
2460333.55535302,493.8220670572916,3.0657329333386287
2460333.5622974313,492.8277962239583,3.0660739146892815
2460333.5692418427,498.33960286458324,3.069739373536945
2460333.576186254,498.4858203125,3.0678031253161833
2460333.5831306656,495.97522135416676,3.0680200078206243
2460333.5900750775,501.2930794270833,3.069469151127466
2460333.5970194885,503.3296549479167,3.0685972061707534
2460333.6039639004,507.5116927083333,3.069599068330875
2460333.6109083123,503.7676106770834,3.064774345919894
2460333.6178527237,505.88845052083326,3.0630754395943214
2460333.624797136,503.769580078125,3.062133669048239
2460333.631741548,506.8574674479166,3.059589104615297
2460333.6386859603,502.3330240885418,3.0572995591413243
2460333.6456303727,503.9256477864581,3.056069598672417
2460333.652574785,509.6540983072916,3.0545359606147358
2460333.659519197,503.5011881510416,3.0568767338018485
2460333.6664636093,502.5720963541665,3.05505210505188
2460333.6734080217,502.74354492187496,3.062381111997532
2460333.6803524345,498.7475130208333,3.061724258477551
2460333.687296847,499.9075976562499,3.0656950262724063
2460333.6942412597,493.42943359374976,3.06663416994895
2460333.701185673,494.05441406250003,3.068983701992567
2460333.7081300854,498.48727864583344,3.0744546710318605
2460333.715074498,496.9906250000001,3.0766690867686273
2460333.722018912,488.47357421874995,3.07807113134924
2460333.728963325,483.51462890625,3.079207160310491
2460333.7359077386,484.0031282552083,3.0806843962291066
2460333.742852151,490.46571289062496,3.082346639119192
2460333.749796565,486.89148111979165,3.0837575159315906
2460333.756740978,494.6321874999999,3.086357275790872
2460333.7636853918,493.2391438802083,3.085840951277584
2460333.770629805,500.26660156249983,3.0875271950937577
2460333.777574219,493.28895833333326,3.082561988376622
2460333.7845186326,499.48807291666645,3.084462819617368
2460333.791463047,498.8906510416667,3.0837531602204145
2460333.79840746,498.51776367187495,3.0811545201502857
2460333.8053518743,506.26648111979165,3.082431883280142
2460333.8122962886,505.58986979166656,3.077293547682752
2460333.8192407023,507.6429492187499,3.0773169870968826
2460333.8261851165,509.99984374999985,3.0750370898349515
2460333.833129531,506.22375651041665,3.0707124086615742
2460333.8400739455,508.1636588541667,3.069328920918315
2460333.8470183597,501.3970963541665,3.062749610777372
2460333.853962774,504.9398600260417,3.060954445448509
2460333.860907189,507.67949869791664,3.057954204200152
2460333.8678516033,504.50597981770835,3.056045384102194
2460333.874796018,506.7871679687499,3.0523269637957764
2460333.8817404327,503.04365559895814,3.0495902854264707
2460333.888684848,503.41948893229164,3.045605989510577
2460333.895629263,498.5317317708332,3.0411331433741147
2460333.902573678,495.6146744791666,3.0359764907999782
2460333.9095180933,496.41858398437506,3.0333769592434234
2460333.9164625085,490.9244433593747,3.0309149042924552
2460333.9234069237,485.4501432291666,3.0270205312095233
2460333.930351339,490.83884440104157,3.0268457875732078
2460333.9372957544,486.82951822916675,3.0248196683922455
2460333.94424017,489.6361946614582,3.025584626314114
2460333.9511845857,485.07629231770835,3.0239687699058475
2460333.9581290013,493.09322265624996,3.0286192087007553
2460333.9650734174,497.51187174479156,3.029278079894837
2460333.9720178326,492.85148763020834,3.026309548019208
2460333.9789622487,498.6407063802083,3.028384788981773
2460333.9859066647,501.75218749999993,3.0312866554526843
2460333.992851081,499.3714355468749,3.030692690117391
2460333.999795497,504.41528320312483,3.03075526751335
2460334.006739913,503.21133789062486,3.0314574926022426
2460334.013684329,508.76887044270825,3.036897469460717
2460334.020628746,507.5709960937499,3.035655683499369
2460334.027573162,507.5022102864582,3.0350550712867186
2460334.0345175792,507.00566731770823,3.0352358163415025
2460334.0414619953,509.1727799479166,3.037212122755523
2460334.0484064124,506.45189453125005,3.0363925891731824
2460334.0553508294,506.6875455729167,3.035463056591222
2460334.0622952455,504.23892578124986,3.0317725042679755
2460334.069239663,497.05176757812495,3.0265772389996486
2460334.07618408,495.6619108072916,3.024300735975773
2460334.083128497,493.44813802083326,3.0202354189304965
2460334.0900729145,495.45220377604164,3.0179685212477256
2460334.0970173315,493.55400390625,3.0134099807873427
2460334.103961749,494.7162434895833,3.010378539100269
2460334.1109061665,492.869921875,3.0060556374062126
2460334.117850584,489.22137695312495,3.0033038818933218
2460334.1247950015,488.6347167968749,3.0006799655782235
2460334.131739419,488.04494466145826,2.997992807774512
2460334.138683837,488.09146158854156,2.995421229229755
2460334.145628255,492.8988606770833,2.994182900836553
2460334.1525726723,493.6412923177083,2.993400434055047
2460334.159517091,496.379814453125,2.994617361470105
2460334.1664615087,496.0827376302083,2.9935991879938766
2460334.1734059267,500.0132682291666,2.991128705238508
2460334.180350345,498.5367968749999,2.9902966098946426
2460334.187294763,497.55675781249994,2.987653737087408
2460334.194239182,505.745693359375,2.9901286888489005
2460334.2011836004,501.96957356770827,2.987377060936263
2460334.2081280183,502.1279882812499,2.9851593627967437
2460334.215072437,501.4178971354166,2.98390596946467
2460334.2220168556,508.8145638020833,2.984707018937421
2460334.2289612745,510.0265332031251,2.983973250254319
2460334.2359056934,502.2709602864582,2.981861936021215
2460334.2428501123,508.447109375,2.9833899178171177
2460334.2497945316,504.420185546875,2.9803587669615634
2460334.256738951,508.0126888020832,2.981987835867701
2460334.26368337,502.1523860677083,2.9796216289209525
2460334.2706277887,504.85171549479156,2.9810496697217324
2460334.2775722085,503.8449348958332,2.9804402053418904
2460334.2845166274,497.9224772135415,2.978923754047899
2460334.2914610473,495.17810221354165,2.978654060749227
2460334.298405467,497.93613606770833,2.977386510630485
2460334.3053498864,496.30923502604173,2.9761593949360745
2460334.3122943062,492.08632161458326,2.972589273828442
2460334.319238726,493.85002278645834,2.972244991688053
2460334.326183146,489.5821614583333,2.9706296895736988
2460334.333127566,492.47605143229157,2.969492244991004
2460334.340071986,488.42598307291655,2.9650088551648466
2460334.347016406,494.1549153645833,2.966006986838845
2460334.353960826,498.1392740885417,2.9635150439475115
2460334.3609052463,495.9392903645833,2.9603854574527784
2460334.367849667,497.0217903645833,2.961272829211204
2460334.3747940874,497.8408203125,2.957884401717793
2460334.3817385077,497.00039713541656,2.9562649645591814
2460334.3886829284,500.1462760416668,2.955776104694283
2460334.395627349,502.00464518229165,2.956568856121336
2460334.40257177,506.6596223958333,2.957724127517324
2460334.4095161906,509.8602571614583,2.959002629694112
2460334.4164606114,507.74079427083325,2.9564313819114063
2460334.4234050326,506.1736263020833,2.9555843219112394
2460334.430349454,502.63680989583327,2.954697403688137
2460334.437293875,501.734375,2.9560513033075733
2460334.4442382962,506.14110351562505,2.9573389490146957
2460334.4511827175,508.0997200520833,2.9596829181243245
2460334.4581271387,506.1520052083333,2.95965651892756
2460334.4650715603,502.6360709635416,2.9576896911915225
2460334.472015982,501.13636718749996,2.9578318904848424
2460334.4789604037,497.83031249999993,2.95769146546445
2460334.4859048254,501.9423470052082,2.959630340517173
2460334.492849247,495.10354166666656,2.957655657869518
2460334.499793669,493.5434440104165,2.9555104959580607
2460334.506738091,492.73217122395835,2.955007687427807
2460334.513682513,486.8450520833333,2.953252497957602
2460334.5206269347,483.5828710937499,2.9510338606567075
2460334.527571358,486.52161783854154,2.9525237733905123
2460334.53451578,485.00401367187504,2.949783895412164
2460334.5414602016,491.25029622395823,2.951437629942628
2460334.5484046247,495.50663085937504,2.9497177967498693
2460334.555349047,493.44463541666664,2.946845592075945
2460334.56229347,500.6801725260416,2.9475556073532574
2460334.5692378925,500.3341634114583,2.9454037779836852
2460334.5761823156,501.0776171875,2.9457588401697965
2460334.583126738,505.49673828124986,2.942545260596835
2460334.590071161,503.75150390624987,2.9397324754217746
2460334.597015584,505.08275390624993,2.9383881354516053
2460334.6039600074,505.69738281249994,2.934882936119008
2460334.6109044305,508.42327799479153,2.9348159064165684
2460334.6178488536,510.96212890625003,2.9330447294420003
2460334.624793277,509.6998665364583,2.929011604665298
2460334.6317377007,511.1226367187499,2.9269742228814213
2460334.638682124,511.5522819010416,2.924580167754104
2460334.6456265477,510.4141406249999,2.9219756762547053
2460334.6525709713,507.67950195312505,2.920054647534888
2460334.6595153953,507.27744791666674,2.9199403641166035
2460334.666459819,502.4581640625,2.9176033601008964
2460334.673404243,506.14517578124986,2.9194997698943173
2460334.680348667,505.82433593749994,2.918900716303742
2460334.6872930913,501.35767578124995,2.918930231799269
2460334.6942375153,500.98239908854157,2.919280614178039
2460334.7011819393,495.5458496093749,2.919729682191624
2460334.708126364,493.1753385416666,2.919727656815508
2460334.7150707883,493.6624511718749,2.9237769796811843
2460334.7220152128,490.9382975260416,2.9223458252641894
2460334.7289596335,495.2712858072917,2.924752428417747
2460334.7359040584,492.69745442708336,2.924630540986057
2460334.7428484834,491.0099641927083,2.92606802848351
2460334.749792908,490.2677278645833,2.924886465545784
2460334.756737333,495.654072265625,2.926716626144922
2460334.7636817577,495.7486458333331,2.926481126221805
2460334.770626183,501.0151627604167,2.929329839515656
2460334.7775706085,496.73597656249984,2.9298782609499683
2460334.784515033,501.3768977864582,2.9293107492854893
2460334.7914594584,501.7857389322915,2.928971228872486
2460334.798403884,504.840888671875,2.9295771827785884
2460334.805348309,505.4081217447915,2.9279361578655156
2460334.8122927356,506.1551432291665,2.928782538265475
2460334.819237161,510.65951171875,2.926080686774585
2460334.8261815864,501.83021809895826,2.9242418129317067
2460334.8331260122,508.57458007812494,2.9243072936183427
2460334.840070438,504.61517903645836,2.921806492994032
2460334.8470148644,503.1292122395832,2.9184516983166957
2460334.8539592903,505.0792513020833,2.916086412668147
2460334.860903716,501.7700358072916,2.915169984958112
2460334.8678481425,508.2655729166666,2.9138501859386796
2460334.874792569,501.3797851562501,2.9088952608726673
2460334.881736995,500.27257812499994,2.907293041513754
2460334.888681422,494.66933268229167,2.9037167113606857
2460334.8956258483,496.43970377604154,2.901436760920925
2460334.902570275,494.1799934895833,2.8968300226223245
2460334.9095147015,489.78015299479165,2.894164329771707
2460334.9164591287,490.4310026041665,2.8904206413134887
2460334.9234035555,487.0796223958334,2.888437933724275
2460334.9303479823,492.79650716145824,2.8931102706158462
2460334.9372924096,490.0730859375,2.8872137258542057
2460334.944236837,491.2366992187499,2.886709899747995
2460334.951181264,495.3886067708331,2.88931012614872
2460334.9581256914,500.6168717447916,2.889403142698704
2460334.9650701187,498.8384440104167,2.889428812184868
2460334.972014546,501.3206054687498,2.8876799235052175
2460334.9789589737,505.0246386718748,2.8885764094617055
2460334.9859034014,504.9381608072916,2.8873281813488116
2460334.9928478287,502.90988281250003,2.8851356193311406
2460334.999792257,509.64813476562495,2.886517782870229
2460335.0067366846,507.056572265625,2.8834846637444893
2460335.0136811123,512.0679492187497,2.8861352486149676
2460335.020625541,506.5900455729167,2.8832682920412416
2460335.0275699687,512.5057421874999,2.8855298991923433
2460335.0345143974,508.93530273437483,2.8844933508178836
2460335.041458825,508.8247721354166,2.8854589995247424
2460335.048403254,505.5563997395834,2.882351276318911
2460335.0553476824,506.0112109375,2.883659675269311
2460335.0622921106,507.12941731770826,2.8819626749612106
2460335.06923654,512.1052246093749,2.882439162082044
2460335.0761809684,503.89993164062497,2.878105891843449
2460335.083125397,506.7186848958333,2.8776970259506562
2460335.0900698258,503.2629134114583,2.8720301406403013
2460335.097014255,501.3345540364583,2.871206333458392
2460335.103958684,500.04001627604174,2.8672547469137206
2460335.110903113,489.5282389322917,2.864090254848128
2460335.1178475427,495.6182910156249,2.8618322624993833
2460335.124791972,492.854296875,2.8578947261263994
2460335.1317364015,491.3943457031249,2.856022821818923
2460335.1386808306,491.2113118489583,2.856250162316148
2460335.14562526,491.88280924479176,2.853866557133729
2460335.1525696903,494.87209960937497,2.8558527969473686
2460335.1595141194,497.45360351562493,2.8559097443612242
2460335.1664585494,501.337802734375,2.8580645815436925
2460335.1734029795,497.98169596354154,2.8571029207494587
2460335.180347409,503.6186881510416,2.858344937187871
2460335.1872918396,498.66566406249996,2.858695336109292
2460335.1942362697,507.7582519531249,2.8600291764047174
2460335.2011806997,504.9019661458333,2.858879467840476
2460335.2081251307,509.41628906249997,2.861894837957388
2460335.2150695603,509.84750325520827,2.860440414557441
2460335.222013991,507.5098632812499,2.859391905194352
2460335.228958422,513.9359212239583,2.8614601753881472
2460335.235902853,507.9378580729165,2.8597654008929556
2460335.242847283,507.29107096354164,2.85584780929646
2460335.249791714,504.45824869791676,2.855234713749935
2460335.256736145,505.6665201822916,2.854365779351735
2460335.263680576,502.78921549479156,2.8519100927236507
2460335.270625007,500.5153222656251,2.8498780761578053
2460335.277569438,500.4966959635415,2.8485031297239822
2460335.28451387,503.0961263020833,2.8478654636281617
2460335.291458301,494.8752148437499,2.8443782682642422
2460335.2984027322,495.29261718749996,2.8429139707114466
2460335.3053471637,490.10099934895834,2.8391578664110475
2460335.3122915956,488.17123372395827,2.8369829213747764
2460335.319236027,492.07126627604157,2.837016555565285
2460335.3261804585,491.78997721354153,2.8354984493596276
2460335.3331248905,488.80360026041654,2.8342006003749503
2460335.3400693224,493.29317382812496,2.8333643331168776
2460335.347013755,493.6457682291666,2.8319036507774076
2460335.3539581867,491.6907194010417,2.831349090758837
2460335.360902619,495.2455566406249,2.832285096055477
2460335.3678470515,499.01160807291654,2.831125256455104
2460335.374791484,500.322666015625,2.830399806344993
2460335.381735916,507.6687630208333,2.8332162874037756
2460335.3886803486,503.7426269531249,2.8313834999431235
2460335.3956247815,505.3341015624998,2.8306240479345877
2460335.402569214,507.1637890624999,2.832276757122175
2460335.4095136467,510.76618815104166,2.8338808186839626
2460335.4164580796,510.7384147135417,2.8362173282804246
2460335.4234025124,513.1497526041667,2.8341599229662613
2460335.4303469458,511.3783528645833,2.8362477461601827
2460335.4372913786,505.9935872395831,2.832361128556118
2460335.4442358124,507.12280924479165,2.8323544605585522
2460335.4511802457,510.0104329427083,2.8321521639199694
2460335.458124679,508.3031445312499,2.829648682257434
2460335.465069112,504.95685872395825,2.829034921426521
2460335.472013546,501.2637858072917,2.8275635361419336
2460335.4789579795,506.3730826822916,2.8289224656080614
2460335.4859024133,500.9570605468748,2.828411296749812
2460335.492846847,498.0021289062499,2.828424449241531
2460335.4997912813,496.7039420572917,2.827119683859759
2460335.506735715,491.5927571614584,2.8270392185539226
2460335.5136801493,490.4479850260415,2.827133311681512
2460335.5206245836,492.74966471354156,2.8272157847049684
2460335.527569018,494.07499348958316,2.8281418380012724
2460335.534513452,495.27366861979164,2.827003741843569
2460335.5414578863,487.5428092447916,2.824334482851631
2460335.548402321,498.7430175781251,2.8259643214577133
2460335.555346756,497.63757486979165,2.8239052106676428
2460335.5622911905,499.1659309895833,2.821086837941111
2460335.569235625,500.46929361979164,2.821188342343944
2460335.57618006,500.06545898437497,2.820060790740502
2460335.583124495,505.71278320312496,2.8196774810636387
2460335.5900689303,508.186279296875,2.817748838302221
2460335.597013365,501.957451171875,2.816454953912959
2460335.6039578,507.56696940104166,2.8155882037565463
2460335.610902236,510.02922200520834,2.8159508663619626
2460335.617846671,505.92823893229144,2.8128009975122854
2460335.624791106,507.66507812499987,2.8132301714205568
2460335.6317355423,505.97923828124993,2.813043910457251
2460335.638679978,510.73049479166656,2.813068530116542
2460335.6456244136,510.8444010416667,2.8114094163186234
2460335.6525688497,505.22904296875004,2.8077460350990986
2460335.6595132854,501.4064453124999,2.8060007327684082
2460335.6664577215,508.53911783854164,2.8080537720493637
2460335.673402158,503.5412337239583,2.805185879967643
2460335.6803465937,500.8725130208333,2.8036262206139995
2460335.68729103,496.4998404947917,2.800978992710673
2460335.6942354664,497.78926757812513,2.8012779443361744
2460335.701179903,496.05074218749996,2.801681635194837
2460335.708124339,488.31098958333314,2.799304938343763
2460335.7150687757,493.2268424479166,2.798974497745334
2460335.7220132127,490.4611002604167,2.799770302433572
2460335.72895765,494.1251953125,2.7992807109716953
2460335.7359020864,489.69273437500004,2.799087805867204
2460335.742846523,493.97085611979156,2.7980630341483246
2460335.7497909605,495.0828059895833,2.7979948611349705
2460335.7567353975,496.31193684895834,2.7971737302947193
2460335.7636798345,505.32607096354167,2.8003857152285394
2460335.770624272,503.30505533854176,2.7993494815717512
2460335.7775687096,503.3733072916666,2.799244936986445
2460335.784513147,503.4134277343749,2.798734699382314
2460335.7914575846,504.1090039062498,2.7962919725643047
2460335.798402022,504.12696614583336,2.7963977851638777
2460335.80534646,508.1637565104167,2.7962868422604488
2460335.812290898,511.8806608072916,2.7966244084009753
2460335.819235336,509.13295572916667,2.7948966079606747
2460335.826179774,512.3706412760416,2.795139676415627
2460335.8331242125,509.35199218749995,2.7927919033615107
2460335.84006865,510.74704752604174,2.7948558581074976
2460335.8470130884,508.3726562499999,2.7906558898320344
2460335.853957527,508.9973665364584,2.79213560460486
2460335.8609019653,507.2334342447916,2.7884975186769476
2460335.8678464037,506.56137044270827,2.788458776306022
2460335.874790842,498.4299739583333,2.783988750917097
2460335.8817352816,502.4412923177083,2.7861132178562324
2460335.8886797205,497.2701497395833,2.7838281996668406
2460335.8956241594,498.9460774739584,2.7839730083500274
2460335.902568598,492.5566927083334,2.7815365028030676
2460335.9095130377,490.7982421874999,2.7806551238301185
2460335.9164574766,490.27644205729166,2.7787349077046137
2460335.923401916,490.30352539062505,2.7773162249523353
2460335.9303463553,491.5239876302083,2.776463904105048
2460335.937290795,492.0039518229167,2.7756654903273077
2460335.944235234,490.7923339843749,2.774860994193943
2460335.951179674,493.7035644531249,2.77406862029413
2460335.9581241137,501.6342415364582,2.7786024399890277
2460335.965068553,498.92764322916656,2.7759042786334844
2460335.9720129934,498.4880533854166,2.7728976240136087
2460335.9789574333,503.5560937499998,2.7746695950747
2460335.9859018736,511.50303385416663,2.7767492762070236
2460335.992846314,502.56888671875004,2.773300886367086
2460335.999790754,499.44861002604165,2.771274291855791
2460336.0067351945,508.4365852864583,2.7734569746081252
2460336.013679635,510.7647786458335,2.7734044933045063
2460336.020624075,508.9797070312499,2.772981466243156
2460336.027568516,507.2146484375,2.7722639794569317
2460336.0345129566,509.0474772135415,2.772838299004855
2460336.0414573974,500.7578971354166,2.769220976079977
2460336.048401838,500.6483691406249,2.7697300678236334
2460336.05534628,502.25000325520824,2.7678771278304626
2460336.0622907206,502.0155305989583,2.7665756781934547
2460336.069235162,499.10830403645815,2.7656840424063485
2460336.076179603,502.53369791666665,2.764921075067875
2460336.083124045,500.54099283854157,2.7625267432140515
2460336.0900684856,495.0231380208332,2.7602592386191116
2460336.0970129273,496.7085481770833,2.7588451851510754
2460336.1039573695,492.31259440104174,2.758429927424981
2460336.1109018107,489.6035644531249,2.753896724915286
2460336.1178462524,488.8699837239583,2.753873280510065
2460336.124790694,489.97620768229166,2.752886952943887
2460336.1317351363,491.54087890625004,2.754480547900265
2460336.1386795784,494.8921842447916,2.754328171901937
2460336.1456240206,491.24982096354165,2.753449417489266
2460336.152568463,497.1171614583333,2.757741394449915
2460336.159512905,501.7163151041666,2.757496827058905
2460336.1664573476,500.4243587239583,2.756438272445278
2460336.17340179,500.1392805989583,2.7575189409169187
2460336.1803462324,504.3751725260417,2.7587461580670283
2460336.1872906755,503.6656022135416,2.7564159383024864
2460336.1942351186,509.4415234374999,2.759389243448912
2460336.201179561,512.5591438802082,2.7608162130600395
2460336.208124004,509.61135091145826,2.759087729455192
2460336.215068447,506.39592773437494,2.7573817508518883
2460336.22201289,509.10571614583324,2.757562652032894
2460336.2289573336,515.0725097656249,2.7606044076249905
2460336.2359017767,505.8162890624999,2.75656369160698
2460336.2428462203,507.3732682291666,2.758040608887361
2460336.2497906643,507.78407877604155,2.7563229159000584
2460336.2567351074,503.9644661458332,2.75410244113047
2460336.2636795514,502.65620117187495,2.751789795898856
2460336.270623995,503.29549479166667,2.752504409577164
2460336.277568439,497.1992708333333,2.7500454891501125
2460336.284512883,496.7419108072916,2.7493547272051573
2460336.291457327,492.80297526041664,2.7473339824657916
2460336.298401771,494.1596354166666,2.7469255386295504
2460336.3053462156,493.3435416666666,2.7463333514481127
2460336.3122906596,494.8869791666666,2.746321858834499
2460336.3192351046,493.879443359375,2.7436513393767132
2460336.326179549,490.98716471354163,2.7437849059781456
2460336.3331239936,493.1522688802083,2.742356449983282
2460336.3400684367,493.4111490885416,2.7424952476801803
2460336.3470128803,500.5375065104167,2.745316312215636
2460336.353957325,499.62634765624995,2.7458601480133127
2460336.36090177,496.2114973958333,2.7445615999114117
2460336.3678462156,502.126552734375,2.7458195019829343
2460336.3747906606,506.12559570312493,2.745862911450623
2460336.3817351055,506.220126953125,2.7459126486069714
2460336.388679551,506.54871419270825,2.746606733957458
2460336.395623997,508.4754231770833,2.744941891791632
2460336.4025684423,504.82422851562495,2.743931196230431
2460336.4095128877,507.24502604166656,2.74438553183971
2460336.4164573336,509.20071289062497,2.7451074679887832
2460336.4234017795,508.87548177083323,2.744866210776649
2460336.4303462254,502.8300651041666,2.742615012771146
2460336.4372906717,509.98312174479156,2.7439579063480153
2460336.4442351176,504.0252832031249,2.741021556338373
2460336.451179564,507.6268489583333,2.7418375594738014
2460336.45812401,503.76225260416663,2.7405365246731352
2460336.4650684563,502.1052766927083,2.7408902655488387
2460336.472012903,502.78270833333335,2.738759013126464
2460336.4789573494,499.91956054687495,2.7383188315686753
2460336.4859017967,500.3128417968749,2.737025299392696
2460336.492846243,491.69652018229164,2.7345526965693145
2460336.4997906904,489.0765462239583,2.7332046634390825
2460336.5067351367,489.78636393229164,2.734283812890203
2460336.513679584,489.49452473958326,2.7336953993517668
2460336.520624031,492.7568001302083,2.733842937031263
2460336.527568478,493.1995410156249,2.7348335092947043
2460336.534512926,489.2439908854166,2.7335485878064603
2460336.541457373,494.1349641927083,2.7335163495618993
2460336.548401821,500.8171354166666,2.7373482782908902
2460336.5553462687,497.0627994791666,2.735052923209178
2460336.5622907165,500.5270345052083,2.74073705069263
2460336.569235164,505.6375488281249,2.740346731320575
2460336.576179612,510.32375325520826,2.7411557030203064
2460336.5831240597,505.6771386718749,2.7397009836662174
2460336.590068508,511.71353515625,2.7421234050013497
2460336.597012956,508.4646256510417,2.7415167835210252
2460336.603957404,511.17355143229173,2.7420383497710734
2460336.6109018526,506.6866536458333,2.7398911269967
2460336.6178463013,505.3895247395833,2.7399169220259156
2460336.6247907495,508.61858398437494,2.7406289531781094
2460336.631735198,507.73566080729165,2.7410847520726946
2460336.638679647,511.4505501302083,2.740938799956858
2460336.645624096,501.9905631510416,2.73702911369533
2460336.6525685447,508.28228515625,2.739950940924075
2460336.659512994,502.8347428385416,2.7389460066982134
2460336.666457443,505.3459049479166,2.739122229736276
2460336.673401892,498.9760481770833,2.736731107958858
2460336.6803463413,501.65143229166665,2.7364907450855687
2460336.687290791,500.45523763020833,2.7390526540564544
2460336.6942352406,493.89845052083336,2.7343448498933856
2460336.70117969,492.4197493489583,2.7328253643230678
2460336.70812414,491.6494010416666,2.7332618298802682
2460336.7150685894,492.1365950520833,2.7360238258645304
2460336.7220130395,493.94495768229166,2.7342834950694197
2460336.7289574896,492.85960611979164,2.7339573560886805
2460336.735901939,494.0024121093749,2.7361821258327534
2460336.7428463898,492.56471028645825,2.733600523801634
2460336.74979084,495.80054036458324,2.734456938579269
2460336.75673529,498.970966796875,2.735380309272481
2460336.763679741,499.34220052083333,2.73801837866383
2460336.770624191,507.255283203125,2.7402376335254774
2460336.777568642,506.5775911458333,2.739383999567924
2460336.784513092,504.2795572916666,2.737660122638206
2460336.7914575436,504.37652994791665,2.7385636350840468
2460336.7984019946,512.2711360677083,2.741864833458314
2460336.805346445,507.584775390625,2.740469014591209
2460336.8122908967,506.77645833333327,2.740289457163876
2460336.8192353477,510.9940690104166,2.7439404007239876
2460336.826179799,508.1786197916667,2.739613619187336
2460336.8331242506,502.2023567708333,2.738246673919864
2460336.840068702,502.6054557291666,2.7370679150112363
2460336.8470131536,506.1773209635416,2.738922492007059
2460336.8539576055,501.64868489583324,2.737610593246941
2460336.860902057,503.5610091145832,2.736655476816544
2460336.867846509,496.63875651041667,2.735176371741579
2460336.874790961,500.59174804687495,2.7361309010077988
2460336.8817354133,491.83852213541667,2.7325315792033025
2460336.8886798653,491.31972330729155,2.7324195166550855
2460336.895624317,493.55684570312496,2.7336498426593745
2460336.90256877,493.11881184895833,2.7337676188099653
2460336.9095132225,489.57045572916667,2.7314847461324163
2460336.916457675,494.6191569010416,2.7343216435324287
2460336.923402128,493.94410807291655,2.733981852649176
2460336.93034658,497.3942610677083,2.734977336872728
2460336.937291033,495.8008333333333,2.7332528846229533
2460336.9442354864,496.06277343749997,2.733964785536104
2460336.95117994,502.03685221354164,2.7361959077440634
2460336.958124392,499.49706380208335,2.7357283088713498
2460336.9650688455,509.7865592447917,2.739468728487084
2460336.972013299,502.20808919270826,2.737177438633926
2460336.978957752,509.3667350260416,2.740702596066581
2460336.9859022056,507.28936848958324,2.7385518878206274
2460336.99284666,504.3670214843749,2.737636353117482
2460336.999791113,506.96778971354166,2.7388910258964874
2460337.0067355675,510.7963346354167,2.7392211648566174
2460337.013680021,505.40654947916664,2.7384616033562676
2460337.020624475,507.7704752604166,2.73833271843138
2460337.027568929,507.5193489583333,2.738883696591067
2460337.034513383,508.28416341145834,2.738723639571933
2460337.0414578374,510.14831705729165,2.7406978909596407
2460337.048402292,502.8543782552083,2.73601744258074
2460337.0553467465,506.42710611979163,2.737328872737054
2460337.0622912007,504.2935774739583,2.737428517512198
2460337.069235656,498.61415690104155,2.7348994861368356
2460337.07618011,497.59850585937494,2.734627462202542
2460337.0831245654,492.06518554687494,2.7323134359997834
2460337.09006902,496.6720214843749,2.733869561617172
2460337.0970134754,494.4190462239583,2.7322899894955324
2460337.1039579306,492.6225325520833,2.734749681219918
2460337.110902386,491.9126757812499,2.731912619366066
2460337.117846841,490.2644108072916,2.7306624598848113
2460337.1247912967,486.5998307291666,2.7298126097709154
2460337.131735752,492.9494368489583,2.7318262696563615
2460337.138680208,491.2181184895833,2.731931063888917
2460337.1456246637,493.1514941406249,2.7328701412160323
2460337.1525691194,492.78785156249995,2.7320772288830812
2460337.1595135755,498.81276367187496,2.7357401659807032
2460337.1664580316,503.35318684895833,2.73711938053661
2460337.1734024878,507.2929166666666,2.7378895308235616
2460337.180346944,503.0965657552083,2.735459541341308
2460337.1872914005,502.7234407552083,2.735567223156719
2460337.1942358566,507.29558919270835,2.7394329701958626
2460337.2011803132,505.41730143229165,2.736406156731898
2460337.20812477,510.03725260416667,2.739028416323452
2460337.2150692265,506.5646549479166,2.7373755743620243
2460337.2220136835,508.1970963541666,2.7368029816746975
2460337.22895814,507.82585937499994,2.737031968753129
2460337.235902597,506.4942740885417,2.7379707306907224
2460337.2428470547,507.9803645833333,2.736388352048149
2460337.249791512,500.91846028645836,2.733068713690678
2460337.256735969,499.24261067708335,2.7342996196335108
2460337.2636804264,499.30630208333326,2.7335734790921706
2460337.270624884,493.0678450520833,2.732380298356731
2460337.277569342,495.75691080729166,2.731593273383876
2460337.284513799,500.1776985677083,2.7324279517535537
2460337.291458257,494.1003776041666,2.731998094240817
2460337.298402715,493.60022135416665,2.7312976251520777
2460337.3053471725,493.4022298177083,2.7306814304911584
2460337.312291631,490.00332356770826,2.73069150136688
2460337.319236089,490.415283203125,2.729466193350533
2460337.3261805475,485.50296875,2.7280967014480986
2460337.333125006,495.6456380208333,2.7336288209753423
2460337.340069465,497.35059244791654,2.731871922251214
2460337.347013923,497.2845019531249,2.732347479008878
2460337.353958382,502.02211588541667,2.7340091543994007
2460337.3609028407,502.5788020833333,2.733042522615308
2460337.3678472997,498.10834960937495,2.733985836550138
2460337.3747917586,505.33153320312493,2.734778011446474
2460337.3817362175,502.92152994791667,2.7353703174351085
2460337.3886806765,508.93761393229164,2.736046716335164
2460337.395625136,504.1757259114583,2.736584821678862
2460337.4025695953,505.1511653645833,2.7357187102300116
2460337.4095140547,503.4206966145833,2.735522312594698
2460337.416458514,505.55665690104166,2.7350530564854894
2460337.423402974,504.8362662760416,2.7358940055381074
2460337.430347434,505.06188151041664,2.7376064128246322
2460337.4372918936,504.9483300781249,2.734729683186238
2460337.4442363535,504.919990234375,2.734414526086608
2460337.4511808134,501.6631868489583,2.733858240737298
2460337.4581252737,500.9157063802083,2.7362109942562403
2460337.465069734,498.3441048177083,2.732377803871326
2460337.472014194,499.9835774739583,2.7335643039077593
2460337.4789586547,492.48048828124996,2.729673160935627
2460337.4859031155,493.31508463541667,2.729926109628659
2460337.492847576,492.67225911458337,2.729035921621831
2460337.499792036,490.14626302083326,2.729019889440355
2460337.506736497,491.71005208333327,2.730154879087209
2460337.5136809577,489.98406249999994,2.7285097774161833
2460337.5206254194,488.0211100260415,2.729216576748373
2460337.5275698802,492.26328776041663,2.729665639231715
2460337.5345143415,494.1506608072917,2.7316015946707632
2460337.5414588028,498.052724609375,2.7311266326768364
2460337.5484032645,496.284716796875,2.7318847853591586
2460337.555347726,497.6782389322916,2.730514547753199
2460337.562292187,498.55992838541664,2.732136278215604
2460337.569236649,502.30224283854164,2.7338100160309167
2460337.576181111,500.36668945312493,2.7315340057617354
2460337.5831255727,503.190400390625,2.733474152796259
2460337.5900700353,502.46411783854165,2.7345436968763734
2460337.597014497,511.5821289062499,2.7395858932418142
2460337.603958959,507.0091015624999,2.7365900238632275
2460337.6109034214,502.74749999999995,2.7341960284404254
2460337.617847884,507.36595703125,2.7355652692381756
2460337.6247923463,504.09669921875,2.7330302863692455
2460337.631736809,501.27150390624996,2.731628907890052
2460337.6386812716,501.54849283854156,2.732367575704446
2460337.6456257347,500.9334374999999,2.7315506170494444
2460337.6525701974,500.79177734374997,2.731391641743555
2460337.65951466,501.76097981770835,2.732326506947199
2460337.6664591236,494.6446158854166,2.7307203170731067
2460337.6734035867,490.98516927083324,2.7286792446293684
2460337.68034805,491.6006835937499,2.7279923457617685
2460337.687292513,494.4477213541666,2.7276327996176057
2460337.6942369766,489.80426432291665,2.727166174805936
2460337.70118144,488.3799772135417,2.726597225283229
2460337.7081259037,487.06741210937497,2.726670659873834
2460337.7150703673,485.6152115885416,2.725503266008523
2460337.7220148314,490.5782128906249,2.7282476300733136
2460337.7289592954,492.42485026041663,2.7278937755988135
2460337.735903759,492.81797200520833,2.730396258218715
2460337.7428482235,492.4149934895833,2.7289685287670244
2460337.7497926876,498.55971354166667,2.729706739835501
2460337.756737152,501.69360351562494,2.7330790125780204
2460337.763681616,499.6691796875,2.730438653073867
2460337.7706260807,505.54851562499994,2.7347723512853985
2460337.7775705457,503.7968554687499,2.7327655595485445
2460337.78451501,501.93297851562494,2.733180226742419
2460337.791459475,503.34460611979165,2.7330218449374115
2460337.7984039397,504.6537272135417,2.734007355203831
2460337.805348405,508.456767578125,2.7346736578782203
2460337.81229287,509.5793619791666,2.7355992193475696
2460337.819237335,511.7064583333333,2.7361350437521783
2460337.8261818006,505.95044270833324,2.7332339096647575
2460337.833126266,510.76991210937496,2.7339001046726423
2460337.8400707315,506.32930338541655,2.7335442583702636
2460337.847015197,502.39518880208334,2.7320038098136403
2460337.8539596624,500.7372233072916,2.7332318909010405
2460337.860904128,500.5226399739583,2.7311550744476034
2460337.867848594,493.85310872395826,2.7281622942297665
2460337.8747930597,496.14594726562495,2.730472777145955
2460337.881737526,495.9682128906249,2.7303489320038246
2460337.8886819924,491.7010481770833,2.7283166547816537
2460337.895626458,492.3368717447917,2.72761924689474
2460337.9025709247,490.81688476562493,2.727070986188371
2460337.9095153906,487.548544921875,2.7262646116311533
2460337.916459857,490.53693033854165,2.7277349390114662
2460337.9234043243,491.23176432291666,2.7274358099551805
2460337.9303487907,494.60388671874995,2.7295839424434525
2460337.9372932576,491.4427734374999,2.7278143821078804
2460337.9442377244,497.7308138020833,2.729842476376575
2460337.951182192,504.9487662760416,2.734066406665761
2460337.958126661,500.61858398437494,2.7315638470073385
2460337.965071128,499.7767220052083,2.7317805220718854
2460337.9720155955,501.2243815104166,2.731880295882586
2460337.9789600624,502.91810221354166,2.7310441575171804
2460337.98590453,505.05789388020827,2.732205606737431
2460337.992848998,509.5470442708333,2.737706010944915
2460337.999793465,505.6818489583332,2.73204870527154
2460338.006737933,505.04251953124987,2.7343163326033744
2460338.013682401,508.4363671875,2.7350769259446213
2460338.0206268686,503.06191406249997,2.732758519043431
2460338.0275713364,509.1674772135416,2.735145558851004
2460338.0345158046,503.8233821614583,2.7323285791730823
2460338.041460273,503.9234374999999,2.733768163178699
2460338.048404741,504.04199544270824,2.7327515041164236
2460338.0553492093,501.61562499999997,2.731597720317346
2460338.062293678,497.8903515625,2.731024358262763
2460338.0692381463,497.50720377604154,2.72949627753546
2460338.076182615,493.27819335937494,2.7296869139473627
2460338.0831270833,499.44092447916665,2.7301725839339146
2460338.0900715524,492.2023307291667,2.727595817145828
2460338.097016021,487.07583658854156,2.7265434556074344
2460338.10396049,485.05916341145826,2.7256231982639494
2460338.1109049595,489.3542936197917,2.725513337617832
2460338.117849428,489.63197916666655,2.7265740002530703
2460338.124793898,490.9027766927083,2.730178083028345
2460338.1317383666,491.30019205729167,2.7301514123475674
2460338.138682836,496.3462499999999,2.7304411423280683
2460338.1456273063,498.6809602864583,2.730084235109903
2460338.1525717755,501.1373795572917,2.731770291398321
2460338.159516245,496.8658951822916,2.730239708964394
2460338.166460715,498.7455468749999,2.730210044603654
2460338.173405185,503.19451497395835,2.731958026627515
2460338.180349655,506.0980403645833,2.733716628727843
2460338.187294124,507.45180338541667,2.734617002666345
2460338.1942385943,504.2152669270833,2.7341614734709263
2460338.2011830653,506.7767936197916,2.733801890041359
2460338.2081275354,510.0561067708333,2.7362519479123653
2460338.2150720055,507.8993684895833,2.7368398695263303
2460338.2220164756,509.63479817708327,2.7347675676249827
2460338.2289609467,505.48216471354164,2.733420328194514
2460338.235905417,501.8699348958333,2.731446624885594
2460338.242849888,508.6788671875,2.734767783003322
2460338.2497943584,500.29842447916667,2.7314779209176208
2460338.2567388294,500.4214648437499,2.7312661613364955
2460338.2636833,496.48631510416664,2.729933599472664
2460338.270627771,498.9344759114583,2.7315232346679235
2460338.2775722425,488.3783951822916,2.7270214949131972
2460338.2845167136,489.3078190104166,2.728146279373515
2460338.2914611846,494.1667122395834,2.7284928042698193
2460338.298405656,489.56725260416664,2.7259305506821403
2460338.305350127,494.8872330729166,2.7275585158623428
2460338.312294599,487.047861328125,2.7253796001175163
2460338.3192390706,490.7290266927084,2.728924416298582
2460338.326183542,482.67211914062494,2.725574732868729
2460338.333128014,489.67299479166655,2.7269772288431913
2460338.340072486,491.5952213541666,2.728663765145988
2460338.347016958,494.2673893229166,2.7281758559150635
2460338.35396143,494.1270247395833,2.731902577078591
2460338.360905902,501.4651562499999,2.7326196058060765
2460338.367850374,501.6036946614583,2.730890172436433
2460338.374794846,504.5341276041666,2.733471851480424
2460338.3817393184,503.5681803385416,2.7335896355997824
2460338.388683791,505.7797916666666,2.7327636747874604
2460338.395628263,502.3632454427083,2.732384917325962
2460338.4025727357,507.97780273437496,2.7366792929567008
2460338.4095172086,505.87169921874994,2.7337168578552222
2460338.4164616806,508.6078287760416,2.734855149546051
2460338.423406154,505.0533821614583,2.7330039185927912
2460338.4303506264,500.98248697916665,2.7312113618535867
2460338.4372950997,500.5355924479166,2.7306184974661476
2460338.444239572,504.62379557291666,2.7327849172357404
2460338.4511840455,499.14860677083334,2.7302613217885043
2460338.4581285184,493.24864257812493,2.728806783685179
2460338.465072992,496.1561035156249,2.7282498415114707
2460338.472017465,498.02510416666655,2.7306586444524843
2460338.478961938,493.869921875,2.7281684866475646
2460338.4859064114,486.37499348958323,2.724760119191389
2460338.4928508853,487.3346744791666,2.7255444360693115
2460338.4997953586,484.45248372395827,2.724507917530626
2460338.5067398325,483.853818359375,2.724970238701849
2460338.513684306,485.44915039062494,2.725381419056877
2460338.5206287797,489.34340494791667,2.7287406832467713
2460338.5275732535,490.7098828124999,2.7286831978785386
2460338.5345177273,493.1578971354167,2.728497201015701
2460338.541462201,486.1485091145833,2.7254401791866285
2460338.548406675,496.8151399739583,2.7295655095410254
2460338.5553511493,500.17942708333334,2.730730929958831
2460338.562295623,503.822080078125,2.732458014513583
2460338.5692400974,503.3480501302083,2.731363793387084
2460338.5761845717,500.853740234375,2.7311667766083727
2460338.583129046,500.0707779947916,2.7318533228537447
2460338.5900735203,506.8153645833333,2.734273850691993
2460338.597017995,503.8238248697917,2.7336237047177288
2460338.6039624694,508.8091438802083,2.7349030590541346
2460338.6109069437,507.4654264322916,2.7335525043292037
2460338.6178514184,502.2460319010416,2.7326833123327536
2460338.624795893,500.6292122395833,2.7322882805045325
2460338.6317403675,502.93040364583334,2.731258508361068
2460338.6386848427,504.7931152343749,2.7351196444826744
2460338.6456293175,498.3021907552083,2.7307952708226186
2460338.6525737923,501.75820638020826,2.7314627198132313
2460338.6595182675,501.66263020833327,2.7316902753073706
2460338.6664627423,494.9948893229166,2.7285723131095203
2460338.6734072175,499.3411621093749,2.729338477926225
2460338.6803516927,488.45486328124997,2.72655365818667
2460338.6872961675,491.0440104166666,2.7278821344392115
2460338.6942406427,489.0954264322916,2.7275289737576625
2460338.701185118,483.020517578125,2.7249861879510715
2460338.7081295936,481.42128580729167,2.7234745297911367
2460338.7150740693,490.62559244791663,2.7289473901651995
2460338.722018544,485.02816731770827,2.7264985054859596
2460338.72896302,492.4156054687499,2.728230990531594
2460338.7359074955,486.6529427083333,2.7264928708754774
2460338.7428519707,494.7366894531249,2.7280988319951422
2460338.7497964464,498.67251953125,2.729366972079672
2460338.756740922,496.281474609375,2.7294435344152164
2460338.763685398,498.95154622395825,2.729504740328871
2460338.7706298735,503.5731510416667,2.731414769688771
2460338.7775743497,499.5856119791666,2.7303521979807726
2460338.7845188254,503.13991536458326,2.733122953681425
2460338.791463301,500.0583723958334,2.730479412852523
2460338.7984077767,498.6087825520833,2.730319998983525
2460338.8053522524,505.406826171875,2.733974558012482
2460338.812296729,505.8172395833333,2.7330282782880104
2460338.8192412048,504.6679524739582,2.733730091102958
2460338.826185681,496.5736686197917,2.731187570565091
2460338.833130157,501.0688248697916,2.7319005590580443
2460338.840074633,498.04285481770825,2.7309837291822965
2460338.8470191094,496.3049023437499,2.729777937069341
2460338.8539635856,500.53721679687493,2.731468765922672
2460338.8609080617,496.07631510416667,2.730660345796793
2460338.867852538,495.0372005208333,2.728291480648067
2460338.8747970145,491.38088216145826,2.728498685305483
2460338.8817414907,485.57905273437495,2.725546339541179
2460338.8886859673,490.3705403645832,2.7302444946354245
2460338.8956304435,489.3934407552083,2.7270969512274204
2460338.9025749196,483.3327213541666,2.723696041057277
2460338.9095193963,489.31151692708323,2.7282466664397407
2460338.916463873,491.34326822916665,2.72793711589744
2460338.9234083495,485.723212890625,2.7258918813502144
2460338.9303528257,489.7714029947916,2.729566088026677
2460338.9372973023,493.78981445312496,2.7304958391266188
2460338.944241779,495.21299804687493,2.7294892986444537
2460338.9511862556,492.0215266927083,2.728343766120703
2460338.958130732,497.04908203124995,2.730363863277208
2460338.965075209,502.5914908854167,2.7313384932765583
2460338.9720196854,498.412900390625,2.7303581209609256
2460338.978964162,501.9576595052083,2.732656087271488
2460338.9859086387,505.32060546875,2.7333983270065225
2460338.992853116,503.84656575520836,2.7342825195258933
2460338.9997975924,508.12584960937494,2.7343878978847065
2460339.006742069,503.73809244791664,2.7325882494636584
2460339.0136865457,501.5590787760416,2.7316909504841704
2460339.0206310223,507.48693033854164,2.7337454803007675
2460339.0275754994,506.41854817708327,2.733181138129209
2460339.034519976,505.3727148437499,2.734625969213124
2460339.041464453,502.0338020833333,2.731580572563439
2460339.0484089297,496.5939583333333,2.730001745375318
2460339.0553534064,497.2117578124999,2.73130926716826
2460339.0622978834,501.5546516927082,2.7311878542524113
2460339.06924236,494.0416666666666,2.7294596195957457
2460339.076186837,495.0544954427083,2.7301402775987023
2460339.083131314,491.9203287760417,2.727960305835266
2460339.0900757904,488.4009309895833,2.7265209228471847
2460339.0970202675,485.5479459635417,2.7258951837033387
2460339.103964744,490.796962890625,2.7264022862898325
2460339.110909221,486.1632942708333,2.726185656416128
2460339.117853698,492.05375651041663,2.7279916560851585
2460339.124798175,492.67591471354166,2.7278480716641713
2460339.1317426516,495.2687727864583,2.729170471656984
2460339.1386871287,493.12454752604157,2.7288827366378015
2460339.1456316053,494.51794921874995,2.7327305452746082
2460339.152576082,502.47314778645824,2.7322913013363146
2460339.159520559,498.0651399739583,2.7307629463290617
2460339.1664650356,499.2674446614583,2.7304478199383535
2460339.1734095127,503.86705078125004,2.732935903385951
2460339.1803539894,497.52558593749995,2.730465787219735
2460339.187298466,504.62177734374995,2.7332198568852775
2460339.1942429426,495.2565494791666,2.7307803634694907
2460339.2011874197,496.06340820312494,2.730464720097487
2460339.2081318963,502.8003515624999,2.733194947086529
2460339.215076373,502.10020182291663,2.733475196329404
2460339.2220208496,503.52564778645825,2.7336193367164157
2460339.228965326,499.73945963541655,2.7340712069743547
2460339.2359098033,497.26131510416667,2.7317735818998865
2460339.24285428,492.55407226562494,2.729931285436951
2460339.2497987566,494.3549381510416,2.729394159564889
2460339.256743233,492.4913802083333,2.7307781282815617
2460339.2636877093,491.05419921875,2.7279028445564335
2460339.270632186,491.09852539062496,2.7295781902566927
2460339.2775766626,489.5750455729166,2.729728631919766
2460339.2845211388,484.6572102864582,2.726005640162811
2460339.2914656154,485.27088541666654,2.7265418055797324
2460339.298410092,488.1155533854166,2.728568298524136
2460339.3053545686,483.2911816406249,2.7274710196864884
2460339.312299045,482.873212890625,2.727540188409933
2460339.319243521,484.62869140624997,2.72661765345015
2460339.3261879976,488.58328776041657,2.7280630714313663
2460339.3331324738,489.0186328125,2.727499262023745
2460339.34007695,495.3196582031249,2.731474109116828
2460339.347021426,495.5769856770833,2.7306598310927637
2460339.3539659022,498.545673828125,2.7315559911395533
2460339.3609103784,496.760068359375,2.7313327528499314
2460339.3678548546,504.81911132812496,2.734714530484729
2460339.3747993303,503.17595052083334,2.7336651376375065
2460339.381743807,503.0243326822916,2.73468368465635
2460339.3886882826,503.02220377604164,2.734263706520407
2460339.3956327583,506.816181640625,2.7368089948711223
2460339.4025772344,503.1321744791667,2.7351366866211464
2460339.4095217106,504.7369466145833,2.7356771837347913
2460339.4164661863,505.0967903645833,2.7352872746547345
2460339.423410662,502.203935546875,2.734197273985687
2460339.4303551377,506.11579427083325,2.7349404009001876
2460339.437299613,503.50978190104166,2.7335858132577187
2460339.444244089,499.03697591145834,2.733474868531317
2460339.4511885643,494.65616536458333,2.7307576208883444
2460339.45813304,490.8179915364583,2.7298189260809846
2460339.465077515,493.97523111979166,2.730187307835419
2460339.472021991,490.8021940104167,2.7294015850298625
2460339.4789664657,486.98582682291664,2.726739339426238
2460339.4859109414,487.9628124999999,2.7282114585612987
2460339.4928554166,487.79220703125,2.728803141615531
2460339.499799892,484.72333007812495,2.7264740261052953
2460339.5067443666,488.2393782552083,2.728800368534405
2460339.513688842,489.92698567708334,2.7286978585529305
2460339.520633317,492.2437825520833,2.7310435273399976
2460339.527577792,492.83899088541665,2.73022352697949
2460339.5345222666,491.957333984375,2.7309946115125006
2460339.5414667414,492.4851497395833,2.73017674148918
2460339.548411216,500.21046874999996,2.7334441034799504
2460339.555355691,498.1479654947916,2.732715664164132
2460339.5623001656,500.99171875,2.734263107948611
