time,flux,flux_err
2460339.785682982,2473.9988403320312,2.1959056565136756
2460339.7937848098,2473.6953125,2.5350560733948586
2460339.8007292333,2471.5504557291665,2.53358217865507
2460339.8076736573,2473.6776529947915,2.535295277227957
2460339.814618081,2476.2327473958335,2.5354657176878295
2460339.8215625044,2466.9601236979165,2.5313652064953565
2460339.8285069284,2471.082275390625,2.532891852672895
2460339.835451352,2466.8126627604165,2.5314119582634746
2460339.842395775,2471.68212890625,2.534068395310657
2460339.8493401986,2474.397705078125,2.5361356335218717
2460339.856284622,2470.1959635416665,2.533837289709051
2460339.863229045,2468.5614420572915,2.5315858688588206
2460339.8701734683,2465.3536783854165,2.5327086163359698
2460339.8771178913,2466.1083170572915,2.532639651977398
2460339.8840623144,2470.8438313802085,2.5326918416558883
2460339.891006738,2466.5283203125,2.531356393637264
2460339.89795116,2470.693603515625,2.53300075641908
2460339.904895583,2462.8500162760415,2.5310400534863304
2460339.911840006,2460.0543619791665,2.529099934117252
2460339.9187844284,2468.963134765625,2.5324015451359423
2460339.925728851,2463.793701171875,2.5306882233617896
2460339.9326732736,2471.6167805989585,2.5365335592786784
2460339.9396176958,2466.0697428385415,2.5321760854840583
2460339.9465621184,2467.290771484375,2.533652104212408
2460339.953506541,2468.341552734375,2.5321860431836405
2460339.9604509627,2469.4619954427085,2.532512540957026
2460339.9673953853,2469.2089029947915,2.5326977475347783
2460339.974339807,2467.0107421875,2.531726788879816
2460339.981284229,2470.641357421875,2.537345301587141
2460339.988228651,2474.779296875,2.538417026286957
2460339.995173073,2471.7145182291665,2.5349157114898597
2460340.0021174946,2471.1097005208335,2.53490098653515
2460340.0090619163,2475.5406087239585,2.5353038773687335
2460340.016006338,2470.4488932291665,2.533068314047948
2460340.0229507596,2475.244140625,2.5374313792770633
2460340.0298951813,2469.2423502604165,2.5339713737298037
2460340.0368396025,2469.0230305989585,2.5326862159210095
2460340.0437840237,2470.3025716145835,2.5344334426228734
2460340.0507284454,2472.685546875,2.5341380626267487
2460340.057672866,2470.8843587239585,2.5359899597089455
2460340.0646172874,2468.9654134114585,2.533477991102479
2460340.0715617086,2464.4476725260415,2.5324784508221136
2460340.0785061293,2467.5594075520835,2.5346431660760937
2460340.08545055,2461.5333658854165,2.529982490279751
2460340.092394971,2465.7289225260415,2.5327678824103903
2460340.099339392,2463.4586588541665,2.5311575686322483
2460340.1062838123,2467.3805338541665,2.533168890347548
2460340.113228233,2470.4541829427085,2.5376484429979143
2460340.120172654,2469.6458333333335,2.5339685717615867
2460340.127117074,2471.614013671875,2.533125141447501
2460340.1340614944,2467.297119140625,2.5316701998575386
2460340.1410059147,2471.1177571614585,2.535809837826721
2460340.147950335,2470.0271809895835,2.5328384084647433
2460340.154894755,2468.9344075520835,2.5338120109280804
2460340.1618391755,2472.8517252604165,2.5340531691128105
2460340.1687835953,2468.4715169270835,2.5333468869019256
2460340.175728015,2472.7323404947915,2.5341683567034203
2460340.182672435,2473.151123046875,2.535294383843883
2460340.1896168552,2466.1546223958335,2.5316589222392443
2460340.1965612746,2468.3262532552085,2.532284697263498
2460340.2035056944,2474.2461751302085,2.534660392788126
2460340.210450114,2472.724853515625,2.5333403673418093
2460340.217394534,2472.4427897135415,2.5354279927756123
2460340.224338953,2472.3668619791665,2.534539010407371
2460340.2312833723,2468.9327799479165,2.536139668954537
2460340.2382277916,2468.780517578125,2.532787135223048
2460340.2451722114,2473.088134765625,2.5357212144682113
2460340.25211663,2469.0420735677085,2.534842730839151
2460340.259061049,2465.338623046875,2.531343220570998
2460340.266005468,2468.5684407552085,2.5330161325740304
2460340.2729498874,2469.0725911458335,2.5322868492196275
2460340.279894306,2469.7534993489585,2.533759073223275
2460340.286838725,2468.585205078125,2.5347012485107743
2460340.2937831436,2465.4833170572915,2.5315131363456795
2460340.3007275625,2472.7530924479165,2.535758068203432
2460340.307671981,2471.1969401041665,2.533937426121333
2460340.3146164003,2469.7655436197915,2.532784370939435
2460340.3215608182,2463.7996419270835,2.5302834453277487
2460340.3285052367,2471.6852213541665,2.5334336506881305
2460340.335449655,2474.9755859375,2.535494583381046
2460340.3423940735,2470.6963704427085,2.5338347822861613
2460340.349338492,2471.2923177083335,2.53546403957481
2460340.35628291,2469.6394856770835,2.5335079470012607
2460340.3632273283,2476.0852864583335,2.537230328800319
2460340.3701717462,2475.9073893229165,2.536121254276755
2460340.377116164,2471.0192057291665,2.5352188782469582
2460340.384060582,2475.0509440104165,2.537804359817149
2460340.391005,2472.4112955729165,2.5356904710100525
2460340.397949418,2474.8095703125,2.5348769488908536
2460340.404893836,2471.5100911458335,2.5337642402151546
2460340.411838254,2473.2789713541665,2.5355194247063504
2460340.4187826714,2470.8238118489585,2.5339377356339954
2460340.425727089,2480.0096028645835,2.539410058742672
2460340.4326715064,2475.42724609375,2.5352949611100297
2460340.439615924,2473.5853678385415,2.5379067052385764
2460340.446560342,2472.9109700520835,2.534765603017401
2460340.453504759,2473.3047688802085,2.5376400953957767
2460340.4604491764,2467.8082682291665,2.5324739024508314
2460340.467393594,2468.827392578125,2.532418954770923
2460340.4743380104,2474.8523763020835,2.5351027658182925
2460340.481282428,2474.7569986979165,2.535586362269186
2460340.4882268454,2474.0293782552085,2.535916059072256
2460340.495171262,2470.3086751302085,2.534972803305441
2460340.502115679,2469.6818033854165,2.5324364762088956
2460340.509060096,2474.616943359375,2.5373947043940084
2460340.5160045126,2475.025146484375,2.5359214249008164
2460340.52294893,2474.6995442708335,2.5359824599178
2460340.5298933466,2476.567626953125,2.5359763181801873
2460340.5368377636,2474.3101399739585,2.535581091677291
2460340.54378218,2476.9736328125,2.5367663098426587
2460340.5507265967,2480.7283528645835,2.5389316434333487
2460340.5576710138,2479.5839029947915,2.538912780825527
2460340.5646154303,2477.7572428385415,2.5368215091316393
2460340.571559847,2479.9959309895835,2.5378485960701127
2460340.578504263,2479.4034016927085,2.538122169678541
2460340.58544868,2480.84033203125,2.537974756855203
2460340.592393096,2477.68359375,2.5361134690406755
2460340.599337512,2478.8902994791665,2.536997984623198
2460340.6062819287,2476.443115234375,2.536423217847426
2460340.613226345,2479.8037109375,2.5369484489862653
2460340.6201707614,2481.5865071614585,2.5404896314677266
2460340.6271151775,2478.1314290364585,2.538062853432358
2460340.6340595935,2480.002685546875,2.5375298958201586
2460340.6410040096,2480.1136067708335,2.538204314590097
2460340.6479484257,2487.102783203125,2.5418859661479325
2460340.654892842,2500.6322428385415,2.5463623309681185
2460340.661837258,2531.5243326822915,2.5626493576304408
2460340.6687816735,2573.9905598958335,2.5809861339498545
2460340.675726089,2628.89697265625,2.6050245117712594
2460340.6826705053,2693.2576497395835,2.63184195669025
2460340.6896149213,2771.535400390625,2.6660811965051665
2460340.696559337,2866.4794108072915,2.7065800401170286
2460340.7035037526,2976.4370930989585,2.7488615065236526
2460340.710448168,3130.857177734375,2.8121000467778594
2460340.717392584,3304.9769694010415,2.8806110252278967
2460340.724337,3517.4717610677085,2.9626648197355476
2460340.731281415,3748.1048177083335,3.0486695928280683
2460340.7382258307,4003.23583984375,3.141024686198541
2460340.7451702463,4292.07763671875,3.244519435560875
2460340.7521146615,4610.470052083333,3.3521078546473704
2460340.7590590776,4945.766438802083,3.4624365214538666
2460340.7660034928,5280.540690104167,3.5706814934390856
2460340.772947908,5634.673665364583,3.678971565811597
2460340.7798923235,5989.895182291667,3.7855545374643125
2460340.786836739,6353.538899739583,3.893898921633951
2460340.7937811543,6713.2080078125,3.995907862593239
2460340.8007255695,7083.4326171875,4.098189643591904
2460340.8076699846,7451.6259765625,4.1979690351248165
2460340.8146144,7811.9453125,4.293045022281566
2460340.8215588154,8157.96044921875,4.383495730025047
2460340.82850323,8492.610026041666,4.468680385698398
2460340.8354476453,8821.3232421875,4.550578569533808
2460340.8423920604,9142.4814453125,4.6287825225221235
2460340.8493364756,9442.072265625,4.700921020694669
2460340.8562808908,9736.8857421875,4.770531030495246
2460340.863225306,10034.251627604166,4.840019046640706
2460340.870169721,10324.177083333334,4.908568813914693
2460340.877114136,10608.296875,4.97265233596014
2460340.884058551,10882.895182291666,5.032983816547249
2460340.8910029656,11154.505208333334,5.094620295019338
2460340.897947381,11405.822591145834,5.148892309421346
2460340.9048917955,11646.4658203125,5.201347420425169
2460340.91183621,11886.6455078125,5.254288417898677
2460340.9187806253,12116.481119791666,5.30180927811146
2460340.92572504,12345.5859375,5.349811022569466
2460340.932669455,12551.477213541666,5.394745701230156
2460340.93961387,12746.501953125,5.4343411908473565
2460340.9465582846,12944.782877604166,5.474502887835157
2460340.9535026993,13120.990559895834,5.5120051643725425
2460340.960447114,13277.4111328125,5.5422260336095475
2460340.9673915287,13416.651692708334,5.570877972890309
2460340.9743359433,13547.257161458334,5.597514310196133
2460340.981280358,13657.502604166666,5.618870289674842
2460340.9882247727,13767.557291666666,5.641911673693444
2460340.9951691874,13867.924153645834,5.660734852921665
2460341.0021136017,13973.245442708334,5.681456787144364
2460341.009058017,14077.216145833334,5.704242140597226
2460341.0160024315,14201.986653645834,5.726406461743075
2460341.022946846,14321.408203125,5.750153575947361
2460341.0298912604,14457.541341145834,5.778299566843743
2460341.036835675,14586.234049479166,5.802554387193248
2460341.04378009,14692.630533854166,5.821805380531397
2460341.050724504,14818.241861979166,5.847659116927552
2460341.057668919,14951.213541666666,5.873307342693306
2460341.0646133334,15101.7451171875,5.901932510958176
2460341.0715577477,15238.867513020834,5.927243365667365
2460341.078502163,15401.178385416666,5.957466836133164
2460341.085446577,15558.7802734375,5.98756105852805
2460341.0923909913,15720.708658854166,6.017814274567218
2460341.099335406,15900.193359375,6.052132519214368
2460341.1062798207,16049.503580729166,6.078542247537361
2460341.113224235,16206.782552083334,6.108052215263521
2460341.120168649,16354.823567708334,6.1345219602957215
2460341.1271130634,16501.02734375,6.161986484576304
2460341.1340574785,16634.360026041668,6.1866070708112995
2460341.1410018927,16787.485677083332,6.213522297995521
2460341.147946307,16919.604166666668,6.236981842186704
2460341.1548907217,17055.971354166668,6.2620706396287815
2460341.161835136,17189.436197916668,6.286387026778968
2460341.1687795506,17314.209635416668,6.308493966430935
2460341.175723965,17428.654947916668,6.330464043536732
2460341.182668379,17544.62890625,6.349711190864852
2460341.1896127933,17619.895833333332,6.362528650334416
2460341.196557208,17705.220052083332,6.377767589591493
2460341.2035016227,17764.0703125,6.388159428734535
2460341.210446037,17793.63671875,6.393960066702372
2460341.217390451,17821.423828125,6.3996955760703225
2460341.2243348653,17817.119791666668,6.39870038457754
2460341.23127928,17811.78125,6.397549517469556
2460341.2382236947,17804.662760416668,6.396881125041989
2460341.245168109,17802.724609375,6.39573813900353
2460341.252112523,17776.677083333332,6.390868918494974
2460341.2590569374,17758.649088541668,6.3876494138514515
2460341.2660013526,17720.48046875,6.380828710418381
2460341.272945767,17675.014973958332,6.3716807375513005
2460341.279890181,17606.322265625,6.360820849397254
2460341.2868345953,17526.717447916668,6.3467403104359965
2460341.29377901,17418.693359375,6.328314657949371
2460341.300723424,17307.829427083332,6.307571039243286
2460341.307667839,17193.677083333332,6.288313796626887
2460341.314612253,17105.385416666668,6.272354267118906
2460341.3215566673,17013.917317708332,6.25653723829323
2460341.3285010816,16948.669270833332,6.242616380518975
2460341.3354454967,16878.882161458332,6.230496549009558
2460341.342389911,16827.227213541668,6.220713645291238
2460341.349334325,16774.741536458332,6.212536720215984
2460341.35627874,16735.124348958332,6.205948113688373
2460341.3632231546,16702.307291666668,6.198780803364445
2460341.370167569,16671.891927083332,6.193206257893383
2460341.3771119816,16641.118489583332,6.188422061623851
2460341.3840563954,16626.847005208332,6.185774087560709
2460341.3910008096,16610.266276041668,6.182870148121455
2460341.397945225,16608.955078125,6.182186011253637
2460341.404889639,16589.522786458332,6.178236384703567
2460341.4118340537,16586.2578125,6.178090273205361
2460341.418778468,16574.598307291668,6.1757059159567875
2460341.4257228826,16577.955729166668,6.176137135932113
2460341.432667297,16576.739583333332,6.176557717400674
2460341.439611712,16581.58203125,6.177093505600786
2460341.4465561262,16581.483072916668,6.176551063445786
2460341.4535005414,16601.275390625,6.181118419843229
2460341.4604449556,16601.022135416668,6.180907973351673
2460341.46738937,16595.62890625,6.1796374330372315
2460341.474333785,16599.349609375,6.1801145395673025
2460341.4812781997,16600.048828125,6.180659676953799
2460341.4882226144,16599.650390625,6.180431632178493
2460341.4951670286,16590.753255208332,6.178503843784376
2460341.502111444,16573.693359375,6.176202102456739
2460341.509055858,16548.632161458332,6.170438463787581
2460341.516000273,16497.559244791668,6.161515454508937
2460341.5229446874,16459.248697916668,6.154123523406599
2460341.5298891026,16410.479166666668,6.1454468852655255
2460341.5368335173,16363.419270833334,6.137344786721367
2460341.543777932,16314.255208333334,6.130112105831743
2460341.5507223466,16259.453450520834,6.11890069737369
2460341.5576667613,16195.934244791666,6.106782295162531
2460341.5646111765,16131.987630208334,6.093966131190471
2460341.5715555907,16055.951171875,6.080955459230307
2460341.578500006,15994.474934895834,6.0697670704454
2460341.585444421,15915.0546875,6.055611611389035
2460341.5923888357,15817.617838541666,6.0371064440071285
2460341.599333251,15743.415690104166,6.023110393196216
2460341.6062776656,15657.357747395834,6.006439478050665
2460341.6132220807,15583.0283203125,5.992896648777246
2460341.6201664954,15498.393880208334,5.977401502928171
2460341.6271109106,15431.890950520834,5.965634843883769
2460341.6340553253,15342.569010416666,5.946719847786128
2460341.6409997405,15266.385416666666,5.933115663968366
2460341.6479441556,15187.206380208334,5.918894380009558
2460341.654888571,15096.875651041666,5.901330549289038
2460341.661832986,15025.795572916666,5.886425415034203
2460341.6687774006,14951.779622395834,5.87269602693165
2460341.6757218163,14867.021809895834,5.857755080605525
2460341.682666231,14786.798502604166,5.841683036079641
2460341.6896106466,14705.607096354166,5.825609580136374
2460341.6965550617,14633.141927083334,5.811106941540829
2460341.703499477,14556.1904296875,5.797021464494598
2460341.710443892,14473.550455729166,5.782404423622673
2460341.717388307,14399.193684895834,5.7668305510715365
2460341.724332723,14324.421875,5.751608258503935
2460341.731277138,14241.830403645834,5.7355741765098545
2460341.738221553,14163.498372395834,5.721864248014255
2460341.745165969,14081.345703125,5.704842665607046
2460341.752110384,13994.228190104166,5.687977938476897
2460341.7590547996,13918.2060546875,5.673281133269619
2460341.765999215,13836.023111979166,5.656722502485114
2460341.7729436303,13758.94140625,5.642328870282729
2460341.7798880455,13694.946940104166,5.627268461950716
2460341.7868324616,13617.789388020834,5.613268176221325
2460341.7937768768,13551.314778645834,5.599052923676193
2460341.800721293,13483.909505208334,5.586540614412939
2460341.807665708,13402.431966145834,5.571181691444227
2460341.8146101236,13342.539713541666,5.557712786603546
2460341.8215545393,13264.902994791666,5.542059435279697
2460341.8284989554,13199.805338541666,5.527740610385622
2460341.8354433705,13145.825520833334,5.518012099781449
2460341.842387786,13077.863606770834,5.5042225311195585
2460341.849332202,13021.043294270834,5.493027927670479
2460341.856276618,12944.505533854166,5.476254985394735
2460341.863221034,12886.716796875,5.464029172503509
2460341.87016545,12812.666341145834,5.449136062344755
2460341.877109865,12743.865559895834,5.435881206516854
2460341.8840542813,12688.133463541666,5.423392983796567
2460341.8909986974,12625.1416015625,5.409658845782453
2460341.8979431135,12556.538736979166,5.397763836138299
2460341.904887529,12481.867513020834,5.381549118198653
2460341.911831945,12423.726888020834,5.368705690431322
2460341.9187763613,12355.499674479166,5.353746047889442
2460341.9257207774,12282.8212890625,5.339376660951132
2460341.9326651935,12213.484700520834,5.324338298681725
2460341.9396096095,12140.756184895834,5.3095905388680995
2460341.946554026,12080.665364583334,5.296132259188758
2460341.953498442,11999.847330729166,5.278164167777741
2460341.9604428583,11945.167317708334,5.266940629044441
2460341.9673872744,11874.773111979166,5.251870290998451
2460341.9743316905,11806.6689453125,5.238989420900444
2460341.9812761075,11740.407877604166,5.223676753067268
2460341.9882205236,11662.931966145834,5.207501896528504
2460341.9951649397,11587.987630208334,5.1907804258831876
2460342.002109356,11513.063151041666,5.175524201221918
2460342.009053773,11434.98046875,5.158236203389811
2460342.015998189,11359.681640625,5.140770145258881
2460342.022942606,11275.389322916666,5.121800738460842
2460342.0298870225,11192.473958333334,5.104893018914342
2460342.036831439,11105.313151041666,5.084781311303455
2460342.043775855,11034.16015625,5.0695620827209344
2460342.0507202726,10955.294921875,5.051468072833926
2460342.057664689,10874.591796875,5.033748984541661
2460342.0646091057,10792.8193359375,5.016727303875811
2460342.0715535227,10718.08984375,4.998376004910214
2460342.0784979393,10639.843424479166,4.981691128724379
2460342.0854423563,10572.037760416666,4.966861280219904
2460342.092386773,10505.34375,4.951508174363925
2460342.09933119,10427.426432291666,4.933814316144608
2460342.106275607,10372.401692708334,4.921908843792548
2460342.1132200235,10287.542317708334,4.90183767652016
2460342.120164441,10229.073893229166,4.889294956473844
2460342.127108858,10154.1591796875,4.870993344604886
2460342.134053275,10099.36328125,4.858111628655863
2460342.140997692,10044.626302083334,4.844664214612023
2460342.1479421095,9989.622721354166,4.833446450732965
2460342.1548865265,9934.968424479166,4.819849725973819
2460342.1618309435,9872.041666666666,4.80428899592497
2460342.168775361,9797.922526041666,4.788072324706266
2460342.1757197785,9739.668294270834,4.774065816495413
2460342.1826641955,9700.694010416666,4.766252253318664
2460342.189608613,9620.575520833334,4.745746928739755
2460342.196553031,9574.401692708334,4.733713741499737
2460342.203497448,9519.438802083334,4.722383396335725
2460342.2104418655,9483.6171875,4.714178326583921
2460342.217386283,9434.494791666666,4.701932214853007
2460342.224330701,9390.339192708334,4.691068132731672
2460342.2312751184,9353.678059895834,4.682279439344989
2460342.238219536,9302.517252604166,4.6703537268152635
2460342.2451639534,9264.5927734375,4.66115335639025
2460342.2521083714,9220.144856770834,4.651698733874402
2460342.2590527893,9149.826822916666,4.632852751473181
2460342.265997207,9089.13671875,4.619527355322813
2460342.2729416247,9025.858723958334,4.6030571559857245
2460342.2798860427,8951.536783854166,4.585122252812321
2460342.2868304607,8893.045247395834,4.570399278586879
2460342.2937748786,8835.770182291666,4.556139884625227
2460342.3007192966,8769.834309895834,4.539739629964417
2460342.307663715,8707.649739583334,4.523830750091818
2460342.314608133,8635.139322916666,4.506383654392711
2460342.321552551,8570.1875,4.490215041040936
2460342.3284969693,8499.435221354166,4.4735831157543835
2460342.3354413877,8419.2412109375,4.452112648988161
2460342.3423858057,8357.334309895834,4.438578860205214
2460342.349330224,8290.560221354166,4.419612581084202
2460342.356274642,8221.807291666666,4.402747818171904
2460342.3632190605,8167.1884765625,4.387614166957645
2460342.3701634794,8112.6650390625,4.374198045692584
2460342.3771078973,8065.714029947917,4.3627601097588045
2460342.384052316,8009.387858072917,4.347668791223566
2460342.3909967346,7968.350911458333,4.33656987185192
2460342.3979411535,7931.863932291667,4.326748283038799
2460342.404885572,7903.326171875,4.320283689072425
2460342.411829991,7871.007649739583,4.3114009859987865
2460342.418774409,7835.755859375,4.303182601821675
2460342.4257188286,7830.94775390625,4.3000082728759415
2460342.432663247,7802.45458984375,4.293552273815432
2460342.439607666,7802.40185546875,4.293445402369175
2460342.4465520848,7787.685546875,4.293102418128088
2460342.453496504,7776.8603515625,4.286800504879312
2460342.4604409225,7765.0224609375,4.28594196175931
2460342.467385342,7763.334147135417,4.2832920722288375
2460342.4743297608,7754.313639322917,4.284591952507156
2460342.48127418,7754.130045572917,4.281130748814318
2460342.4882185995,7744.966145833333,4.27969739382899
2460342.4951630183,7739.281412760417,4.277704138395674
2460342.5021074377,7735.063151041667,4.276899817972863
2460342.509051857,7733.17041015625,4.277165368995226
2460342.515996276,7720.656087239583,4.273571747329004
2460342.5229406958,7714.703287760417,4.271493021763171
2460342.529885115,7689.633951822917,4.26589203030231
2460342.5368295345,7680.31396484375,4.262452075350587
2460342.5437739543,7665.03955078125,4.257194726262722
2460342.550718374,7654.824869791667,4.255338088074319
2460342.557662794,7644.91845703125,4.251972285006486
2460342.564607213,7620.07275390625,4.246577536832892
2460342.5715516326,7604.119791666667,4.241639080979967
2460342.5784960524,7580.13623046875,4.235347125906553
2460342.5854404722,7565.87060546875,4.232451421984906
2460342.592384892,7545.790201822917,4.227278535578189
2460342.599329312,7523.733235677083,4.220710820427978
2460342.6062737317,7499.3994140625,4.2150154402767726
2460342.6132181515,7474.3564453125,4.207321816377526
2460342.6201625722,7446.307454427083,4.2015046794372495
2460342.627106992,7430.538736979167,4.195030634457804
2460342.6340514123,7400.339518229167,4.187423320246148
2460342.6409958326,7378.269856770833,4.181656551910691
2460342.6479402524,7355.855794270833,4.175888735209257
2460342.654884673,7341.996256510417,4.171938681045705
2460342.661829093,7319.102864583333,4.165802804913009
2460342.6687735138,7303.58935546875,4.161658386034194
2460342.6757179336,7268.07421875,4.1518123798639985
2460342.6826623543,7239.621907552083,4.146323228447906
2460342.689606775,7224.630696614583,4.140867374303871
2460342.6965511953,7197.669759114583,4.132777114433069
2460342.703495616,7170.5947265625,4.125997936133671
2460342.7104400364,7149.55078125,4.1194156520813685
2460342.7173844576,7129.952311197917,4.113832186941841
2460342.724328878,7101.65234375,4.107318244210334
2460342.731273299,7074.782063802083,4.099561957679364
2460342.73821772,7045.684244791667,4.090861150328183
2460342.7451621406,7030.424641927083,4.087575965133727
2460342.752106562,7004.438151041667,4.081625788423908
2460342.7590509825,6978.5302734375,4.07400780391595
2460342.7659954038,6947.252115885417,4.065919088772528
2460342.772939825,6928.347330729167,4.0593331072071885
2460342.7798842457,6902.905924479167,4.052334347069206
2460342.786828667,6873.350911458333,4.0443504274614375
2460342.793773088,6852.566243489583,4.0388596177458735
2460342.80071751,6830.723958333333,4.032764470331958
2460342.8076619306,6803.810221354167,4.024457169418834
2460342.8146063522,6788.435384114583,4.020984022505092
2460342.8215507735,6770.171061197917,4.017225970678042
2460342.828495195,6752.763997395833,4.009449424633893
2460342.835439617,6738.636067708333,4.007883967961658
2460342.842384038,6716.969563802083,4.000748705877334
2460342.8493284597,6701.573404947917,3.995920475635541
2460342.856272882,6693.7890625,3.9934118527814317
2460342.8632173035,6681.384602864583,3.989808820546481
2460342.870161725,6663.634602864583,3.9851175151567624
2460342.8771061474,6646.20751953125,3.9793014511076925
2460342.884050569,6642.079427083333,3.9793953526117494
2460342.8909949907,6622.609537760417,3.9738378352556727
2460342.8979394124,6607.507161458333,3.9691055946021514
2460342.904883835,6596.672688802083,3.967426859067111
2460342.911828257,6581.824869791667,3.9620206884500644
2460342.9187726793,6564.382161458333,3.957024865509586
2460342.925717101,6549.041341145833,3.9530828907492954
2460342.932661524,6529.74462890625,3.9503429183949894
2460342.939605946,6504.070963541667,3.940048719351239
2460342.946550368,6488.074544270833,3.9352667508538226
2460342.953494791,6473.261393229167,3.931720570036877
2460342.960439213,6444.94189453125,3.923609800466231
2460342.9673836357,6421.1337890625,3.9158078259971005
2460342.9743280564,6393.798502604167,3.9087794796983193
2460342.981272476,6374.202799479167,3.9035067023997922
2460342.9882168984,6345.866536458333,3.8966475125229727
2460342.995161321,6315.634114583333,3.8857730769606307
2460343.002105744,6292.630208333333,3.879714530955741
2460343.0090501667,6267.472005208333,3.8717971784402447
2460343.01599459,6243.373372395833,3.865469123953533
2460343.0229390124,6210.179850260417,3.85599902189978
2460343.0298834355,6189.205240885417,3.8489655064674992
2460343.0368278585,6166.524088541667,3.8421177169799474
2460343.043772282,6137.339680989583,3.8351691413806077
2460343.0507167047,6101.14599609375,3.823522797466738
2460343.057661128,6085.54296875,3.8213206002734563
2460343.0646055513,6037.17041015625,3.8048180875356867
2460343.0715499744,6002.20458984375,3.7939704011592723
2460343.078494398,5965.279622395833,3.7844469957975426
2460343.0854388215,5939.985514322917,3.7750209623515865
2460343.092383245,5903.789388020833,3.7644881132870545
2460343.0993276685,5876.998209635417,3.7566424067679898
2460343.106272092,5853.687174479167,3.750814328557395
2460343.1132165156,5822.221842447917,3.7400061370032063
2460343.120160939,5799.702962239583,3.733672259436009
2460343.1271053627,5775.408365885417,3.726107087711382
2460343.1340497867,5759.951822916667,3.7242729355521464
2460343.1409942107,5729.9736328125,3.7137785153427916
2460343.1479386343,5704.593098958333,3.704003893820904
2460343.1548830583,5681.614420572917,3.697215035445799
2460343.1618274823,5657.794921875,3.6900346082221698
2460343.1687719063,5632.0078125,3.6833954492546366
2460343.1757163308,5614.14111328125,3.6772069500969304
2460343.182660755,5589.228352864583,3.6693353533342736
2460343.189605179,5566.035481770833,3.662361820595097
2460343.1965496032,5538.848958333333,3.653437709693211
2460343.2034940273,5510.49853515625,3.6457653564187407
2460343.210438452,5494.129231770833,3.6400213531753365
2460343.217382876,5471.187337239583,3.632410270473029
2460343.224327301,5448.646809895833,3.6257754987045914
2460343.231271725,5419.388671875,3.61754275773662
2460343.23821615,5417.157877604167,3.6162405570488327
2460343.2451605746,5402.080240885417,3.6112448143113824
2460343.2521049995,5390.98193359375,3.609247802416906
2460343.2590494244,5372.466471354167,3.60227072935691
2460343.265993849,5360.490885416667,3.598021788496976
2460343.272938274,5342.06640625,3.5937674260776924
2460343.279882699,5336.175618489583,3.5919493466873145
2460343.286827124,5321.494140625,3.5879328238133894
2460343.2937715487,5304.2294921875,3.5799515733474414
2460343.3007159736,5273.270670572917,3.573253573902203
2460343.307660399,5244.031412760417,3.5625563764484505
2460343.314604824,5214.181477864583,3.552993318602382
2460343.3215492493,5185.030110677083,3.5438344355240456
2460343.3284936748,5144.290364583333,3.529618520838058
2460343.3354381,5110.486002604167,3.5189471021760763
2460343.3423825256,5081.1279296875,3.510004780582334
2460343.349326951,5043.75537109375,3.4982647123297426
2460343.3562713764,5007.06591796875,3.48668282300077
2460343.3632158022,4980.7021484375,3.47653644456239
2460343.3701602276,4953.734212239583,3.468954596654244
2460343.3771046535,4926.590006510417,3.4603172871040893
2460343.384049079,4897.6875,3.4526478656462825
2460343.3909935053,4878.276041666667,3.4440336853965348
2460343.3979379307,4852.097330729167,3.4352896773730524
2460343.404882357,4830.03271484375,3.4283771479603096
2460343.411826783,4819.824869791667,3.424361008484158
2460343.4187712087,4805.479817708333,3.4210795117045314
2460343.425715635,4789.147135416667,3.415576587725574
2460343.432660061,4776.04833984375,3.4108853729815576
2460343.4396044873,4768.282389322917,3.408910825217644
2460343.4465489136,4761.56640625,3.405657852647248
2460343.45349334,4745.151041666667,3.4019855941247115
2460343.4604377663,4746.705891927083,3.399762226784437
2460343.4673821926,4742.099772135417,3.3994392688826127
2460343.4743266194,4738.800944010417,3.397455889975588
2460343.4812710457,4739.911783854167,3.3997431780002145
2460343.4882154725,4735.271484375,3.398255163826303
2460343.495159899,4740.54150390625,3.400611416703797
2460343.5021043257,4743.29443359375,3.400300774453369
2460343.5090487525,4742.804524739583,3.4024798772527727
2460343.5159931793,4749.954264322917,3.4017001580905792
2460343.5229376066,4748.711751302083,3.4015262241350683
2460343.529882033,4741.083984375,3.4006653169920065
2460343.53682646,4729.26611328125,3.395081072618437
2460343.5437708874,4725.131022135417,3.3942987578094144
2460343.5507153147,4710.17333984375,3.3884514143028652
2460343.5576597415,4708.360514322917,3.3892149168235863
2460343.5646041688,4692.313313802083,3.3837168276137413
2460343.571548596,4680.103841145833,3.377199321375396
2460343.5784930233,4667.7666015625,3.3742814849478004
2460343.585437451,4663.73876953125,3.3732724181119784
2460343.5923818783,4657.991861979167,3.3712281849655117
2460343.5993263056,4637.298014322917,3.3643347763691036
2460343.6062707338,4632.267415364583,3.3625228618743037
2460343.613215161,4616.997884114583,3.357656060375815
2460343.6201595888,4607.873697916667,3.354998996523278
2460343.6271040165,4604.38818359375,3.354087718338249
2460343.6340484447,4595.9423828125,3.350556007561145
2460343.6409928724,4581.458170572917,3.3451308971502596
2460343.6479373,4571.33740234375,3.3419364186571436
2460343.6548817283,4563.673502604167,3.3393880754803327
2460343.6618261565,4551.42236328125,3.33615471546066
2460343.6687705843,4541.39013671875,3.3325556159849072
2460343.675715013,4535.634602864583,3.330504363099047
2460343.6826594407,4534.212076822917,3.329234273714851
2460343.689603869,4528.001139322917,3.327300871138089
2460343.6965482975,4521.405924479167,3.3276062872798207
2460343.7034927257,4511.128092447917,3.323168707368483
2460343.7104371544,4498.512369791667,3.3166046395949884
2460343.717381583,4489.400227864583,3.3134907373366524
2460343.7243260113,4481.521809895833,3.3119442458367403
2460343.7312704404,4464.598470052083,3.305397031972723
2460343.738214869,4460.0693359375,3.3054038186990122
2460343.7451592977,4445.8623046875,3.3002771174442382
2460343.7521037264,4436.334798177083,3.2965546917880473
2460343.7590481555,4428.130696614583,3.2931077346365356
2460343.765992584,4411.828287760417,3.2888960775613305
2460343.7729370133,4406.64501953125,3.285954242309271
2460343.7798814424,4392.244791666667,3.2827493157701966
2460343.7868258716,4378.90234375,3.276190432421293
2460343.7937703007,4372.530598958333,3.275037112132568
2460343.80071473,4352.767252604167,3.2671374000064044
2460343.8076591594,4345.465006510417,3.2646431864287386
2460343.8146035885,4333.272623697917,3.2617756413598076
2460343.821548018,4320.379231770833,3.2569041443516453
2460343.8284924473,4311.982584635417,3.2554314488477387
2460343.835436877,4297.02294921875,3.2491759535093876
2460343.8423813065,4285.76611328125,3.245041299492962
2460343.8493257365,4279.980143229167,3.2411536631651257
2460343.856270166,4271.854817708333,3.2396151164408056
2460343.8632145957,4268.6611328125,3.2383208887598953
2460343.870159026,4252.76171875,3.232549241235935
2460343.8771034554,4253.362467447917,3.2329458392427086
2460343.884047886,4253.6552734375,3.2343131906611275
2460343.8909923155,4247.554524739583,3.233446887084382
2460343.897936746,4244.503580729167,3.2297878833130014
2460343.9048811756,4238.759765625,3.2294188827329773
2460343.911825606,4230.69775390625,3.2256535200443026
2460343.918770036,4234.056640625,3.226211792679646
2460343.9257144663,4223.622721354167,3.222466230706105
2460343.9326588972,4223.927897135417,3.223786003665968
2460343.9396033273,4220.703776041667,3.224040800937763
2460343.946547758,4219.447591145833,3.2224393772361672
2460343.9534921884,4212.027180989583,3.218304076748908
2460343.9604366194,4210.32958984375,3.219698516958566
2460343.9673810494,4202.541341145833,3.2150565067903436
2460343.9743254804,4193.638509114583,3.213366709171351
2460343.9812699114,4184.132161458333,3.2084640104112894
2460343.9882143424,4185.480143229167,3.211570117648073
2460343.995158773,4173.873372395833,3.2066378330356464
2460344.002103204,4166.361653645833,3.2031846037232854
2460344.0090476354,4157.638671875,3.199170369320955
2460344.0159920664,4154.83642578125,3.1982491759636233
2460344.0229364973,4148.721028645833,3.1980618018077354
2460344.0298809283,4141.427408854167,3.1942674979799257
2460344.03682536,4130.823079427083,3.190360412981024
2460344.0437697913,4126.512044270833,3.1895020931306886
2460344.0507142222,4116.43310546875,3.18539009013586
2460344.057658654,4117.593098958333,3.1860076767903376
2460344.064603085,4096.585693359375,3.1774534696810357
2460344.071547517,4097.7451171875,3.1772809407993425
2460344.078491949,4081.7802734375,3.172494820065571
2460344.0854363805,4069.8828938802085,3.1681389695334015
2460344.0923808124,4058.01416015625,3.1638484652057692
2460344.099325244,4048.379150390625,3.16124841033197
2460344.1062696762,4035.737548828125,3.156771697349472
2460344.1132141077,4025.7128092447915,3.151853645801614
2460344.12015854,4014.2559407552085,3.1500664084257175
2460344.127102972,4009.205810546875,3.147140459467415
2460344.1340474044,3990.445068359375,3.141422388483207
2460344.1409918363,3989.089599609375,3.140311107113856
2460344.1479362682,3980.31982421875,3.1365591726290005
2460344.154880701,3970.60302734375,3.1329320555756883
2460344.161825133,3968.2583821614585,3.1323642746748703
2460344.168769566,3963.344482421875,3.1304170401738287
2460344.1757139983,3958.8682454427085,3.1291128484799096
2460344.1826584307,3946.0719401041665,3.1242664651179943
2460344.1896028635,3940.6222330729165,3.122077806102361
2460344.1965472964,3936.572265625,3.1194279111377607
2460344.203491729,3928.5458984375,3.1189704847574586
2460344.210436162,3924.416015625,3.1164903299448348
2460344.217380595,3920.1776529947915,3.114035031370729
2460344.224325028,3912.8394368489585,3.111166409732162
2460344.2312694606,3907.091064453125,3.109199250383023
2460344.2382138935,3906.9691569010415,3.1110886344110735
2460344.2451583273,3903.1123046875,3.1072961695677113
2460344.25210276,3901.7771809895835,3.1061435256570586
2460344.2590471935,3901.489501953125,3.1062406348079605
2460344.265991627,3891.7969563802085,3.1028433697819957
2460344.2729360596,3896.477294921875,3.1051839285998106
2460344.2798804934,3892.0497233072915,3.1039954338638736
2460344.2868249267,3887.921875,3.1030070407208847
2460344.29376936,3891.998046875,3.1031484423506126
2460344.3007137943,3887.6004231770835,3.1032513971445446
2460344.3076582276,3881.0550944010415,3.1012781652413026
2460344.314602662,3874.33203125,3.0981240259955514
2460344.321547095,3861.8909505208335,3.095423889563389
2460344.3284915294,3852.719970703125,3.0898130588237867
2460344.3354359632,3849.154052734375,3.089063764301805
2460344.3423803975,3830.3235677083335,3.082058518317746
2460344.3493248317,3815.8878580729165,3.0771096311062873
2460344.3562692655,3798.228271484375,3.0700554265622757
2460344.3632137,3783.3076985677085,3.065470169928831
2460344.370158134,3764.74755859375,3.0582001356926383
2460344.3771025683,3752.4200032552085,3.0530996018233165
2460344.3840470025,3734.7115885416665,3.045039975482112
2460344.3909914372,3728.999267578125,3.043445060110011
2460344.3979358715,3708.6548665364585,3.03766952970688
2460344.404880306,3699.616943359375,3.034209337482047
2460344.411824741,3679.4193522135415,3.0269742986021773
2460344.4187691757,3673.0390625,3.023183362657445
2460344.4257136104,3664.43603515625,3.0212490666789438
2460344.432658045,3658.2833658854165,3.0181224334245047
2460344.43960248,3653.300537109375,3.0157051136198127
2460344.446546915,3640.06494140625,3.01183982029433
2460344.45349135,3635.1785481770835,3.0099746953057553
2460344.460435785,3629.9397786458335,3.0084285431472235
2460344.46738022,3633.5923665364585,3.008589241116077
2460344.4743246553,3626.720458984375,3.007814209475521
2460344.481269091,3630.74658203125,3.0079078913720703
2460344.488213526,3626.6040852864585,3.0088712098051738
2460344.4951579613,3630.4978841145835,3.0088237777974682
2460344.502102397,3629.507568359375,3.0076567112515025
2460344.509046832,3629.8223470052085,3.0085074289343603
2460344.515991268,3628.0614420572915,3.006832603099151
2460344.5229357034,3630.6407063802085,3.007482948165738
2460344.5298801395,3630.3482259114585,3.00812659233469
2460344.5368245747,3627.7039388020835,3.0084349198652025
2460344.543769011,3636.7200520833335,3.0106200347394605
2460344.5507134474,3632.6747233072915,3.008851236400257
2460344.557657883,3636.5032552083335,3.010376429121956
2460344.5646023187,3625.8983561197915,3.0071912288606555
2460344.5715467553,3626.6836751302085,3.0085765442074024
2460344.5784911863,3630.3529459635415,3.0073416325210736
2460344.585435623,3620.7874348958335,3.005219749734668
2460344.5923800594,3619.6570638020835,3.003566730002118
2460344.599324495,3619.7296549479165,3.003160539176534
2460344.6062689316,3613.6394856770835,3.0009567084794195
2460344.613213368,3614.25,3.0014703290802873
2460344.620157805,3610.2386067708335,3.0003975916172845
2460344.6271022414,3605.95849609375,2.9987977127025673
2460344.634046678,3606.0917154947915,2.999136148007528
2460344.6409911145,3598.8448079427085,2.9959116159762114
2460344.647935551,3602.2466634114585,2.996898447886924
2460344.6548799886,3601.7986653645835,2.996166031703076
2460344.661824425,3590.4973958333335,2.994338397744247
2460344.6687688623,3592.9482421875,2.9945227736281943
2460344.6757132993,3589.2978515625,2.9912889455529563
2460344.682657736,3589.1309407552085,2.9919651972746997
2460344.6896021734,3589.5423990885415,2.99256836238599
2460344.6965466104,3588.960205078125,2.992356056633341
2460344.703491048,3580.9751790364585,2.9886482242402628
2460344.7104354855,3578.2470703125,2.98768862044494
2460344.7173799225,3591.4209798177085,2.9942916510570634
2460344.72432436,3582.1171875,2.9889334091612594
2460344.7312687975,3577.2530110677085,2.9869377634553786
2460344.7382132355,3575.6370442708335,2.9866750388835404
2460344.7451576735,3578.6622721354165,2.988751106695284
2460344.752102111,3569.0196940104165,2.983642755337508
2460344.7590465485,3567.2208658854165,2.9838398512107958
2460344.765990987,3561.1980794270835,2.9836406748764026
2460344.7729354245,3562.2035319010415,2.9825423002945617
2460344.7798798624,3559.3846028645835,2.9802706797476652
2460344.7868243004,3548.6805013020835,2.977876857371843
2460344.793768739,3543.1829427083335,2.974930975876056
2460344.8007131773,3536.6175944010415,2.97176894655655
2460344.807657615,3532.0419921875,2.9700352742070355
2460344.8146020533,3527.1670735677085,2.967687900304922
2460344.8215464917,3514.99072265625,2.9636093061611892
2460344.82849093,3511.2530924479165,2.9630660854389546
2460344.8354353686,3500.7779134114585,2.9587382121229435
2460344.842379807,3494.446533203125,2.955310712040761
2460344.8493242464,3488.8653157552085,2.9550520232136095
2460344.856268685,3478.9796549479165,2.953332599165117
2460344.8632131238,3477.52978515625,2.949216176363237
2460344.8701575627,3471.65283203125,2.9467404809085966
2460344.877102001,3465.9191080729165,2.944735328882222
2460344.8840464405,3463.6566569010415,2.9448071159292035
2460344.8909908794,3464.232666015625,2.9443221486943756
2460344.8979353183,3463.7073567708335,2.9449148443712545
2460344.904879758,3458.2916666666665,2.9434557540203747
2460344.911824197,3459.98095703125,2.9433025613377026
2460344.9187686364,3457.7588704427085,2.9436805306452745
2460344.925713076,3459.7205403645835,2.943426747600121
2460344.932657515,3462.7867024739585,2.9467089297420537
2460344.9396019545,3467.187744140625,2.946928841225528
2460344.9465463944,3462.868896484375,2.9454285695285436
2460344.9534908338,3465.8863932291665,2.944923716189624
2460344.9604352736,3466.3213704427085,2.9448585298236707
2460344.9673797134,3469.9263509114585,2.9464069474985712
2460344.9743241533,3463.020751953125,2.943474279473398
2460344.9812685926,3467.9986979166665,2.9473141264259333
2460344.988213033,3474.7886555989585,2.948133236729804
2460344.995157473,3470.3961588541665,2.947017580691893
2460345.002101913,3470.97119140625,2.947976791000974
2460345.0090463534,3474.7859700520835,2.9486216593340733
2460345.0159907937,3476.6275634765625,3.6128991940489095
2460345.022935234,3470.7420247395835,2.9473341120727024
2460345.029879674,3473.0325520833335,2.947460339384886
2460345.0368241146,3478.741455078125,2.9517272224282998
2460345.043768555,3475.396484375,2.9494481140755844
2460345.0507129957,3474.4479166666665,2.9486002985589224
2460345.057657436,3472.3251953125,2.9492490315070286
2460345.0646018772,3474.7622884114585,2.948706327085796
2460345.0715463175,3466.1796061197915,2.944813310231464
2460345.0784907583,3466.4784342447915,2.947531614236635
2460345.085435199,3459.211669921875,2.9436418475771085
2460345.0923796403,3452.559326171875,2.9403638285231324
2460345.099324081,3439.9886881510415,2.9368884645681734
2460345.1062685223,3433.9983723958335,2.9331940867207984
2460345.1132129636,3424.1957194010415,2.92984137049018
2460345.120157405,3414.684814453125,2.9254653840314515
2460345.127101846,3405.30859375,2.924093724616671
2460345.1340462877,3398.5179036458335,2.9203050901951744
2460345.1409907285,3394.181396484375,2.917300914830158
2460345.14793517,3388.515869140625,2.914531549275074
2460345.1548796115,3379.6866048177085,2.9106049947278496
2460345.161824053,3373.452880859375,2.908401562715747
2460345.168768495,3366.878173828125,2.905674305240748
2460345.175712937,3366.4138997395835,2.905910098830642
2460345.1826573783,3354.8763020833335,2.9020025795890625
2460345.1896018204,3355.4041341145835,2.901657307618405
2460345.196546262,3356.367431640625,2.9019751242982874
2460345.2034907043,3348.659423828125,2.8995793772976537
2460345.2104351465,3350.1935221354165,2.8995391617123403
2460345.217379588,3346.7935384114585,2.898525565232766
2460345.224324031,3347.6244303385415,2.899860922931781
2460345.231268473,3345.2271321614585,2.8972964171120092
2460345.238212915,3355.4661458333335,2.902272494868243
2460345.245157358,3348.3411458333335,2.8982443383515517
2460345.2521018,3348.6292317708335,2.898801538936496
2460345.259046243,3350.2864583333335,2.899524771844862
2460345.265990685,3351.8653971354165,2.9011954150705463
2460345.272935128,3354.007080078125,2.9013348463286683
2460345.2798795705,3352.9293619791665,2.9019275649828398
2460345.2868240136,3358.825927734375,2.903703734374281
2460345.293768456,3360.6064453125,2.9039323084244004
2460345.3007128993,3363.165283203125,2.9060903721643174
2460345.307657342,3358.9334309895835,2.902777422102971
2460345.314601785,3355.3221028645835,2.902119514676759
2460345.321546228,3355.3873697916665,2.9029685153714815
2460345.3284906712,3355.3058268229165,2.9009893100076325
2460345.335435115,3349.8541666666665,2.899940084056695
2460345.342379558,3348.240478515625,2.8987403483226557
2460345.3493240015,3337.6918131510415,2.895729178141657
2460345.356268445,3329.363525390625,2.8911851331915908
2460345.3632128886,3325.0416666666665,2.8892594615483165
2460345.3701573317,3309.2811686197915,2.8833733935617247
2460345.3771017757,3294.2958984375,2.8787549966408488
2460345.3840462193,3288.1883138020835,2.8770765966508685
2460345.390990663,3270.1039225260415,2.8696330739165474
2460345.397935107,3258.818603515625,2.8648107276395804
2460345.404879551,3250.682373046875,2.862304132095659
2460345.411823995,3241.1437174479165,2.8576045186530443
2460345.418768439,3233.42236328125,2.855268300288079
2460345.425712883,3221.543701171875,2.85045545292982
2460345.432657327,3224.9130045572915,2.8508583352233408
2460345.4396017715,3216.1338704427085,2.849000895942833
2460345.446546216,3213.062255859375,2.8467283288328904
2460345.45349066,3213.0059407552085,2.847831941480681
2460345.460435105,3211.9534505208335,2.8461725530629782
2460345.467379549,3213.3064778645835,2.8478214531905706
2460345.474323994,3214.4947916666665,2.848397022514131
2460345.481268438,3215.909423828125,2.8469937867050406
2460345.4882128835,3222.1007486979165,2.8500464778247707
2460345.495157328,3227.1661783854165,2.8521345115931567
2460345.502101773,3229.9854329427085,2.854153196284864
2460345.509046218,3235.5426432291665,2.8556327246072963
2460345.515990663,3235.9197591145835,2.8556804221474983
2460345.522935108,3244.8430989583335,2.8610608436699714
2460345.5298795532,3240.8392740885415,2.858714140463926
2460345.536823998,3243.6783040364585,2.8585445666926472
2460345.5437684436,3247.740966796875,2.860755930214817
2460345.550712889,3253.5856119791665,2.8622687300135965
2460345.557657334,3255.42333984375,2.8635502239210986
2460345.5646017794,3257.8897298177085,2.8649028914050363
2460345.5715462253,3263.8564453125,2.866160761300334
2460345.578490671,3255.6398111979165,2.8650581465489022
2460345.5854351167,3255.4998372395835,2.863300863694515
2460345.592379562,3253.593017578125,2.865287727134717
2460345.599324008,3250.1792805989585,2.861143048416175
2460345.606268454,3255.4398600260415,2.8637568809876295
2460345.6132129,3249.2417805989585,2.8612048703069584
2460345.6201573457,3243.9651692708335,2.8586837898136346
2460345.6271017916,3249.3492838541665,2.863204598587324
2460345.634046238,3242.2864583333335,2.857927500195442
2460345.6409906843,3238.963623046875,2.8558768669099703
2460345.646777723,3236.2138671875,3.4984060583812293
2460345.654879577,3231.96533203125,2.855148718055799
2460345.661824023,3235.8880208333335,2.854780235354269
2460345.6687684697,3233.5072428385415,2.857933852799137
2460345.6757129165,3230.0064290364585,2.8533256846265593
2460345.682657363,3228.6289876302085,2.853455905210689
2460345.6896018093,3236.2090657552085,2.8557426853790377
2460345.6965462565,3233.6730143229165,2.855618879740195
2460345.703490703,3239.0626627604165,2.8567385555268756
2460345.71043515,3241.9137369791665,2.857563707688214
2460345.717379597,3239.7670084635415,2.8570526923856625
2460345.724324044,3237.0443522135415,2.8555473480563465
2460345.731268491,3236.8946940104165,2.8576492972623964
2460345.738212938,3238.33837890625,2.856255925143918
2460345.7451573852,3243.5755208333335,2.8605470272611577
2460345.7509444244,3236.1197509765625,3.496660552257676
2460345.7590462803,3242.5983072916665,2.8581713394955437
2460345.765990728,3237.52978515625,2.8578613881357886
2460345.772935175,3232.0941569010415,2.8557606320508477
2460345.7798796226,3232.1842447916665,2.8557991199068096
2460345.78682407,3229.518310546875,3.4941386093331372
2460345.794925926,3216.1729736328125,3.4868411177864296
2460345.8007129654,3223.8014322916665,2.8500098894096215
2460345.8076574137,3209.8121744791665,2.84602471989399
2460345.8146018614,3206.496826171875,2.8430134913438274
2460345.821546309,3200.858642578125,2.8413865165279297
2460345.828490757,3190.4463704427085,2.8359936433000925
2460345.8354352056,3185.3905436197915,2.833506023287743
2460345.8423796534,3180.3245442708335,2.8323042469769835
2460345.849324102,3174.1854654947915,2.830812540920285
2460345.85626855,3163.016357421875,2.8259862813402727
2460345.8632129985,3156.1611328125,2.8261171473469417
2460345.870157447,3152.3129069010415,2.822212619072129
2460345.8771018954,3147.9620768229165,2.81961221806603
2460345.884046344,3143.6220703125,2.817936669248948
2460345.890990793,3141.8291015625,2.8182822808590013
2460345.8979352415,3142.5501302083335,2.8174412793554624
2460345.90487969,3136.4283854166665,2.81621299718523
2460345.911824139,3140.1117350260415,2.8161488255780647
2460345.918768588,3142.0181477864585,2.8186633436277067
2460345.9257130367,3140.172119140625,2.8166733491972273
2460345.9326574863,3141.2239583333335,2.8195706734558246
2460345.939601935,3142.1725260416665,2.820601319970051
2460345.9465463846,3144.5423177083335,2.8211835314337343
2460345.9534908333,3151.552734375,2.82240606358998
2460345.960435283,3149.4168294270835,2.821364894961423
2460345.9673797325,3152.5279947916665,2.823831060964372
2460345.9743241817,3159.1255696614585,2.823878305057031
2460345.9812686313,3160.2311197916665,2.824171422359147
2460345.988213081,3167.087890625,2.8272858233331823
2460345.9951575305,3169.1837565104165,2.8280647340467078
2460346.00210198,3167.505859375,2.82711323004177
2460346.0090464302,3170.4168294270835,2.8282460555980276
2460346.01599088,3170.9077962239585,2.828979870075957
2460346.0229353295,3174.45068359375,2.8326222257317077
2460346.02987978,3171.5843098958335,2.8306753292021525
2460346.03682423,3179.9913736979165,2.8337105754718857
2460346.04376868,3174.0170084635415,2.8293540205155163
2460346.05071313,3172.3067220052085,2.8295221901180514
2460346.057657581,3182.1180826822915,2.834234918790403
2460346.064602031,3179.0904947916665,2.832408759027682
2460346.071546482,3175.8785807291665,2.8304009151635268
2460346.078490932,3174.306884765625,2.8298360627326757
2460346.0854353826,3171.6158040364585,2.8296989252625036
2460346.092379833,3168.0438639322915,2.827707901148518
2460346.099324284,3163.61767578125,2.827085965715508
2460346.1062687347,3154.5636393229165,2.8227360516166597
2460346.1132131857,3145.6040852864585,2.820638299182681
2460346.1201576367,3143.9878743489585,2.818072122029982
2460346.1271020877,3136.2685546875,2.8180936388883917
2460346.1340465387,3128.0948893229165,2.8132106102427152
2460346.1409909897,3115.5120442708335,2.8106727171370713
2460346.1479354408,3115.2815755208335,2.807042665998393
2460346.1548798922,3104.9324544270835,2.802501341728742
2460346.1618243437,3097.683837890625,2.799544290322397
2460346.1687687947,3089.2340494791665,2.7990161722054903
2460346.39214868,3065.33154296875,3.4154887686420996
2460346.3979357244,3058.15234375,2.78660399381733
2460346.4048801786,3051.6454264322915,2.7818020456290316
2460346.4118246324,3054.189453125,2.7839156159806655
2460346.4187690862,3046.0891927083335,2.779876204782649
2460346.4257135405,3043.3302408854165,2.7785195124862287
2460346.4326579943,3039.918701171875,2.777229784392247
2460346.439602448,3042.7105305989585,2.777663784127315
2460346.4465469024,3044.04345703125,2.777963854415304
2460346.4534913567,3044.8594563802085,2.7785027813011873
2460346.460435811,3042.6532389322915,2.778325752698542
2460346.4673802652,3046.5467936197915,2.779954995600852
2460346.47432472,3046.8524576822915,2.7839096587063747
2460346.4812691743,3054.6035970052085,2.7828992699874235
2460346.488213629,3052.5061848958335,2.782711632484308
2460346.4951580837,3058.7128092447915,2.78494154830504
2460346.5021025385,3063.671875,2.788073463267599
2460346.509046993,3069.7620442708335,2.7893658507312247
2460346.515991448,3069.9396158854165,2.7890001287658386
2460346.522935903,3068.0493977864585,2.791455324172994
2460346.529880358,3072.7374674479165,2.790633680315624
2460346.536824813,3075.8223470052085,2.7946487765307597
2460346.543769268,3079.4029947916665,2.7948441872738967
2460346.5507137235,3077.4462076822915,2.7944348285530576
2460346.5576581787,3076.7559407552085,2.791893939373397
2460346.5646026344,3078.913818359375,2.792700257340702
2460346.5715470896,3079.6214192708335,2.793473175933506
2460346.578491545,3083.14208984375,2.7947962001264544
2460346.585436001,3080.6419270833335,2.7947159855664467
2460346.5923804566,3075.1285807291665,2.7919288492782326
2460346.5993249123,3072.50048828125,2.7905469099309417
2460346.6062693675,3072.7943522135415,2.789633230336849
2460346.613213824,3071.1298828125,2.788831985294578
2460346.62015828,3070.1923828125,2.7894765066707623
2460346.627102736,3059.4383138020835,2.784360592229973
2460346.634047192,3060.5992024739585,2.7866455548093465
2460346.6409916477,3057.00244140625,2.785054898622399
2460346.6479361043,3060.8089192708335,2.7844777358337374
2460346.6548805605,3055.374755859375,2.7862424313136924
2460346.6618250166,3054.8377278645835,2.7831986397213324
2460346.668769473,3058.7415364583335,2.7850739434581118
2460346.6757139303,3058.2974446614585,2.7839665469335166
2460346.682658386,3054.5064290364585,2.7851507341296036
2460346.689602843,3057.0831705729165,2.7854437897950937
2460346.6965472996,3054.4877115885415,2.7827129546691363
2460346.7034917567,3057.3243815104165,2.7857900752342175
2460346.7104362133,3056.7068684895835,2.784572014979919
2460346.7173806704,3055.6555989583335,2.7835902584072323
2460346.7243251274,3055.9630533854165,2.784066638453874
2460346.7312695845,3062.31982421875,2.786955190560837
2460346.7382140416,3057.5999348958335,2.784710717936495
2460346.7451584986,3060.4803059895835,2.7853118017086462
2460346.7521029557,3057.1853841145835,2.7859080469282467
2460346.7590474132,3061.2852376302085,2.7898422450230185
2460346.765991871,3052.6946614583335,2.7839358802795005
2460346.7729363283,3051.9599609375,2.7823628059855037
2460346.779880786,3057.116455078125,2.785175834679974
2460346.7868252434,3053.026123046875,2.781770737042576
2460346.793769701,3050.2188313802085,2.7803190103465667
2460346.800714159,3050.9463704427085,2.7804718739975676
2460346.8076586165,3044.816650390625,2.7797100746018537
2460346.814603075,3038.133056640625,2.778109578514234
2460346.8215475325,3031.3096516927085,2.7726638984627456
2460346.828491991,3029.8006184895835,2.772534992739636
2460346.835436449,3020.9235026041665,2.7678661918711156
2460346.842380907,3018.5067545572915,2.767492726934211
2460346.849325366,3003.9404296875,2.7611265423784452
2460346.856269824,3001.8610026041665,2.7607457215607596
2460346.8632142823,2995.7699381510415,2.757771328296958
2460346.870158741,2992.1294759114585,2.757596277387277
2460346.8771031997,2987.60986328125,2.755673630260158
2460346.8840476577,2985.8619791666665,2.7532827447186974
2460346.8909921166,2982.1283365885415,2.7523072931677177
2460346.8979365756,2977.4923502604165,2.749846563381915
2460346.904881034,2974.1858723958335,2.750853831847241
2460346.9118254934,2977.20556640625,2.750068257077961
2460346.9187699524,2973.7750651041665,2.7488178753368033
2460346.9257144113,2973.1103515625,2.7489805813157067
2460346.9326588702,2971.5056966145835,2.7476641224808014
2460346.939603329,2966.74560546875,2.7469152196961466
2460346.946547789,2976.1156412760415,2.7526768725054303
2460346.953492248,2979.5358072916665,2.751709477500858
2460346.960436708,2977.7263997395835,2.7503257122066223
2460346.9673811668,2979.9351399739585,2.751094787842307
2460346.9743256266,2985.5735677083335,2.7536480055524954
2460346.9812700865,2985.9462076822915,2.7536844047555964
2460346.988214546,2992.97412109375,2.755843714206193
2460346.9951590057,2993.7632649739585,2.7586510381161307
2460347.0021034656,2996.6083984375,2.7574502955165126
2460347.0090479255,3006.73486328125,2.7616582056149412
2460347.0159923853,3000.8226725260415,2.760055384866872
2460347.0229368457,3010.2932942708335,2.764875992650404
2460347.0298813055,3012.6796875,2.7641560980762256
2460347.036825766,3013.3086751302085,2.764841067418871
2460347.043770226,3015.69384765625,2.7680014649011464
2460347.0507146865,3010.197998046875,2.763909825625788
2460347.057659147,3003.289306640625,2.7625680223576325
2460347.0646036076,3010.3868815104165,2.7669608989535983
2460347.0715480684,3006.4088541666665,2.7612465842753253
2460347.0784925283,3005.5568033854165,2.7635353593682397
2460347.085436989,3007.3448893229165,2.764558222891828
2460347.09238145,3008.6162109375,2.762625678670284
2460347.0993259107,3005.291259765625,2.7636650786227848
2460347.1062703715,3006.6818033854165,2.760931171889266
2460347.1132148323,2996.0281575520835,2.758314114683317
2460347.120159294,2995.6270345052085,2.7570007664094676
2460347.127103755,2989.7906087239585,2.7562996384325604
2460347.1340482165,2988.0042317708335,2.7547265308329396
2460347.1409926773,2974.8304036458335,2.749695753545593
2460347.147937139,2979.2435709635415,2.7510717595934238
2460347.1548816003,2969.2789713541665,2.750134510830486
2460347.1618260616,2964.5711263020835,2.746975235379775
2460347.1687705237,2954.6560872395835,2.741373072505121
2460347.175714985,2953.4156901041665,2.742135608394929
2460347.182659447,2951.9708658854165,2.7393614722646706
2460347.1896039085,2944.9349772135415,2.737987276936464
2460347.1965483706,2944.8089192708335,2.7367570776799184
2460347.2034928324,2940.5370279947915,2.7367442373120703
2460347.2104372946,2937.5948079427085,2.7349370122363426
2460347.2173817568,2939.4899088541665,2.7351478514232035
2460347.2243262185,2937.8421223958335,2.735743978711008
2460347.2312706807,2942.7732747395835,2.7365049251944593
2460347.2382151433,2946.85791015625,2.7385460088001667
2460347.2451596055,2944.7410481770835,2.7372540731981565
2460347.252104068,2953.2582194010415,2.741266244505917
2460347.259048531,2960.2237141927085,2.7433307733424157
2460347.265992993,2961.8946940104165,2.747902939507142
2460347.2729374557,2970.0418294270835,2.747582127922047
2460347.279881919,2975.2036946614585,2.7509472454184034
2460347.2868263815,2981.9534505208335,2.752163250614862
2460347.293770844,2987.788330078125,2.7557679493322307
2460347.3007153072,2993.5938313802085,2.7559741854690967
2460347.3076597704,2994.8321940104165,2.758065056699998
2460347.3146042335,2991.5052083333335,2.7559340422166763
2460347.3215486966,3001.6817220052085,2.7605340337704782
2460347.3284931597,3003.0361328125,2.7613483048946783
2460347.3354376233,3001.8958333333335,2.759742174619793
2460347.3423820864,2997.1463216145835,2.7579990708378657
2460347.34932655,2992.1371256510415,2.7582557775291594
2460347.3562710136,2990.4462076822915,2.7566154280619126
2460347.363215477,2991.657470703125,2.7553758369889128
2460347.370159941,2979.6605631510415,2.750929955703555
2460347.377104405,2972.3824869791665,2.7480696750105547
2460347.3840488684,2965.702880859375,2.7455164146172852
2460347.3909933325,2957.4793294270835,2.743474853456796
2460347.3979377965,2951.48974609375,2.7405087536759916
2460347.4048822606,2951.2882486979165,2.7427351494412004
2460347.411826724,2951.05224609375,2.7423662514266627
2460347.4187711887,2937.6442057291665,2.736116703758461
2460347.4257156528,2939.8614908854165,2.7367890228775877
2460347.4326601173,2940.0870768229165,2.7362174431257813
2460347.439604582,2936.5245768229165,2.7338806216210805
2460347.4465490463,2934.1389973958335,2.733927540644761
2460347.453493511,2936.8599446614585,2.733275159030686
2460347.4604379754,2940.4009602864585,2.737001407708106
2460347.4673824403,2937.583740234375,2.7341481551393336
2460347.474326905,2937.119384765625,2.7362104408631214
2460347.48127137,2942.04345703125,2.736298993904734
2460347.4882158344,2949.210205078125,2.739127600578259
2460347.4951603,2955.8077799479165,2.742336749920359
2460347.502104765,2953.4344889322915,2.7418128502559713
2460347.50904923,2955.15185546875,2.741114516472411
2460347.5159936952,2961.7819010416665,2.7439087935594273
2460347.52293816,2968.693359375,2.7473329025879827
2460347.5298826257,2967.7726236979165,2.746168849136675
2460347.536827091,2975.0475260416665,2.749115943231704
2460347.543771557,2972.4397786458335,2.7511311609726117
2460347.5507160225,2976.6455078125,2.752669154655438
2460347.557660488,2976.5668131510415,2.7511118406703248
2460347.564604954,2973.552734375,2.7492087370110028
2460347.5715494193,2970.8125813802085,2.750452746862536
2460347.578493885,2967.6720377604165,2.750799418894582
2460347.5854383516,2963.8338216145835,2.7467728220189045
2460347.5923828175,2960.767578125,2.742992158618632
2460347.5993272834,2958.6874186197915,2.7443772317816957
2460347.60627175,2953.58544921875,2.7405127661288486
2460347.6132162157,2945.525390625,2.7370710500521067
2460347.620160682,2939.737548828125,2.7344811591209823
2460347.6271051485,2939.6510416666665,2.7349280657667365
2460347.634049615,2928.4315592447915,2.729651409834869
2460347.6409940817,2927.4868977864585,2.730750570214654
2460347.647938548,2926.117919921875,2.7301945979080564
2460347.6548830145,2919.7792154947915,2.7278940849979385
2460347.661827482,2921.8434244791665,2.7274520405706526
2460347.6687719487,2920.4481608072915,2.7268365946150865
2460347.6757164155,2916.385009765625,2.7269311172097184
2460347.6826608824,2920.044189453125,2.727190944954175
2460347.6896053497,2922.5086263020835,2.727514219160127
2460347.6965498165,2919.8258463541665,2.7292807496022546
2460347.7034942843,2921.0594889322915,2.7269703708155077
2460347.710438751,2922.48486328125,2.7277254788179257
2460347.717383219,2927.5439453125,2.73137300559028
2460347.724327686,2924.2589518229165,2.7299475813126772
2460347.7312721536,2928.0130208333335,2.731600992213328
2460347.7382166213,2922.3646647135415,2.728476135523581
2460347.7451610886,2925.4567057291665,2.729114047262982
2460347.7521055564,2931.4493815104165,2.7318223135352837
2460347.7590500247,2922.4615885416665,2.730782890283933
2460347.7659944925,2928.4237467447915,2.7298806010376038
2460347.77293896,2923.580322265625,2.7291376805493743
2460347.7798834285,2928.0596516927085,2.7310787350858097
2460347.7868278963,2924.217529296875,2.7291659626072367
2460347.7937723645,2920.585205078125,2.7283371280654536
2460347.8007168327,2919.0619303385415,2.7266103577103187
2460347.807661301,2919.9462076822915,2.7283735152223567
2460347.8146057697,2918.9423014322915,2.7279600616497266
2460347.821550238,2911.5743001302085,2.7251053896644444
2460347.8284947067,2910.7373046875,2.723474745698974
2460347.8354391754,2897.6722005208335,2.7188355474138404
2460347.8423836436,2894.37451171875,2.7159469040834323
2460347.849328113,2885.862060546875,2.7138790515192226
2460347.8562725815,2885.3988444010415,2.712058251921512
2460347.86321705,2882.1983235677085,2.711267092732829
2460347.87016152,2869.4248860677085,2.7056767305592344
2460347.8771059886,2863.4231770833335,2.702809932054832
2460347.884050458,2859.5454915364585,2.701774769816834
2460347.890994927,2858.46240234375,2.7013005538382
2460347.8979393966,2855.8589680989585,2.701417181908155
2460347.9048838657,2853.5454915364585,2.698128841706104
2460347.911828335,2853.5079752604165,2.697871293002223
2460347.918772805,2853.3474934895835,2.698385527846433
2460347.925717274,2848.11181640625,2.695378451425295
2460347.932661744,2848.72119140625,2.6971149610292855
2460347.939606214,2847.1350911458335,2.697016761567094
2460347.9465506836,2848.3211263020835,2.695961449193311
2460347.9534951537,2850.0987955729165,2.6955827319174577
2460347.960439624,2852.4994303385415,2.6978819306564468
2460347.967384094,2851.41259765625,2.697173348072033
2460347.974328564,2849.1763509114585,2.696535882297667
2460347.981273034,2853.2044270833335,2.6980831586469165
2460347.988217504,2856.3802083333335,2.6986284255539528
2460347.9951619743,2860.497314453125,2.702208843696496
2460348.002106445,2860.4156901041665,2.7015363931717555
2460348.0090509155,2861.5558268229165,2.7036405720434264
2460348.015995386,2861.9398600260415,2.7014987410839617
2460348.0229398566,2862.7910970052085,2.7038935608325296
2460348.029884327,2871.2511393229165,2.7064942808803742
2460348.0368287982,2871.3701171875,2.707772542569772
2460348.043773269,2870.3848470052085,2.7059576871199114
2460348.05071774,2866.3507486979165,2.7052027262859824
2460348.057662211,2865.4427897135415,2.706298368889781
2460348.064606682,2867.2538248697915,2.7038202494296684
2460348.0715511534,2867.3956705729165,2.704425275596307
2460348.078495625,2864.4441731770835,2.702537115911674
2460348.085440096,2870.5259602864585,2.7055051870768847
2460348.092384567,2866.14453125,2.703610299617825
2460348.099329039,2863.6133626302085,2.702267961368556
2460348.10627351,2874.5320638020835,2.70815539250312
2460348.113217982,2859.373046875,2.702602114014917
2460348.1201624535,2866.0213216145835,2.706044986425487
2460348.1271069255,2863.2208658854165,2.703080729118535
2460348.134051397,2865.2042643229165,2.703260749508338
2460348.1409958694,2858.41796875,2.702155894991284
2460348.1479403414,2854.0048014322915,2.699939442269047
2460348.1548848134,2855.450439453125,2.6990220884476677
2460348.161829286,2853.6656901041665,2.6982303185994243
2460348.1687737578,2844.226318359375,2.694390484123223
2460348.175718229,2840.607421875,2.6926539438115675
2460348.182662698,2834.8841145833335,2.6901841013450523
2460348.18960717,2831.7909342447915,2.6898173102318332
2460348.196551643,2832.45654296875,2.6902926326362735
2460348.2034961153,2826.580322265625,2.686995178685548
2460348.2104405877,2824.6514485677085,2.6863103470927396
2460348.217385061,2822.0196126302085,2.6849165846126746
2460348.2243295335,2823.7859700520835,2.685905341271902
2460348.231274007,2823.0211588541665,2.685330815880181
2460348.23821848,2828.6834309895835,2.6881945205508475
2460348.245162953,2826.9798990885415,2.689474587395413
2460348.252107426,2832.8575032552085,2.6902403928963188
2460348.259051899,2837.1766764322915,2.6908420475895922
2460348.265996373,2838.3496907552085,2.693520223497568
2460348.272940846,2842.2451171875,2.6949114920294917
2460348.2798853195,2840.098388671875,2.6957393617600443
2460348.2868297934,2847.825927734375,2.6961974258123393
2460348.2937742667,2852.1897786458335,2.699621755196881
2460348.3007187406,2850.96728515625,2.696969883299944
2460348.307663214,2857.4679361979165,2.700629725954567
2460348.3146076878,2850.16259765625,2.6967649563559406
2460348.321552162,2854.7368977864585,2.6997509852723858
2460348.328496636,2855.767578125,2.7009715132782564
2460348.33544111,2848.3543294270835,2.6965554287306843
2460348.342385584,2851.6359049479165,2.697468574329814
2460348.3493300583,2851.134033203125,2.698852131694348
2460348.3562745326,2844.6153157552085,2.6946260742031765
2460348.3632190074,2840.151611328125,2.69195044250492
2460348.3701634817,2838.25634765625,2.6946310156331674
2460348.377107956,2831.89697265625,2.69065469522266
2460348.3840524307,2827.5773111979165,2.688097016629831
2460348.390996905,2818.287841796875,2.684721551201036
2460348.3979413803,2819.9034016927085,2.6859028652564896
2460348.404885855,2811.6494140625,2.6807481693656148
2460348.41183033,2809.2703450520835,2.6837522995111134
2460348.4187748055,2806.1626790364585,2.6796694667082073
2460348.4257192803,2800.5144856770835,2.6763620105922445
2460348.4326637555,2798.9964192708335,2.6767498500917344
2460348.4396082307,2797.8716634114585,2.6783082830593323
2460348.4465527064,2799.9771321614585,2.6782169257875754
2460348.453497181,2799.8990071614585,2.676922004534777
2460348.460441657,2806.5782877604165,2.6798129753006177
2460348.467386132,2807.8196614583335,2.6791304445145347
2460348.4743306083,2814.1431477864585,2.682487134109582
2460348.4812750835,2811.9442545572915,2.6812440399459185
2460348.4882195597,2809.1263834635415,2.6801919849739897
2460348.4951640354,2813.150634765625,2.684005074249846
2460348.502108511,2818.1810709635415,2.6839295966016317
2460348.5090529867,2824.2586263020835,2.6882881023033307
2460348.5159974634,2820.808349609375,2.6846000891607837
2460348.5229419395,2824.5172526041665,2.685463884441637
2460348.5298864157,2820.90673828125,2.6844865763964627
2460348.536830892,2819.6011555989585,2.68498068420527
2460348.5437753685,2823.993408203125,2.6867687688927124
2460348.5507198446,2822.158447265625,2.6864151087029113
2460348.5576643213,2818.8407389322915,2.684183102796142
2460348.564608798,2816.3267415364585,2.6827451881334436
2460348.5715532745,2811.4689127604165,2.6828811633874046
2460348.5784977516,2809.2618001302085,2.680343701360748
2460348.5854422282,2802.1336263020835,2.6782082931358846
2460348.5923867053,2800.882568359375,2.6756791135578535
2460348.599331182,2794.162109375,2.6748354296472736
2460348.6062756595,2791.5227864583335,2.672907063494019
2460348.613220136,2784.413330078125,2.670166255038524
2460348.6201646137,2785.8548990885415,2.670437619495992
2460348.6271090913,2783.6551106770835,2.6695783849835055
2460348.634053569,2781.3611653645835,2.6693426487639016
2460348.6409980464,2777.6978352864585,2.6678717648639645
2460348.647942524,2783.396240234375,2.668711857042032
2460348.6548870015,2787.074951171875,2.6704711041038576
2460348.661831479,2776.1014811197915,2.6672098422847434
2460348.6687759566,2783.3916015625,2.67028660028843
2460348.6757204346,2783.617919921875,2.670003405143916
2460348.6826649127,2784.7767740885415,2.6697363196781883
2460348.68960939,2783.0029296875,2.6708779816531734
2460348.6965538687,2787.6241861979165,2.672079833947963
2460348.703498347,2786.173828125,2.6707657552541284
2460348.7104428248,2794.1371256510415,2.673829985586282
2460348.7173873037,2793.2874348958335,2.67340579656476
2460348.7243317817,2791.422607421875,2.672643846167888
2460348.7312762607,2791.3794759114585,2.6741232738686542
2460348.7382207387,2788.47802734375,2.6716678538152134
2460348.7451652177,2793.3384602864585,2.673111216438135
2460348.7521096966,2790.2692057291665,2.674592899631697
2460348.759054175,2782.0355631510415,2.668597792308939
2460348.765998654,2782.9855143229165,2.669846621501554
2460348.7729431335,2779.6575520833335,2.6675023031874496
2460348.7798876124,2773.3998209635415,2.6650002735141203
2460348.7868320914,2769.8905436197915,2.6652979272136545
2460348.793776571,2765.4519856770835,2.6620070132501343
2460348.80072105,2764.4093424479165,2.6617494218471713
2460348.807665529,2756.5493977864585,2.6576171620428304
2460348.8146100086,2754.1202799479165,2.6582883320233766
2460348.8215544885,2745.5771484375,2.653809329914089
2460348.828498968,2741.6648763020835,2.652038226710774
2460348.835443448,2737.4178873697915,2.6491940757716246
2460348.842387927,2733.2657063802085,2.6472519760735866
2460348.849332407,2735.1971028645835,2.6481818356995874
2460348.856276887,2733.9649251302085,2.6481726285027025
2460348.8632213674,2730.5367024739585,2.646463228488045
2460348.8701658472,2728.6995442708335,2.645274917195381
2460348.8771103276,2731.118896484375,2.6478726508873502
2460348.8840548075,2726.7008463541665,2.6470439040654803
2460348.890999288,2725.361572265625,2.644017156655232
2460348.897943768,2721.833984375,2.6425521546865847
2460348.9048882495,2723.53564453125,2.644130637762817
2460348.9118327294,2723.0376790364585,2.6433574738390724
2460348.91877721,2722.670654296875,2.643529799897708
2460348.925721691,2724.6212565104165,2.6454293986779045
2460348.932666172,2723.79833984375,2.6438646153333774
2460348.9396106526,2726.1436360677085,2.645894674800721
2460348.9465551334,2726.2368977864585,2.64596587992285
2460348.9534996147,2727.4453125,2.647043967625327
2460348.960444096,2723.5328776041665,2.644021669021486
2460348.9673885773,2721.6236979166665,2.6423369449501437
2460348.9743330586,2723.1265462239585,2.644154455416984
2460348.9812775394,2725.3436686197915,2.6453296922452774
2460348.988222021,2726.7508138020835,2.6455246156136876
2460348.9951665024,2718.61376953125,2.641745221741146
2460349.002110984,2717.733642578125,2.6408591005351894
2460349.009055466,2714.87890625,2.639614961169368
2460349.015999947,2721.7318522135415,2.64366606265179
2460349.0229444294,2720.65576171875,2.643893103578447
2460349.029888911,2716.1874186197915,2.6410744717889716
2460349.036833393,2713.324462890625,2.640441829669195
2460349.043777875,2708.883544921875,2.6399842047124387
2460349.0507223574,2706.6905924479165,2.636611878668982
2460349.0576668396,2708.6083170572915,2.6362920048716343
2460349.064611322,2704.5030924479165,2.6361939009720987
2460349.0715558045,2708.40283203125,2.6386356765277683
2460349.078500287,2707.4589029947915,2.635781620002415
2460349.0854447694,2705.914794921875,2.636466447330257
2460349.092389252,2706.0899251302085,2.6355322704962334
2460349.0993337347,2704.9978841145835,2.63500693923423
2460349.106278218,2706.2984212239585,2.6346394652483824
2460349.1132227,2706.70849609375,2.637116015940446
2460349.120167183,2704.8599446614585,2.634789644798192
2460349.1271116664,2707.6040852864585,2.6383659680550084
2460349.1340561495,2709.4254557291665,2.6369363684041436
2460349.1410006327,2706.9524739583335,2.6360621421001933
2460349.147945116,2702.7738444010415,2.634833466070445
2460349.154889599,2704.271728515625,2.634875680620612
2460349.161834083,2700.6788736979165,2.634202391990431
2460349.1687785666,2698.0127766927085,2.6332517460023204
2460349.1757230503,2691.539306640625,2.629880794871704
2460349.1826675334,2692.7452799479165,2.629606173856536
2460349.1896120175,2687.5050455729165,2.627432962383886
2460349.196556501,2684.7163899739585,2.6285157001913233
2460349.203500985,2687.7736002604165,2.6281579497240455
2460349.2104454692,2684.7354329427085,2.6298093579876953
2460349.2173899533,2682.1775716145835,2.6242906876640735
2460349.2243344374,2678.995849609375,2.6240202849062846
2460349.231278922,2680.4783528645835,2.6246199303747058
2460349.238223406,2680.9366048177085,2.6262106906971927
2460349.2451678906,2676.1026204427085,2.6250588263029084
2460349.2521123756,2680.958984375,2.6272611556542
2460349.2590568596,2688.1707356770835,2.6279287903195656
2460349.266001344,2688.0728352864585,2.6276519817225528
2460349.272945829,2688.2736002604165,2.6294791980580383
2460349.2798903137,2689.1617024739585,2.6296663824211697
2460349.2868347988,2692.2721354166665,2.6298514487416607
2460349.2937792838,2695.5750325520835,2.6319917886774644
2460349.300723769,2694.36572265625,2.6315096766825152
2460349.307668254,2695.626220703125,2.633762690894519
2460349.3146127393,2693.7669270833335,2.629957019670132
2460349.3215572247,2697.8944498697915,2.6319714369597547
2460349.32850171,2698.108154296875,2.6322689383052613
2460349.3354461957,2693.1341959635415,2.6314094248980333
2460349.3423906807,2692.6698404947915,2.629746839102378
2460349.349335167,2689.3326009114585,2.6281880923082044
2460349.356279652,2687.112060546875,2.6277714324101202
2460349.363224138,2684.54248046875,2.626304161367313
2460349.370168624,2683.36279296875,2.6255734981971854
2460349.3771131104,2679.6548665364585,2.624568015011762
2460349.3840575963,2681.0400390625,2.624439473480859
2460349.3910020827,2673.463134765625,2.6217906825223998
2460349.397946568,2672.5743001302085,2.6219261069058084
2460349.4048910546,2670.5785319010415,2.6203672601032975
2460349.4118355415,2662.7801106770835,2.6188658238925195
2460349.4187800274,2663.9913736979165,2.618948989954291
2460349.4257245143,2665.0786946614585,2.6192175947274605
2460349.4326690007,2661.242431640625,2.6167291072027683
2460349.4396134876,2662.9261881510415,2.617944332676895
2460349.4465579744,2661.821044921875,2.617910439350815
2460349.4535024613,2659.5472819010415,2.6173450901310202
2460349.460446948,2661.7716471354165,2.6158962181924896
2460349.4673914355,2664.6791178385415,2.619488987730554
2460349.4743359224,2664.9629720052085,2.6193582796902937
2460349.4812804093,2667.06884765625,2.6200698907634035
2460349.488224897,2674.96923828125,2.622829964330109
2460349.495169384,2673.42138671875,2.6222472621219266
2460349.5021138717,2671.91064453125,2.6227261729970004
2460349.509058359,2673.503173828125,2.62308019681253
2460349.516002847,2675.1217447916665,2.6231240876480637
2460349.5229473347,2673.2600911458335,2.622541851840567
2460349.529891822,2672.2124837239585,2.6205458340273746
2460349.5368363103,2672.3163248697915,2.6212292615364063
2460349.543780798,2671.0572916666665,2.623334283631141
2460349.5507252864,2661.9231770833335,2.617711057672744
2460349.557669774,2661.8773600260415,2.6168668256477807
2460349.5646142624,2662.0353190104165,2.618923933025164
2460349.5715587507,2656.2749837239585,2.614615734151316
2460349.5785032394,2654.9159342447915,2.614914138641749
2460349.5854477272,2653.2306315104165,2.612935602303188
2460349.592392216,2645.9912923177085,2.610849945503818
2460349.5993367047,2642.5816243489585,2.608926987585263
2460349.6062811934,2645.8129069010415,2.6101612975323136
2460349.613225682,2643.4160970052085,2.609072900307012
2460349.620170171,2633.9622395833335,2.604315508480599
2460349.6271146596,2636.7847493489585,2.6067953484362625
2460349.6340591493,2639.0584309895835,2.6071471880165715
2460349.6410036385,2627.0977376302085,2.6025325283732346
2460349.6479481272,2632.8604329427085,2.604580941549491
2460349.6548926164,2633.5550944010415,2.6049919853971013
2460349.661837106,2631.4895833333335,2.603399779028713
2460349.6687815953,2635.8185221354165,2.6055903681508057
2460349.675726085,2628.794921875,2.605528305637586
2460349.6826705746,2638.7342936197915,2.6075240427022743
2460349.6896150643,2639.5752766927085,2.6077033132260934
2460349.696559554,2636.1138509114585,2.605835765773942
2460349.703504044,2637.9278157552085,2.606308725383759
2460349.7104485338,2637.1598307291665,2.607067389488385
2460349.717393024,2639.4562174479165,2.60716637133306
2460349.7243375145,2636.2584635416665,2.6058340446002144
2460349.731282004,2637.0428059895835,2.607198696993764
2460349.7382264948,2634.179443359375,2.607047148620458
2460349.745170985,2633.6035970052085,2.604279327084496
2460349.7521154755,2632.0824381510415,2.606332208482328
2460349.759059966,2626.6947428385415,2.602055935829415
2460349.7660044567,2628.7145182291665,2.604511402828167
2460349.7729489473,2623.8019205729165,2.600091971071969
2460349.7798934383,2621.8767903645835,2.601502715505274
2460349.7868379294,2613.5004069010415,2.596896472785191
2460349.79378242,2616.905029296875,2.5984786475352304
2460349.800726911,2608.726806640625,2.5951426538516302
2460349.807671402,2611.4580891927085,2.595263162573728
2460349.8146158936,2602.5463053385415,2.591395727739035
2460349.8215603847,2601.7167154947915,2.5905606180229954
2460349.8285048762,2599.8189290364585,2.5908652846928923
2460349.8354493678,2599.5775553385415,2.5897872894755056
2460349.8423938593,2597.726318359375,2.5896895849840917
2460349.849338351,2596.4839680989585,2.5899228564353396
2460349.856282843,2597.9361165364585,2.5893815335252213
2460349.8632273343,2597.4676106770835,2.5914934413492645
2460349.8701718263,2595.4680989583335,2.5881123864660633
2460349.8771163183,2590.0321451822915,2.5870528163642956
2460349.884060811,2588.108154296875,2.586415718390248
2460349.8910053023,2591.222412109375,2.59007170423172
2460349.897949795,2593.4881998697915,2.590353810830066
2460349.904894287,2592.9055989583335,2.5870302702371437
2460349.9118387797,2584.7008463541665,2.583953428478737
2460349.918783272,2585.2149251302085,2.583625821190419
2460349.9257277646,2585.1693522135415,2.584119167783537
2460349.932672257,2586.9916178385415,2.5854326683098625
2460349.9396167495,2586.5859375,2.584905935189649
2460349.946561243,2582.9937337239585,2.583030769160283
2460349.953505736,2579.70556640625,2.584301198022459
2460349.960450229,2579.4970703125,2.5839923328758894
2460349.9673947203,2579.104736328125,2.5819751593098617
2460349.974339211,2580.082275390625,2.5829731344467617
2460349.9812837043,2579.9644368489585,2.58049058997774
2460349.9882281977,2581.646728515625,2.582908600282028
2460349.995172691,2578.61767578125,2.58193905110588
2460350.0021171845,2573.6957194010415,2.5790909588931865
2460350.0090616783,2574.6879069010415,2.5795645001921788
2460350.016006172,2568.85205078125,2.576545696420703
2460350.0229506656,2569.8956705729165,2.577105859027525
2460350.02989516,2563.7625325520835,2.57393127801697
2460350.0368396533,2565.7725423177085,2.5777603225584644
2460350.0437841476,2563.752685546875,2.5753928498514
2460350.0507286415,2558.991943359375,2.574633579712929
2460350.057673136,2563.7857259114585,2.574117541521742
2460350.06461763,2561.0665690104165,2.5750905654380825
2460350.0715621244,2566.84033203125,2.5760947519511306
2460350.078506619,2559.1898600260415,2.5718574308640147
2460350.0854511135,2562.6881510416665,2.57560399361959
2460350.092395608,2566.0771484375,2.5772127762192683
2460350.099340103,2561.4077962239585,2.5731995818339946
2460350.106284598,2559.2618815104165,2.5718854585963937
2460350.1132290927,2555.569580078125,2.569947017436316
2460350.120173588,2557.8660481770835,2.570772370074278
2460350.1271180827,2555.8849283854165,2.5710663954818154
2460350.1340625775,2554.8207194010415,2.5704968994124626
2460350.139849657,2557.6309814453125,3.151511732202138
2460350.145636737,2553.7328287760415,2.5696376425994463
2460350.152581232,2554.7242024739585,2.5709445171304846
2460350.159525728,2553.6493326822915,2.5693248323065014
2460350.166470223,2545.954833984375,2.5656936487939914
2460350.173414719,2549.5590006510415,2.572503160240238
2460350.1803592145,2543.6630859375,2.5659608738882693
2460350.1873037107,2543.474609375,2.5651895221347942
2460350.1942482064,2538.202392578125,2.563128985945196
2460350.201192702,2536.7185872395835,2.5631559918508513
2460350.2081371984,2537.4076334635415,2.5619038797523683
2460350.2150816945,2531.779052734375,2.559711947438507
2460350.2220261907,2531.9077962239585,2.559536584369962
2460350.2289706874,2531.2569173177085,2.559725723013621
2460350.2359151836,2534.0921223958335,2.56067155506925
2460350.24285968,2529.9427897135415,2.5593525732636953
2460350.249804177,2527.918212890625,2.557998192780128
2460350.2567486735,2525.3028971354165,2.558778234182499
2460350.26369317,2526.114501953125,2.5581842027984094
2460350.270637667,2524.935302734375,2.556495727810765
2460350.2775821644,2525.2692057291665,2.5575955270154886
2460350.284526661,2526.7564290364585,2.556827523750576
2460350.2914711586,2521.744384765625,2.5549991347692136
2460350.2984156553,2518.7554524739585,2.554307775648193
2460350.305360153,2519.6626790364585,2.5539343154243572
2460350.3123046504,2523.7047526041665,2.557485143976422
2460350.3192491475,2519.7444661458335,2.558215480545947
2460350.326193645,2517.2447916666665,2.5534843233634743
2460350.333138143,2515.49072265625,2.5525435530784164
2460350.3400826403,2511.1077473958335,2.550979405463729
2460350.3470271383,2514.2825520833335,2.551724161973711
2460350.3539716364,2509.8765462239585,2.552075131778222
2460350.3609161344,2510.0226236979165,2.550277410565826
2460350.3678606325,2506.5713704427085,2.5482646940450198
2460350.3748051305,2506.3719075520835,2.549378388876325
2460350.3817496286,2504.3232421875,2.5468718716988925
2460350.3886941276,2501.3164876302085,2.545434343810067
2460350.3956386256,2499.8614908854165,2.5446246215509354
2460350.4025831246,2496.1285807291665,2.5457768244057175
2460350.409527623,2495.4091796875,2.544851802475669
2460350.4164721216,2497.4589029947915,2.5452429562144703
2460350.4234166206,2491.7017415364585,2.5436840868634456
2460350.4303611196,2491.6171061197915,2.54171270913681
2460350.4373056185,2493.3931477864585,2.5420295202077563
2460350.4442501175,2492.3391927083335,2.543003503806535
2460350.4511946165,2491.6669108072915,2.542006445617374
2460350.458139116,2487.437255859375,2.540989726421372
2460350.4650836154,2492.8761393229165,2.5434657800264806
2460350.4720281144,2492.612060546875,2.5435915448977973
2460350.4789726143,2493.4358723958335,2.5433323248407755
2460350.4859171137,2493.023193359375,2.543048262572943
2460350.492861613,2490.6786295572915,2.541059538597794
2460350.499806113,2492.951171875,2.543029761790722
2460350.506750613,2493.8181966145835,2.5426090452552406
2460350.513695113,2490.9363606770835,2.543613246014567
2460350.5206396133,2490.7710774739585,2.541711335282591
2460350.527584113,2492.5398763020835,2.544431710373916
2460350.5345286136,2495.7794596354165,2.543992415433594
2460350.5414731135,2493.1317545572915,2.544905541256836
2460350.5484176143,2491.9222005208335,2.5435375849227237
2460350.5553621147,2495.86376953125,2.546889952179081
2460350.562306615,2492.9073893229165,2.5422047906061245
2460350.569251116,2491.34228515625,2.542280314567303
2460350.5761956167,2491.4545084635415,2.5422719774623608
2460350.5831401176,2493.906982421875,2.542838107188486
2460350.5900846184,2491.05615234375,2.542276186678125
2460350.5970291197,2488.498291015625,2.5422168308785777
2460350.6039736206,2490.6761881510415,2.5422640073339235
2460350.610918122,2488.1216634114585,2.5421409660191716
2460350.617862623,2485.9340006510415,2.5393987322145093
2460350.624807125,2488.4632975260415,2.542108400951373
2460350.6317516263,2487.3599446614585,2.5414813326956125
2460350.6386961276,2489.21240234375,2.541669464781687
2460350.6456406293,2489.4253743489585,2.540708788966204
2460350.652585131,2490.7172037760415,2.544061567324918
2460350.659529633,2487.2655436197915,2.542062372374444
2460350.6664741347,2492.63134765625,2.5419023771246665
2460350.673418637,2490.5211588541665,2.541980154508568
2460350.680363139,2490.0928548177085,2.540408218811907
2460350.687307641,2496.576416015625,2.5445557683728555
2460350.6942521436,2495.3763834635415,2.5440472705666752
2460350.701196646,2494.05419921875,2.5451781818171977
2460350.708141148,2494.60009765625,2.542980949719876
2460350.7150856513,2492.7725423177085,2.543842446650034
2460350.7220301535,2496.8006184895835,2.5440281145534325
2460350.7289746567,2497.4735514322915,2.546892964282546
2460350.735919159,2496.8243001302085,2.5440229078677947
2460350.742863662,2493.6529134114585,2.542168018220447
2460350.749808165,2497.3929850260415,2.5437397062560074
2460350.756752668,2493.5037434895835,2.5449726449802985
2460350.763697171,2490.10693359375,2.543636504176081
2460350.7706416748,2500.71533203125,2.5459692992216643
2460350.7775861784,2494.7972819010415,2.544738548687259
2460350.784530682,2496.7344563802085,2.5444752414769973
2460350.7914751847,2495.6600748697915,2.5444501032260534
2460350.7984196884,2490.5078125,2.5404899591379526
2460350.805364192,2486.6265462239585,2.539182131274036
2460350.812308696,2492.8008626302085,2.541572204461066
2460350.8192532,2486.3805338541665,2.540242648388166
2460350.826197704,2487.2802734375,2.541349029950134
2460350.8331422084,2489.015380859375,2.541531353506732
2460350.840086712,2492.7569173177085,2.5428493629966815
2460350.8470312166,2491.8685709635415,2.5422324400159577
2460350.853975721,2492.2942708333335,2.5443995059658944
2460350.8609202257,2493.4983723958335,2.542804044707881
2460350.86786473,2492.0979817708335,2.542680637816377
2460350.874809235,2492.9163411458335,2.541909528486151
2460350.8817537394,2495.8667805989585,2.5433860805668895
2460350.888698244,2492.1175130208335,2.5414642662416536
2460350.895642749,2491.895263671875,2.5425923040331706
2460350.902587254,2497.4833984375,2.5447197437109894
2460350.909531759,2493.1319986979165,2.5431600684400855
2460350.916476264,2497.9639485677085,2.5468576326701977
2460350.9234207696,2499.301025390625,2.547113967014449
2460350.930365275,2499.78125,2.5447758158188782
2460350.9373097806,2497.99609375,2.544425555042167
2460350.944254286,2495.8819986979165,2.5453629435217695
2460350.9511987916,2496.9180501302085,2.5455665814385675
2460350.9581432976,2499.8123372395835,2.5473992088712527
2460350.965087803,2494.5503743489585,2.5450558490187514
2460350.972032309,2492.2549641927085,2.543793546181173
2460350.9789768145,2494.0145670572915,2.5420645829251525
2460350.9859213214,2491.4540201822915,2.5415631498320597
2460350.9928658274,2493.0775553385415,2.542399673484716
2460350.999810334,2491.91259765625,2.542019282182619
2460351.0067548403,2496.2416178385415,2.5437833338488236
2460351.013699346,2491.56298828125,2.5418113997458742
2460351.020643853,2489.9727376302085,2.541374653760595
2460351.02758836,2488.5562337239585,2.5418729925252754
2460351.0345328664,2485.5470377604165,2.540191640799969
2460351.0414773733,2489.771728515625,2.5415491025232986
2460351.04842188,2488.7084147135415,2.5431633845217374
2460351.055366387,2491.7376302083335,2.5418624693489478
2460351.062310894,2482.9683430989585,2.5391382465910906
2460351.0692554014,2489.41162109375,2.542454414522409
2460351.0761999087,2490.656494140625,2.5416088258335066
2460351.083144416,2485.3535970052085,2.539201933954622
2460351.0900889235,2493.9213053385415,2.5445211351593504
2460351.0970334313,2490.048583984375,2.5408913443711234
2460351.1039779386,2494.6853841145835,2.547205378860021
2460351.1109224465,2494.3837890625,2.542773222208661
2460351.1178669543,2494.9947916666665,2.542772316653654
2460351.1248114626,2490.1514485677085,2.5415027053401267
2460351.1317559704,2490.733154296875,2.542870522249915
2460351.1387004782,2494.7334798177085,2.5453300914578976
2460351.1456449865,2493.6481119791665,2.542878440282489
2460351.152589495,2493.6996256510415,2.54468494269978
2460351.159534003,2492.33837890625,2.542841421432497
2460351.166478512,2491.5038248697915,2.5417638644030327
2460351.17342302,2492.041015625,2.542520750596593
2460351.180367529,2493.5814615885415,2.5456909174235203
2460351.187312038,2488.8557942708335,2.5407102575461615
2460351.1942565464,2487.5829264322915,2.540859698616799
2460351.2012010557,2486.7950846354165,2.5391866273430534
2460351.2081455644,2483.16162109375,2.5395933280547887
2460351.2150900736,2487.0125325520835,2.5411267977800684
2460351.222034583,2483.5123697916665,2.5413367373263527
2460351.228979092,2487.9222819010415,2.5399328756306665
2460351.235923602,2486.698486328125,2.539418783114582
2460351.242868111,2489.4569498697915,2.5405795805323783
2460351.24981262,2487.4164225260415,2.543766508144699
2460351.2567571304,2488.8302408854165,2.54096118841867
2460351.26370164,2489.271240234375,2.540684485731009
2460351.2706461498,2491.5569661458335,2.541936232064858
2460351.27759066,2496.8933919270835,2.544784363564443
2460351.2845351696,2492.7520345052085,2.542130105793265
2460351.2914796798,2493.1858723958335,2.5419411770105396
2460351.29842419,2490.5087076822915,2.542243334462045
2460351.3053687005,2490.2447102864585,2.5432159235614855
2460351.3123132107,2492.1472981770835,2.5421855746242334
2460351.319257721,2492.2301432291665,2.544531562747878
2460351.326202232,2493.5572916666665,2.5445514571425405
2460351.333146742,2493.9335123697915,2.5441814146060753
2460351.340091253,2493.3221842447915,2.5425315696500177
2460351.347035764,2495.1422526041665,2.5430158393894913
2460351.353980275,2496.767822265625,2.545477468198221
2460351.360924786,2491.0193684895835,2.5421915825429955
2460351.367869297,2491.1005045572915,2.540662009842171
2460351.374813808,2490.363037109375,2.542809401908214
2460351.3817583197,2494.113037109375,2.544030972121959
2460351.3887028308,2492.5769856770835,2.542122779482877
2460351.3956473423,2492.2982584635415,2.5427973635510135
2460351.4025918543,2493.114013671875,2.5439806580737336
2460351.409536366,2500.4515787760415,2.5468305140916336
2460351.4164808774,2496.4888509114585,2.545385534524065
2460351.4234253895,2495.6858723958335,2.543566698348744
2460351.430369901,2496.4860026041665,2.543877880013064
2460351.4373144135,2494.7093098958335,2.544624001381857
2460351.4442589255,2495.630859375,2.544492250395376
2460351.451203438,2492.093505859375,2.54167170962062
2460351.45814795,2495.605224609375,2.544465278419597
2460351.4650924625,2495.4685872395835,2.5449791207396255
2460351.472036975,2496.235107421875,2.5451645225875095
2460351.4789814875,2501.1011555989585,2.5461537710597244
2460351.4859260004,2496.3751627604165,2.5434437690207066
2460351.492870513,2495.4794108072915,2.5429881558910346
2460351.499815026,2497.7123209635415,2.5456063721148925
2460351.506759539,2499.6490885416665,2.5459739580447116
2460351.5137040517,2497.27294921875,2.547222575812326
2460351.5206485647,2499.9639485677085,2.545388672490743
2460351.527593078,2498.2816569010415,2.5443133136118554
2460351.5345375915,2497.7626139322915,2.544279341018881
2460351.541482105,2498.0078125,2.545219508664105
2460351.5484266183,2494.587890625,2.5429568040355286
2460351.5553711317,2491.5357259114585,2.54419109700564
2460351.5623156456,2496.7285970052085,2.5432392768443353
2460351.5692601595,2493.0469563802085,2.5425368731390803
2460351.5762046734,2494.4912923177085,2.543506556429924
2460351.5831491873,2494.568115234375,2.542396536237117
2460351.5900937016,2490.0869140625,2.5410008922339347
2460351.597038215,2489.8553059895835,2.5406184106451124
2460351.6039827294,2485.1559244791665,2.539967178948717
2460351.610927244,2488.5974934895835,2.5405742959422644
2460351.617871758,2482.6573079427085,2.5397234609374992
2460351.624816273,2487.1658528645835,2.5400963424433765
2460351.631760787,2490.6512858072915,2.540753866648244
2460351.638705302,2483.5699055989585,2.5384279828844267
2460351.645649817,2485.4690755208335,2.539720527270151
2460351.6525943317,2490.3546549479165,2.5414049646401895
2460351.6595388465,2483.854736328125,2.5385701295985346
2460351.6664833617,2489.0218912760415,2.5417213573099797
2460351.6734278766,2492.7981770833335,2.5437305889538186
2460351.680372392,2495.6517740885415,2.5469429386017532
2460351.687316907,2494.84521484375,2.543000525366804
2460351.6942614224,2494.820068359375,2.5442682366974747
2460351.7012059377,2493.6599934895835,2.5450022734880178
2460351.7081504534,2498.3754069010415,2.54400466694443
2460351.715094969,2495.1396484375,2.545495943954606
2460351.722039485,2495.81982421875,2.544014613005807
2460351.7289840006,2496.3115234375,2.543902393272112
2460351.7359285164,2495.8942057291665,2.5434914247272826
2460351.7428730326,2491.666259765625,2.5426553410384067
2460351.749817549,2491.0983072916665,2.543432375184104
2460351.7567620645,2495.9069010416665,2.544627814075662
2460351.763706583,2498.6478678385415,2.545743578558182
2460351.7706510997,2492.0716145833335,2.5421814487054095
2460351.7775956155,2489.5304361979165,2.5419187666600647
2460351.784540132,2491.5970052083335,2.54347833712386
2460351.791484649,2486.7676595052085,2.540228150083676
2460351.7984291655,2486.0074055989585,2.5392722988599874
2460351.805373682,2488.68798828125,2.539487841472137
2460351.8123182,2486.3397623697915,2.5390213704638427
2460351.8192627165,2485.4940592447915,2.542611380873057
2460351.8262072336,2485.1539713541665,2.5401146034208604
2460351.8331517507,2488.9083658854165,2.540234260107676
2460351.8400962674,2487.6857096354165,2.5408588044385105
2460351.847040785,2484.019775390625,2.5406771193067055
2460351.8539853026,2489.3118489583335,2.542008068680475
2460351.86092982,2488.9510904947915,2.5401960118188742
2460351.8678743374,2489.5186360677085,2.5410272374019027
2460351.8748188554,2486.7782389322915,2.540439229834279
2460351.881763373,2490.7273763020835,2.541184662838791
2460351.888707891,2486.9306640625,2.5415066300923215
2460351.8956524082,2490.7006022135415,2.54098426008299
2460351.902596927,2492.083740234375,2.542227670888535
2460351.909541445,2491.61279296875,2.5429835543285964
2460351.916485963,2490.988525390625,2.541016158124258
2460351.9234304815,2489.955810546875,2.5405479900195935
2460351.9303749995,2490.5636393229165,2.5417916034482455
2460351.937319518,2490.4420572916665,2.5417205786318537
2460351.9442640366,2488.17529296875,2.542518107114922
2460351.951208555,2488.7109375,2.5401557278435933
2460351.9581530737,2490.7081705729165,2.541342982288756
2460351.9650975927,2484.5220540364585,2.5379458469996865
2460351.972042111,2489.85693359375,2.541145917037705
2460351.97898663,2485.13330078125,2.5404694292976044
2460351.985931149,2487.6644694010415,2.5406828867280447
2460351.992875668,2487.305908203125,2.5406990950336996
2460351.9998201877,2488.0211588541665,2.5406289687379053
2460352.0067647067,2488.56396484375,2.5405385641919342
2460352.013709226,2490.083984375,2.5417904132927838
2460352.020653745,2487.741455078125,2.5417827115581235
2460352.027598265,2481.2835286458335,2.5375294631693204
2460352.0345427846,2483.6817220052085,2.5398181425764093
2460352.041487304,2483.841552734375,2.539743835871118
2460352.0484318244,2489.4120279947915,2.539968351823566
2460352.055376344,2483.2963053385415,2.538636597748931
2460352.062320864,2488.72412109375,2.543114304595113
2460352.0692653838,2494.4644368489585,2.543702482407047
2460352.076209904,2492.399169921875,2.5428282393090367
2460352.0831544246,2493.019287109375,2.543358151087556
2460352.090098944,2491.4366048177085,2.5420541208308163
2460352.0970434644,2495.8422037760415,2.545134211353443
2460352.103987985,2493.4715983072915,2.544489152474649
2460352.110932505,2488.3616536458335,2.540587075597659
2460352.1178770256,2493.6100260416665,2.5447636295961646
2460352.1248215465,2492.1424153645835,2.5423293205611937
2460352.1317660674,2490.702880859375,2.5429799405312594
2460352.1387105878,2486.4584147135415,2.5414109905929174
2460352.145655109,2488.3815104166665,2.540167684129162
2460352.1525996295,2492.1187337239585,2.5422357966345634
2460352.159544151,2494.1853841145835,2.544625380375789
2460352.166488672,2496.8009440104165,2.5436512189556453
2460352.173433193,2489.8881022135415,2.5421541760475916
2460352.1803777143,2489.7764485677085,2.54081014802389
2460352.1873222357,2488.9808756510415,2.540520462973619
2460352.194266757,2480.6373697916665,2.5364738082376554
2460352.2012112783,2488.147705078125,2.5416856516998205
2460352.2081558,2488.0992838541665,2.539780726523229
2460352.2151003215,2491.0059407552085,2.5412789049284803
2460352.2220448437,2487.951416015625,2.542423985824866
2460352.2289893655,2485.92041015625,3.110679784613716
2460352.2359338873,2486.0558268229165,2.5430471710656595
2460352.242878409,2486.973876953125,2.5397468524842255
2460352.249822931,2489.9140625,2.543065276170666
2460352.256767453,2493.0963541666665,2.5424585390485035
2460352.2637119754,2494.1708984375,2.5425237431558414
2460352.2706564977,2491.9293619791665,2.541341231457594
2460352.27760102,2488.5916341145835,2.540765783946149
2460352.284545542,2490.5619303385415,2.542170640210136
2460352.2914900645,2493.7229817708335,2.5432547813368522
2460352.298434587,2493.8818359375,2.541671755060878
2460352.30537911,2490.2608235677085,2.5428323875171173
2460352.312323632,2495.0901692708335,2.543065147193715
2460352.3192681544,2490.0547688802085,2.5408616095019076
2460352.3262126776,2491.4541015625,2.5421669640267504
2460352.333157201,2488.6046549479165,2.540505124985733
2460352.340101723,2495.3053385416665,2.5433248872707686
2460352.3470462468,2492.4825032552085,2.5419115438012203
2460352.3539907695,2490.6731770833335,2.5423988257550465
2460352.360935293,2495.8247884114585,2.5451124112796784
2460352.367879816,2489.690185546875,2.542281402974433
2460352.3748243395,2490.8302408854165,2.543982228800421
2460352.3817688623,2486.4202473958335,2.5401791669952813
2460352.388713386,2483.697509765625,2.538799655945277
2460352.3956579096,2489.4860026041665,2.5427166852788456
2460352.4026024328,2491.7645670572915,2.5425036440508784
2460352.409546957,2488.3321940104165,2.5402884390323686
2460352.4164914805,2484.3177083333335,2.5391617195825207
2460352.423436004,2488.2757161458335,2.5410847728610926
2460352.430380528,2491.886474609375,2.541930150545365
2460352.4373250515,2487.797119140625,2.540397290265547
2460352.4442695756,2493.50341796875,2.5440394959790886
2460352.4512141,2486.6673177083335,2.5395180122678704
2460352.4581586234,2488.7998860677085,2.542428152855963
2460352.4651031476,2487.7604166666665,2.5416893891451173
2460352.4720476717,2495.52001953125,2.5434310072093864
2460352.4789921963,2494.00048828125,2.5433931702113606
2460352.4859367204,2491.6426595052085,2.541645943249495
2460352.492881245,2489.3750813802085,2.5427323924835905
2460352.499825769,2488.6466471354165,2.541042435873262
2460352.5067702937,2492.7005208333335,2.5416769902035163
2460352.5137148183,2493.6647135416665,2.542814106314862
2460352.5206593424,2497.4186197916665,2.545403215878499
2460352.5276038675,2495.5616048177085,2.54350921595034
2460352.534548392,2494.4115397135415,2.5425551536210524
2460352.5414929166,2495.9285481770835,2.544190723388325
2460352.5484374417,2492.7906087239585,2.541720732440989
2460352.5553819668,2494.606201171875,2.5454346410185615
2460352.5623264913,2490.0157063802085,2.5416803366923117
2460352.5692710164,2494.03466796875,2.5427643792942085
2460352.576215541,2489.9766438802085,2.5409204457252677
2460352.5831600665,2489.6968587239585,2.5423768799730073
2460352.5901045916,2492.6669921875,2.541715103342009
2460352.5970491166,2489.1494954427085,2.5430548994085593
2460352.6039936426,2490.2588704427085,2.5408730561155632
2460352.610938167,2491.189453125,2.5410699022573686
2460352.6178826927,2490.8902180989585,2.541042743654479
2460352.624827218,2486.9637858072915,2.5407596776479715
2460352.6317717433,2491.8192545572915,2.542431445831168
2460352.638716269,2489.7950032552085,2.5408966370066475
2460352.645660795,2487.391845703125,2.541351139352225
2460352.65260532,2489.7814127604165,2.541562732152464
2460352.6595498454,2489.0584309895835,2.5410843915268813
2460352.6664943714,2490.4794108072915,2.5421314709024836
2460352.673438897,2489.2827962239585,2.54059761727758
2460352.680383423,2487.2857259114585,2.540107270392871
2460352.687327949,2491.8483072916665,2.541786191091361
2460352.694272475,2490.293212890625,2.5418815436209923
2460352.701217001,2491.721923828125,2.5409142119194836
2460352.708161526,2495.1837565104165,2.5436584942683536
2460352.715106053,2490.6114908854165,2.541027065374403
2460352.722050578,2486.4239908854165,2.5414040278241363
2460352.728995105,2492.0017903645835,2.5414668220949266
2460352.735939631,2486.1720377604165,2.53877073202828
2460352.7428841568,2490.89794921875,2.5413653908851237
2460352.7498286827,2489.7444661458335,2.5412381634238455
2460352.7567732087,2486.8218587239585,2.5411467724215386
2460352.763717735,2483.535888671875,2.53877699280547
2460352.7706622616,2488.957763671875,2.543752648159157
2460352.7776067876,2488.4222819010415,2.5424332581487605
2460352.7845513136,2484.3885091145835,2.5389257074306593
2460352.7914958405,2486.8026529947915,2.5399737536365463
2460352.798440367,2483.0230305989585,2.5380948917136115
2460352.8053848934,2483.4662272135415,2.5395343210549837
2460352.8123294194,2487.6930338541665,2.5393229362833796
2460352.8192739463,2486.3024088541665,2.539587925628815
2460352.8262184733,2484.9219563802085,2.538945744722014
2460352.8331629992,2483.6129557291665,2.5380513341577378
2460352.840107526,2482.5332845052085,2.539383644689111
2460352.8470520526,2488.9031575520835,2.540666564641346
2460352.8539965795,2483.9549967447915,2.539888472957348
2460352.860941106,2485.755126953125,2.5399256727328794
2460352.867885633,2487.47900390625,2.540056759166346
2460352.87483016,2488.734619140625,2.5419743006571807
2460352.8817746863,2487.028564453125,2.542976985884029
2460352.888719213,2487.7649739583335,2.539668035321499
2460352.8956637396,2487.2522786458335,2.5429157477081867
2460352.9026082666,2497.3108723958335,2.5437391338943445
2460352.9095527935,2491.1599934895835,2.544337266457878
2460352.9164973204,2487.5769856770835,2.5425899635284397
2460352.9234418473,2493.4983723958335,2.543872861791636
2460352.9303863742,2486.1254069010415,2.539101719411903
2460352.937330901,2488.8194986979165,2.540966004891738
2460352.944275428,2487.9042154947915,2.5402927691468586
2460352.951219955,2489.2696940104165,2.541755234926702
2460352.958164482,2493.1344401041665,2.5425565346925847
2460352.9651090093,2492.7269694010415,2.543742149589707
2460352.972053536,2489.1900227864585,2.542378445049572
2460352.978998063,2483.0831705729165,2.5385427721591034
2460352.9859425905,2481.5914713541665,2.5389014137651644
2460352.9928871174,2485.5016276041665,2.5390156514015993
2460352.9998316444,2483.5829264322915,2.5392898534010473
2460353.0067761713,2488.1576334635415,2.5403992702274025
2460353.0137206987,2491.7930501302085,2.5427585240843853
2460353.0206652256,2489.630859375,2.5411482434225436
2460353.027609753,2485.4480794270835,2.538619170104215
2460353.03455428,2488.4856770833335,2.5405742890078358
2460353.041498807,2481.2814127604165,2.540069925807044
2460353.048443334,2487.8033854166665,2.5397401496310903
2460353.0553878616,2488.82763671875,2.5405112887353227
2460353.0623323885,2489.283203125,2.541568339961365
2460353.0692769154,2494.6039225260415,2.543265281951669
2460353.076221443,2492.2493489583335,2.541020377057828
2460353.08316597,2489.369873046875,2.5406456264323825
2460353.090110497,2493.53564453125,2.542274887703997
2460353.0970550245,2486.8160807291665,2.5410374703720495
2460353.1039995514,2488.8611653645835,2.540638351808042
2460353.110944079,2491.597412109375,2.5412706681290893
2460353.1178886057,2496.8998209635415,2.5461056665051793
2460353.124833133,2495.988037109375,2.544628480070124
2460353.13177766,2495.766845703125,2.5438934898408667
2460353.1387221874,2487.614013671875,2.5397743029738034
2460353.1456667143,2487.444091796875,2.5402286577715816
2460353.152611241,2488.448974609375,2.541150440901713
2460353.1595557686,2487.4383138020835,2.540052343941704
2460353.166500296,2486.4402669270835,2.5400324817470765
2460353.173444823,2484.7383626302085,2.538347672974624
2460353.18038935,2487.0469563802085,2.539659985860742
2460353.187333877,2486.6670735677085,2.5399629757650772
2460353.194278404,2490.2161458333335,2.540652036674953
2460353.2012229315,2484.7600911458335,2.5397016752997437
2460353.2081674584,2487.6692708333335,2.541264333777961
2460353.2151119853,2483.462890625,2.538550667917526
2460353.2220565127,2480.796630859375,2.5393889739584092
2460353.2290010396,2487.250732421875,2.540068092584302
2460353.2359455666,2486.6800130208335,2.5408410700387107
2460353.2428900935,2484.6529947916665,2.5392446022475323
2460353.2498346204,2483.5016276041665,2.5386878475886054
2460353.2567791473,2485.4144694010415,2.538879382001894
2460353.2637236747,2486.45068359375,2.54001778814276
2460353.270668201,2494.95947265625,2.542500024939464
2460353.2776127285,2490.9696451822915,2.5409522220844925
2460353.284557255,2492.4562174479165,2.5423206531900897
2460353.291501782,2492.45263671875,2.542116923667981
2460353.298446309,2490.83203125,2.541076643125373
2460353.3053908357,2487.61279296875,2.540867318986704
2460353.312335362,2487.3833821614585,2.5426387742925365
2460353.319279889,2489.7491048177085,2.5408397819530197
2460353.326224416,2491.7012532552085,2.5422485414892515
2460353.333168943,2488.2921549479165,2.540731615116233
2460353.3401134694,2492.4881184895835,2.5443478989662265
2460353.3470579963,2489.2320963541665,2.5421477047404832
2460353.354002523,2484.1162923177085,2.538627230289913
2460353.3609470497,2486.8602701822915,2.5415428780455085
2460353.3678915757,2484.548828125,2.539251179879902
2460353.3748361026,2488.35546875,2.5422535619478794
2460353.3817806286,2482.525634765625,2.539236054647841
2460353.3887251555,2484.2054850260415,2.5378755206053225
2460353.395669682,2485.5620930989585,2.5389085213518903
2460353.4026142084,2487.9568684895835,2.541810969491039
2460353.4095587344,2480.6524251302085,2.5372171283940044
2460353.4165032613,2487.038330078125,2.53962106275526
2460353.4234477873,2477.962890625,2.537072434182505
2460353.4303923137,2485.9126790364585,2.5390471688754785
2460353.43733684,2488.785888671875,2.5444532417233527
2460353.444281366,2482.3540852864585,2.5390270486489652
2460353.451225892,2491.409912109375,2.5445089027426873
2460353.458170418,2491.0074869791665,2.5431454832744445
2460353.465114944,2484.2025553385415,2.5384117195095217
2460353.472059471,2488.407470703125,2.541713076010833
2460353.479003997,2491.419677734375,2.5418814342415614
2460353.485948523,2493.47705078125,2.542351497074091
2460353.492893049,2498.201171875,2.5448126423533752
2460353.499837574,2493.1393229166665,2.5421528430614
2460353.5067821,2493.8221842447915,2.544008286233989
2460353.513726626,2490.84423828125,2.5416419507312593
2460353.520671152,2491.2158203125,2.5414543757972594
2460353.5276156776,2492.520751953125,2.542980820466145
2460353.5345602036,2496.0916341145835,2.5429460558330415
2460353.541504729,2485.0448404947915,2.539880427878999
2460353.548449255,2487.2561848958335,2.539163691338366
2460353.770674061,2487.3329264322915,2.54117922569476
2460353.777618585,2491.8125,2.5424419616853267
2460353.784563109,2489.8567708333335,2.5429610441883703
2460353.7915076325,2493.429931640625,2.5436786127971427
2460353.798452156,2487.0179036458335,2.540443688991511
2460353.80539668,2487.447265625,2.5421218189736563
2460353.812341203,2485.81494140625,2.5422877545893456
2460353.8192857266,2490.0059407552085,2.5429340277035117
2460353.8262302503,2490.14208984375,2.543116341527409
2460353.8331747735,2485.027099609375,2.540125197400721
2460353.8401192967,2491.73095703125,2.546172779945509
2460353.84706382,2491.3382975260415,2.5425055999715074
2460353.854008343,2492.6614583333335,2.545251683361979
2460353.860952866,2486.6424153645835,2.540674288213017
2460353.8678973895,2490.7626139322915,2.544179924266396
2460353.874841912,2484.5572916666665,2.5400211317692767
2460353.8817864354,2490.1171061197915,2.542192156423648
2460353.888730958,2492.0347493489585,2.544491772865333
2460353.895675481,2491.3370768229165,2.54332671344967
2460353.902620003,2492.9951171875,2.54363148253781
2460353.9095645263,2493.5615234375,2.543282831875779
2460353.916509049,2491.8561197916665,2.543424730418096
2460353.9234535717,2491.1279296875,2.542318367524057
2460353.930398094,2493.447265625,2.5440610106830164
2460353.9373426163,2496.045654296875,2.54539077856493
2460353.9442871385,2492.5135091145835,2.5443057486067606
2460353.951231661,2493.14208984375,2.5436900539107064
2460353.958176183,2490.54443359375,2.5423416444446043
2460353.9651207053,2490.0526529947915,2.5446176593128578
2460353.9720652276,2486.366943359375,2.5419462957328602
2460353.97900975,2495.491943359375,2.545432803853683
2460353.9859542716,2496.821533203125,2.5449388172009475
2460353.9928987934,2492.4755859375,2.5432205919150523
2460353.9998433157,2491.9139811197915,2.545188207772282
2460354.006787837,2487.6385904947915,2.5427627250245144
2460354.0137323593,2488.6988932291665,2.5435691420550137
2460354.0206768806,2491.74169921875,2.5436153074116588
2460354.027621403,2489.3235677083335,2.5428215006542456
2460354.034565924,2490.6368001302085,2.543015784303209
2460354.0415104455,2494.0868326822915,2.5454336948853413
2460354.048454967,2493.4319661458335,2.543781037524377
2460354.055399488,2491.1350911458335,2.5439220749444775
2460354.06234401,2491.341064453125,2.542447568943883
2460354.069288531,2496.0867513020835,2.5458584073400607
2460354.076233052,2491.3985188802085,2.543271707017482
2460354.0831775735,2494.176513671875,2.5438932679233246
2460354.090122095,2496.4732259114585,2.5455694154506583
2460354.0970666152,2503.3898111979165,2.5486367620066144
2460354.1040111366,2500.1588541666665,2.547465641995094
2460354.1109556574,2504.2023111979165,2.5498826021567047
2460354.1179001783,2501.3590494791665,2.5475170838655594
2460354.1248446987,2497.738037109375,2.545465465839111
2460354.13178922,2498.37451171875,2.54879611560956
2460354.1387337404,2497.51611328125,2.545820685925851
2460354.145678261,2499.6986490885415,2.546387440969372
2460354.1526227817,2504.742919921875,2.5487519918908816
2460354.159567302,2500.9607747395835,2.5474974794527214
2460354.166511823,2497.1981608072915,2.547254029765987
2460354.173456343,2495.2525227864585,2.545170086848897
2460354.1804008633,2490.8868001302085,2.541978479640371
2460354.1873453837,2486.5048828125,2.539555792880336
2460354.1942899036,2490.809326171875,2.5432222388620196
2460354.201234424,2491.601806640625,2.545639696395775
2460354.2081789444,2499.3853352864585,2.54590803652666
2460354.215123464,2499.488525390625,2.547867181670029
2460354.222067984,2497.5821126302085,2.545264921129998
2460354.2290125038,2493.484619140625,2.5461604364285386
2460354.235957024,2496.9386393229165,2.5451701667814324
2460354.2429015436,2497.7374674479165,2.5451619376702275
2460354.2498460636,2497.078857421875,2.5453338714059206
2460354.2567905835,2494.4058430989585,2.546424648778584
2460354.2637351025,2495.467041015625,2.543638681426664
2460354.2706796224,2497.8146158854165,2.5463634616752153
2460354.277624142,2502.4183756510415,2.549562991965164
2460354.2845686614,2499.0772298177085,2.547591228879332
2460354.291513181,2498.306884765625,2.5451368864922834
2460354.2984577003,2497.4608561197915,2.5466441925317316
2460354.3054022193,2498.0361328125,2.545081637044092
2460354.3123467388,2497.808837890625,2.5478025159452966
2460354.3192912578,2493.0714518229165,2.5441984367047197
2460354.3262357768,2494.2887369791665,2.544711244262651
2460354.3331802962,2494.4627278645835,2.5448901373852846
2460354.3401248152,2495.0259602864585,2.54453805775212
2460354.3470693342,2494.9742838541665,2.545880206357921
2460354.3540138532,2492.779052734375,2.543551346276004
2460354.3609583722,2489.8360188802085,2.541276646965571
2460354.367902891,2497.7861328125,2.5478320419735168
2460354.37484741,2491.2734375,2.542753780289052
2460354.3817919283,2498.5333658854165,2.545049059321439
2460354.3887364473,2491.9055989583335,2.544381476636135
2460354.395680966,2492.42529296875,2.5442471709973353
2460354.4026254844,2493.0199381510415,2.542813704580848
2460354.4095700034,2492.426025390625,2.5429551266883395
2460354.4165145215,2490.405517578125,2.542811999402231
2460354.42345904,2489.1223958333335,2.5415237662238437
2460354.4304035585,2491.9745279947915,2.5428646322144606
2460354.437348077,2492.8824869791665,2.545884483799915
2460354.4442925956,2493.5734049479165,2.544931430009421
2460354.4512371137,2491.7967936197915,2.543021830470531
2460354.4581816318,2496.1166178385415,2.5456468938305177
2460354.4651261503,2492.588134765625,2.542380863440403
2460354.4720706684,2494.4659016927085,2.542675971988157
2460354.4790151864,2494.9613444010415,2.5444307350151276
2460354.4859597045,2495.8455403645835,2.5434717837760283
2460354.492904222,2500.6435546875,2.548194644133854
2460354.4998487406,2493.8815104166665,2.5455317018722874
2460354.5067932587,2490.609375,2.541678360122059
2460354.5137377763,2493.9009602864585,2.5468884750869063
2460354.5206822944,2499.8976236979165,2.546357597245317
2460354.527626812,2491.9894205729165,2.542382154833478
2460354.5345713296,2495.4663899739585,2.544777062610788
2460354.5415158477,2493.062744140625,2.543297608861793
2460354.548460365,2496.3977864583335,2.5453885470342557
2460354.555404883,2495.880615234375,2.5454890850772376
2460354.5623494005,2494.9298502604165,2.543724937976684
2460354.569293918,2486.62451171875,2.5407260549305946
2460354.576238435,2490.8120930989585,2.543182712643976
2460354.5831829533,2493.918212890625,2.5433825540708725
2460354.5901274704,2493.6649576822915,2.5426721562378796
2460354.597071988,2492.68994140625,2.5425800747256075
2460354.6040165056,2487.9698079427085,2.5411345066723596
2460354.6109610223,2490.6072591145835,2.541740078519976
2460354.6179055404,2494.5340169270835,2.5438894341951204
2460354.6248500575,2490.0233561197915,2.5426084264563378
2460354.631794574,2495.7237141927085,2.544789668944625
2460354.6387390923,2497.638916015625,2.545110715688521
2460354.6456836094,2491.3898111979165,2.543009067243776
2460354.652628126,2498.7854817708335,2.546064126955666
2460354.6595726437,2504.857421875,2.548353815343473
2460354.6665171604,2523.8028971354165,2.5564789532759726
2460354.673461678,2539.310302734375,2.56423741485353
2460354.6804061946,2571.2733561197915,2.579126605864882
2460354.6873507113,2603.4146321614585,2.592913661368636
2460354.694295229,2652.7693684895835,2.6123339058365045
2460354.7012397456,2706.7710774739585,2.6355031457387272
2460354.7081842623,2775.8184407552085,2.6666559644793484
2460354.7151287794,2861.447021484375,2.7011464307380706
2460354.7220732966,2966.050048828125,2.7448174388362894
2460354.729017813,3075.545166015625,2.7892438580878647
2460354.73596233,3210.1666666666665,2.84255583014142
2460354.7429068466,3363.5619303385415,2.9026677049710194
2460354.7498513632,3539.283447265625,2.970921658684293
2460354.75679588,3740.4981282552085,3.046195098451159
2460354.7637403966,3954.4829915364585,3.1247797484828532
2460354.7706849133,4186.123209635417,3.2056971818140823
2460354.77762943,4419.069173177083,3.288130225360838
2460354.7845739466,4650.15283203125,3.3650943827306032
2460354.7915184633,4884.037109375,3.441864556494494
2460354.79846298,5131.501302083333,3.521420571595016
2460354.8054074966,5373.80615234375,3.5974429389523723
2460354.812352013,5620.99462890625,3.6752146938604207
2460354.819296529,5874.052897135417,3.7521804262065763
2460354.8262410457,6124.806803385417,3.8265639371740323
2460354.8331855624,6370.38671875,3.8988013276541835
2460354.840130079,6595.413248697917,3.9647573955912985
2460354.847074595,6815.351236979167,4.0236259141291395
2460354.8540191115,7023.482259114583,4.08201381640547
2460354.860963628,7226.948079427083,4.138194930049619
2460354.8679081444,7423.685709635417,4.190124088114264
2460354.8748526606,7613.212890625,4.240141881750206
2460354.8817971773,7799.257649739583,4.289633836392647
2460354.888741693,7985.98828125,4.339340757122289
2460354.8956862097,8161.75048828125,4.384337996469709
2460354.9026307254,8339.661783854166,4.428982251000552
2460354.909575242,8504.4443359375,4.470636481960287
2460354.9165197583,8665.1298828125,4.510974029412295
2460354.9234642745,8833.08984375,4.553430901951178
2460354.9304087907,8985.306640625,4.590477234968982
2460354.937353307,9144.435546875,4.628200421076541
2460354.9442978227,9303.353190104166,4.667414970390192
2460354.951242339,9453.530924479166,4.703892646940611
2460354.958186855,9608.299479166666,4.740253141673887
2460354.9651313713,9765.026692708334,4.7772786970860635
2460354.9720758875,9914.860677083334,4.812970834837771
2460354.979020403,10061.025390625,4.846658124403465
2460354.98596492,10216.927734375,4.882809265140987
2460354.9929094356,10368.222005208334,4.915931287970611
2460354.9998539514,10515.685872395834,4.9511109145921965
2460355.0067984676,10666.083658854166,4.984271781382623
2460355.013742984,10797.1650390625,5.0137563720554
2460355.0206874995,10927.605794270834,5.04446715001555
2460355.0276320158,11042.000651041666,5.068775954474525
2460355.0345765315,11171.1259765625,5.097145063540199
2460355.0415210477,11284.925130208334,5.121800297056242
2460355.0484655635,11403.7587890625,5.148124387749375
2460355.0554100797,11554.30859375,5.1807976635794715
2460355.0623545954,11670.6630859375,5.205999097601102
2460355.0692991116,11820.8837890625,5.238512986989321
2460355.0762436274,11975.222981770834,5.271983764825068
2460355.083188143,12144.886393229166,5.30772026103599
2460355.0901326593,12309.536783854166,5.342420421584556
2460355.0970771755,12476.403645833334,5.377245008923972
2460355.1040216913,12658.370768229166,5.4144447501103565
2460355.110966207,12821.125651041666,5.448947814599765
2460355.1179107227,12992.660481770834,5.483790354417336
2460355.124855239,13167.757486979166,5.5200686541007356
2460355.1317997547,13330.201497395834,5.55394819655976
2460355.1387442704,13485.977213541666,5.585400761291454
2460355.1456887866,13633.8515625,5.613420823744057
2460355.1526333024,13786.517578125,5.645268615917067
2460355.159577818,13906.497395833334,5.667541619975698
2460355.1665223343,14022.802408854166,5.690700723432221
2460355.17346685,14110.633138020834,5.709113545614314
2460355.180411366,14202.6748046875,5.727451422502065
2460355.1873558816,14269.228515625,5.7402886587374455
2460355.1943003978,14324.983723958334,5.750612483490904
2460355.2012449135,14368.890299479166,5.759654768733479
2460355.2081894292,14404.377278645834,5.766467644897491
2460355.215133945,14437.401041666666,5.77464982088108
2460355.2220784607,14467.5986328125,5.778607156180713
2460355.229022977,14487.699544270834,5.783889192990163
2460355.2359674927,14472.2431640625,5.781042064790051
2460355.2429120084,14465.5576171875,5.778854308490579
2460355.249856524,14437.578776041666,5.775410817004036
2460355.2568010404,14417.5439453125,5.768965604614054
2460355.263745556,14376.5029296875,5.760615143090489
2460355.270690072,14343.376953125,5.75395074482331
2460355.277634588,14327.6123046875,5.750051388594578
2460355.284579104,14285.352864583334,5.742105585941353
2460355.2915236196,14253.6337890625,5.73633600902821
2460355.2984681353,14226.241536458334,5.732013893980284
2460355.3054126515,14195.689453125,5.727394908011379
2460355.3123571672,14175.714518229166,5.721497833092324
2460355.319301683,14157.709635416666,5.719063370922053
2460355.326246199,14137.384765625,5.715080045835738
2460355.333190715,14103.580729166666,5.709513753841853
2460355.340135231,14107.2314453125,5.708230465517748
2460355.347079747,14101.328450520834,5.7067408877151875
2460355.3540242617,14081.3505859375,5.702992154851414
2460355.3609687774,14080.802083333334,5.703689425592024
2460355.367913293,14082.540690104166,5.70327772679684
2460355.3748578094,14073.08984375,5.701159625853054
2460355.3818023256,14087.107421875,5.704418280208579
2460355.3887468413,14087.175130208334,5.704421300588126
2460355.395691357,14100.379231770834,5.706629710402718
2460355.4026358733,14103.694010416666,5.707986979536077
2460355.409580389,14099.831380208334,5.706858880103957
2460355.4165249052,14099.215169270834,5.708944337863471
2460355.4234694215,14086.432942708334,5.70404211031395
2460355.430413937,14096.562825520834,5.705940632185669
2460355.4373584534,14102.6708984375,5.708351266435595
2460355.444302969,14106.535807291666,5.708850406700569
2460355.4512474854,14102.827473958334,5.708421101412047
2460355.4581920016,14111.148111979166,5.709393782290056
2460355.4651365173,14108.722330729166,5.708936902962869
2460355.4720810335,14112.176106770834,5.710304446716655
2460355.4790255497,14120.741536458334,5.711349659305328
2460355.4859700655,14113.432291666666,5.709719829014034
2460355.4929145817,14120.83203125,5.7127529581891805
2460355.499859098,14116.898763020834,5.7108416531531105
2460355.506803614,14104.2490234375,5.707804111780679
2460355.5137481303,14088.7421875,5.705234358274027
2460355.5206926465,14068.1982421875,5.700678660156264
2460355.5276371627,14021.064453125,5.691463621761273
2460355.534581679,13987.993489583334,5.684577334978805
2460355.541526195,13944.753255208334,5.676801588093453
2460355.5484707113,13901.152669270834,5.668173238146547
2460355.5554152275,13850.2275390625,5.657567712434541
2460355.5623597438,13795.844075520834,5.647516672447304
2460355.56930426,13741.766927083334,5.636911266048773
2460355.576248776,13701.483723958334,5.627758588487303
2460355.5831932924,13655.302734375,5.61782227586128
2460355.590137809,13595.4873046875,5.607034610277847
2460355.5970823253,13552.016276041666,5.597770928211262
2460355.6040268415,13511.3369140625,5.59023720437821
2460355.610971358,13469.6943359375,5.583073818776977
2460355.617915874,13421.808268229166,5.572927322619467
2460355.6248603906,13388.0478515625,5.564537836109941
2460355.631804907,13339.760416666666,5.55516722509732
2460355.638749424,13293.862955729166,5.545072779097407
2460355.6456939396,13270.189778645834,5.542244728610185
2460355.6526384563,13223.7265625,5.532182379684333
2460355.659582973,13190.874348958334,5.5257994309958995
2460355.666527489,13149.330403645834,5.516914212453866
2460355.673472006,13117.548828125,5.511930423651265
2460355.680416522,13092.271158854166,5.506494817220378
2460355.6873610388,13076.08203125,5.502804563280601
2460355.6943055554,13052.635416666666,5.498621323170036
2460355.701250072,13051.615885416666,5.497099012798841
2460355.708194589,13028.5517578125,5.492473285671335
2460355.7151391055,13038.072916666666,5.494170928866757
2460355.722083622,13022.080403645834,5.490785116301793
2460355.729028139,13020.4912109375,5.490393152833495
2460355.7359726555,13006.7119140625,5.488990926062249
2460355.742917172,13001.212565104166,5.487205347054488
2460355.7498616893,12997.849934895834,5.485389726844724
2460355.756806206,12992.608723958334,5.485983921027269
2460355.7637507226,13001.541341145834,5.487599349508802
2460355.77069524,13003.636393229166,5.487205873338602
2460355.7776397564,13000.016276041666,5.486796666017138
2460355.784584273,13014.841471354166,5.4897894292750555
2460355.79152879,13018.473958333334,5.491153140817669
2460355.7984733074,13027.7138671875,5.492034051224086
2460355.805417824,13042.165690104166,5.49596668186832
2460355.812362341,13046.846354166666,5.496053536393716
2460355.819306858,13073.761393229166,5.502235408631418
2460355.826251375,13046.561848958334,5.496156635776511
2460355.8331958917,13044.0244140625,5.4962847482939985
2460355.8401404093,13032.943359375,5.494259017874721
2460355.847084926,13018.021158854166,5.490988137482425
2460355.854029443,13003.544270833334,5.487796572398523
2460355.8609739603,12990.232096354166,5.484805323949723
2460355.867918477,12956.870442708334,5.477042424435599
2460355.874862995,12922.193684895834,5.471789715556475
2460355.881807512,12878.181640625,5.461514694371259
2460355.888752029,12845.358072916666,5.456190847789965
2460355.8956965464,12786.697916666666,5.443471270124346
2460355.9026410636,12737.007486979166,5.43392365913741
2460355.9095855807,12683.54296875,5.421749691426356
2460355.9165300983,12609.44140625,5.405605180170711
2460355.923474616,12553.668619791666,5.394991610935328
2460355.9304191335,12486.636393229166,5.380747763098193
2460355.9373636506,12419.064127604166,5.367199827563232
2460355.944308168,12352.6533203125,5.3525268016258485
2460355.951252686,12276.112955729166,5.337045416964681
2460355.958197203,12188.984049479166,5.318117558792307
2460355.9651417206,12109.47265625,5.301994195596673
2460355.972086238,12028.526692708334,5.285663833787652
2460355.9790307563,11945.628580729166,5.2662068401890645
2460355.9859752734,11882.524739583334,5.252822699575973
2460355.9929197915,11796.232421875,5.236099535296103
2460355.9998643086,11717.744140625,5.218540730493314
2460356.0068088267,11640.499674479166,5.200728400165556
2460356.0137533443,11570.211588541666,5.185816439434393
2460356.0206978624,11495.138997395834,5.17031615253457
2460356.02764238,11415.6748046875,5.1527193755368
2460356.0345868976,11365.973307291666,5.142294341731104
2460356.0415314157,11301.777669270834,5.127086091472968
2460356.0484759337,11229.804036458334,5.112256130586822
2460356.0554204513,11162.176432291666,5.096732153774911
2460356.0623649694,11083.660807291666,5.080340229471555
2460356.069309488,11013.987630208334,5.063786257529268
2460356.0762540055,10952.470703125,5.050075063857855
2460356.0831985236,10876.622721354166,5.034046575373563
2460356.0901430417,10831.027994791666,5.023728955417782
2460356.09708756,10774.097981770834,5.010404902094788
2460356.1040320783,10730.280598958334,5.000255667391116
2460356.1109765964,10682.916341145834,4.989865125447043
2460356.1179211144,10627.9208984375,4.977283654326944
2460356.1248656325,10575.443684895834,4.965543266488459
2460356.131810151,10520.349934895834,4.9542678824301865
2460356.1387546696,10454.3916015625,4.938901893958969
2460356.145699188,10397.3291015625,4.924744177095319
2460356.152643706,10343.496744791666,4.913337765908113
2460356.1595882247,10276.277994791666,4.898245224576746
2460356.1665327433,10214.74609375,4.883219093236564
2460356.173477262,10143.755208333334,4.866946090617135
2460356.1804217803,10094.950520833334,4.855755115844527
2460356.1873662984,10021.4140625,4.8393175047786
2460356.1943108174,9957.2177734375,4.824500379335868
2460356.201255336,9894.390950520834,4.810256669520182
2460356.2081998545,9847.384114583334,4.798216167838271
2460356.2151443735,9779.475260416666,4.7828281009182385
2460356.222088892,9735.328125,4.773422267404204
2460356.2290334105,9672.935221354166,4.757538170277727
2460356.2359779296,9589.971028645834,4.738984367860822
2460356.2429224486,9525.826497395834,4.723053126678601
2460356.2498669676,9449.859375,4.704544771587812
2460356.256811486,9379.570963541666,4.687400828401567
2460356.263756005,9316.131510416666,4.672049458873685
2460356.270700524,9243.055989583334,4.655638838928291
2460356.2776450436,9180.565104166666,4.639059421074252
2460356.284589562,9097.410807291666,4.619977121481305
2460356.291534081,9034.606119791666,4.603543975656168
2460356.2984786006,8964.65625,4.586776040363689
2460356.3054231196,8904.875325520834,4.571438107204066
2460356.3123676386,8834.793294270834,4.5564990187545416
2460356.3193121585,8769.4677734375,4.538184219799334
2460356.3262566775,8700.07421875,4.52112392182512
2460356.333201197,8632.859049479166,4.506175631431943
2460356.340145716,8575.246419270834,4.492216323431358
2460356.3470902354,8519.804361979166,4.4762019358028855
2460356.354034755,8465.116536458334,4.463176649463375
2460356.3609792744,8403.411458333334,4.447303701080252
2460356.367923794,8356.804036458334,4.435502675095065
2460356.3748683133,8305.191731770834,4.422954747416655
2460356.3818128332,8266.679036458334,4.41305000737566
2460356.388757353,8233.52734375,4.403592351759886
2460356.3957018727,8184.01953125,4.3913341775599015
2460356.402646392,8132.487630208333,4.377805660850647
2460356.4095909116,8105.402669270833,4.371574076215006
2460356.4165354315,8069.479654947917,4.361742448701732
2460356.4234799515,8042.360026041667,4.35638989762365
2460356.430424472,8015.20166015625,4.348590369739894
2460356.4373689913,7992.527018229167,4.341848643786053
2460356.4443135113,7973.571451822917,4.337051802585164
2460356.451258031,7954.16357421875,4.331818889349564
2460356.4582025516,7935.090494791667,4.32818020907897
2460356.465147072,7915.20556640625,4.322690985846045
2460356.4720915915,7893.618326822917,4.31655481257331
2460356.479036112,7880.754231770833,4.312724203884486
2460356.485980632,7857.009765625,4.3089722409526106
2460356.492925152,7849.034016927083,4.304639971020285
2460356.499869672,7829.2548828125,4.300898108417095
2460356.5068141925,7816.62890625,4.296509722862106
2460356.513758713,7806.50537109375,4.293667424834291
2460356.5207032333,7787.326822916667,4.289047966147291
2460356.5276477537,7767.9794921875,4.284341029523237
2460356.534592274,7756.534993489583,4.281686405285627
2460356.541536795,7733.141438802083,4.273950595266234
2460356.5484813154,7724.848958333333,4.272029726055398
2460356.5554258362,7707.751627604167,4.26853783988189
2460356.5623703566,7685.736328125,4.262438974207979
2460356.569314877,7663.069498697917,4.2558127190816055
2460356.5762593984,7641.115397135417,4.250449397932752
2460356.5832039188,7625.740559895833,4.245996884375117
2460356.5901484396,7604.468587239583,4.241070924298603
2460356.5970929605,7595.435709635417,4.23837763045077
2460356.6040374814,7567.681477864583,4.231578446755242
2460356.610982002,7561.291178385417,4.22992056257709
2460356.6179265236,7543.53759765625,4.2243653507729375
2460356.624871044,7532.722981770833,4.223429946957731
2460356.6318155653,7519.616861979167,4.217768295277751
2460356.6387600866,7507.612467447917,4.215935283393643
2460356.6457046075,7491.319173177083,4.210649065478049
2460356.652649129,7482.623860677083,4.2089655917971225
2460356.65959365,7461.681966145833,4.2043623599822855
2460356.6665381715,7450.034830729167,4.200400499954266
2460356.673482693,7431.004557291667,4.194597665140933
2460356.680427214,7423.33544921875,4.191640841274842
2460356.6873717355,7408.640787760417,4.188548507810177
2460356.694316257,7388.876302083333,4.183486760128747
2460356.7012607786,7382.441569010417,4.183623404139991
2460356.7082053,7363.952799479167,4.177446845688786
2460356.7151498217,7355.861979166667,4.174647235415544
2460356.7220943435,7347.782877604167,4.172214707782363
2460356.729038865,7334.508626302083,4.168240861079187
2460356.7359833866,7327.280598958333,4.166526563267108
2460356.7429279084,7313.890625,4.164970883685439
2460356.74987243,7297.5732421875,4.159976792714481
2460356.756816952,7289.902994791667,4.157698960195662
2460356.7637614743,7286.4150390625,4.156766862179478
2460356.7707059956,7270.653971354167,4.152207745821132
2460356.777650518,7259.189453125,4.149620993932248
2460356.78459504,7253.803873697917,4.148270369810585
2460356.7915395624,7243.860677083333,4.14486505024676
2460356.7984840847,7232.288411458333,4.1420062488220335
2460356.805428606,7231.79248046875,4.142200903383304
2460356.8123731283,7225.313802083333,4.141202684947099
2460356.8193176505,7220.12451171875,4.13931126980023
2460356.8262621737,7219.239908854167,4.138768320877818
2460356.833206696,7203.208984375,4.133619165457577
2460356.840151218,7187.352864583333,4.129711474453082
2460356.8470957405,7187.4619140625,4.130088690055056
2460356.854040263,7168.642740885417,4.1252689929156015
2460356.8609847855,7155.167805989583,4.120141942020662
2460356.867929308,7143.728352864583,4.117226755964741
2460356.8748738305,7125.716959635417,4.113155883576275
2460356.8818183537,7102.104817708333,4.107154445187857
2460356.8887628764,7084.199381510417,4.10340845033232
2460356.895707399,7064.9462890625,4.096965529840797
2460356.9026519214,7042.278971354167,4.089635632442477
2460356.909596445,7023.2421875,4.084232951976335
2460356.9165409678,7001.035481770833,4.079559752303298
2460356.923485491,6962.38330078125,4.067972983235476
2460356.9304300137,6938.956217447917,4.061442441908112
2460356.9373745364,6914.809733072917,4.056508613645287
2460356.944319055,6877.16162109375,4.0447091405548035
2460356.9512635786,6858.982259114583,4.038716406361842
2460356.958208102,6823.382161458333,4.029687522533251
2460356.965152625,6807.6513671875,4.025655868816002
2460356.9720971487,6777.819986979167,4.016320843259438
2460356.979041672,6755.00634765625,4.011679459476214
2460356.9859861955,6727.163899739583,4.002884009179831
2460356.992930718,6704.4755859375,3.996846967291201
2460356.9998752424,6671.75390625,3.9875624648317456
2460357.006819766,6652.706380208333,3.981952673534076
2460357.0137642897,6624.946126302083,3.9733107653610933
2460357.020708813,6599.016438802083,3.965577724147358
2460357.0276533365,6575.439778645833,3.961937730068183
2460357.0345978606,6551.077473958333,3.9522209962558237
2460357.0415423843,6528.439615885417,3.9452096318488312
2460357.048486908,6505.451822916667,3.9408807150705836
2460357.055431432,6491.339029947917,3.936291224295974
2460357.0623759557,6490.58935546875,3.9352986625274347
2460357.06932048,6462.08984375,3.9271058009004474
2460357.076265004,6452.588053385417,3.924427092369515
2460357.083209528,6440.290364583333,3.921191650561814
2460357.0901540522,6423.14501953125,3.917716838160819
2460357.0970985764,6398.395670572917,3.9099670735292413
2460357.1040431005,6388.230631510417,3.905712946309278
2460357.110987625,6370.98681640625,3.901774318379021
2460357.117932149,6351.281412760417,3.895202855078385
2460357.124876674,6341.667643229167,3.8922058679553686
2460357.131821198,6326.242350260417,3.8886025175441135
2460357.1387657225,6309.819498697917,3.883391268179471
2460357.145710247,6294.98095703125,3.8794239008248854
2460357.1526547717,6275.5537109375,3.872890086812212
2460357.1595992963,6266.62841796875,3.873421563310823
2460357.166543821,6243.92919921875,3.8659313458920668
2460357.173488346,6230.271158854167,3.8595599506780864
2460357.1804328705,6216.579752604167,3.857502650838619
2460357.187377395,6202.851399739583,3.8523799813503294
2460357.1943219206,6202.838053385417,3.852463228848983
2460357.201266445,6185.598958333333,3.8468160093788217
2460357.2082109707,6175.48779296875,3.8433403499058603
2460357.2151554953,6163.966796875,3.84164588447817
2460357.222100021,6152.00830078125,3.838648099792072
2460357.2290445454,6148.665364583333,3.8367349168460425
2460357.235989071,6128.6171875,3.8314595682434898
2460357.242933596,6112.385904947917,3.8277307334864634
2460357.249878121,6107.507161458333,3.8251919758221007
2460357.256822647,6078.617024739583,3.816047707086458
2460357.2637671717,6065.217936197917,3.812236393194764
2460357.2707116976,6048.85400390625,3.807506004506646
2460357.277656223,6025.285481770833,3.8001670323174506
2460357.284600748,5997.193359375,3.792081381695169
2460357.291545274,5963.486165364583,3.7814866851434363
2460357.2984897997,5941.82470703125,3.7757669080988396
2460357.3054343252,5907.135904947917,3.764074367086888
2460357.312378851,5868.0849609375,3.753229645715599
2460357.319323377,5828.948893229167,3.741114081566636
2460357.326267903,5796.340494791667,3.7319331054222604
2460357.333212429,5763.113606770833,3.7216993984638633
2460357.340156955,5733.423990885417,3.712327401481842
2460357.347101481,5695.825358072917,3.7012573790230747
2460357.354046007,5670.503092447917,3.6932022146984598
2460357.360990533,5633.30712890625,3.682549654687403
2460357.367935059,5605.07177734375,3.673428196158642
2460357.374879585,5569.64794921875,3.6622459805559036
2460357.381824112,5547.0205078125,3.654906319409253
2460357.388768638,5516.743489583333,3.6457936262611312
2460357.3957131645,5489.628092447917,3.63759424949728
2460357.402657691,5464.302571614583,3.629058708136203
2460357.4096022174,5439.619954427083,3.6225128308832235
2460357.416546744,5410.924153645833,3.6127575363682585
2460357.4234912703,5389.863444010417,3.606744649690512
2460357.430435797,5367.79296875,3.6011948393629996
2460357.4373803237,5342.975911458333,3.5930419428212055
2460357.4443248506,5326.702799479167,3.5880382988736685
2460357.4512693775,5312.930989583333,3.582642142759955
2460357.4582139044,5294.147135416667,3.5772453314590766
2460357.4651584313,5281.5888671875,3.5734508376999066
2460357.4721029582,5262.542154947917,3.566386393302988
2460357.479047485,5249.82470703125,3.5622793222138616
2460357.485992012,5239.377278645833,3.5601997241437626
2460357.4929365395,5228.0478515625,3.5568118055988123
2460357.4998810664,5216.618815104167,3.5524493547946823
2460357.5068255938,5206.448893229167,3.549726496741
2460357.5137701207,5192.178385416667,3.545502372058193
2460357.5207146485,5183.880533854167,3.5416969985446425
2460357.5276591755,5174.37109375,3.5383052424399453
2460357.5346037033,5171.561360677083,3.540396548743345
2460357.5415482307,5164.146809895833,3.5362705660151135
2460357.548492758,5151.627766927083,3.5311092299341023
2460357.555437286,5147.233072916667,3.5312190149047495
2460357.5623818133,5132.931803385417,3.5254938997954017
2460357.569326341,5115.556803385417,3.5208217712264425
2460357.5762708685,5104.76123046875,3.5173257195587424
2460357.583215397,5100.496256510417,3.5144300986613817
2460357.5901599247,5091.997233072917,3.513807694797613
2460357.5971044526,5084.854329427083,3.5114135578877153
2460357.604048981,5069.04736328125,3.5051367791045815
2460357.6109935087,5060.431315104167,3.5017925859789805
2460357.6179380366,5050.951822916667,3.498504329970036
2460357.6248825644,5043.20751953125,3.4969200686111903
2460357.631827093,5031.5283203125,3.492943505155108
2460357.6387716215,5015.953776041667,3.4880257347644776
2460357.6457161494,5008.9404296875,3.4851544177274594
2460357.6526606777,5002.756673177083,3.4830396801243033
2460357.6596052065,4988.392578125,3.479224789467383
2460357.666549735,4977.185709635417,3.4756705244797637
2460357.673494263,4969.798177083333,3.4723970479142134
2460357.6804387923,4949.195638020833,3.4671441215817786
2460357.6873833206,4947.06640625,3.466223717385468
2460357.6943278494,4929.511393229167,3.460990056052522
2460357.701272378,4918.118977864583,3.4573088819145443
2460357.708216907,4911.341634114583,3.4532650031362047
2460357.715161436,4895.513509114583,3.44870482025529
2460357.722105965,4878.730305989583,3.443356091328137
2460357.7290504933,4876.8681640625,3.4422281332680096
2460357.7359950226,4857.99755859375,3.437385104437462
2460357.742939552,4843.140950520833,3.4311937977937492
2460357.7498840806,4824.052408854167,3.426220136419938
2460357.75682861,4815.980143229167,3.4236589836562277
2460357.7637731396,4800.774576822917,3.4181334332893627
2460357.770717669,4793.001627604167,3.418977567723118
2460357.777662198,4782.106119791667,3.413408577438785
2460357.7846067273,4762.98779296875,3.4058138581443074
2460357.791551257,4754.3095703125,3.4021817350765677
2460357.7984957863,4744.099283854167,3.3989800384031894
2460357.805440316,4737.595377604167,3.396649369702482
2460357.8123848457,4741.502278645833,3.3987107363176334
2460357.8193293754,4731.916666666667,3.3949867368330175
2460357.826273905,4725.780110677083,3.3925956710054557
2460357.833218435,4726.341145833333,3.393620173143052
2460357.840162965,4711.61279296875,3.3901243896158975
2460357.8471074947,4717.413248697917,3.389656922484708
2460357.854052025,4713.039225260417,3.389457404686762
2460357.8609965546,4711.88037109375,3.3893546320117434
2460357.867941085,4706.680501302083,3.3868292462729706
2460357.874885615,4707.591796875,3.3866330972446885
2460357.8818301447,4701.559733072917,3.3850967886196437
2460357.888774676,4693.706868489583,3.3835143715756075
2460357.8957192055,4684.905924479167,3.380618908836643
2460357.902663736,4673.424641927083,3.3753959885361122
2460357.909608267,4670.091145833333,3.3765136200515578
2460357.916552797,4665.341796875,3.374512171688849
2460357.9234973276,4659.905110677083,3.3702956521820493
2460357.930441858,4656.550944010417,3.3697841026346915
2460357.937386389,4647.198893229167,3.367442914846693
2460357.9443309195,4633.1962890625,3.3619839958013316
2460357.9512754506,4620.07861328125,3.3596322235368317
2460357.958219981,4609.44091796875,3.3538839311388897
2460357.965164512,4597.083658854167,3.35037739411159
2460357.9721090426,4581.125651041667,3.3446144923725267
2460357.9790535737,4575.8623046875,3.3437756523375826
2460357.985998105,4561.705891927083,3.339343672457606
2460357.9929426364,4549.072591145833,3.3345995884220048
2460357.999887167,4544.446940104167,3.332114888656422
2460358.006831698,4541.466145833333,3.3322989317593468
2460358.0137762297,4531.59326171875,3.328762864169184
2460358.020720761,4526.364908854167,3.32549672015948
2460358.0276652924,4516.12841796875,3.3234831174040003
2460358.034609824,4504.660807291667,3.3179343586631576
2460358.0415543555,4495.550944010417,3.3151971105341835
2460358.048498887,4476.086588541667,3.309586090971695
2460358.0554434187,4469.001953125,3.3070116124679547
2460358.0623879503,4463.638509114583,3.305322318046589
2460358.069332482,4449.323893229167,3.299960019405363
2460358.076277014,4440.191731770833,3.296146586395819
2460358.083221546,4426.204915364583,3.2918010932689765
2460358.0901660775,4422.911295572917,3.291367231619244
2460358.097110609,4413.239420572917,3.2880019350805316
2460358.1040551416,4407.35791015625,3.286404767476821
2460358.1109996736,4391.587076822917,3.2824733165414237
2460358.1179442056,4384.675130208333,3.2771652932353006
2460358.124888738,4372.75244140625,3.2732620533902774
2460358.13183327,4360.5546875,3.2708476583164003
2460358.138777802,4350.955240885417,3.267695794766253
2460358.1457223347,4340.131022135417,3.2617942443385775
2460358.1526668672,4332.888020833333,3.2593958057102754
2460358.1596113998,4329.27392578125,3.257855688493198
2460358.1665559323,4319.1015625,3.2558725426125394
2460358.1735004648,4310.155598958333,3.2533540645091237
2460358.1804449973,4306.048828125,3.2496730751007696
2460358.18738953,4301.006184895833,3.248432619018045
2460358.1943340627,4295.59423828125,3.2479539091751906
2460358.2012785957,4289.260091145833,3.243842674741131
2460358.2082231287,4292.600748697917,3.2452635822118716
2460358.2151676617,4302.324381510417,3.249881238256334
2460358.2221121946,4303.830240885417,3.2492165244660094
2460358.2290567276,4302.569661458333,3.2498545904798486
2460358.2360012606,4297.48193359375,3.2480532794399344
2460358.2429457936,4303.697916666667,3.25039507920183
2460358.249890327,4304.394856770833,3.249207786323973
2460358.2568348604,4302.44384765625,3.2504146851724265
2460358.263779394,4291.568522135417,3.246241718662884
2460358.2707239273,4294.408365885417,3.249639135472439
2460358.2776684607,4289.5712890625,3.245197238710872
2460358.284612994,4273.831380208333,3.23912688214425
2460358.2915575276,4264.055501302083,3.2370927416746063
2460358.2985020615,4249.769856770833,3.230591953275647
2460358.305446595,4227.477213541667,3.2254105664412767
2460358.312391129,4213.10791015625,3.219148772583982
2460358.3193356623,4198.338216145833,3.2127267179064223
2460358.3262801967,4172.097819010417,3.2033210151747915
2460358.3332247306,4156.527994791667,3.1973672953950154
2460358.3401692645,4132.100748697917,3.1895933903771265
2460358.347113799,4101.857096354167,3.182227705962634
2460358.3540583327,4082.615478515625,3.171276314024268
2460358.3610028666,4058.4794108072915,3.16639821981145
2460358.367947401,4037.2193196614585,3.1563422907741825
2460358.3748919354,4011.3011881510415,3.1480742339969936
2460358.3818364698,3995.4619954427085,3.1415489762349913
2460358.388781004,3972.014404296875,3.132784566136184
2460358.395725539,3955.6905110677085,3.128369307854699
2460358.402670073,3945.545654296875,3.122728000608347
2460358.4096146077,3928.6580403645835,3.1156637874473105
2460358.4165591425,3910.9109700520835,3.1104259523997295
2460358.423503677,3896.3851725260415,3.105211233979704
2460358.4304482117,3885.3578287760415,3.1020240409193587
2460358.437392747,3874.39208984375,3.0972291679897013
2460358.444337282,3861.2024739583335,3.0915206263279535
2460358.4512818162,3853.2918294270835,3.0901810422477562
2460358.4582263515,3843.748046875,3.0870391064128593
2460358.4651708864,3838.8196614583335,3.0835181649434045
2460358.4721154217,3827.4520670572915,3.080369942211478
2460358.479059957,3826.519287109375,3.0805076445457336
2460358.4860044923,3826.0686848958335,3.0799407851812006
2460358.4929490276,3822.4729817708335,3.0777340497516925
2460358.499893563,3808.8072916666665,3.074099576318684
2460358.506838098,3808.501708984375,3.073114436155521
2460358.5137826335,3809.324462890625,3.073117552486401
2460358.5207271692,3811.047119140625,3.074866045441224
2460358.5276717036,3812.1700032552085,3.0761061325005694
2460358.534616236,3813.4151204427085,3.0739836938050833
2460358.541560772,3811.99755859375,3.073421024569081
2460358.5485053076,3819.9597981770835,3.0765767752308477
2460358.5554498434,3824.8223470052085,3.0786481000583126
2460358.562394379,3830.084228515625,3.0801123258877214
2460358.5693389154,3826.3223470052085,3.078118956964285
2460358.576283451,3822.815673828125,3.077462834514679
2460358.583227988,3824.083740234375,3.0802508490868603
2460358.5901725236,3826.5738932291665,3.0795495346741544
2460358.5971170603,3823.84130859375,3.0783412734587148
2460358.604061596,3834.0650227864585,3.082518005315395
2460358.611006133,3835.4427897135415,3.082594431547692
2460358.6179506686,3829.920654296875,3.080264640834386
2460358.6248952053,3830.4972330729165,3.080663269794508
2460358.6318397424,3829.8216959635415,3.0809208382691313
2460358.638784278,3830.8142903645835,3.0809790696986266
2460358.645728815,3826.17724609375,3.0801438832551935
2460358.652673352,3822.75732421875,3.079169068481079
2460358.6596178883,3823.8924967447915,3.078117704786383
2460358.666562425,3822.6675618489585,3.0786710091023877
2460358.673506962,3817.6477864583335,3.076474307190834
2460358.680451499,3830.1797688802085,3.0802614673608795
2460358.687396036,3816.8771158854165,3.077838918517737
2460358.694340573,3811.221923828125,3.0747257511448804
2460358.7012851103,3810.591064453125,3.073967674717451
2460358.7082296475,3808.8121744791665,3.0727681945286407
2460358.7151741846,3811.1575520833335,3.0744578522669186
2460358.722118722,3807.1229654947915,3.0726277742397516
2460358.729063259,3810.9158528645835,3.072765246856587
2460358.7360077966,3808.4921875,3.0726080912518667
2460358.742952334,3806.2393391927085,3.0716196944161926
2460358.7498968714,3806.6223958333335,3.072763373285664
2460358.756841409,3806.1441243489585,3.0712189789495716
2460358.7637859466,3806.6061197916665,3.0722964508616872
2460358.7707304847,3801.619873046875,3.069988324316473
2460358.7776750224,3808.5979817708335,3.0729782811900304
2460358.78461956,3798.0146484375,3.069230465012158
2460358.791564098,3800.74267578125,3.069585997681189
2460358.798508636,3799.82861328125,3.071695782541095
2460358.8054531743,3803.5946451822915,3.07176025971517
2460358.812397712,3796.1761881510415,3.068972960848526
2460358.8193422505,3793.3902994791665,3.066935896118783
2460358.8262867886,3792.6502278645835,3.0663197519161294
2460358.8332313267,3784.8297526041665,3.0645504080200046
2460358.8401758648,3778.2266438802085,3.0612699983201264
2460358.8471204033,3774.4069010416665,3.062229142561223
2460358.854064942,3773.7958984375,3.059348882382677
2460358.86100948,3775.30029296875,3.059861203121096
2460358.867954019,3776.3409016927085,3.0606183592377767
2460358.8748985576,3770.9476725260415,3.058010192147707
2460358.881843096,3768.3865559895835,3.0589872365195876
2460358.888787635,3769.4568684895835,3.0573700411852034
2460358.8957321737,3768.398681640625,3.0586103894835586
2460358.9026767123,3767.4296875,3.058435004354173
2460358.9096212513,3757.0845540364585,3.0538268129259034
2460358.9165657903,3755.4539388020835,3.053551213926277
2460358.9235103293,3756.302490234375,3.0531298496454955
2460358.930454869,3755.0762532552085,3.053227630337485
2460358.937399408,3753.4256184895835,3.053588260096024
2460358.9443439473,3747.17431640625,3.0491154908584392
2460358.9512884864,3745.2014973958335,3.050425730608542
2460358.9582330254,3744.793212890625,3.0502043313277376
2460358.9651775653,3739.8431803385415,3.0472515630523245
2460358.972122105,3729.407958984375,3.043487714824607
2460358.9790666443,3722.7291666666665,3.0417691566172533
2460358.9860111834,3724.548095703125,3.0409933347961116
2460358.992955724,3714.0497233072915,3.038461920628443
2460358.9999002633,3715.0111490885415,3.0424265107968083
2460359.006844803,3709.697021484375,3.0387993902468406
2460359.013789343,3707.3810221354165,3.0372472923350915
2460359.0207338827,3701.33447265625,3.032837718337221
2460359.027678423,3703.0486653645835,3.0336237358475304
2460359.034622963,3697.1121419270835,3.0316841781555226
2460359.041567503,3692.00634765625,3.029932194341299
2460359.0485120434,3692.06005859375,3.029631243457993
2460359.0554565834,3691.065185546875,3.0293422417653098
2460359.062401124,3683.8631998697915,3.0266525698951923
2460359.0693456642,3679.312744140625,3.025727842375861
2460359.0762902047,3677.5945638020835,3.0239893901582704
2460359.0832347446,3668.3890787760415,3.0208912455173933
2460359.0901792855,3660.2604166666665,3.0176444575110892
2460359.097123826,3666.31103515625,3.0206156353422333
2460359.104068367,3662.6265462239585,3.0212948491886595
2460359.1110129077,3653.9327799479165,3.015827471174193
2460359.117957448,3653.96923828125,3.015678880203509
2460359.1249019895,3649.8225911458335,3.0149624539062656
2460359.13184653,3641.742431640625,3.0117987745419623
2460359.1387910713,3639.7220865885415,3.0100563989672
2460359.145735612,3633.0205078125,3.009256652469173
2460359.152680153,3631.6659342447915,3.0071260103163104
2460359.1596246944,3629.92626953125,3.00626539774384
2460359.1665692357,3625.378662109375,3.0042266974102247
2460359.173513777,3623.4695638020835,3.0031953877517013
2460359.180458318,3627.7210286458335,3.0081499573108132
2460359.18740286,3622.76806640625,3.0030606048511608
2460359.194347401,3623.0840657552085,3.0045370983309465
2460359.201291943,3626.84521484375,3.0076714382868666
2460359.208236484,3625.1171875,3.0056674879028935
2460359.215181026,3627.0654296875,3.005732569934956
2460359.2221255675,3639.1337076822915,3.010392036646404
2460359.22907011,3647.9366048177085,3.0121157230813265
2460359.236014651,3647.9178873697915,3.0130454170690952
2460359.2429591934,3648.8561197916665,3.016116219076427
2460359.2499037352,3644.8194986979165,3.011755463482108
2460359.256848277,3644.0487467447915,3.012282847563352
2460359.26379282,3640.216796875,3.0103357133610396
2460359.2707373616,3636.3379720052085,3.0086495342117607
2460359.277681904,3635.4073893229165,3.0104018372752055
2460359.284626446,3637.2840983072915,3.0090717091468093
2460359.291570989,3627.0572102864585,3.0049015717490497
2460359.298515531,3620.9622395833335,3.0038110628889143
2460359.3054600735,3608.9949544270835,2.999848549794413
2460359.312404616,3602.66455078125,2.9958515785786024
2460359.3193491586,3584.1329752604165,2.9883790620718997
2460359.3262937013,3573.4962565104165,2.9849009527587484
2460359.333238244,3559.8850911458335,2.9815104936080243
2460359.3401827863,3546.137451171875,2.9749949617066007
2460359.3471273296,3530.3961588541665,2.9688987468436334
2460359.354071873,3513.386474609375,2.9623350278780376
2460359.3610164155,3495.634033203125,2.955559651815578
2460359.3679609583,3479.419921875,2.951035137905448
2460359.3749055015,3460.4745279947915,2.9418346733952276
2460359.3818500447,3441.245849609375,2.9353256526475566
2460359.388794588,3426.7298177083335,2.929870727157912
2460359.395739131,3414.6233723958335,2.925044141179575
2460359.402683675,3405.0819498697915,2.9201769294632434
2460359.409628218,3394.3387858072915,2.916513523453517
2460359.4165727613,3387.7906901041665,2.914070137683986
2460359.4235173054,3373.43896484375,2.9086888614909188
2460359.4304618486,3367.70703125,2.9069238612550943
2460359.4374063923,3357.9207356770835,2.903831022924288
2460359.444350936,3348.322998046875,2.899289812384288
2460359.4512954797,3342.760986328125,2.8953711051445286
2460359.458240024,3337.7593587239585,2.894085928526503
2460359.4651845675,3337.925048828125,2.8936890354253126
2460359.4721291116,3329.7608235677085,2.8922539902949205
2460359.479073656,3334.1136881510415,2.8941649832759757
2460359.4860182,3322.0039876302085,2.8887734824824203
2460359.492962744,3324.2880045572915,2.8886734413652206
2460359.4999072882,3329.3487955729165,2.891845781656642
2460359.506851833,3327.7633463541665,2.892965738257621
2460359.5137963775,3330.1446940104165,2.8906620708674917
2460359.520740921,3341.0194498697915,2.897480640431478
2460359.5276854658,3339.02978515625,2.8940404722474113
2460359.5346300104,3342.8011881510415,2.8968006255629892
2460359.541574555,3343.2640787760415,2.896988781287733
2460359.5485190996,3342.155517578125,2.895535877812464
2460359.555463644,3343.6499837239585,2.897183934506368
2460359.5624081898,3353.3954264322915,2.8989170478974144
2460359.5693527344,3356.651123046875,2.901903633764171
2460359.5762972794,3362.6595865885415,2.9040101255894206
2460359.5832418245,3373.73974609375,2.908889067478533
2460359.590186369,3380.436279296875,2.910561533410862
2460359.5971309147,3384.271484375,2.911908914673606
2460359.6040754598,3384.8360188802085,2.9117687112933335
2460359.611020005,3397.0601399739585,2.9178945531087357
2460359.6179645504,3396.4659830729165,2.916574781202278
2460359.624909096,3403.9398600260415,2.9193678325165036
2460359.6318536415,3401.638427734375,2.919294494634517
2460359.6387981866,3406.3792317708335,2.9221818869685143
2460359.6457427326,3402.883056640625,2.920085411938066
2460359.652687278,3406.4251302083335,2.921025497085894
2460359.659631824,3410.5882975260415,2.9214569958239296
2460359.666576369,3402.888427734375,2.9196166017328125
2460359.673520915,3405.71826171875,2.921476904971437
2460359.6804654617,3406.383544921875,2.9217112658050506
2460359.687410007,3412.104248046875,2.923682714085612
2460359.6943545532,3412.07470703125,2.922011279099419
2460359.7012990993,3412.9707845052085,2.9237136002893647
2460359.7082436457,3411.4327799479165,2.9220737214723935
2460359.7151881917,3414.0497233072915,2.9244791426866654
2460359.722132738,3418.396484375,2.9251997189450094
2460359.7290772847,3417.2937825520835,2.9247128913565645
2460359.736021831,3420.6045735677085,2.927241499899054
2460359.7429663776,3419.5675455729165,2.9255785262285694
2460359.749910924,3419.4815266927085,2.926667319739103
2460359.7568554706,3415.353271484375,2.9239222248144174
2460359.763800017,3417.2625325520835,2.9266219703754186
2460359.770744564,3418.5902506510415,2.9261227358955044
2460359.777689111,3418.4800618489585,2.9241411757555196
2460359.7846336574,3424.9607747395835,2.928839056176082
2460359.791578205,3423.5038248697915,2.927545202444327
2460359.798522752,3421.614990234375,2.926858510841886
2460359.8054672987,3426.6520182291665,2.9294924531637156
2460359.812411846,3427.3426920572915,2.9301002960940714
2460359.819356393,3415.1892903645835,2.9253257780201785
2460359.8263009405,3411.1267903645835,2.922348708237695
2460359.833245488,3396.8975423177085,2.917830329979573
2460359.840190035,3395.7855631510415,2.916457999074853
2460359.8471345827,3390.8924153645835,2.916794307802588
2460359.8540791306,3385.6573893229165,2.91443431929583
2460359.8610236775,3393.3101399739585,2.9148740403802655
2460359.8679682254,3381.185791015625,2.9113891244157397
2460359.874912773,3388.306884765625,2.913194928483183
2460359.8818573207,3384.279296875,2.912131031815875
2460359.8888018685,3376.6905110677085,2.9099924815812623
2460359.895746417,3380.6724446614585,2.9101787788182936
2460359.9026909643,3375.959716796875,2.9095321575173503
2460359.9096355126,3375.3836263020835,2.9081281456840595
2460359.916580061,3376.2726236979165,2.91023663622873
2460359.923524609,3381.490966796875,2.910110905938897
2460359.930469157,3382.9558919270835,2.9122877410761805
2460359.9374137055,3387.0860188802085,2.914442482333451
2460359.944358254,3378.643310546875,2.9125415689017227
2460359.951302802,3378.383056640625,2.909963475853257
2460359.958247351,3380.82421875,2.91027718599296
2460359.9651918993,3379.2820638020835,2.9107161853059016
2460359.9721364477,3376.3175455729165,2.9088965641704303
2460359.979080997,3370.928466796875,2.9066608800201603
2460359.9860255453,3365.3506673177085,2.9077661476523846
2460359.992970094,3368.0179036458335,2.9066123885579764
2460359.999914643,3364.919677734375,2.9052800427199785
2460360.006859192,3362.003173828125,2.9043307896479944
2460360.013803741,3351.9652506510415,2.9008717842017595
2460360.02074829,3357.0474446614585,2.9020685070817223
2460360.027692839,3359.1888020833335,2.9032648345440477
2460360.0346373883,3358.32470703125,2.9027272904242207
2460360.0415819376,3356.5167643229165,2.90128859539478
2460360.048526487,3354.2798665364585,2.901602836678638
2460360.055471036,3350.4022623697915,2.8992627053631406
2460360.062415586,3347.9313151041665,2.900330881468866
2460360.0693601356,3345.7974446614585,2.897447059290568
2460360.076304685,3347.7391764322915,2.8995066475194746
2460360.0832492346,3343.09814453125,2.895619402998103
2460360.0901937843,3346.0218098958335,2.899228065298434
2460360.097138334,3340.5447591145835,2.8952825886071927
2460360.104082884,3336.5713704427085,2.895693669754575
2460360.111027434,3337.15283203125,2.893187483896226
2460360.115657134,3332.17138671875,5.008121490478516
2460360.3355679126,3263.905029296875,4.961687088012695
2460360.340197614,3258.9334309895835,2.8626140845783348
2460360.347142166,3251.3941243489585,2.8620219265939437
2460360.354086718,3241.0865071614585,2.858699909794695
2460360.3610312706,3231.4049479166665,2.853536335719784
2460360.367975823,3220.9226888020835,2.8495205502450123
2460360.3749203756,3204.99609375,2.8414346475104875
2460360.3818649277,3197.0384928385415,2.839540722297785
2460360.3888094807,3184.875244140625,2.8339285685428917
2460360.3957540332,3170.1216634114585,2.829254135708348
2460360.4026985858,3167.3282063802085,2.826674575068598
2460360.4096431388,3164.2931315104165,2.827858377034177
2460360.4165876913,3150.95751953125,2.8213788274229703
2460360.4235322443,3150.5533854166665,2.8198987809657816
2460360.4304767973,3143.0465494791665,2.8190924815298253
2460360.4374213507,3132.33251953125,2.8125914728849284
2460360.4443659037,3140.0286458333335,2.8174648138221685
2460360.451310457,3135.9855143229165,2.8146427609977778
2460360.4582550097,3133.764404296875,2.816527703312579
2460360.465199563,3133.3224283854165,2.8159960526347647
2460360.472144117,3122.2062174479165,2.8103509399848203
2460360.47908867,3121.889404296875,2.808488767286845
2460360.4860332236,3121.1238606770835,2.809718559629087
2460360.492977777,3122.804443359375,2.8089554062598583
2460360.499922331,3115.9237467447915,2.809672656586732
2460360.506866885,3124.8417154947915,2.8100719356509862
2460360.513811438,3127.57763671875,2.813021895484344
2460360.520755992,3133.6314290364585,2.813329295265655
2460360.5277005457,3132.825439453125,2.813489924493797
2460360.5346451006,3136.3316243489585,2.814508877947793
2460360.5415896545,3140.3751627604165,2.8166635853950996
2460360.5485342084,3143.1857096354165,2.8188489073815757
2460360.5554787624,3144.7631022135415,2.821074930051184
2460360.5624233168,3153.484130859375,2.822083897978848
2460360.569367871,3159.9369303385415,2.823643952024875
2460360.576312425,3170.0187174479165,2.8295817538697468
2460360.58325698,3169.4567057291665,2.8281607435280733
2460360.5902015343,3175.2095540364585,2.8304840831253686
2460360.5971460887,3177.436279296875,2.8311581590684036
2460360.6040906436,3188.9034016927085,2.8346961458472646
2460360.6110351984,3196.7203776041665,2.8382495774856658
2460360.617979753,3198.3115234375,2.838896510430587
2460360.6249243077,3209.0321451822915,2.8436579105758124
2460360.6318688625,3207.8120930989585,2.8432636725170934
2460360.6388134174,3222.1300455729165,2.848413259346447
2460360.6457579727,3225.3404947916665,2.8504703554255957
2460360.6527025276,3227.88232421875,2.851695791618022
2460360.659647083,3227.19921875,2.8510683234367273
2460360.6665916382,3225.527587890625,2.849736391087461
2460360.673536194,3231.4130045572915,2.852954353209189
2460360.680480749,3229.6078287760415,2.8521888766532864
2460360.687425304,3226.4065755208335,2.850670743896453
2460360.69436986,3225.7577311197915,2.850612524944242
2460360.7013144153,3230.3765462239585,2.8516612129769974
2460360.708258971,3221.47021484375,2.848730870189581
2460360.715203527,3225.4521484375,2.8512730847340095
2460360.7221480827,3221.956787109375,2.848649213381401
2460360.7290926385,3223.2635904947915,2.8501146701885065
2460360.7360371943,3215.80322265625,2.845785126054516
2460360.7429817505,3220.6697591145835,2.847924552608289
2460360.749926307,3216.4456380208335,2.8459193298731313
2460360.7568708626,3216.6521809895835,2.8489203980267503
2460360.7638154184,3217.6644694010415,2.846216466276857
2460360.770759975,3226.9659016927085,2.8514468662546117
2460360.7777045313,3214.6953125,2.8450465056079692
2460360.7846490876,3218.0515950520835,2.8464381962278087
2460360.7915936443,3224.6687825520835,2.8502964431583213
2460360.7985382006,3218.552001953125,2.848046101983652
2460360.8054827573,3217.642822265625,2.8468330869030374
2460360.812427314,3221.9444173177085,2.8487758176617315
2460360.8193718707,3221.85546875,2.8473742889919076
2460360.8263164274,3213.7881673177085,2.8470456086314826
2460360.8332609846,3208.9087727864585,2.84411255792153
2460360.8402055413,3199.5750325520835,2.8411031835131184
2460360.8471500985,3191.300537109375,2.8362730426120906
2460360.8540946557,3182.636474609375,2.834095114529848
2460360.861039213,3182.756103515625,2.8326359977262325
2460360.86798377,3171.4546712239585,2.8300756831804432
2460360.8749283273,3168.9413248697915,2.827914728146619
2460360.881872885,3171.4080403645835,2.828235522254112
2460360.888817442,3162.6818033854165,2.824680842956879
2460360.8957619993,3159.7483723958335,2.8261049124900963
2460360.902706557,3153.4559733072915,2.8216253114395022
2460360.9096511146,3153.4769694010415,2.8237646458312025
2460360.9165956723,3155.17236328125,2.8213422428074577
2460360.92354023,3147.1751302083335,2.8203908432913374
2460360.930484788,3140.8614095052085,2.815866424203636
2460360.9374293457,3142.1844889322915,2.817423268568976
2460360.944373904,3143.516845703125,2.8174819195235354
2460360.951318462,3143.060791015625,2.817117047181283
2460360.95826302,3148.0013020833335,2.819363603542571
2460360.965207578,3146.3699544270835,2.8179371400495534
2460360.9721521363,3142.8211263020835,2.8164860992358203
2460360.979096695,3147.8921712239585,2.819050630924854
2460360.986041253,3146.005859375,2.8185562127278447
2460360.992985811,3149.738525390625,2.8200827020617276
2460360.99993037,3146.7120768229165,2.8198201604088804
2460361.0068749283,3150.13818359375,2.8204462460772333
2460361.0138194873,3147.7892252604165,2.8206452466916834
2460361.020764046,3151.5423990885415,2.822075298197674
2460361.0277086045,3151.6707356770835,2.8200892698621374
2460361.034653164,3148.093994140625,2.820497615100038
2460361.0415977226,3155.3033854166665,2.8212949288873843
2460361.048542281,3154.901611328125,2.821630818444698
2460361.0554868407,3158.2154947916665,2.8228004035951497
2460361.0624314,3156.9198404947915,2.8222894798675866
2460361.0693759588,3158.29150390625,2.8228675727647103
2460361.0763205183,3160.243408203125,2.826955445564412
2460361.083265078,3163.47216796875,2.824683162892152
2460361.090209637,3163.2928873697915,2.8260944918890707
2460361.0971541964,3162.3323567708335,2.8248158809053603
2460361.104098756,3160.1027018229165,2.82351442972223
2460361.1110433154,3163.185791015625,2.827053232801415
2460361.1179878754,3168.2504069010415,2.827239866891139
2460361.124932435,3170.2369791666665,2.8281421804207554
2460361.1318769944,3172.4552408854165,2.8284889893555403
2460361.138821555,3176.5858561197915,2.830511752258794
2460361.1457661144,3174.6366373697915,2.830130386264224
2460361.152710675,3174.3821614583335,2.8302614585085846
2460361.1596552343,3170.120361328125,2.8277204956695763
2460361.1665997948,3166.258544921875,2.826242501436301
2460361.173544355,3169.99755859375,2.827536733635059
2460361.180488915,3171.2664388020835,2.8285325821889358
2460361.1874334756,3176.330810546875,2.829974776802398
2460361.194378036,3176.59765625,2.8309156667299806
2460361.2013225965,3179.8186848958335,2.8322480643836645
2460361.208267157,3178.8511555989585,2.83246210432474
2460361.215211718,3181.2652994791665,2.8311014439647444
2460361.2221562783,3176.6251627604165,2.8310326055423274
2460361.2291008397,3173.128662109375,2.8324741954412507
2460361.2360454,3180.4344075520835,2.8321893982236817
2460361.242989961,3179.45361328125,2.831773994547289
2460361.249934522,3181.032470703125,2.833304756826484
2460361.2568790833,3182.181640625,2.8325477933947485
2460361.2638236447,3175.8941243489585,2.8300037686780137
2460361.270768205,3179.501708984375,2.831549451540516
2460361.2777127665,3169.2037760416665,2.8284151875038748
2460361.284657328,3170.2967936197915,2.8272302525189716
2460361.2916018893,3166.8016764322915,2.827052685313086
2460361.2985464507,3166.8892415364585,2.826079940786915
2460361.305491012,3148.1194661458335,2.8198626734807584
2460361.3124355744,3145.26220703125,2.8171129101965473
2460361.3193801357,3134.0594075520835,2.813897982924344
2460361.3263246976,3127.235107421875,2.8102785158147703
2460361.3332692594,3120.1470540364585,2.8077670481274715
2460361.340213821,3113.220947265625,2.805545271495538
2460361.347158383,3105.0061848958335,2.802503211100966
2460361.3541029454,3086.5599772135415,2.7937815762969707
2460361.361047507,3080.1956380208335,2.7920310695074835
2460361.3679920696,3072.590087890625,2.7878747690815704
2460361.3749366314,3057.6629231770835,2.7821083915317177
2460361.381881194,3052.7847493489585,2.7795504420750934
2460361.388825756,3048.3406575520835,2.7777200235519204
2460361.395770319,3038.9922688802085,2.774830894396908
2460361.4027148816,3034.3289388020835,2.772707927590647
2460361.409659444,3030.425537109375,2.770958827924216
2460361.4166040067,3018.1912434895835,2.766397314239502
2460361.4235485694,3017.6630045572915,2.7670183074427332
2460361.430493132,3013.140380859375,2.765159022031826
2460361.437437695,3003.6953125,2.760362011077645
2460361.444382258,3005.7228190104165,2.7631489010806103
2460361.451326821,3002.1689453125,2.7593663289887993
2460361.4582713842,2995.5482584635415,2.7563508844714772
2460361.4652159475,2994.1592610677085,2.7565165769057707
2460361.4721605107,2991.529296875,2.7551616422103393
2460361.4791050735,2984.437255859375,2.7522962173010117
2460361.486049637,2983.6140950520835,2.751548784027668
2460361.4929942004,2980.892822265625,2.7514081647955266
2460361.499938764,2985.052490234375,2.7551634365842115
2460361.506883328,2988.8146158854165,2.754548303041089
2460361.5138278916,2994.560791015625,2.757435567796994
2460361.5207724553,2992.8411458333335,2.7550951822955123
2460361.5277170185,2996.0945638020835,2.756315725401213
2460361.5346615827,2997.9764811197915,2.7585624948005854
2460361.5416061464,2993.640625,2.757018007953887
2460361.5485507105,3002.4085286458335,2.759485945441714
2460361.5554952747,3003.539794921875,2.760048431594738
2460361.562439839,3004.824462890625,2.760030518118024
2460361.569384403,3008.192138671875,2.76342874966098
2460361.576328967,3008.4059244791665,2.7626572680318655
2460361.5832735314,3006.6881510416665,2.7613316204339537
2460361.5902180965,3020.3570963541665,2.7661720245702934
2460361.5971626607,3023.4752604166665,2.7685301505464928
2460361.604107225,3028.32421875,2.770850857387098
2460361.61105179,3033.6219075520835,2.773249707062232
2460361.617996355,3039.4269205729165,2.7748238220078765
2460361.624940919,3050.1720377604165,2.779691126054862
2460361.631885484,3044.529052734375,2.7763180784669577
2460361.638830049,3053.7527669270835,2.7806163157080834
2460361.645774614,3054.9298502604165,2.7804694601117372
2460361.6527191787,3059.693603515625,2.7829150874076674
2460361.6596637443,3069.76708984375,2.787351157758994
2460361.6666083094,3072.02001953125,2.789893442430477
2460361.673552875,3079.5336100260415,2.79087605791007
2460361.68049744,3078.154541015625,2.793184343879192
2460361.687442005,3073.69287109375,2.7885436514058193
2460361.694386571,3067.536865234375,2.788230514327154
2460361.7013311363,3065.625,2.7845985479728306
2460361.7082757023,3064.3438313802085,2.7840994353415627
2460361.7152202674,3062.646240234375,2.7846258921327576
2460361.7221648335,3066.4427897135415,2.7846485469934765
2460361.7291093995,3061.8550618489585,2.7835451617078557
2460361.736053965,3062.1767578125,2.7835219771636073
2460361.742998531,3047.9281412760415,2.77953116430435
2460361.749943097,3047.845947265625,2.7796130929884844
2460361.756887663,3047.0521647135415,2.778215448851615
2460361.7638322297,3042.386474609375,2.7755125952465156
2460361.7707767957,3041.908203125,2.7783682921097577
2460361.777721362,3041.4688313802085,2.7763349710555096
2460361.7846659287,3044.8641764322915,2.7789082949795447
2460361.7916104947,3039.3627115885415,2.774603857243418
2460361.7985550617,3042.8914388020835,2.7767576877872955
2460361.805499628,3046.5052083333335,2.7792132900855955
2460361.8124441947,3050.7239583333335,2.780822625612233
2460361.8193887617,3043.32666015625,2.776931638851133
2460361.8263333286,3036.8856608072915,2.774989041289311
2460361.8332778956,3031.1172688802085,2.7715348969509885
2460361.8402224625,3028.1686197916665,2.7705828240273562
2460361.8471670295,3020.2002766927085,2.7677491688414992
2460361.8541115965,3022.1885579427085,2.767727801187538
2460361.861056164,3020.1378580729165,2.766831040521554
2460361.868000731,3011.1800130208335,2.763243032674201
2460361.8749452983,3004.446533203125,2.7609191574404353
2460361.8818898653,3005.6814778645835,2.76161311753364
2460361.888834433,2994.6634928385415,2.756199972037933
2460361.8957790006,2990.880859375,2.7561197340222034
2460361.902723568,2993.3121744791665,2.7557321104212824
2460361.9096681364,2985.8528645833335,2.752892928546475
2460361.916612704,2982.0055338541665,2.753073810714374
2460361.9235572717,2977.7264811197915,2.7491297195810405
2460361.9305018396,2977.87451171875,2.7504413307279685
2460361.9374464075,2975.5689290364585,2.751217259570821
2460361.9443909754,2967.5517578125,2.7466979160771974
2460361.9513355438,2966.1018880208335,2.745429461048589
2460361.958280112,2969.78466796875,2.745417495157515
2460361.96522468,2973.3382975260415,2.747536439302658
2460361.9721692484,2973.548583984375,2.7474332552018375
2460361.979113817,2977.6588541666665,2.7489061606372345
2460361.9860583856,2983.55224609375,2.752697351798828
2460361.993002954,2982.7039388020835,2.7519984602756047
2460361.9999475223,2982.685546875,2.7511093214154863
2460362.006892091,2985.3570963541665,2.7528021638854425
2460362.01383666,2991.1299641927085,2.755991855399287
2460362.0207812293,2989.3247884114585,2.755337042053201
2460362.027725798,2997.0155436197915,2.75699880420715
2460362.034670367,3004.546142578125,2.760610193205135
2460362.041614936,3007.7515462239585,2.764348061644492
2460362.048559505,3006.1058756510415,2.7611197110865935
2460362.0555040743,3009.9873860677085,2.7636679384012552
2460362.0624486436,3010.8982747395835,2.762822203841493
2460362.0693932134,3016.8311360677085,2.766075369098868
2460362.076337782,3023.60498046875,2.7678321375495485
2460362.0832823515,3020.281005859375,2.766679412952186
2460362.0902269217,3030.979248046875,2.7724628346714595
2460362.097171491,3034.084228515625,2.7723812436106616
2460362.1041160612,3032.0619303385415,2.7727109820009743
2460362.1110606305,3034.6350911458335,2.772591257090586
2460362.118005198,3039.0867513020835,2.7741218089573745
2460362.124949766,3032.2696126302085,2.770960221263355
2460362.1318943365,3037.6513671875,2.7736975296313022
2460362.138838906,3034.0990397135415,2.771984253196582
2460362.145783476,3033.25390625,2.77166514137267
2460362.1527280468,3029.642822265625,2.7707743599842303
2460362.1596726165,3028.2964680989585,2.769960398975147
2460362.166617187,3028.1732584635415,2.7724247059610767
2460362.1735617574,3022.6558430989585,2.7684237514987093
2460362.180506328,3026.9976399739585,2.7729675819634356
2460362.187450899,3026.6390787760415,2.773130405500588
2460362.1943954695,3022.9518229166665,2.7687834515498193
2460362.20134004,3024.9868977864585,2.770061852295035
2460362.208284611,3022.791015625,2.7673939671328203
2460362.215229182,3017.1394856770835,2.7665543372545343
2460362.2221737527,3017.771728515625,2.7664095159985234
2460362.2291183234,3017.5230305989585,2.76828737702971
2460362.236062895,3014.7871907552085,2.7655186897316315
2460362.243007466,3015.6744791666665,2.764597733411342
2460362.2499520374,3017.120361328125,2.764990333819918
2460362.2568966085,3015.2596842447915,2.764342658119197
2460362.26384118,3007.0814615885415,2.7628148644784285
2460362.2707857513,3006.3463541666665,2.763778278892364
2460362.277730323,3004.3890787760415,2.7604631870733107
2460362.2846748945,3000.1298828125,2.7586050315259683
2460362.291619466,2988.4088541666665,2.7547260956364963
2460362.2985640382,2983.824462890625,2.753287780166336
2460362.30550861,2980.30029296875,2.7515506114712216
2460362.312453182,2971.0775553385415,2.7465612349744712
2460362.3193977536,2969.9607747395835,2.7488994392710073
2460362.326342326,2961.065185546875,2.743789272498215
2460362.3332868977,2957.2671712239585,2.7426660659868953
2460362.3402314703,2948.0030110677085,2.737302680156501
2460362.347176043,2945.3208821614585,2.7361624309345327
2460362.3541206145,2931.2465006510415,2.7296361161997935
2460362.361065187,2924.533447265625,2.7275794423337456
2460362.3680097596,2922.9413248697915,2.727128127020529
2460362.374954332,2914.613037109375,2.72383075713028
2460362.3818989047,2907.9170735677085,2.721414891365619
2460362.388843478,2904.4706217447915,2.719497894715387
2460362.3957880507,2899.2574055989585,2.716455849828
2460362.4027326233,2888.2747395833335,2.7117447455719255
2460362.4096771963,2893.1434733072915,2.7143431501956514
2460362.4166217693,2885.7423502604165,2.712767493353629
2460362.423566342,2888.8111165364585,2.7126169111286713
2460362.430510916,2881.224365234375,2.709230653781189
2460362.437455489,2878.1703287760415,2.7094741047521347
2460362.4444000623,2869.0579427083335,2.705025907043002
2460362.451344636,2870.6881510416665,2.7051925134983805
2460362.4582892093,2865.47509765625,2.702602766133427
2460362.465233783,2861.182861328125,2.7012409231940873
2460362.4721783563,2869.9043782552085,2.7043581422354124
2460362.4791229297,2863.7970377604165,2.7042721689459808
2460362.4860675037,2863.1563313802085,2.7015492586795697
2460362.4930120776,2863.8763834635415,2.7017394882132333
2460362.4999566516,2865.4491373697915,2.70386830905089
2460362.5069012255,2869.4808756510415,2.7039508905392773
2460362.5138457995,2867.8499348958335,2.7042138267085014
2460362.520790374,2862.1805013020835,2.701227292835137
2460362.527734948,2864.644775390625,2.704235336245374
2460362.5346795223,2865.7884928385415,2.7054180859521235
2460362.5416240967,2871.0257161458335,2.7054003647869838
2460362.548568671,2868.8895670572915,2.705888511149269
2460362.5555132455,2868.766845703125,2.7055446676340384
2460362.5624578204,2868.3836263020835,2.7035734380305207
2460362.569402395,2870.6651204427085,2.704837395187544
2460362.576346969,2872.9209798177085,2.707096567359134
2460362.583291544,2872.3319498697915,2.7066861584010713
2460362.5902361195,2874.0323079427085,2.707272898127195
2460362.5971806943,2874.7347819010415,2.7060093508420757
2460362.6041252688,2875.6128743489585,2.70849315787242
2460362.6110698446,2875.5592447916665,2.7100223354074697
2460362.6180144195,2880.7635091145835,2.709617702410725
2460362.6249589953,2886.7814127604165,2.712967276708678
2460362.63190357,2885.9154459635415,2.7126957636100975
2460362.638848146,2892.6133626302085,2.7147249773427204
2460362.645792721,2896.8916829427085,2.715721636510047
2460362.6527372967,2902.0812174479165,2.7187457369260453
2460362.6596818725,2899.0235188802085,2.7164419722976336
2460362.666626448,2900.0206705729165,2.718415519981089
2460362.6735710236,2895.0072428385415,2.715365127465692
2460362.6805156,2897.3134765625,2.718177825533394
2460362.6874601752,2891.2967122395835,2.7137063035046594
2460362.6944047515,2889.4339192708335,2.7135746461900507
2460362.701349328,2887.029296875,2.711956559294373
2460362.708293904,2885.9198404947915,2.7121585398027706
2460362.7152384804,2879.54443359375,2.70966404276473
2460362.7221830566,2885.258056640625,2.711011310600622
2460362.729127633,2881.4951171875,2.7113460978847255
2460362.736072209,2880.1432291666665,2.7096445311833772
2460362.7430167855,2880.8744303385415,2.709605197187868
2460362.7499613627,2875.8417154947915,2.707123626449501
2460362.756905939,2874.8726399739585,2.707062678698278
2460362.763850516,2874.8106282552085,2.7083149299359675
2460362.7707950925,2875.2259114583335,2.705965992192666
2460362.7777396697,2873.335205078125,2.7067377271672863
2460362.784684247,2867.45947265625,2.7062379995622243
2460362.7916288236,2868.254150390625,2.702971677152156
2460362.798573401,2867.47607421875,2.7033873622529616
2460362.805517978,2863.8868001302085,2.7022340320460025
2460362.8124625552,2854.713134765625,2.697892053250054
2460362.819407133,2856.3631998697915,2.699244786411553
2460362.82635171,2848.1904296875,2.6957946272174937
2460362.833296288,2852.7681477864585,2.6969186530089346
2460362.8402408655,2845.2058919270835,2.696927422561794
2460362.8471854436,2847.7884928385415,2.696711443197245
2460362.854130021,2845.666015625,2.6943454726659906
2460362.861074599,2842.2318522135415,2.6938789715602316
2460362.8680191766,2835.3258463541665,2.6923472021572823
2460362.874963755,2825.2406412760415,2.685831498591069
2460362.8819083325,2828.2838541666665,2.6870860867134763
2460362.8888529106,2823.7559407552085,2.6861644941272673
2460362.895797489,2821.7255045572915,2.6837653867146654
2460362.9027420674,2815.89794921875,2.6824467254677913
2460362.909686646,2814.6458333333335,2.6811900161593987
2460362.916631224,2807.432861328125,2.6782615462423447
2460362.9235758022,2807.4348958333335,2.678991186023699
2460362.9305203813,2793.4852701822915,2.6723054913686703
2460362.93746496,2792.76953125,2.671943050459241
2460362.9444095385,2789.9306640625,2.671687084485919
2460362.9513541176,2786.6385904947915,2.669313620449071
2460362.9582986967,2786.7670084635415,2.6707014532244706
2460362.9652432757,2789.2940266927085,2.6726611924462933
2460362.972187855,2795.23046875,2.6742807825663255
2460362.979132434,2803.7115885416665,2.677704421516497
2460362.986077013,2803.3809407552085,2.6776603012182636
2460362.9930215925,2806.8988444010415,2.6780567516695757
2460362.9999661716,2806.7843424479165,2.6782088089065144
2460363.006910751,2811.0546875,2.680338108900241
2460363.0138553306,2812.8384602864585,2.6815617282183974
2460363.0207999106,2815.8394368489585,2.683313995573874
2460363.02774449,2821.2191569010415,2.684390898898343
2460363.0346890697,2828.0345865885415,2.6866274356700615
2460363.0416336497,2834.2615559895835,2.6893548908257223
2460363.0485782297,2841.919677734375,2.69271806426452
2460363.0555228097,2844.7754720052085,2.6946892943830036
2460363.0624673897,2849.875244140625,2.697458165737421
2460363.0694119697,2847.507080078125,2.695224256942188
2460363.07635655,2845.4092610677085,2.69702302085488
2460363.0833011307,2851.19775390625,2.6977155478839943
2460363.0902457107,2843.8509114583335,2.695270857987786
2460363.097190291,2839.058349609375,2.6919797306886823
2460363.104134872,2842.6100260416665,2.696694415266537
2460363.1110794526,2843.760986328125,2.6927699783933874
2460363.118024033,2841.08837890625,2.6941711198161395
2460363.124968614,2835.0338541666665,2.6896274216319678
2460363.1319131944,2830.3806966145835,2.688707739966857
2460363.138857776,2826.7802734375,2.6883692055839803
2460363.145802357,2816.4718424479165,2.682905999137747
2460363.1527469377,2814.635009765625,2.682396599843806
2460363.1596915196,2811.692626953125,2.681005670106987
2460363.1666361,2807.760498046875,2.680632976450133
2460363.1735806814,2804.2058919270835,2.6783058563742475
2460363.1805252633,2799.150146484375,2.6763383365407303
2460363.1874698442,2798.8710123697915,2.6779232015002257
2460363.194414426,2794.0288899739585,2.6747068410067754
2460363.2013590075,2794.9661458333335,2.674941472270394
2460363.2083035894,2792.6324055989585,2.672419949249573
2460363.2152481712,2791.1166178385415,2.674145280369465
2460363.222192753,2791.3984375,2.671492437991074
2460363.229137335,2790.9803059895835,2.671911452500325
2460363.2360819173,2792.1470540364585,2.6729625829159964
2460363.243026499,2792.1248372395835,2.674182803039392
2460363.249971081,2787.1092936197915,2.672414417163488
2460363.256915664,2788.4032389322915,2.6700122933210513
2460363.2638602457,2784.8668619791665,2.670397594593091
2460363.2708048285,2783.0834147135415,2.668863079145702
2460363.277749411,2776.8199869791665,2.666870121592557
2460363.284693993,2773.313232421875,2.664393099140929
2460363.291638576,2768.5821940104165,2.662653748696163
2460363.2985831588,2769.3296712239585,2.662223212363737
2460363.3055277416,2762.9491373697915,2.661255271773441
2460363.3124723244,2754.902099609375,2.657763846593764
2460363.3194169076,2750.234375,2.6549977403153338
2460363.3263614904,2745.0520833333335,2.65295386256521
2460363.3333060737,2737.5401204427085,2.649125020502535
2460363.340250657,2735.0091145833335,2.648133386116022
2460363.34719524,2731.856201171875,2.6498452713548106
2460363.354139824,2725.8391927083335,2.643385054005978
2460363.3610844067,2720.462890625,2.6434080179375106
2460363.3680289905,2709.4930013020835,2.636532305053962
2460363.374973574,2708.7109375,2.6359926023866342
2460363.381918158,2698.7578125,2.6323673731471335
2460363.3888627416,2700.81591796875,2.633196766139491
2460363.3958073254,2695.6520182291665,2.630818535615665
2460363.4027519096,2697.0984700520835,2.6334000909911595
2460363.4096964933,2695.802978515625,2.6312104656603004
2460363.4166410775,2694.66748046875,2.630313831374844
2460363.423585661,2691.8914388020835,2.630526807657287
2460363.4305302463,2694.1324869791665,2.6310146383854525
2460363.4374748305,2694.2225748697915,2.629665705884991
2460363.4444194143,2690.5042317708335,2.628482805291306
2460363.4513639994,2693.8588053385415,2.629273831922465
2460363.4583085836,2690.45947265625,2.6291873992872596
2460363.4652531687,2694.8795572916665,2.6306347759315094
2460363.472197753,2685.3192545572915,2.625432369758354
2460363.479142338,2688.2381184895835,2.6297616650665687
2460363.486086923,2686.3240559895835,2.6281519503359605
2460363.493031508,2683.8208821614585,2.6251322504604837
2460363.499976093,2690.9403483072915,2.630758753515351
2460363.506920678,2686.5628255208335,2.629818269945512
2460363.513865263,2686.1197916666665,2.6287599016042904
2460363.5208098483,2682.9038899739585,2.625558250721648
2460363.527754434,2679.0142415364585,2.6252704154857334
2460363.5346990195,2678.932861328125,2.6241919908682383
2460363.541643605,2677.72216796875,2.6228964862759376
2460363.5485881907,2679.47021484375,2.623644940917455
2460363.5555327763,2679.1673990885415,2.6228130367563307
2460363.5624773623,2679.177734375,2.623764592063899
2460363.569421948,2680.4154459635415,2.6252159479980643
2460363.576366534,2678.6632486979165,2.6229372632724846
2460363.58331112,2683.32421875,2.6256828877378298
2460363.5902557056,2683.7184244791665,2.6261497249685712
2460363.5972002926,2683.42919921875,2.6264331924222626
2460363.604144878,2685.7088216145835,2.627326797578892
2460363.6110894647,2683.3119303385415,2.624912442430037
2460363.6180340513,2683.986572265625,2.625921595443732
2460363.624978638,2688.82861328125,2.6276215390148563
2460363.6319232243,2687.5884602864585,2.627450241118674
2460363.6388678113,2685.1226399739585,2.626199257778357
2460363.645812398,2690.3694661458335,2.628895429839757
2460363.652756985,2690.529296875,2.6277198206979784
2460363.6597015723,2688.9214680989585,2.631163762642728
2460363.6666461583,2688.3307291666665,2.627726806235265
2460363.673590746,2686.9314778645835,2.6263929860084363
2460363.6805353328,2682.997314453125,2.6256880146953616
2460363.68747992,2683.02734375,2.6244812379214197
2460363.6944245077,2679.8157552083335,2.625810243618054
2460363.701369095,2685.7150065104165,2.626123272010425
2460363.7083136826,2679.2647298177085,2.6230387643232485
2460363.71525827,2682.0377604166665,2.6261526349346647
2460363.7222028575,2680.2193196614585,2.6248802039908474
2460363.7291474454,2678.6097005208335,2.624585521165511
2460363.7360920333,2675.531982421875,2.622448146585338
2460363.743036621,2674.9754231770835,2.622374078816586
2460363.749981209,2670.271728515625,2.620296145114863
2460363.756925797,2668.759765625,2.6191306180907525
2460363.763870385,2666.8685709635415,2.6199719619251365
2460363.7708149734,2666.9478352864585,2.618774354039544
2460363.777759562,2673.4563802083335,2.6201690855320363
2460363.78470415,2667.3776041666665,2.6187249096000134
2460363.7916487386,2662.6875813802085,2.6162460608517937
2460363.7985933274,2663.1974283854165,2.6173141303394143
2460363.805537916,2657.40869140625,2.615557988735014
2460363.8124825046,2653.7677408854165,2.6123100235774968
2460363.819427093,2653.7217610677085,2.614417614554108
2460363.8263716823,2653.6167805989585,2.615174274190887
2460363.833316271,2655.043212890625,2.6139911836148064
2460363.84026086,2653.25634765625,2.6122864134011627
2460363.8472054494,2648.0665690104165,2.6109257643819346
2460363.8541500387,2641.343505859375,2.609253957636258
2460363.861094628,2638.62451171875,2.6070066465793436
2460363.8680392173,2640.03759765625,2.6061459343969013
2460363.8749838066,2635.25341796875,2.604602340569918
2460363.881928396,2633.7262369791665,2.6041675842963143
2460363.8888729857,2630.3943684895835,2.6048422573015966
2460363.8958175755,2620.5341796875,2.5984420184376487
2460363.902762164,2618.9784342447915,2.598292947158705
2460363.9097067514,2618.9191080729165,2.598576545722429
2460363.9166513416,2615.0279134114585,2.5987498935588023
2460363.923595932,2614.2633463541665,2.595084722302111
2460363.930540521,2605.58203125,2.59125888146946
2460363.937485112,2611.849609375,2.5950218708632726
2460363.944429702,2604.3505045572915,2.5914927657955005
2460363.9513742924,2604.2111002604165,2.5908071908726344
2460363.9583188836,2604.6813151041665,2.593727335300264
2460363.9652634733,2604.0674641927085,2.5903733002707496
2460363.9722080645,2602.5747884114585,2.5913215991823764
2460363.979152655,2599.556396484375,2.5905236013377078
2460363.986097246,2603.4701334635415,2.591919841763067
2460363.9930418367,2604.4609375,2.589885929076774
2460363.999986428,2602.10595703125,2.59057850635326
2460364.0069310185,2599.8639322916665,2.587963128176065
2460364.0138756097,2601.7880045572915,2.589874769512664
2460364.0208202014,2604.9418131510415,2.592385004547203
2460364.0277647926,2603.667724609375,2.5900340477513035
2460364.0347093837,2609.4839680989585,2.5928435136949965
2460364.0416539754,2611.3798828125,2.593456394592636
2460364.0485985666,2614.412353515625,2.597776507230454
2460364.055543158,2610.061767578125,2.5932652813257007
2460364.0624877503,2609.2500813802085,2.5939433322134904
2460364.069432342,2612.1092122395835,2.594066936991366
2460364.0763769336,2609.719970703125,2.5935857759770573
2460364.083321526,2608.8247884114585,2.59270873192892
2460364.090266118,2606.1703287760415,2.593877284285816
2460364.0972107104,2601.8501790364585,2.5908086554724066
2460364.1041553025,2600.3583170572915,2.588479432076439
2460364.1110998946,2594.5396321614585,2.587224503310791
2460364.1180444877,2591.2801106770835,2.5852250123851497
2460364.1249890793,2593.9164225260415,2.587093942146561
2460364.1319336724,2586.2583821614585,2.585103211276272
2460364.138878265,2588.1874186197915,2.584553005698518
2460364.145822858,2584.1585286458335,2.5815286195478615
2460364.152767451,2582.26123046875,2.581279740621374
2460364.159712043,2571.212158203125,2.577404595000569
2460364.166656636,2570.1100260416665,2.57631474133866
2460364.173601229,2572.7267252604165,2.5762656056166304
2460364.180545823,2566.01953125,2.5749141741647636
2460364.187490416,2564.5763346354165,2.576156629743639
2460364.1944350093,2560.7674153645835,2.5728689689102313
2460364.201379603,2558.1051432291665,2.570598710120271
2460364.2083241963,2559.198486328125,2.570992016607595
2460364.21526879,2557.3954264322915,2.5708069444078956
2460364.2222133833,2550.6158854166665,2.567230853888797
2460364.2291579773,2549.7974446614585,2.569506523071174
2460364.2361025712,2548.5358072916665,2.5662668212998403
2460364.243047165,2541.5418294270835,2.562791196659156
2460364.249991759,2541.5226236979165,2.5624976816931215
2460364.256936353,2536.7294921875,2.560599274877842
2460364.2638809476,2540.0817057291665,2.56321949035007
2460364.270825542,2537.3050944010415,2.5614515299130534
2460364.277770136,2536.63818359375,2.5627976528275127
2460364.2847147305,2532.7455240885415,2.56051133352529
2460364.291659325,2532.0104166666665,2.558928907644039
2460364.29860392,2524.9637858072915,2.5565897579363854
2460364.3055485147,2523.1630859375,2.55580841738498
2460364.3124931096,2518.5313313802085,2.5555150336967363
2460364.3194377036,2513.400390625,2.550666685519092
2460364.3263822994,2513.1817220052085,2.550842563858508
2460364.3333268943,2507.838134765625,2.5497364950500554
2460364.340271489,2505.8092447916665,2.5511301834260616
2460364.3472160846,2505.1053059895835,2.550245991613742
2460364.35416068,2498.8292643229165,2.543782981342325
2460364.361105275,2498.7166341145835,2.548072430454427
2460364.368049871,2495.208251953125,2.5446743464594226
2460364.3749944665,2495.6692708333335,2.5437457288189864
2460364.381939062,2491.23779296875,2.5411078076646794
2460364.3888836578,2485.7386067708335,2.5397440514164997
2460364.395828253,2487.1512858072915,2.540507551917736
2460364.40277285,2485.4842122395835,2.538856815520294
2460364.4097174457,2484.42333984375,2.5384868170393733
2460364.4166620416,2481.9013671875,2.5366409832627492
2460364.423606638,2482.62109375,2.537252430263836
2460364.430551234,2481.1874186197915,2.5380343890630046
2460364.4374958305,2479.715087890625,2.5363613539957925
2460364.4444404272,2476.8627115885415,2.5345313790198634
2460364.4513850235,2474.0899251302085,2.5343127125703817
2460364.4583296203,2466.4983723958335,2.5304099389228623
2460364.465274217,2469.7718912760415,2.533534213654637
2460364.472218814,2468.7279459635415,2.5325478826088585
2460364.4791634106,2467.8734537760415,2.5322147669652058
2460364.486108008,2468.1350911458335,2.53111385652126
2460364.493052605,2466.79443359375,2.5330819437516734
2460364.499997202,2456.6043294270835,2.5291295427664333
2460364.506941799,2458.5039876302085,2.5259342956912927
2460364.5138863963,2457.1270345052085,2.525255343494154
2460364.520830994,2458.3814290364585,2.5273496186028015
2460364.5277755912,2457.1236165364585,2.527961944997126
2460364.5347201894,2453.020751953125,2.525054820868949
2460364.5416647866,2451.4998372395835,2.524221966466942
2460364.548609385,2455.1944173177085,2.5250346868745854
2460364.5555539825,2449.9459635416665,2.5230221607378254
2460364.56249858,2448.1027018229165,2.5235617282676737
2460364.569443179,2449.8540852864585,2.5227917208940593
2460364.5763877765,2452.6883951822915,2.5238243533851814
2460364.5833323747,2461.69091796875,2.529612907862635
2460364.590276973,2457.5101725260415,2.5268229438341057
2460364.5972215715,2453.9866536458335,2.525320917219713
2460364.60416617,2457.836181640625,2.52602916224359
2460364.6111107687,2455.4166666666665,2.525781282664218
2460364.6180553674,2458.5916341145835,2.5287865289828204
2460364.624999966,2454.1150716145835,2.526506780808259
2460364.6319445646,2455.3666178385415,2.526830667347844
2460364.6388891637,2456.2066243489585,2.526166218350724
2460364.645833763,2454.6728515625,2.5254829216378627
2460364.6527783615,2454.73681640625,2.526094069965055
2460364.659722961,2451.6365559895835,2.5238945082930404
2460364.66666756,2452.9398600260415,2.5243849654809134
2460364.673612159,2451.1834309895835,2.5242636794715034
2460364.680556759,2449.1659342447915,2.5248761381352676
2460364.6875013583,2449.4405924479165,2.523649449554765
2460364.694445958,2451.483154296875,2.5263869039271296
2460364.7013905575,2451.3853352864585,2.5247594812133785
2460364.7083351575,2449.8157552083335,2.5219224968175107
2460364.7152797575,2447.5807291666665,2.5232618142474625
2460364.7222243575,2450.0702311197915,2.522595329531196
2460364.7291689576,2447.4766438802085,2.5219102058606966
2460364.7361135576,2449.8994140625,2.522869097195573
2460364.7430581576,2450.0728352864585,2.5231401395220163
2460364.750002758,2451.6969401041665,2.522932483892045
2460364.7569473586,2449.6461588541665,2.5234632971591844
2460364.763891959,2450.4407552083335,2.5235883009362508
2460364.77083656,2447.5982259114585,2.5226181257260225
2460364.7777811605,2449.7827962239585,2.5233667025910527
2460364.7847257615,2453.287109375,2.5244806857649578
2460364.791670362,2451.0255533854165,2.5244176696635336
2460364.7986149634,2455.5030110677085,2.52660384896454
2460364.8055595644,2452.14111328125,2.5242170023723935
2460364.8125041653,2456.6675618489585,2.5273117603696424
2460364.8194487668,2450.91015625,2.52446230896538
2460364.826393368,2449.1607259114585,2.521628390415748
2460364.8333379696,2452.793212890625,2.5253070418239276
2460364.840282571,2447.9075520833335,2.5216239634935733
2460364.847227173,2450.70849609375,2.52380119942806
2460364.854171774,2452.0164388020835,2.526139025679347
2460364.8611163762,2457.9806315104165,2.525828966465355
2460364.868060978,2455.6162109375,2.5259380657003647
2460364.87500558,2446.6006673177085,2.522745800492809
2460364.881950182,2444.8798014322915,2.5215085454775057
2460364.8888947843,2450.2411295572915,2.522401349726405
2460364.895839386,2445.5961100260415,2.521338629334992
2460364.9027839885,2448.404052734375,2.5212649857793603
2460364.9097285913,2442.637939453125,2.5208461255136787
2460364.9166731937,2448.9886881510415,2.521409957964179
2460364.9236177965,2445.302490234375,2.5210763697602983
2460364.930562399,2447.1038411458335,2.5211456101539205
2460364.9375070017,2445.982666015625,2.5213099257993754
2460364.9444516045,2447.1861979166665,2.521989712078439
2460364.951396208,2442.5458984375,2.52056087588369
2460364.9583408106,2443.3562825520835,2.519928474473462
2460364.9652854134,2442.7177734375,2.521663181437051
2460364.972230017,2443.265869140625,2.5190267141475533
2460364.97917462,2449.9524739583335,2.5237757838931345
2460364.9861192238,2454.06689453125,2.5266209435107787
2460364.9930638275,2452.8011067708335,2.526230126917387
2460365.000008431,2450.9365234375,2.523216205756106
2460365.0069530345,2451.9086100260415,2.5245202245996348
2460365.0138976383,2449.57666015625,2.522827231667193
2460365.0208422425,2449.6205240885415,2.522869227500494
2460365.027786846,2451.5375162760415,2.5233428899855683
2460365.03473145,2446.487548828125,2.5225088879657194
2460365.0416760542,2449.6102701822915,2.524997476463932
2460365.0486206585,2450.8746744791665,2.523188011046176
2460365.0555652627,2451.952392578125,2.5236322481591027
2460365.062509867,2448.1809895833335,2.5240731854944207
2460365.069454472,2455.923095703125,2.5261543280414225
2460365.0763990763,2454.0335286458335,2.5251710170764805
2460365.083343681,2450.139892578125,2.5239721856014
2460365.0902882856,2455.3772786458335,2.525907698490746
2460365.097232891,2458.6990559895835,2.5264670091330172
2460365.1041774955,2453.4126790364585,2.5243740073069456
2460365.1111221006,2455.9569498697915,2.5266072138375724
2460365.1180667058,2453.046630859375,2.524203872517025
2460365.125011311,2447.9361165364585,2.5236022824794895
2460365.131955916,2451.9205729166665,2.5249000810894144
2460365.1389005217,2447.316650390625,2.521143457537077
2460365.145845127,2451.4994303385415,2.5237854618111366
2460365.152789733,2458.8310546875,2.5279058931734695
2460365.159734338,2461.0218098958335,2.529092439554345
2460365.166678944,2460.9291178385415,2.5269763228116564
2460365.17362355,2462.0979817708335,2.5284635239884863
2460365.1805681563,2457.97998046875,2.527441690623099
2460365.1875127624,2457.0594075520835,2.5268028557285156
2460365.1944573685,2455.0919596354165,2.526293926669839
2460365.2014019745,2454.4539388020835,2.525279327986102
2460365.2083465806,2452.780029296875,2.524032468328923
2460365.215291187,2457.2403971354165,2.5269555425214283
2460365.2222357937,2460.2600911458335,2.526854463369869
2460365.2291804,2459.86962890625,2.5267439952689155
2460365.236125007,2458.2696126302085,2.5265201893938554
2460365.243069614,2453.7916666666665,2.5281591900775635
2460365.2500142204,2450.996826171875,2.5241791580555413
2460365.256958828,2446.037841796875,2.5219041703867133
2460365.2639034344,2452.5767415364585,2.5283589148318177
2460365.2708480414,2452.0078938802085,2.523101279644161
2460365.2777926493,2453.490966796875,2.525817962037599
2460365.284737256,2451.8316243489585,2.5250952421732693
2460365.291681864,2453.381103515625,2.523673906765541
2460365.2986264713,2455.8583984375,2.5264741550973757
2460365.305571079,2455.5836588541665,2.526150807522306
2460365.3125156863,2454.1040852864585,2.5237718837093914
2460365.319460294,2452.9673665364585,2.5244141780717197
2460365.326404902,2450.4883626302085,2.523423133450278
2460365.33334951,2455.6652018229165,2.525059074175132
2460365.340294118,2448.435791015625,2.522430709944538
2460365.3472387264,2449.51708984375,2.525826281419731
2460365.3541833344,2449.1621907552085,2.5234077830894455
2460365.361127943,2448.9468587239585,2.5229156079972848
2460365.368072551,2448.4493001302085,2.5225054515778127
2460365.37501716,2452.598876953125,2.5230596923982853
2460365.3819617685,2452.504150390625,2.525887655634166
2460365.388906377,2454.8603515625,2.5250855882720034
2460365.395850986,2464.674072265625,2.5308289175266006
2460365.4027955947,2455.4913736979165,2.5260357097688906
2460365.4097402035,2458.1573893229165,2.529826692127392
2460365.4166848133,2457.106201171875,2.5260720195087396
2460365.4236294217,2452.0235188802085,2.5238777141177624
2460365.430574031,2455.035400390625,2.5255168810406423
2460365.437518641,2456.525146484375,2.525869621660862
2460365.4444632498,2454.2745768229165,2.5242597789138546
2460365.4514078596,2454.0516764322915,2.5247902448406996
2460365.458352469,2455.0528971354165,2.526662260240236
2460365.4652970787,2457.5043131510415,2.5273004529300582
2460365.4722416885,2458.1136067708335,2.5262507605214197
2460365.4791862983,2455.93212890625,2.5251708469847904
2460365.4861309086,2452.8700358072915,2.523714198831379
2460365.4930755184,2457.5816243489585,2.5261775358555463
2460365.500020128,2452.6643880208335,2.5247363562577285
2460365.506964739,2454.19970703125,2.525110273817078
2460365.513909349,2449.0525716145835,2.5215185410266447
2460365.5208539595,2450.2731119791665,2.5223810070764046
2460365.52779857,2447.090087890625,2.521028827388399
2460365.5347431805,2449.6729329427085,2.522110675478261
2460365.5416877912,2453.456787109375,2.526934060524703
2460365.548632402,2454.638916015625,2.5267070366966613
2460365.555577013,2453.2395833333335,2.528266558984241
2460365.562521624,2459.4153645833335,2.5284463865979263
2460365.5694662347,2461.1529134114585,2.5277801889113145
2460365.5764108463,2459.4352213541665,2.526281932232638
2460365.583355457,2456.82568359375,2.525768997722317
2460365.5903000687,2461.711669921875,2.527545078041667
2460365.5972446795,2459.5900065104165,2.5285700090407084
2460365.604189291,2461.8527018229165,2.5285545279546384
2460365.611133903,2453.9742024739585,2.5271595824843773
2460365.6180785145,2459.3566080729165,2.528111469052791
2460365.625023126,2460.4375813802085,2.529460553171385
2460365.631967738,2459.9002278645835,2.5274296883573197
2460365.63891235,2458.7937825520835,2.5278902678189383
2460365.645856962,2462.3848470052085,2.5285681371813706
2460365.6528015737,2457.3888346354165,2.52809649755482
2460365.6597461863,2457.5553385416665,2.5252701646562623
2460365.6666907985,2466.169677734375,2.530672824210002
2460365.6736354106,2462.4715983072915,2.5295235100872433
2460365.6805800237,2459.9777018229165,2.5296834172987217
2460365.687524636,2458.7805989583335,2.5272980276842123
2460365.694469251,2453.08642578125,2.5233386660912083
2460365.7014138643,2454.8993326822915,2.524372224234479
2460365.708358477,2455.4183756510415,2.5246716672008964
2460365.71530309,2450.76025390625,2.522299819109492
2460365.722247703,2452.7681477864585,2.522879688241724
2460365.729192316,2449.345458984375,2.521316969429868
2460365.736136929,2452.2805989583335,2.5242655693985308
2460365.743081542,2452.5384114583335,2.5234275185826465
2460365.7500261557,2450.091796875,2.5237811895442235
2460365.7569707693,2451.0352376302085,2.52267529468372
2460365.763915383,2450.1542154947915,2.522691363724904
2460365.7708599963,2450.1311848958335,2.5223593246905147
2460365.77780461,2453.93359375,2.524311858318279
2460365.784749224,2453.8622233072915,2.524104837561905
2460365.791693838,2457.5804036458335,2.52578025588381
2460365.798638452,2455.942626953125,2.525654472972928
2460365.8055830654,2459.3326009114585,2.526550780651755
2460365.81252768,2452.1831868489585,2.5249136862660433
2460365.819472294,2456.885498046875,2.5274072990190195
2460365.8264169083,2450.671142578125,2.5243640924901167
2460365.8333615228,2454.511474609375,2.524257930355438
2460365.8403061368,2453.0142415364585,2.5260598234806477
2460365.8472507517,2448.2180989583335,2.5220681018154667
2460365.854195366,2451.8525390625,2.523272874503258
2460365.861139981,2448.4105631510415,2.521350903754898
2460365.868084596,2453.7162272135415,2.5252529426443098
2460365.8750292105,2452.92138671875,2.5249382994640883
2460365.8819738254,2455.3644205729165,2.5253466777456426
2460365.8889184403,2453.305419921875,2.5283555167013305
2460365.8958630557,2449.1455891927085,2.5220113910724087
2460365.902807671,2448.5887858072915,2.5216466044994097
2460365.9097522865,2444.1114095052085,2.5220354441581723
2460365.916696902,2447.6792805989585,2.521790523683502
2460365.9236415173,2442.29736328125,2.5192109681363166
2460365.9305861327,2446.3191731770835,2.5212269428322163
2460365.937530748,2447.5948893229165,2.522634446400439
2460365.944475364,2445.242431640625,2.5210274562290502
2460365.95141998,2448.5283203125,2.5228223358242086
2460365.958364595,2447.3678385416665,2.5228065476690644
2460365.9653092115,2447.8929850260415,2.5220834939859045
2460365.9722538274,2453.4830729166665,2.5253523629526735
2460365.9791984437,2451.0228678385415,2.5229692970720667
2460365.9861430596,2452.7202962239585,2.52485659833425
2460365.993087676,2455.4462076822915,2.5262786872472027
2460366.000032292,2447.7576497395835,2.5239789391142415
2460366.006976909,2448.346435546875,2.5228384724159842
2460366.0139215253,2445.232177734375,2.521016253361694
2460366.020866142,2446.602783203125,2.5212904551991957
2460366.0278107584,2451.2937825520835,2.5231827869578116
2460366.0347553752,2454.530029296875,2.5245321459640966
2460366.041699992,2448.4412434895835,2.522009781323115
2460366.0486446093,2447.6322428385415,2.523633519515686
2460366.055589226,2451.7919108072915,2.52476085212138
2460366.062533843,2451.9623209635415,2.5252424703608054
2460366.06947846,2445.3779296875,2.520869620750786
2460366.0764230774,2448.300537109375,2.5226679203708295
2460366.0833676946,2444.0390625,2.51992510945769
2460366.090312312,2443.317138671875,2.520056222525352
2460366.097256929,2441.7838541666665,2.518786355346743
2460366.1042015473,2439.7727864583335,2.517788725869275
2460366.1111461646,2439.8113606770835,2.518118150134432
2460366.1180907823,2438.0897623697915,2.5192894903062895
2460366.1250354,2434.62890625,2.5167344520045103
2460366.1319800173,2438.9681803385415,2.5181218574641164
2460366.138924636,2441.3003743489585,2.518440436962091
2460366.1458692537,2438.8546549479165,2.5176620678543435
2460366.152813872,2440.4554850260415,2.518103801590004
2460366.1597584896,2436.572509765625,2.5175913525689597
2460366.166703108,2440.4656575520835,2.5189465645159554
2460366.173647726,2436.7408040364585,2.517596879032165
2460366.1805923446,2443.5384114583335,2.521666797432396
2460366.187536963,2442.6949055989585,2.5186250753832016
2460366.1944815814,2439.170166015625,2.5195581814411754
2460366.2014262,2437.8328450520835,2.517274884118504
2460366.2083708183,2444.66064453125,2.522540829961114
2460366.2153154374,2441.1300455729165,2.5188060437780213
2460366.222260056,2443.7373046875,2.5208602826794926
2460366.2292046747,2448.264892578125,2.5211882904746328
2460366.2361492934,2444.973876953125,2.520857268105013
2460366.2430939125,2439.047607421875,2.517245635876979
2460366.2500385316,2436.4939778645835,2.5167610773066613
2460366.2569831507,2429.9354654947915,2.513665147537876
2460366.26392777,2431.8744303385415,2.515962882188807
2460366.270872389,2431.9800618489585,2.515302040973007
2460366.277817008,2429.853759765625,2.513277853879266
2460366.2847616277,2437.0706380208335,2.516109391711803
2460366.2917062473,2433.905517578125,2.5153262122897924
2460366.2986508664,2429.1909993489585,2.5132620265527206
2460366.3055954855,2433.4541829427085,2.5159271494309974
2460366.3125401055,2428.60693359375,2.5146901226374867
2460366.319484725,2428.6241048177085,2.5147816970453687
2460366.3264293447,2421.9955240885415,2.5115137408393893
2460366.333373965,2423.633544921875,2.5111412587499475
2460366.340318585,2422.6614583333335,2.512240184087197
2460366.347263204,2422.4374186197915,2.5122897499947983
2460366.3542078244,2431.408447265625,2.514351668725706
2460366.361152444,2432.3768717447915,2.514611577380526
2460366.3680970646,2432.0533040364585,2.515624496883032
2460366.3750416846,2429.600830078125,2.5137250277898926
2460366.3819863047,2428.0450846354165,2.515196930647374
2460366.3889309256,2427.2262369791665,2.5145753485299918
2460366.395875545,2424.38916015625,2.5105924272530005
2460366.4028201657,2428.6210123697915,2.513368462284583
2460366.4097647867,2428.57177734375,2.513448007135289
2460366.4167094068,2428.5188802083335,2.5143605059268346
2460366.4236540273,2436.060546875,2.5160383836542457
2460366.430598648,2426.2010091145835,2.51220045796247
2460366.437543269,2426.4293619791665,2.5115251906812586
2460366.444487889,2426.0506998697915,2.5125842525584847
2460366.45143251,2423.1215006510415,2.5110154333802854
2460366.458377131,2423.39453125,2.5128886440392573
2460366.465321752,2422.7184244791665,2.510895324080438
2460366.4722663723,2423.913330078125,2.5112174162068355
2460366.4792109933,2422.9112955729165,2.5106452477175125
2460366.4861556143,2423.6656901041665,2.5117661352999585
2460366.4931002352,2426.34765625,2.512279284694507
2460366.5000448567,2427.1227213541665,2.5136678664807364
2460366.5069894777,2424.4150390625,2.5113191112250592
2460366.5139340986,2426.0828450520835,2.515790520318952
2460366.5208787196,2422.82373046875,2.5121123103432077
2460366.527823341,2421.5236002604165,2.5090411837006292
2460366.5347679625,2421.3798014322915,2.5095215794917083
2460366.541712584,2420.5685221354165,2.5118383968347535
2460366.5486572054,2419.4619140625,2.508664981827599
2460366.5556018264,2420.0779622395835,2.5097077580894216
2460366.5625464483,2421.005615234375,2.509720557256038
2460366.5694910693,2425.15771484375,2.512212452770853
2460366.576435691,2423.5576171875,2.51155180411891
2460366.5833803127,2423.1155598958335,2.510258037106439
2460366.590324934,2415.35888671875,2.5067496380499352
2460366.597269556,2425.3101399739585,2.5125597687120815
2460366.604214178,2427.47705078125,2.5126151107820243
2460366.6111587994,2421.9541015625,2.510611962030221
2460366.6181034213,2428.4876302083335,2.5130542396394486
2460366.625048043,2424.3878580729165,2.511022618499777
2460366.6319926647,2430.9608561197915,2.5143095994365265
2460366.6389372866,2427.27880859375,2.5117418693222677
2460366.6458819085,2423.4413248697915,2.5099713841302216
2460366.6528265304,2420.3362630208335,2.5093999679380046
2460366.659771153,2424.8431803385415,2.511487201540327
2460366.6667157747,2421.5821126302085,2.5092783070533655
2460366.6736603966,2420.0245768229165,2.508780984274989
2460366.6806050185,2416.98095703125,2.5074812762584497
2460366.687549641,2419.69873046875,2.5087297201746788
2460366.694494263,2414.90869140625,2.5083127314727913
2460366.7014388847,2415.2388509114585,2.506846265880769
2460366.708383507,2410.7421875,2.5070232445313554
2460366.715328129,2409.2910970052085,2.503948267830998
2460366.7222727514,2408.660888671875,2.504124514478597
2460366.7292173738,2411.4503580729165,2.506072195150265
2460366.736161996,2417.4073893229165,2.5072200026503215
2460366.743106618,2416.024658203125,2.5073572687575623
2460366.750051241,2420.8627115885415,2.510433947950809
2460366.756995863,2418.7159830729165,2.5096921955488827
2460366.763940485,2418.7256673177085,2.51000093261264
2460366.7708851076,2418.228271484375,2.5079440431760625
2460366.7778297304,2418.4242350260415,2.5099417695184623
2460366.7847743523,2418.5777994791665,2.508296925811988
2460366.7917189747,2415.6612141927085,2.5100248444489974
2460366.798663597,2420.358154296875,2.511654054390051
2460366.8056082195,2421.6752115885415,2.512851315904911
2460366.812552842,2424.9500325520835,2.5112549847809054
2460366.819497464,2423.8982747395835,2.5103138090450883
2460366.8264420866,2421.109375,2.5097029064634344
2460366.8333867094,2419.1573893229165,2.5093764957243843
2460366.8403313314,2423.9103190104165,2.510799691621395
2460366.847275954,2422.8123372395835,2.512264553358297
2460366.8542205766,2423.4680989583335,2.5108848034304994
2460366.861165199,2422.3272298177085,2.5126542715134166
2460366.868109822,2421.92529296875,2.510528074272674
2460366.8750544437,2422.046875,2.5095982257878067
2460366.8819990666,2420.824462890625,2.5102242766549345
2460366.888943689,2422.0282389322915,2.511877569072375
2460366.895888312,2419.3286946614585,2.5087001417144763
2460366.902832934,2415.4551595052085,2.509930382401253
2460366.909777557,2415.67236328125,2.509734849796328
2460366.916722179,2420.7413736979165,2.511117360365261
2460366.923666802,2416.6768391927085,2.5080944977474258
2460366.930611424,2413.8353678385415,2.5074106796152837
2460366.9375560465,2416.2818196614585,2.5082293149549195
2460366.9445006694,2419.1441243489585,2.5101124123377923
2460366.9514452913,2418.6681315104165,2.508237209852349
2460366.958389914,2415.2495930989585,2.5084379015164684
2460366.9653345365,2416.8190104166665,2.507948663185762
2460366.972279159,2417.9986165364585,2.508882668489409
2460366.9792237817,2412.9420572916665,2.5087029461907684
2460366.9861684036,2413.8082682291665,2.507746711015912
2460366.9931130265,2424.4007975260415,2.513139589525418
2460367.0000576484,2416.4401041666665,2.507834140294275
2460367.0070022712,2424.2450358072915,2.5135150604373733
2460367.013946893,2423.8258463541665,2.5119858098012804
2460367.020891516,2424.4388834635415,2.5149294042253625
2460367.0278361384,2418.731201171875,2.5117562364263595
2460367.0347807608,2419.1441243489585,2.5114568624315927
2460367.0417253827,2420.2945963541665,2.511201660593199
2460367.048670005,2415.5184733072915,2.5092473194720397
2460367.0556146274,2415.1278483072915,2.5064962134004145
2460367.06255925,2410.145263671875,2.505077486083804
2460367.069503872,2418.5428059895835,2.5090986660386387
2460367.076448494,2424.3336588541665,2.5113941492447007
2460367.083393116,2421.4345703125,2.509624703512637
2460367.0903377384,2417.4143880208335,2.507332207749572
2460367.097282361,2414.7097981770835,2.506663459006419
2460367.1042269827,2414.586181640625,2.509007139305823
2460367.1111716046,2403.0591634114585,2.5008966561827077
2460367.118116227,2409.6875,2.5046493548469333
2460367.125060849,2413.8328450520835,2.505487507065521
2460367.1320054713,2415.12060546875,2.5074971310322436
2460367.138950093,2414.4244791666665,2.509720649169722
2460367.145894715,2415.6448567708335,2.5070124111924454
2460367.152839337,2415.9767252604165,2.507980418441751
2460367.159783959,2413.1717122395835,2.5062897392408146
2460367.166728581,2413.7776692708335,2.5065007623666085
2460367.1736732023,2416.3732096354165,2.5081809395837404
2460367.180617824,2413.9156901041665,2.5066024880864743
2460367.1875624456,2408.8846028645835,2.50646176394249
2460367.1945070676,2415.88818359375,2.507775593308857
2460367.2014516895,2415.1798502604165,2.5066242678077546
2460367.208396311,2412.341064453125,2.505777857685414
2460367.2153409324,2416.387939453125,2.508349192284507
2460367.2222855543,2418.3684895833335,2.509745458264073
2460367.2292301753,2419.085693359375,2.508662490214546
2460367.236174797,2415.4816080729165,2.5075540428580383
2460367.2431194186,2421.7310384114585,2.510367549178391
2460367.25006404,2415.0703938802085,2.508236079963087
2460367.257008661,2416.7665201822915,2.5072641162640124
2460367.263953282,2414.9651692708335,2.5075469136537625
2460367.270897904,2412.4969075520835,2.5068406535363046
2460367.277842525,2409.8972981770835,2.5053096368352503
2460367.284787146,2413.054443359375,2.506962439185783
2460367.291731767,2414.2610677083335,2.5086244161474873
2460367.298676388,2409.7377115885415,2.5051317084558167
2460367.3056210093,2411.70068359375,2.50691842722633
2460367.31256563,2408.1768391927085,2.5045939898663336
2460367.319510251,2405.8588053385415,2.502148713683236
2460367.326454872,2409.2433268229165,2.5055598623384627
2460367.333399493,2408.3058268229165,2.506069164952639
2460367.3403441138,2408.3818359375,2.5041261482830213
2460367.347288734,2411.7477213541665,2.5063713831468637
2460367.354233355,2408.2325032552085,2.503779463154544
2460367.3611779753,2416.43115234375,2.5078020744120253
2460367.368122596,2415.6321614583335,2.507882964500626
2460367.375067217,2415.738525390625,2.5077148203013535
2460367.382011837,2417.6328125,2.508872009946549
2460367.3889564574,2413.0732421875,2.506338994587353
2460367.395901078,2420.30078125,2.510471543339567
2460367.4028456975,2421.4068196614585,2.5098875480086935
2460367.409790318,2415.108642578125,2.507796967311511
2460367.416734938,2417.18359375,2.509578923666087
2460367.423679558,2411.0123697916665,2.5058702291023676
2460367.430624178,2416.0855305989585,2.508487797296533
2460367.437568798,2418.5123697916665,2.508024607254273
2460367.444513418,2421.1533203125,2.5094181177312316
2460367.4514580383,2416.7716471354165,2.5089129894332496
2460367.4584026574,2418.3931477864585,2.5081728581174048
2460367.4653472775,2416.400390625,2.5079953461842144
2460367.472291897,2415.7616373697915,2.5075248666964702
2460367.476921643,2407.494873046875,4.3429694175720215
