time,flux,flux_err
2460312.8670129837,3.9143369210905785,2.2926438078096907
2460312.875114638,-1.671533168936619,2.6467858343210904
2460312.8820589134,3.248635675290477,2.6475683461958774
2460312.889003188,0.42757494424790643,2.6462245482051765
2460312.8959474624,-0.7497571856185326,2.6461065025350403
2460312.902891738,-1.4596191704751829,2.6466155079462914
2460312.9098360124,0.05558675229716156,2.6468845514131583
2460312.916780287,1.4791663107916933,2.647563411602549
2460312.9237245615,3.460874023282214,2.6490811915518115
2460312.930668835,0.34988792350804054,2.646601620156886
2460312.937613109,1.4145455962443108,2.6473369746225663
2460312.944557383,0.08292326794565352,2.648494687690258
2460312.9515016573,-5.016405857460937,2.645995009482973
2460312.957288552,-6.032813295024628,3.2422539408141122
2460312.965390205,2.0030111322261392,2.649896528844864
2460312.972334478,-4.692990304151722,2.6457020013727024
2460312.979278752,0.8076582557709624,2.6483278167268915
2460312.9862230252,-0.0681589278780037,2.646498759127264
2460312.9931672984,-3.7566195803111953,2.6468447272743183
2460313.0001115715,-1.079698007988263,2.6463395854994958
2460313.0070558446,-3.135176247514607,2.6460419259714354
2460313.0140001173,1.2719313363323272,2.647605288918704
2460313.0209443904,0.8442445923171743,2.646114990994805
2460313.027888663,0.5300684240086406,2.6469062007185573
2460313.034832936,2.4675963664775633,2.647366561737571
2460313.041777208,-4.547941596721541,2.6436849070254884
2460313.04872148,3.892925568402852,2.648225653272799
2460313.0556657524,3.7408639892538647,2.647674040096502
2460313.062610025,1.2001005314456452,2.6452669768403334
2460313.0695542973,-3.974534851930233,2.6452064135405826
2460313.076498569,1.4416776036731405,2.647013651613722
2460313.0834428407,1.8698309619177664,2.647578858439878
2460313.0903871125,-1.9992721028199205,2.6462368568129766
2460313.097331384,-3.589263700929478,2.645582842483743
2460313.1042756555,-0.4460505568282892,2.6470094015683383
2460313.1112199277,2.0473677792044507,2.647607714276192
2460313.118164199,-0.5108326569747199,2.6484111883877905
2460313.1251084697,0.9763399837864712,2.6468055729839732
2460313.1320527415,4.782392079275478,2.6492667850244587
2460313.1389970123,1.3131092233345754,2.6496763247863555
2460313.145941283,4.428742560258156,2.6498631743829395
2460313.152885554,2.4622825759270017,2.649028625180898
2460313.1598298247,-0.9362242443885105,2.6480013859577114
2460313.1667740955,-1.3332596761189501,2.6487063676975877
2460313.1737183663,-2.845086110272475,2.646330914019291
2460313.180662637,-2.0392769689544177,2.6474412482572096
2460313.187606907,0.0695124305252861,2.6492346065173207
2460313.1945511773,-0.5630509091302742,2.648844457071251
2460313.2014954477,1.9378090550875058,2.650786500352637
2460313.208439718,3.0210210457477773,2.6501472174708085
2460313.2153839883,1.1258980918955899,2.6509077264927603
2460313.222328258,-0.5855905533375747,2.649436745483578
2460313.229272528,-6.296327696345249,2.6466409394845383
2460313.236216798,-3.975341993718585,2.646402380233793
2460313.243161068,1.3618884120814143,2.647411782531815
2460313.2501053377,-1.5833536990987143,2.64764814679477
2460313.2570496066,0.10341463948944396,2.6486871320390493
2460313.2639938765,0.053634182883819825,2.6502180063864667
2460313.2709381455,3.403239047119402,2.6486642545919783
2460313.2778824153,1.1191694450487482,2.649069950365472
2460313.2848266843,5.056835180213367,2.651649151104023
2460313.2917709537,-0.16855506523715957,2.64968568293986
2460313.298715223,0.6606943832549028,2.6525249268717297
2460313.305659492,4.822097807667624,2.6555745037965592
2460313.3126037605,-0.14804674904593607,2.657917784865918
2460313.3195480295,0.3649664494416121,2.6608926244857747
2460313.3264922984,-1.9358453611626114,2.6630301926108566
2460313.333436567,-2.0447660759336364,2.6689809345989137
2460313.340380836,-7.807950029117251,2.6718919930462834
2460313.347325104,-9.195924314748158,2.6815315587706947
2460313.3542693723,-5.11876386253754,2.688135342079668
2460313.361213641,1.3984711483418937,2.701048946064786
2460313.3681579097,-0.14554943330275627,2.711741033393127
2460313.3751021777,1.3766476400693055,2.7237314051345902
2460313.3820464457,-2.4035483898101884,2.736896863280157
2460313.388990714,-0.6085427135386927,2.752063298853315
2460313.395934982,-0.6680188587976266,2.7661378174596134
2460313.4028792502,2.865901787132441,2.7820933793162617
2460313.409823518,-1.8368589292594244,2.7964886388260037
2460313.416767786,-0.15533130932982103,2.815283649694541
2460313.423712054,0.415413605586223,2.8355674545169123
2460313.4306563213,5.82446349245277,2.8567727667283016
2460313.4376005894,5.579006872590379,2.8757292451572365
2460313.444544857,1.8170215096582902,2.8936723548387913
2460313.4514891244,1.83675695144675,2.913060083466343
2460313.4584333915,0.5307478076858447,2.9308059102576176
2460313.4653776595,3.2458397527844416,2.945178917046023
2460313.4723219266,5.275113042349593,2.9663462144447252
2460313.479266194,2.809822906590249,2.9815789064048306
2460313.4862104612,6.724251019406857,3.001551124553874
2460313.4931547283,-1.8641126448392764,3.0171191231509007
2460313.500098996,-2.8572902203602095,3.036901681622225
2460313.507043263,-2.847040470231711,3.0559178055822103
2460313.51398753,-1.7196683811333657,3.076103978958136
2460313.520931797,-7.918784109133749,3.097796409301074
2460313.5278760637,-4.403418983531712,3.116003542612964
2460313.534820331,0.8865984767297388,3.138208887984847
2460313.5417645974,2.153562145110574,3.1601521230528298
2460313.548708864,-2.8452819095341653,3.181086919549467
2460313.555653131,3.4584065082062088,3.20435225637876
2460313.5625973977,0.9525147808170566,3.2234135389713057
2460313.569541665,-3.9323454864300063,3.2444062274731844
2460313.5764859314,-3.035755246760955,3.263986579960479
2460313.5834301976,6.361005503952068,3.2848821515042546
2460313.590374464,0.9868774572203733,3.302346957519583
2460313.597318731,-4.8280157483845985,3.3166798796165975
2460313.604262997,-4.5247666745451225,3.3326602390994746
2460313.6112072635,-1.7672050826789842,3.348223239096285
2460313.61815153,-0.7485049175937135,3.3616486386509052
2460313.6250957963,-0.19280273706043638,3.3766361245500556
2460313.632040063,8.08115006377282,3.3921079537755436
2460313.6389843286,-6.90432163787072,3.3972976534435158
2460313.645928595,4.050195764501578,3.4108893707555663
2460313.652872861,-4.499567941924052,3.420521391179014
2460313.6598171275,-0.013758395297500225,3.4305146295640525
2460313.666761393,3.9078971533655857,3.4428986966175827
2460313.67370566,1.4213415545001618,3.449363044966219
2460313.6806499255,4.100448381734827,3.4587307379920884
2460313.6875941916,-0.31961048404484127,3.4657699692932766
2460313.6945384573,3.9302626558129834,3.474907127566345
2460313.701482723,3.731936310035225,3.481325436241437
2460313.708426989,-3.0262719721643485,3.485549139485531
2460313.715371255,-2.1471909600347057,3.4912703013496635
2460313.7223155205,-1.7061052997548312,3.4981849663016895
2460313.7292597867,1.3890824826410262,3.504012563487503
2460313.7362040523,0.3522122396254648,3.510343722044792
2460313.743148318,0.3358313687343739,3.516993606156227
2460313.7500925832,-2.072051266012335,3.524759503496688
2460313.7570368494,-2.4531935747557903,3.5324567455977616
2460313.763981115,1.1600735274957286,3.5418075331665695
2460313.7709253808,0.4258380694266397,3.547560459865627
2460313.777869646,-4.642123522554507,3.5537884576212924
2460313.784813912,-2.2305817590374275,3.560933761072828
2460313.791758178,1.4196643158580546,3.570086407162279
2460313.798702443,2.634763857882755,3.5765930522751286
2460313.8056467087,2.1536626049827836,3.582860939213741
2460313.812590974,1.401721042827741,3.588763734944152
2460313.819535239,2.498906754501288,3.5941547547991406
2460313.8264795053,4.321098497585696,3.6018581992860046
2460313.8334237705,-0.13021456534128184,3.6065534501549545
2460313.8403680357,-0.6240167079306875,3.6140879137862663
2460313.847312301,-0.36204961992123197,3.6230094636465218
2460313.8542565666,-5.204509537966185,3.6252682095582096
2460313.861200832,0.13094384828748407,3.632895468643106
2460313.8750893627,1.5022030551723797,3.6392547417134895
2460313.882033628,-0.470794668436594,3.63995166655125
2460313.888977893,5.35105300174954,3.6454078618932884
2460313.8959221584,-0.9257330973266948,3.6480941643258653
2460313.9028664236,-1.4116394842323516,3.647280899381632
2460313.909810689,3.1345174958096296,3.649606900553493
2460313.916754954,1.7858485222336102,3.6509789711623672
2460313.9236992192,4.27858770647644,3.6518347718360453
2460313.9306434845,-4.671935210931707,3.6531002551563088
2460313.9375877497,-7.395322856710073,3.651959216245562
2460313.944532015,2.931085868251134,3.6568719204738476
2460313.95147628,5.054976712839965,3.6594725003116744
2460313.9584205453,-4.815813008091235,3.6591509277837684
2460313.9653648105,-0.1973621913253818,3.661318126706064
2460313.9723090758,2.925437942938083,3.667084269791086
2460313.979253341,-2.4981284988900834,3.6667746730701953
2460313.986197606,0.4143490109089347,3.67153402985257
2460313.9931418714,3.6319417055265237,3.676563656579294
2460314.0000861366,2.162152381652362,3.678401789045043
2460314.007030402,-0.7472591157421845,3.678924991372368
2460314.013974667,-0.9183429998806265,3.681492292736739
2460314.0209189323,1.0543626912785018,3.6846738768967415
2460314.027863197,3.0661025543502483,3.6877198834221776
2460314.0348074622,2.2845769629880204,3.6899357808379687
2460314.0417517275,1.3985352294590996,3.690978857540952
2460314.048695992,-0.4816433440690133,3.690650094869136
2460314.0556402574,-2.205690228716434,3.69045844856862
2460314.0625845226,-2.7348234510499405,3.692501578107279
2460314.069528788,0.8992656715125718,3.6932293841648427
2460314.076473053,-4.3357230468254535,3.6931321444775453
2460314.0834173183,3.1029566624466507,3.69548814856051
2460314.0903615835,-6.37176912768367,3.6922025011408643
2460314.0973058487,1.9240603856433638,3.693883037587268
2460314.104250114,-3.572392221419108,3.690807099125573
2460314.111194379,4.60334820136568,3.6937167995869395
2460314.1181386434,2.682772246072587,3.6912299055631856
2460314.1250829087,-9.49533553977426,3.687510079468085
2460314.132027174,2.795499482780749,3.689491389406818
2460314.138971439,1.690972776001557,3.687572830961372
2460314.1459157043,-0.6858212116128808,3.6857716841532855
2460314.1528599695,3.715285004462189,3.686370806592016
2460314.1598042347,4.192347078386314,3.6847555556983322
2460314.1667485,-2.1036225811171,3.6803512935721194
2460314.173692765,-0.3314982388406966,3.6787088868149405
2460314.1806370304,8.288464041407826,3.6776516497560494
2460314.1875812956,-0.18328946574824445,3.6745070815357566
2460314.194525561,0.8320458905873532,3.6711945357955007
2460314.201469826,-3.453549174870956,3.6685595969238327
2460314.2084140913,2.263841048911059,3.66506310398865
2460314.2153583565,2.6056271286911716,3.6628632652564996
2460314.2223026217,-6.976875851840582,3.659977032756449
2460314.229246887,-7.092697644079107,3.656853433711138
2460314.236191152,-1.3532211697730552,3.6575553506696123
2460314.2431354173,4.239065308808517,3.6579803169061513
2460314.2500796826,2.140594771395422,3.6527720834780815
2460314.257023948,1.9538768837193694,3.651075204571917
2460314.263968213,-3.781871769243324,3.648461906085281
2460314.270912478,-1.4729529885773658,3.643336462555096
2460314.2778567444,-5.086443547373869,3.6380875247908855
2460314.2848010096,-8.778158858542252,3.63239583984589
2460314.291745275,-0.7866928291616679,3.629640383498204
2460314.2986895405,-0.22092727204627838,3.6251521700673095
2460314.3056338057,2.175095805939109,3.618633664321134
2460314.3125780714,3.0048194772854493,3.6118291010854464
2460314.326466602,1.3712455564118708,3.5956538504610225
2460314.333410867,0.7212717841444134,3.5884305879584115
2460314.340355133,-2.5466668350649666,3.57879169303435
2460314.3472993984,-1.2141774614147094,3.5715968985853945
2460314.354243664,1.928867463435119,3.5638344876238244
2460314.3611879293,-5.674024993821018,3.5543898357683097
2460314.368132195,6.691804828531154,3.5501330781983302
2460314.37507646,7.247223741483086,3.5442664805966633
2460314.3820207263,3.4234910778294045,3.5347285601895053
2460314.388964992,-2.0688445348381586,3.528274682192705
2460314.3959092577,-1.0050439330834608,3.5264524220914155
2460314.402853523,-3.6547425104711517,3.520125770279529
2460314.409797789,-2.579463444200321,3.5177785754762856
2460314.4167420547,-3.599942756988635,3.512425496833373
2460314.4236863204,-2.5209516563848062,3.512366877198105
2460314.4306305856,0.15650401605931075,3.510362198434791
2460314.437574852,5.286649421992012,3.510061797609952
2460314.4445191175,-4.539909546260427,3.510603332814302
2460314.451463383,-3.6867565950936965,3.5089172925146266
2460314.4584076456,-2.9245349525415048,3.509442427215715
2460314.4653519113,-5.089115013057942,3.5104915993129233
2460314.472296177,1.4282016990995947,3.5130979951533963
2460314.479240443,0.7226888228955117,3.514145351440195
2460314.4861847092,0.09249563634003932,3.5151318102332083
2460314.493128975,6.198371614727565,3.519401938145394
2460314.500073241,3.3207663906193683,3.5172763776847975
2460314.5070175068,-4.057266669414149,3.5165948925769333
2460314.5139617734,-0.6119807002171401,3.5182948065536395
2460314.520906039,1.6233849946859276,3.5203394198681965
2460314.5278503057,-2.618862498905869,3.5200780403918714
2460314.5347945713,5.362169927059684,3.5239194529993974
2460314.5417388375,-0.33836141032509026,3.523058895648975
2460314.5486831036,0.2959270401459144,3.524416523818852
2460314.5556273703,1.89546708629251,3.52674468296169
2460314.562571636,2.8078374867396008,3.52464314903637
2460314.5695159025,3.1258585215017787,3.5242838115768156
2460314.5764601687,6.488461209093039,3.5262735067721866
2460314.5834044353,0.8404020767226974,3.52537166767347
2460314.5903487015,-5.489736227502769,3.5235801340975836
2460314.5972929676,3.9978294683021747,3.5261992542196183
2460314.604237234,2.726973239984276,3.5295037055038776
2460314.611181501,-2.440999982741488,3.5269317606880386
2460314.618125767,-1.3686463693160693,3.526972382964852
2460314.6250700336,3.642036658958566,3.527893899088911
2460314.6320143,1.1195497397717642,3.527022103554583
2460314.6389585664,-7.038064019842425,3.5240423663918263
2460314.6459028334,-3.911403428684287,3.530033673579037
2460314.6528471,-1.1855288851139858,3.5277334444331347
2460314.6597913667,-7.444641346603518,3.5245055406803885
2460314.666735633,-2.232560815085681,3.5252724670886106
2460314.6736799,0.15659407598498443,3.5263262113930725
2460314.6806241665,-4.217462027199837,3.5266568358572017
2460314.6875684336,-3.8682269103521425,3.5269544096548615
2460314.6945127,0.5728556721807061,3.5273393958058663
2460314.7014569673,0.14298587073432661,3.52559247452767
2460314.708401234,-1.4125936631229938,3.527166317515172
2460314.715345501,1.5435041318673401,3.528758686650612
2460314.722289768,1.7752630169892505,3.530647638577937
2460314.7292340347,1.8137639459710195,3.531451372745597
2460314.7361783017,-5.2649520527174865,3.5283825195411533
2460314.743122569,-1.0317164519608713,3.5314246520928863
2460314.750066836,5.68342771774008,3.5334207661755017
2460314.7570111034,5.975974319804061,3.533705948226627
2460314.7639553705,3.409430516064385,3.5344469669740004
2460314.7708996376,2.2885328843040087,3.5327146677672423
2460314.7778439047,-2.5135103455843515,3.532514620372339
2460314.784788172,4.3790172754030925,3.5334529718106253
2460314.7917324393,2.8991125924760364,3.5350005721029163
2460314.798676707,-1.4989953928749093,3.5329267802580673
2460314.805620974,-8.977226981459898,3.5332781388071157
2460314.8125652415,-3.1850282079182923,3.53494167019683
2460314.819509509,8.937317845130416,3.539989984726295
2460314.8264537766,1.9143724574825678,3.537000615776119
2460314.833398044,4.476983082395902,3.5389509224306948
2460314.840342311,-0.9864979584322988,3.5392300533288257
2460314.847286579,-0.036722250516401544,3.5397092917857793
2460314.8542308467,1.6779442250356755,3.5409057392706074
2460314.8611751143,-6.140236240895702,3.541392730666035
2460314.8681193823,3.720712872985639,3.542638391609809
2460314.8750636503,-6.531560006686442,3.5426588559250543
2460314.8820079174,3.970862019344799,3.545777329040725
2460314.888952186,1.4386251106057006,3.5477071097271917
2460314.8958964534,2.111322809338627,3.549723368766632
2460314.902840722,-3.8810701022050997,3.55062979875577
2460314.9097849894,-1.9591907255367564,3.5518227664385704
2460314.916729258,-0.2479598998172765,3.5562225749781664
2460314.9236735255,-0.4735666567512071,3.555387814772627
2460314.930617794,-2.266023425639581,3.5585920780338687
2460314.9375620615,0.7112865281490071,3.56310603947786
2460314.94450633,0.13973517282011194,3.5659953055927787
2460314.951450598,-5.52051587488975,3.56384673425926
2460314.9583948664,0.16756209570670455,3.568202654330065
2460314.965339135,-0.10994482980876796,3.5680886046412232
2460314.972283403,-3.7993571232618404,3.5684210897970203
2460314.9792276714,-0.1563862302905208,3.568417267167519
2460314.98617194,4.680865994289777,3.5699471116455754
2460314.993116209,2.3198834724940456,3.5702337325814466
2460315.000060477,4.758498591967798,3.56988028688204
2460315.0070047453,0.6740829939872084,3.568783439049612
2460315.013949014,6.378761275795458,3.5724410828948128
2460315.0208932827,-2.931290959120794,3.571092807319159
2460315.0278375517,-3.983516956903789,3.5697748368282514
2460315.0347818206,0.14247519882942106,3.569977973408033
2460315.0417260886,-1.5121692905892101,3.5697384270448307
2460315.0486703576,-4.252573896397559,3.568119321304996
2460315.0556146265,0.2995935166718664,3.5690233223069394
2460315.0625588954,0.9669003801199305,3.569076330567679
2460315.0695031644,1.00181873968056,3.5673631787301687
2460315.0764474333,0.6314831234957423,3.5671508343417107
2460315.0833917023,3.5762506558812635,3.567315823777585
2460315.090335971,-4.937818432491136,3.567205742372488
2460315.09728024,-2.777647806330347,3.567664803207501
2460315.1042245096,1.9255960483751768,3.565827376929427
2460315.111168779,1.137391449657202,3.5673430231830103
2460315.118113048,7.493734730786322,3.5670598541431953
2460315.125057318,3.9976870123055743,3.567300404829845
2460315.1320015867,-4.986957481643046,3.5630848182853874
2460315.138945856,-1.1518058039019405,3.565763002881852
2460315.1458901255,-7.310017655783773,3.5631029902607785
2460315.1528343954,0.9810443573395502,3.567226722804742
2460315.166722934,-0.9424806357130422,3.5683294589578023
2460315.173667204,-0.919214616588639,3.5670727988994924
2460315.1806114735,7.053523675965467,3.571003017361216
2460315.1875557434,1.0797975195692122,3.5677877449764757
2460315.194500013,8.745315887797661,3.569890858639918
2460315.2014442827,0.5454285392258013,3.5670623878674523
2460315.2083885525,0.14914046611850929,3.5674154527123743
2460315.2153328224,-4.1290504216070465,3.5654667480679882
2460315.2222770923,-4.083489212836636,3.563174940072002
2460315.2292213626,0.45531512695153564,3.5651766462643213
2460315.236165633,2.308002239619775,3.5636540918895308
2460315.243109903,-2.389427142970808,3.5603269101838664
2460315.256998443,-1.4582198735312213,3.555252493069277
2460315.2639427134,-0.9104163352731709,3.5541656920476936
2460315.2708869837,-0.045250584808253835,3.5492742922871865
2460315.277831254,-2.4671910721363224,3.5450973249455227
2460315.284775524,2.5433000737806104,3.5416575196596747
2460315.2917197947,3.6885356323099696,3.5364545071003604
2460315.298664065,6.9468083006915515,3.5294520977026873
2460315.305608336,-2.46800344846402,3.521736092939888
2460315.312552606,-0.5094875729256343,3.5139060254524375
2460315.326441148,-9.059030584519967,3.495082377155027
2460315.3403296894,-7.724669972254144,3.477302218761835
2460315.3472739602,-3.586541469067174,3.4687294468222523
2460315.354218231,0.49915179817531286,3.4608126401066333
2460315.361162502,-4.873698717448985,3.4510850275173497
2460315.3681067727,3.9281896573341117,3.448423657906691
2460315.375051044,2.2934562331541066,3.4390394547005587
2460315.381995315,0.5089845005106406,3.4331021200541194
2460315.388939586,-4.0751216194231175,3.4277055176378544
2460315.3958838577,-0.8445529499529743,3.423749046755034
2460315.4028281285,-1.1387852148859925,3.421439007033611
2460315.4097724,-4.3937074379942995,3.4189874205547413
2460315.416716671,1.1146300541425709,3.4182373927372534
2460315.423660943,-5.17030509108203,3.4177325449030778
2460315.4306052146,7.805793922504126,3.422563134619423
2460315.4375494854,4.491605783189245,3.418984922343935
2460315.4444937576,5.250153649028237,3.4172950900624017
2460315.451438029,6.095201209011078,3.420841894457029
2460315.458382301,-3.5926261659663585,3.4206036133201034
2460315.4653265723,-1.9499183308505819,3.4247823779197866
2460315.472270844,4.122305566283526,3.4309194462736836
2460315.479215116,-0.8650308999084135,3.4349237598076527
2460315.486159388,-2.705518328999945,3.4378539994715407
2460315.4931036597,-0.6962627378784154,3.4419220289759047
2460315.500047932,1.0998666963228425,3.4467059444838495
2460315.5069922036,7.154978923832492,3.452612121818268
2460315.5139364754,-5.163861005165356,3.45244812301949
2460315.520880748,-3.540758876227603,3.4563697598436836
2460315.5278250203,-1.3895223095868325,3.4615564589888455
2460315.5347692925,0.4185690550550709,3.463657683550219
2460315.5417135647,-0.6174889331734179,3.464444889787252
2460315.548657837,1.5751569067059874,3.467718648739263
2460315.5556021095,-0.611338730183923,3.469151056096804
2460315.5625463817,-0.9712816430541127,3.4705910531504642
2460315.5694906544,0.2199011152021546,3.4716637139958144
2460315.576434927,6.6725209908826,3.47536449857671
2460315.5833791997,-3.9455844412021763,3.47191577254605
2460315.5903234724,-2.0458636763274862,3.4735900774791273
2460315.597267745,-4.739230661375,3.4754186592009124
2460315.6042120177,4.016973290751698,3.4767714732111603
2460315.6111562904,1.6626369413151756,3.4741778592404153
2460315.6181005635,2.4073882210178774,3.4738396134813665
2460315.6250448367,5.074360978476898,3.4740973529963366
2460315.6319891093,0.7343899004503895,3.474046831519449
2460315.6389333825,6.836618374279253,3.4722861607878426
2460315.6458776556,2.1603727041991485,3.471741112981663
2460315.6528219287,-4.7620947291558275,3.468581741415969
2460315.659766202,-5.991084383002904,3.467321052459726
2460315.666710475,0.7925446073644038,3.4697753143481584
2460315.6736547486,0.23746239912295186,3.469292087294607
2460315.680599022,2.16583577697383,3.469819845466548
2460315.6875432953,0.21913926231200143,3.4677124584726156
2460315.694487569,-1.3797881621457881,3.467318766469241
2460315.7014318425,-2.4211773677660458,3.468398262322801
2460315.7083761166,-4.740060821804736,3.46748752621188
2460315.7153203897,-0.9835373578277613,3.4704366306994507
2460315.722264664,-2.1521173800343583,3.4709114902989384
2460315.729208937,-7.184340770035081,3.4705308780716955
2460315.736153211,1.1394054290474482,3.472911074800907
2460315.743097485,-0.8758230665964564,3.4742578863115607
2460315.7500417586,1.235302927031361,3.4754285657720856
2460315.7569860327,2.0058013122615947,3.4779668558367995
2460315.7639303072,1.6837317598666153,3.478996334991051
2460315.770874581,-0.13406318512202708,3.4794413249105642
2460315.777818855,-0.7590927920742394,3.478004372358759
2460315.7847631294,-3.2726273215861745,3.4790908416855904
2460315.7917074035,1.1878236483257858,3.4793325848616514
2460315.798651678,4.3307766103841505,3.480015398950505
2460315.8055959526,-0.31640303572374495,3.4783098673946675
2460315.812540227,7.367467570480336,3.48040247613808
2460315.8194845016,-3.075015568754689,3.476273527299188
2460315.826428776,-3.8964307746257543,3.4762178989682524
2460315.8333730507,-4.767770956871749,3.475785604122764
2460315.840317325,-5.306069550116123,3.473524975260722
2460315.8472615997,0.3192738080587585,3.47522248309358
2460315.8542058747,5.59880272342685,3.476047902774047
2460315.8611501497,5.607418507783666,3.473123815631865
2460315.8680944243,-1.8729501552426584,3.471116948155147
2460315.8750386992,-0.09824276355215888,3.468048793430873
2460315.8819829742,4.361819096106072,3.4711819299401863
2460315.8889272497,1.501105857064555,3.467563270779991
2460315.8958715247,6.927587366119255,3.467966604013837
2460315.9028157997,-4.784356737850552,3.4653900101668627
2460315.909760075,-1.2986028115830521,3.4657926610228516
2460315.91670435,-0.6897289816809193,3.466594153063791
2460315.9236486256,-5.169655101379757,3.467013350784676
2460315.930592901,-7.0344877554243315,3.4671120622524048
2460315.9375371765,6.654977194140317,3.4723697579792563
2460315.9444814525,6.8049780523030865,3.474864601347903
2460315.951425728,6.4454013327387525,3.474241833380546
2460315.9583700034,0.1110398905711667,3.4758781316799703
2460315.965314279,-0.6314903129369467,3.474531998429567
2460315.972258555,-6.180055600852644,3.474110563100109
2460315.9792028307,-3.182361083495856,3.4747135438996293
2460315.986147106,-1.699655745209708,3.4776195442971054
2460315.9930913826,-4.558573774576902,3.473883749987855
2460316.0000356585,-2.7475789308022263,3.474659670696516
2460316.0069799344,4.447998021284819,3.475542169371
2460316.013924211,7.253716470251474,3.47582955664601
2460316.020868487,4.883365633519512,3.473307399635639
2460316.0278127627,-3.5422436107559907,3.469771239257222
2460316.034757039,-3.6363142117168477,3.4682443144390813
2460316.0417013154,-2.729381343230114,3.4661199576899455
2460316.048645592,-4.762952553252305,3.463673925230942
2460316.055589866,2.300147697967156,3.462962226731038
2460316.062534141,-5.018259532888294,3.45868933560253
2460316.069478418,0.19551974429548147,3.4580441124779555
2460316.0764226946,6.252024631386883,3.455845804485484
2460316.0833669715,-0.009965828380479658,3.450403068007971
2460316.0903112483,0.810397738125813,3.4476178057808418
2460316.0972555247,1.8111920384659204,3.4460882566363034
2460316.104199802,7.0219680091563275,3.445446750856325
2460316.111144079,-1.3324813204413315,3.437906528033814
2460316.1180883558,-0.3310640112407841,3.435134595536305
2460316.125032633,-4.572023398593698,3.4318734282482874
2460316.1319769104,-3.483817690669931,3.4304661330829718
2460316.138921187,0.15792702422239557,3.4256636602811628
2460316.1458654646,1.5363776073514326,3.423351515539958
2460316.152809742,-1.466991509401205,3.419659617168118
2460316.159754019,-4.590663351270605,3.417162999160493
2460316.1666982966,-0.3337501269164147,3.418321355958437
2460316.1736425743,3.249003608939036,3.418801568306281
2460316.1805868517,-0.11609594380590504,3.420088068228939
2460316.187531129,-1.501047517399393,3.417216962123971
2460316.194475407,3.7487944116088383,3.4204908082286565
2460316.201419685,-0.11459074564016741,3.4190250857660787
2460316.208363963,6.119579624803652,3.4196049756635123
2460316.21530824,5.698464294257567,3.42035527783911
2460316.2222525184,3.4051934197993594,3.4196484835821255
2460316.229196796,-4.886951936500996,3.4172420991002226
2460316.2361410744,-0.801241693059028,3.419631550653205
2460316.2430853527,-4.435992261884367,3.417413178939348
2460316.2500296305,-2.5452185764971462,3.4175922743179257
2460316.2569739087,2.0406552922250922,3.416103036029679
2460316.263918187,2.612568274534997,3.4139293662727552
2460316.2708624653,-3.0629641418993905,3.4119792834640124
2460316.2778067435,0.37774325654248797,3.4107698534663218
2460316.2847510222,-2.150640748665733,3.4038441188562154
2460316.2916953005,-3.69670535950661,3.401782723486967
2460316.298639579,-2.3885037314693207,3.3986134433901527
2460316.3055838584,0.5506498248161198,3.39445551470356
2460316.3125281367,4.245639919501954,3.3908275346087913
2460316.3194724154,0.8816394577996016,3.3835508335768036
2460316.3264166946,3.4903648710734467,3.380640941702446
2460316.3333609733,-4.992470456482618,3.3684324565517247
2460316.340305252,-2.8401176912991244,3.3627516548175933
2460316.3472495317,-0.6698991438598547,3.354434456165127
2460316.3541938104,-4.171885262927837,3.3443335860980135
2460316.3611380896,-3.0311689965096544,3.3374959888054705
2460316.3680823687,3.587461362056238,3.3349940795009547
2460316.375026648,2.870526878046537,3.327434758119182
2460316.381970927,-1.0615956420942108,3.320998837009283
2460316.388915207,5.680128927040208,3.3189194313740793
2460316.395859486,-0.46708093923319605,3.3102758674533397
2460316.4028037656,-1.7991153409734024,3.307906695506015
2460316.4097480453,1.0523551474637334,3.3070082409770123
2460316.4166923244,5.704770416039582,3.3056446358681124
2460316.4236366046,-7.2459333167662,3.3007863817190617
2460316.430580884,3.2282912186772674,3.3028812120975553
2460316.437525164,0.6096294694139881,3.302069662159235
2460316.444469444,-3.419305573575841,3.3014111481729542
2460316.451413724,2.685093669144779,3.3045851464140075
2460316.458358004,3.140049811694033,3.304219259440836
2460316.4653022843,5.456567344948477,3.3074204589990432
2460316.4722465635,2.039096258254593,3.3064428479911494
2460316.4791908446,-2.1103848364570497,3.304587385036694
2460316.4861351247,-2.22083250520595,3.308163863306767
2460316.493079405,-3.268189121773255,3.3086929935603764
2460316.500023685,-6.267687727210596,3.3102565082405273
2460316.5069679655,-2.8985506687404774,3.3142250762842025
2460316.513912246,0.19391942990223998,3.3182164694094527
2460316.520856526,-1.6935802005456917,3.3199286176240483
2460316.5278008073,1.2867533667566744,3.3223268102237795
2460316.534745088,3.574460970865595,3.325316287765057
2460316.5416893684,1.214417750322625,3.325313086477849
2460316.5486336495,5.456816304565471,3.3275144290387093
2460316.5555779305,-2.1405024999621802,3.324665597351131
2460316.5625222116,-0.3677402332187909,3.323289719518536
2460316.569466492,-3.672081976448707,3.3232317827884006
2460316.5764107737,-2.1762705277961896,3.3223021972487206
2460316.5833550547,2.299884750412349,3.325256181412073
2460316.590299336,-0.05413419528515234,3.324784120343932
2460316.597243617,3.5942124568592484,3.32614921663837
2460316.6041878983,4.868453594825722,3.3269336234651044
2460316.61113218,-2.3331222586819793,3.324672747881381
2460316.618076461,0.4501545945558303,3.328229744671726
2460316.625020743,2.6623192197663204,3.329352060500653
2460316.631965024,0.9564415576288243,3.331007958678376
2460316.638909306,-0.5167137845254759,3.3317119864357907
2460316.645853588,-4.011883335660642,3.330592643146387
2460316.652797869,-6.024713094414321,3.3326449698703047
2460316.659742151,4.882514028822592,3.3356760181598832
2460316.666686433,-6.075579325735648,3.332598685306678
2460316.673630715,3.278929441900318,3.3375440061210484
2460316.680574997,-1.9839120299808881,3.3367164893597416
2460316.687519279,4.6882615272598205,3.3389971016342095
2460316.694463561,0.09513073208818129,3.3387245796192526
2460316.701407843,0.34782764947221834,3.3385799930319973
2460316.7083521257,-1.1871778102285016,3.340931556530803
2460316.715296408,1.607060182903785,3.3423815711162828
2460316.7222406906,-5.279685756288432,3.344056414173609
2460316.7291849726,7.043169784182684,3.349019297903993
2460316.7361292555,-5.750286915768033,3.3459092942917183
2460316.743073538,1.3011634799861418,3.3505403649421375
2460316.7500178204,-4.235478107049856,3.350002328858078
2460316.756962104,-1.1978004524711545,3.352351005931643
2460316.763906386,-0.53377165235144,3.357708676739634
2460316.770850669,0.8911782404207647,3.3600225539623607
2460316.777794952,2.8666229955636737,3.3618411450474954
2460316.7847392354,6.088948911377004,3.367231800196826
2460316.791683518,-1.6941496309404667,3.367697824374442
2460316.7986278012,1.0640784080747792,3.3699863443592726
2460316.805572084,-2.297677669415623,3.370560621370491
2460316.8125163675,-2.240712874078907,3.3691062614829366
2460316.819460651,-1.5743938428411028,3.368200316650461
2460316.8264049343,-5.07274072149242,3.366041447753574
2460316.8333492177,-2.0857146687802572,3.364470348951009
2460316.840293501,-1.1020660240595195,3.3640766333741965
2460316.8472377844,1.8122808452468346,3.3612078599825232
2460316.8541820683,2.655373614341796,3.360245701368783
2460316.861126352,2.3454898791838055,3.3576986502363813
2460316.8680706355,1.862598614255814,3.3548825892785277
2460316.87501492,-0.5219575018413046,3.353226553906827
2460316.8819592036,-0.6255121815782809,3.352382260086408
2460316.8889034875,2.0618350429966044,3.3514709945980106
2460316.8958477713,-1.917741951735168,3.348752617525582
2460316.902792055,0.0011920620017260575,3.349948255037487
2460316.9097363395,0.3115422198647537,3.350812448218502
2460316.916680624,-3.018021281756406,3.350194192490305
2460316.923624908,1.3475551896429772,3.351190246548168
2460316.9305691924,-0.33128036614016043,3.3518024023789468
2460316.9375134767,7.729270577778655,3.3568807940729815
2460316.9444577615,3.1444207382986584,3.355617611140087
2460316.951402046,-4.225903987694979,3.355693205279891
2460316.95834633,-0.06486301206560663,3.3589442530786413
2460316.965290615,0.7070448068699575,3.3612371213658285
2460316.9722348996,2.89491537254556,3.3630602403413707
2460316.9791791844,3.3898068935080796,3.36636781211968
2460316.986123469,0.00584790930818524,3.3664031172728497
2460316.9930677544,0.7875715439290297,3.3676674608448773
2460317.0000120397,-3.2194503952551328,3.3681026785636914
2460317.0069563244,-2.767782690356398,3.368458145784024
2460317.013900609,4.658080102309243,3.372830875817122
2460317.020844895,4.540391103576754,3.3729736755523057
2460317.0277891797,-7.715158549543126,3.3691111980822477
2460317.034733465,-4.759615330807266,3.368294631981114
2460317.04167775,-0.6363029581741166,3.3694699726811828
2460317.048622036,-0.2947910201759223,3.3698377397734016
2460317.0555663216,2.4035980319770793,3.368125395036486
2460317.0625106073,-3.6319676799091036,3.3646313543324013
2460317.069454893,2.6633024525715254,3.364332778415759
2460317.0763991787,0.08458175042432259,3.361221360961014
2460317.0833434644,-3.578981971246745,3.356646064018065
2460317.09028775,0.7435441133996791,3.3544710544886347
2460317.097232036,-0.042066990162246465,3.348504157273284
2460317.1041763215,-4.903640833149849,3.343250503545254
2460317.1111206077,-1.7863762344509797,3.3402908363151345
2460317.118064894,-5.421908720151804,3.334309289721151
2460317.12500918,3.09893711275862,3.332920493252283
2460317.131953466,-1.438696446175153,3.3264797442034735
2460317.1388977524,0.16830562097918644,3.32255277161418
2460317.1458420386,2.745404741427308,3.3186533701297094
2460317.152786325,0.6134169125911659,3.3151633651104047
2460317.159730612,-4.4333057493643375,3.3096660652436856
2460317.1666748985,2.2697943583746945,3.310178233843482
2460317.173619185,4.823493033055337,3.3083675160236172
2460317.1805634717,3.9272008859131673,3.3043779545953935
2460317.1875077584,6.384750440953689,3.3062662489369803
2460317.194452045,-4.017469329183026,3.3022655775773004
2460317.201396332,2.4350371425082162,3.305159589820558
2460317.208340619,-3.359001358869616,3.3025533122967166
2460317.215284906,-0.22597644121011995,3.3061559552368505
2460317.222229193,7.637003429429865,3.309266179274306
2460317.22917348,2.1847530944814926,3.308778821093469
2460317.236117767,-7.752788689681868,3.307388003645443
2460317.2430620547,-0.37051104406004765,3.3104543892491214
2460317.250006342,0.892056053537321,3.311994260619348
2460317.2569506294,-3.053647506187315,3.311083888937942
2460317.263894917,2.304770840827456,3.313051750218253
2460317.2708392045,4.114244471648956,3.3128509655012066
2460317.277783492,5.864446078782194,3.3128216041490948
2460317.2847277797,-0.32324364788374116,3.309757552423386
2460317.2916720673,-1.2010843109184561,3.309423631037579
2460317.2986163553,-1.5998377606955954,3.3037076596994717
2460317.3055606433,4.832639580411277,3.3026330614189967
2460317.312504931,-3.986710530803101,3.295730876936084
2460317.3194492194,-4.090522043456852,3.2909017926823636
2460317.3263935074,3.364900195929853,3.2898038982015305
2460317.3333377955,-1.937619931749012,3.283851692352524
2460317.340282083,-8.458630150143899,3.2782712773369713
2460317.347226372,-5.201311017675564,3.2770294367102593
2460317.35417066,7.739940065304894,3.27592643124499
2460317.3611149485,0.9036937977710475,3.2692559621743595
2460317.368059237,0.33062045860192835,3.26602072714765
2460317.3750035255,-8.042181771002072,3.2602585179149295
2460317.381947814,1.0418034170710488,3.259213464133754
2460317.388892103,-3.661846110791489,3.256594309001875
2460317.395836392,-2.9814867581869686,3.25222104317321
2460317.4027806805,5.734196694264911,3.251390077865129
2460317.4097249694,1.319737043342446,3.249317717530815
2460317.4166692584,0.8007750060642334,3.2465975831890694
2460317.4236135473,-2.878583523541851,3.244799407043288
2460317.4305578363,2.082878353887517,3.24564828930442
2460317.4375021253,6.5206114622329805,3.246404155302008
2460317.4444464147,-1.8640094657821273,3.2458322732412443
2460317.451390704,0.23598302872725418,3.2449965681856967
2460317.4583349936,-3.4510137703207873,3.2433997112816577
2460317.4652792825,-2.578166543253903,3.2427449752315614
2460317.4722235724,-1.3280891847851652,3.242790836886
2460317.479167862,-0.2322520173601974,3.2457046258733597
2460317.4861121513,-2.326224845816687,3.2433998340701655
2460317.493056441,-5.880775362056386,3.2428464930418177
2460317.5069450205,-2.1644041606658995,3.246315960883718
2460317.5138893104,0.1555441461369793,3.245591643895272
2460317.5208336003,-0.4823689842189709,3.2451655836424877
2460317.52777789,0.620951441657438,3.2469163701229653
2460317.5347221806,4.197935456364959,3.247275702165771
2460317.5416664705,-0.47960205215054774,3.245537067760388
2460317.5486107613,0.8587522915118397,3.2443740601854985
2460317.555555051,-1.040432772171678,3.2423940835262965
2460317.5624993416,5.754174669893681,3.242164550960366
2460317.569443632,4.365004948929066,3.2413433020468054
2460317.5763879227,5.717995590622162,3.2409140863712325
2460317.583332213,-3.785428974419233,3.2358719317068565
2460317.5902765035,1.2240926146398694,3.2366605031748565
2460317.5972207948,1.3634742017433075,3.236358788174877
2460317.604165085,-2.092831222403333,3.2349156360671114
2460317.611109376,-0.11544530127085717,3.237579899723791
2460317.624997958,-0.4378699700304982,3.2384398327107635
2460317.6319422494,-1.9924880323746876,3.241564548439247
2460317.6388865397,2.119094961922637,3.243817575556029
2460317.645830831,-2.3017329328985934,3.242640154107321
2460317.6527751214,1.9353016847818727,3.2482770597781605
2460317.659719411,2.044282125877837,3.247393809951067
2460317.666663702,5.194751342700831,3.2499754872805293
2460317.6736079934,-1.3698806180807956,3.2502309500152204
2460317.6805522847,-0.5762596607538419,3.249074264973533
2460317.687496576,-0.9843539978361725,3.2495274260056224
2460317.694440868,-1.8580798462593031,3.249072503178843
2460317.7013851595,-1.9871597640044372,3.252109090769423
2460317.7083294517,-0.7030851719248703,3.252438448320064
2460317.715273743,-0.6973085483761052,3.2521044005750572
2460317.7222180353,-3.007462214194297,3.2526624562330597
2460317.729162327,5.709060041048803,3.2562476321437224
2460317.7361066192,-1.1130941113664905,3.255333857958919
2460317.743050911,-3.020456958940907,3.255877058025254
2460317.749995203,-5.236630015621954,3.2576697227631044
2460317.7569394954,0.29274071792542733,3.260450207914472
2460317.7638837877,-0.7440309047562736,3.260723207504494
2460317.7708280804,3.315692122333463,3.262522410176162
2460317.7777723726,0.4179936586051315,3.2632017627227277
2460317.7847166653,-0.7782612143623205,3.2635315938921923
2460317.791660958,-3.0464972997060933,3.262440920692999
2460317.79860525,-3.52516967497926,3.262026263862396
2460317.805549543,-1.4311404878063911,3.261948990402422
2460317.812493836,7.341385836641355,3.2626887563853355
2460317.819438129,0.9115158612898888,3.2601178087883302
2460317.8263824214,0.5260708699980747,3.2571195751208637
2460317.8333267146,8.126273012020192,3.2582189477696186
2460317.8402710077,-0.23158059100572448,3.252498020166185
2460317.847215301,-2.723710263172233,3.2500402740950296
2460317.854159594,0.17117415670811864,3.2478643956861757
2460317.861103887,5.789141496576107,3.247829457257115
2460317.8680481804,-3.455398032138049,3.24326406426156
2460317.8749924744,-9.077174023974125,3.2428951452272354
2460317.8819367676,-0.7047212315153604,3.248682133721008
2460317.888881061,-1.211592244230848,3.2461646488342555
2460317.895825355,-0.23454291791314674,3.245666105548794
2460317.902769648,1.939796546654522,3.2486431475936257
2460317.9097139426,2.338331640448137,3.248453709541407
2460317.9236025293,4.18259775128344,3.2498056926444203
2460317.930546824,-0.6119351092957093,3.247922117449683
2460317.9374911175,3.173265463424194,3.248154848457124
2460317.944435412,-1.5143620879224229,3.24716812125128
2460317.951379706,0.32135251592855285,3.2477172993562267
2460317.9583240007,-1.7818699409732612,3.2474988859136347
2460317.965268295,-1.1739929573571948,3.2460474487911104
2460317.972212589,-3.0536823618454663,3.2475584124950743
2460317.9791568834,-3.384011174216691,3.2462335278787595
2460317.986101178,-3.334999286508526,3.2466275464171783
2460317.9930454725,1.1173471039122291,3.248124769207626
2460317.999989767,0.24773011707615855,3.248159462442995
2460318.006934062,1.387556133453797,3.2487428550106716
2460318.0138783567,0.23115305541139008,3.248274647613632
2460318.0208226517,-3.938200839583304,3.249640325203345
2460318.0347112417,-3.6121910898152976,3.250941508054614
2460318.0416555367,1.174556856565815,3.253150549780876
2460318.0485998318,-0.5433171771241176,3.255338266177002
2460318.055544127,5.244775952390905,3.2569492289418775
2460318.062488422,1.0991785415887136,3.2576757067967965
2460318.0694327173,0.7604541798888197,3.253378821438474
2460318.0763770128,-1.9237967921018235,3.2533274884150605
2460318.0833213083,0.7234672148682497,3.2507196062514523
2460318.0902656037,0.4359116673690135,3.249511125811082
2460318.097209899,5.353771087669641,3.2469282468815615
2460318.104154195,6.359668263836536,3.2440240494375505
2460318.1110984907,-2.007360801366681,3.2369668247655903
2460318.1180427866,1.4537027368987965,3.233216295294019
2460318.1249870826,-1.5718483513240753,3.226582807516701
2460318.131931379,-3.2930253945714734,3.2227745419919613
2460318.1388756745,-1.759404114183158,3.2193416913162607
2460318.145819971,1.9302391900438527,3.213003573559469
2460318.152764267,2.46112896176251,3.210332919561059
2460318.1597085632,-3.287649172936189,3.2051247977765205
2460318.1666528597,8.19388766582076,3.2042865868198227
2460318.1735971556,3.695905200373137,3.19804312665064
2460318.180541452,2.2146812426120035,3.1956761632707686
2460318.1874857484,0.30558732057715204,3.1922156821181287
2460318.1944300453,5.009337954114791,3.190795016245071
2460318.201374342,-4.788080583949231,3.1844286801590687
2460318.208318639,0.32897382904035943,3.1845868796123207
2460318.215262935,-1.7353658923913278,3.18500263680616
2460318.222207232,-7.021100243046513,3.182914939317986
2460318.2360958257,-4.6021123158223745,3.1869744704359735
2460318.2430401235,3.557268639840252,3.189145558674921
2460318.2499844204,2.457926475709643,3.1896616434234226
2460318.2569287177,0.29387756088281347,3.1907808248885505
2460318.263873015,-0.39586138689253436,3.1891376658862822
2460318.270817312,-4.390158289761814,3.1903347743541635
2460318.2777616098,-2.339598005941904,3.1895305607549775
2460318.284705907,-1.4841836164285234,3.1912457234477523
2460318.2916502045,6.974809124698503,3.193101012358916
2460318.2985945023,0.2896756540384091,3.191685040084352
2460318.3055388,-0.4018849707045611,3.1883139977067874
2460318.3124830974,-7.701335593799828,3.1844542269632043
2460318.3194273952,7.891523406864671,3.184688277697539
2460318.3263716935,-2.0457539580422663,3.1766370697776263
2460318.3333159913,0.8306631705742151,3.1746283623281912
2460318.340260289,-1.5716316912337271,3.1707900469213843
2460318.3472045874,6.9302769725421705,3.169136679991021
2460318.3541488857,2.1324070994445474,3.1651432095775025
2460318.3610931835,1.7349713431255973,3.1590692115759436
2460318.3680374823,-2.5328665961626093,3.1541113275371147
2460318.3749817805,4.9762063989622325,3.15176191868046
2460318.381926079,-2.1504072523244537,3.1460098060231374
2460318.3888703776,-1.6406825922108506,3.1406423108140324
2460318.3958146763,0.03366921484798535,3.137806153603581
2460318.402758975,7.709278779872972,3.1383121672158114
2460318.4097032733,-0.3661046189153643,3.1331698669487333
2460318.416647572,-4.000195945543075,3.1318008540707414
2460318.4235918713,3.168903949835521,3.1302909295459957
2460318.43053617,3.84868180602019,3.130758675644833
2460318.437480469,-0.8531153738604518,3.127176150587126
2460318.4444247684,-5.556594668828669,3.126759985425761
2460318.451369067,1.2334195814861093,3.125913357792663
2460318.458313367,0.6814335899843543,3.1251444565240853
2460318.4652576656,-8.245386025842238,3.123675161161555
2460318.4722019653,-1.66517476046989,3.1271332332890776
2460318.479146265,-5.661239272786998,3.1266069961064975
2460318.4860905637,-0.4964753164825329,3.130749345251236
2460318.493034864,5.310739851159493,3.131880362296141
2460318.499979163,3.397392596406747,3.131154785806857
2460318.506923463,-3.165133239261114,3.1272521480097573
2460318.513867763,1.6107664720456065,3.12874239427922
2460318.520812063,0.956449531854723,3.126135522516187
2460318.5277563627,0.9340389807675038,3.1266829489071775
2460318.534700663,2.3967012026730905,3.124619892727823
2460318.5416449625,-4.081650111560917,3.122026968141079
2460318.548589263,-3.53525768691076,3.1211628109518466
2460318.5555335633,-0.46512049539820044,3.120312902841269
2460318.5624778634,-0.980967088170583,3.1179435463888563
2460318.569422164,2.0201714014291916,3.1169891516519392
2460318.576366464,-3.478020707347386,3.1141940797951393
2460318.5833107647,-1.1383941879171635,3.11443799977191
2460318.5902550654,0.3000427532525377,3.114367742358432
2460318.597199366,1.5320227613421877,3.1143828080458706
2460318.6041436666,-0.5782135724184063,3.113897262377407
2460318.611087967,-2.1722191007430616,3.113842547214824
2460318.6180322682,-2.7102463315446625,3.1142937531836883
2460318.6249765693,2.1840856718870656,3.1156250652405935
2460318.63192087,-0.6325942919933469,3.115916693013815
2460318.638865171,6.821465965234082,3.1175075927214717
2460318.645809472,1.9888777028037339,3.1204609952995117
2460318.6527537736,3.879961286398826,3.1223560428395936
2460318.6596980747,4.996744228704686,3.122014800281336
2460318.666642376,2.1184565410315406,3.1239979963267834
2460318.6735866773,0.3940127723314831,3.123733523367782
2460318.680530979,-2.3347163265366864,3.1250213057493226
2460318.6874752804,-1.3253361852008072,3.1247317584127465
2460318.6944195824,-1.2291175061806423,3.1247564437894204
2460318.701363884,0.8550878787203218,3.1274071389360576
2460318.708308186,1.8430876991450138,3.1290016724627177
2460318.7152524875,0.6106246099501598,3.1297830743381607
2460318.723354173,1.2546821937400945,3.8356025217025347
2460318.7291410915,-1.5842888319253938,3.1325033749310793
2460318.736085394,1.8344863731756709,3.1362583076960617
2460318.7430296955,-4.766913284212227,3.1375362830241786
2460318.7499739975,-6.6389273120305266,3.138879750192531
2460318.7569183,-4.649498936910937,3.142508945293731
2460318.7638626024,1.1937678219166608,3.144012538435426
2460318.770806905,1.5602281960225504,3.1435076204168175
2460318.7777512074,0.1762664545255085,3.1436174631934186
2460318.78469551,-3.672166819973237,3.8506119926414994
2460318.7916398128,-1.0044080937696602,3.1418405680385146
2460318.798584115,-2.2664065735015093,3.1422826979825147
2460318.8055284177,3.5931550726359127,3.1443048359348382
2460318.8263613265,-3.8894629879300053,3.137226154022395
2460318.8333056294,-4.815986119158833,3.1353383273088444
2460318.840249933,-5.9641851598315245,3.1324986924534843
2460318.847194236,-5.189860868104461,3.131116116511605
2460318.854138539,-1.9874178697538214,3.128104003941671
2460318.8610828426,0.6796447742417101,3.1287945748582646
2460318.868027146,0.4376973674070029,3.128579736133957
2460318.8749714494,-1.292465209894174,3.1267394355381306
2460318.881915753,1.0067819272902006,3.1288337926604513
2460318.8888600566,-1.1819924862634243,3.124233621634758
2460318.89580436,-2.2181060158967463,3.1257298164300216
2460318.9027486644,-5.799174673025089,3.1225121452502473
2460318.909692968,-6.024962263980585,3.1229417126350483
2460318.9166372716,-0.30660785430352,3.122693039184853
2460318.9235815755,7.629221719107392,3.1229788254135813
2460318.9316832637,3.8997311254150637,3.821835802810948
2460318.937470184,4.680916256013181,3.119752145300565
2460318.9444144876,8.784554001901382,3.1187233374565544
2460318.951358792,6.21551436211832,3.115279285507871
2460318.9583030962,2.754330575818878,3.112511811736228
2460318.9652474006,6.225182050025843,3.1119717023092606
2460318.972191706,-4.184702557054316,3.1068699469340473
2460318.97913601,1.5374331160444665,3.1059555995067956
2460318.9860803145,-7.716414452644021,3.1016930992420675
2460318.9930246193,-2.477523767404434,3.102593448425706
2460318.999968924,5.1452778167883455,3.1068570601213703
2460319.0069132284,0.3584259595474746,3.1043045291287776
2460319.013857534,2.0635013605414123,3.1056885657142366
2460319.020801839,0.8289425979806389,3.1069559626624272
2460319.0277461433,-8.357146321473891,3.108712760050698
2460319.034690449,-4.827035720220922,3.1100143003880056
2460319.041634754,-4.503973155203993,3.109604097275653
2460319.0485790595,1.8338756407623407,3.1108240267753637
2460319.0555233643,-5.52482722529883,3.1114603342826364
2460319.06246767,-4.903219544660068,3.1108422831449793
2460319.069411976,3.5455772855246677,3.1128004686055952
2460319.076356281,2.3756182626254585,3.1123281210442015
2460319.083300587,4.995455430306943,3.113266391902448
2460319.0902448925,4.185447500301268,3.1112529644743696
2460319.0971891982,1.1039514107977406,3.106675822523423
2460319.104133504,-5.625799503984112,3.103416623803339
2460319.11107781,1.8231300651271702,3.101108319340872
2460319.118022116,-5.969003296160977,3.097263067182642
2460319.124966422,-2.9021446442552277,3.096461453481924
2460319.1319107283,-2.3537254231395313,3.0916382027989275
2460319.1388550345,2.6771923266170434,3.0913793995784364
2460319.1457993407,0.5314589472811369,3.089152958217362
2460319.152743647,-2.669088372248181,3.0867292312742927
2460319.1596879535,-0.5774959677541718,3.0844102822893285
2460319.1666322597,2.171479952833033,3.0828872820185222
2460319.173576567,0.6084670420274343,3.0778957581387085
2460319.1874651797,3.721649915647436,3.0697694990221005
2460319.194409487,-3.8652830539956633,3.064841718780777
2460319.2013537935,-3.305908677418267,3.0629550128806216
2460319.2082981,-7.191499819906097,3.0560087670901717
2460319.2152424078,-0.6287598463605293,3.0564483877507276
2460319.2221867144,4.204323904332005,3.0574571252021325
2460319.229131022,7.460393490743924,3.057790917867521
2460319.2360753287,2.597868916665096,3.0552621662347885
2460319.2430196363,0.2393550304215024,3.0581104361531692
2460319.2499639434,2.2344066270157845,3.056432393658396
2460319.4721818143,-1.9497837290631828,3.0105387190068975
2460319.479126124,-0.9428583763786804,3.007566171475958
2460319.486070434,-2.262842637427635,3.0061307193260567
2460319.493014744,1.1063533274101627,3.005292716299859
2460319.499959054,1.6981415725523794,3.0050028219130382
2460319.506903364,-5.06266235837791,3.0008218783549445
2460319.513847674,-3.9090471367672244,3.000649346432887
2460319.5207919837,-2.9450426248565824,2.9988665764189992
2460319.5277362945,-2.643915904454649,2.998124569574644
2460319.534680605,0.15601131556676862,2.99923118073365
2460319.5416249153,-0.8605443500409031,2.9990565747423457
2460319.5485692252,3.2476937075923606,3.000929537109513
2460319.5555135366,6.914601298016453,3.00073433730044
2460319.562457847,1.1131714637273191,2.9981237592353356
2460319.569402158,-1.915062463634016,2.9956468640688567
2460319.576346468,4.51954681544094,2.99643377196417
2460319.5832907795,-4.832107506728242,2.9918292346189443
2460319.5902350903,-2.5104037503752603,2.993932569066377
2460319.5971794017,-0.7380761909837683,2.991542991170954
2460319.604123712,-5.873831298222727,2.990849723138124
2460319.6110680234,3.7405584938925984,2.9925479242271855
2460319.618012335,2.9527055963658837,2.994430640448176
2460319.624956646,-4.095917960695546,2.991494326965434
2460319.6319009573,5.395186762703741,2.994675203810971
2460319.638845269,3.0362569143282383,2.9952323805837793
2460319.6457895804,0.12502560285866005,2.9950329409306753
2460319.652733892,2.154993438992608,2.99868407276846
2460319.659678204,-2.6594238599661346,2.998955953813557
2460319.666622516,-0.6319172310517027,2.9986944704241263
2460319.6735668276,-2.5785360045187278,2.9984279752198884
2460319.6805111393,2.4856703872866337,2.999361336851894
2460319.687455451,2.1699043352961076,3.000822983516999
2460319.694399763,2.5719499706086193,3.0023624811155787
2460319.7013440756,-1.5054202219569384,3.004233070624782
2460319.7082883874,2.876343928444441,3.004024617235173
2460319.7152326996,-3.5245786782905397,3.002799543030111
2460319.722177012,-4.632410898468969,3.0003560829086102
2460319.7291213246,-6.033930836834684,3.0035397733556675
2460319.7360656373,-1.9922759941614987,3.0050756646762107
2460319.7430099496,3.401686374821379,3.00552721252442
2460319.7499542623,-3.5044664684167612,3.0043753363745016
2460319.756898575,0.1585446896890217,3.0029956843544743
2460319.7638428877,0.7198372990106332,3.004430954924636
2460319.770787201,2.4143171406148465,3.000516763804269
2460319.7777315136,-4.976624867527879,2.99688249569415
2460319.784675827,4.291650633115885,2.9983779841753346
2460319.7916201395,3.476320210577778,2.999670596972497
2460319.7985644527,-1.3528972180614935,2.996231710723667
2460319.805508766,1.911320768848098,2.996642815605768
2460319.8124530795,-0.29118595275252,2.9957919336242664
2460319.819397393,-0.741824459321855,2.992213276323605
2460319.826341707,-1.9950525052636765,2.9882385855281175
2460319.8332860195,-1.8032044500108464,2.986137087407563
2460319.840230333,5.293048530565973,2.987734355900218
2460319.847174647,5.684310489728274,2.985015898892731
2460319.8541189604,2.9862515344925917,2.985485956188942
2460319.861063275,3.18969404640513,2.981894414635912
2460319.8680075887,5.582974428770507,2.9819174310154453
2460319.8749519023,-4.5506280579462235,2.982017325612089
2460319.8818962164,-2.0654594807080118,2.9814484914939734
2460319.8888405305,-8.12337282710992,2.9831177659827035
2460319.895784845,-3.872576401530689,2.9868019067959914
2460319.902729159,2.018478568665575,2.990290902684743
2460319.9096734733,-2.679081063165526,2.9898520737048018
2460319.916617788,3.7567081020462405,2.9895390178190193
2460319.9235621025,2.792913864271689,2.9909946632988373
2460319.930506417,2.012373528298247,2.988253530960653
2460319.9374507316,-2.664074504941827,2.9875012193120454
2460319.944395046,-3.693650984712412,2.9852405560156607
2460319.951339361,-0.3891529808912406,2.984989861429717
2460319.9582836763,3.130008068425505,2.9843270031990605
2460319.965227991,-8.200180512509373,2.976398132546626
2460319.972172306,2.126925714186043,2.9800097282200713
2460319.979116621,-0.5439312998695736,2.9770344388156986
2460319.986060936,-0.509689508223563,2.9747465132698516
2460319.993005251,6.653436256543236,2.976150239707552
2460319.9999495666,1.133344221525735,2.973231624640274
2460320.006893882,3.299867805765192,2.971578668255834
2460320.0138381976,2.698079604542635,2.9711710467816737
2460320.020782513,0.5354798550452533,2.970294150636054
2460320.0277268286,-0.21510931280950762,2.969980790572477
2460320.0346711446,-3.404839047997815,2.97118833721152
2460320.04161546,-2.67178420519626,2.9725847383033486
2460320.048559776,-1.5515125563176806,2.975458063265006
2460320.0555040915,-1.2645156129184705,2.9733915283684627
2460320.062448408,-2.2528923221733717,2.973597153922679
2460320.0693927244,-1.6772791551675477,2.9750952266609345
2460320.07633704,-0.13798903116105876,2.974194726179183
2460320.0832813564,-0.5329890882625867,2.973200459230503
2460320.090225673,2.4676614503805987,2.973957502738628
2460320.0971699893,3.5289109851984204,2.9721960343322826
2460320.1041143057,-4.588486020713702,2.9683624493487453
2460320.111058622,3.524671021133279,2.9698333288463847
2460320.1180029386,2.324373855203907,2.969875854746116
2460320.1249472555,-1.309875772550253,2.9675502922230277
2460320.131891572,3.010256375970284,2.96923566668805
2460320.138835889,2.819117686213976,2.9684600320298014
2460320.145780206,1.775284826805708,2.9679619866834432
2460320.152724523,1.3263574111708742,2.965283285202707
2460320.15966884,0.6292793649267332,2.964658360975849
2460320.166613157,-5.462066271093979,2.9594216635800135
2460320.1735574743,-3.4569884482149664,2.9573654466614747
2460320.1805017916,-5.160315853573907,2.953153344621995
2460320.187446109,-2.28328286883232,2.949602080125114
2460320.1943904264,-5.202687058871442,2.942073836028411
2460320.201334744,-2.2929568667164686,2.9367258451513814
2460320.2082790616,-4.563248395456824,2.932626324589221
2460320.2152233794,2.3852644428119207,2.931408182787368
2460320.222167697,4.084454691967384,2.9290372894562844
2460320.229112014,4.635537532642962,2.927792129508875
2460320.2360563325,6.05377973661503,2.926707151999917
2460320.2430006503,6.547160178645517,2.9288307538934926
2460320.249944968,-0.3968951475088671,2.9265856443832052
2460320.256889287,-3.6630266051184934,2.9275165767289537
2460320.2638336048,0.898276725728089,2.9292444127410704
2460320.2707779235,-6.880424294735921,2.92744939676871
2460320.2777222414,-0.8170072979887846,2.932182500007609
2460320.28466656,1.052929004270811,2.936828128103727
2460320.2916108784,4.594055581413059,2.9428592956156012
2460320.2985551967,4.525883511432416,2.9437124838645645
2460320.305499516,-1.8818299661460003,2.9397648091877837
2460320.3124438343,2.4067081291623618,2.93908281196789
2460320.319388153,1.877792745859535,2.9375705615377274
2460320.3263324723,-0.697880203871116,2.938995616260811
2460320.333276791,1.916999765140876,2.9371299225765335
2460320.3402211103,2.192491915490929,2.9322716618819897
2460320.3471654295,-0.912553620438425,2.9298455591352894
2460320.361054068,-3.674283874658432,2.929956118764675
2460320.367998387,1.6876009289741964,2.9271823315070464
2460320.3749427064,1.351598132032331,2.9244323821146216
2460320.3818870257,1.6460099267752764,2.9227018381209415
2460320.3888313454,1.0750766834851446,2.9223031740935865
2460320.395775665,2.191043391728541,2.92249629397505
2460320.4027199848,-0.020815818665234964,2.92242072932371
2460320.4096643045,-0.9742754614869216,2.92133968017316
2460320.4166086246,-0.5322800620907087,2.918448445991054
2460320.4235529443,-1.0107111248674436,2.9175009430244283
2460320.430497264,-1.7264417714404472,2.915822535512584
2460320.437441584,0.22357779943600486,2.9164908950123594
2460320.4443859044,-4.984905843221607,2.912779604030869
2460320.4513302245,-6.073159664367067,2.910162672248605
2460320.458274545,1.1395709452506564,2.9106724105252866
2460320.465218866,0.26947088947861586,2.9083022626272843
2460320.472163186,3.3607849072404945,2.906690733155544
2460320.4791075066,-3.6753027010523565,2.9046084034101702
2460320.486051827,2.1851890973394514,2.905253564915471
2460320.4929961483,1.3887628364771674,2.9051408016758393
2460320.4999404685,3.1500894550743377,2.9052911737972646
2460320.5068847896,5.573905432556268,2.9049270379339016
2460320.5138291107,7.588661687872127,2.9052672904683265
2460320.5207734318,6.333052380684406,2.9022091095677447
2460320.527717753,-1.3377872045834787,2.8971818091591097
2460320.534662074,5.865247295577792,2.897235699253558
2460320.541606395,-4.3400638677286985,2.893665222443851
2460320.548550716,-6.161065666574035,2.8930380483469045
2460320.555495037,-3.024054056004971,2.8928386678986997
2460320.5624393593,-6.056942028535516,2.889295637686798
2460320.569383681,-4.450239863978177,2.890230164039489
2460320.5763280024,-4.0190872715208865,2.8877702985325997
2460320.583272324,3.608145635504739,2.8924175795468123
2460320.590216646,4.433880383730331,2.8922979124906045
2460320.5971609675,-0.4292821381399119,2.8892460797048365
2460320.60410529,4.4413765670559435,2.890016631638241
2460320.6110496116,-3.8291239646603983,2.8865015710624906
2460320.617993934,-2.6510901966863742,2.886997470053769
2460320.624938256,-4.765214028671358,2.8849430366006987
2460320.6318825786,-2.822013669794365,2.8868443807340434
2460320.638826901,-3.701722545459912,2.8852790404738866
2460320.645771223,2.0256769447756424,2.8856229389070815
2460320.6527155456,2.995812012703836,2.8858328555179216
2460320.659659868,1.7792499140272053,2.8854116273910635
2460320.666604191,3.2665770758534243,2.884067143336344
2460320.6735485136,2.0712505608151144,2.8842472891922166
2460320.6804928365,-3.812783816282911,2.880968538110366
2460320.6874371595,-2.7367132386124204,2.8814646040905316
2460320.6943814824,3.767046612352525,2.8835111707638728
2460320.7013258054,2.532141208982775,2.8844423319539882
2460320.7082701284,2.767406887554596,2.8840531542745382
2460320.7152144513,4.627603967357004,2.8850025809784836
2460320.7221587747,4.18693176225567,2.8827004158466654
2460320.729103098,3.002334481004933,2.8822117184578087
2460320.7360474216,1.0226648480811782,2.8807652459366637
2460320.742991745,-1.1337928247530789,2.8763093777942763
2460320.7499360684,-0.5110667563533589,2.8739346070727407
2460320.7568803923,-3.834756504966604,2.8723276829776054
2460320.7638247157,-4.544608894806592,2.868106252905159
2460320.7707690396,1.6106356729102964,2.867663014947046
2460320.777713364,-2.187601408635239,2.8643781632585665
2460320.784657688,-2.8781896833330407,2.862711007285569
2460320.791602012,-1.6773700657045802,2.864161299525227
2460320.798546336,0.29585927521363997,2.8614285923002023
2460320.80549066,-3.679740857885909,2.860583188543236
2460320.8124349844,0.38960090744187337,2.8618303095635658
2460320.8193793087,1.542356265335099,2.861471688254481
2460320.8263236335,-4.829693315419087,2.8607055393255236
2460320.8332679574,-0.35737297808308477,2.8612215332925577
2460320.8402122823,-6.507638833971973,2.857792895265231
2460320.847156607,-3.1885539101447993,2.8584634992094977
2460320.854100932,3.8440116762749614,2.8604826785716404
2460320.8610452567,4.5532413875858975,2.859952957742534
2460320.8679895815,-0.8392840675505594,2.858582291418644
2460320.8749339064,4.10939229410009,2.862077455765631
2460320.881878231,2.161294668276337,2.8607769191350862
2460320.888822557,3.9190358860328898,2.8640759519756434
2460320.8957668818,4.4073289963861235,2.8632523536874603
2460320.9027112075,-1.1716136386683966,2.8630408234375526
2460320.9096555323,5.836759638587697,2.870344314780357
2460320.916599858,-1.4074618568510275,2.8661067687976742
2460320.9235441834,-2.4295610385667867,2.8670245390813527
2460320.930488509,-0.4147859057822434,2.8659219360674637
2460320.937432835,1.8522857192382107,2.8653182883851795
2460320.9443771606,-3.460807741252345,2.8621054588851824
2460320.9513214864,-3.5672244607815755,2.8620063108146963
2460320.9582658126,-5.405549761893582,2.8595796959971786
2460320.9652101384,0.2549405311434318,2.85841096165989
2460320.9721544646,2.970962091100368,2.8569104107171177
2460320.979098791,-2.792003389160546,2.8540245658364127
2460320.9860431165,1.815824965905178,2.855446362633934
2460320.992987443,-5.766477789276827,2.8500025678417913
2460320.9999317694,5.971594645881715,2.8527022949908027
2460321.0068760957,3.185855232173892,2.847923105419359
2460321.0138204223,-1.8812881957783243,2.8451778951400075
2460321.020764749,4.060285070575231,2.8449330721633586
2460321.0277090757,1.9434906139878525,2.844601780412127
2460321.034653403,0.10266391284328025,2.8448207230430356
2460321.0415977295,-0.3415639244933302,2.843480468446723
2460321.0485420567,-2.2651610903023496,2.8417441295100407
2460321.0554863834,-4.883169164198067,2.841665444998032
2460321.062430708,0.5126801264397551,2.8428431598238864
2460321.069375035,-0.30334372164683954,2.8427774584803758
2460321.076319363,-1.6118240629579514,2.8403817092220933
2460321.08326369,3.7398778704305293,2.841691221789432
2460321.0902080173,-0.11387625578151606,2.8388512995698227
2460321.097152345,-4.396754418131496,2.8363244089162514
2460321.1040966725,0.22756480192617268,2.8378733428716143
2460321.1110410006,6.622632060978933,2.838163663102828
2460321.117985328,2.5935959384418936,2.835515905164525
2460321.124929656,0.5101029682999578,2.8321449503130958
2460321.131873984,-2.028717984447493,2.830455404543487
2460321.1388183115,2.7860568528278735,2.829574917467643
2460321.1457626396,-0.18742299828928877,2.8273376530137724
2460321.152706968,-0.7741322037047675,2.8267774260791714
2460321.159651296,3.3942167081744454,2.8278996736044104
2460321.1665956248,-3.26763790573891,2.825408956735131
2460321.173539953,-4.352355000146009,2.825139547036589
2460321.1804842814,1.1494051738350373,2.827991332810926
2460321.18742861,-2.5883765135760246,2.825100967017574
2460321.1943729385,-1.9664926359286903,2.824483828582174
2460321.2013172675,-3.0611346042844985,2.821759440643699
2460321.208261596,-2.5622352007913007,2.8229137182530892
2460321.2152059246,-4.187989055638932,2.8198732619597813
2460321.222150254,1.6363050314533516,2.8187361788097873
2460321.229094583,2.3001144811611973,2.817425906854989
2460321.236038912,6.127690700188799,2.81735377427869
2460321.242983241,-0.5734993084708047,2.8166224804231543
2460321.2499275706,1.1983951545149347,2.8135324701364866
2460321.2568718996,-3.7210414428335943,2.8125913756258814
2460321.2638162295,2.230507523686744,2.8153034752488764
2460321.2707605585,2.801524740962138,2.815294237809813
2460321.2777048885,-1.664043335442624,2.8158164118092124
2460321.284649218,1.3940003378741452,2.8171800216731744
2460321.291593548,0.8977707104488946,2.8149455400969186
2460321.3054822073,4.005419679800161,2.812484464503775
2460321.3124265373,-3.3307285034108656,2.8066983809280934
2460321.3193708677,-6.6839277645964685,2.804812155735173
2460321.3263151976,-3.206215806600288,2.807461022302494
2460321.333259528,-1.148826371724507,2.806340213627901
2460321.3402038584,-4.508871131414558,2.800461269103525
2460321.347148189,-2.0945668403702973,2.7977312502362595
2460321.3540925193,2.1045512313429913,2.7972489501723916
2460321.3610368497,1.332184269445022,2.796202503102238
2460321.3679811805,5.830859665545663,2.796096026655894
2460321.374925511,3.209347397644559,2.793859765953602
2460321.381869842,-0.47788796539646183,2.790313275785508
2460321.388814173,-2.0628030308445724,2.789039344579303
2460321.3957585036,-0.3874260087628416,2.791688128397461
2460321.402702835,-0.3613319032340123,2.789859955692607
2460321.409647166,5.830128901960501,2.7902460382517944
2460321.416591497,-2.539890811394853,2.788084685397406
2460321.4235358285,-1.259850736341496,2.791891551241163
2460321.43048016,3.058186739409842,2.7952453097530428
2460321.437424491,2.2464395064025937,2.7911484791741024
2460321.444368823,1.0265353731634668,2.7911961596316517
2460321.4513131543,-3.691463980816463,2.7907292165200466
2460321.458257486,1.6765590237755599,2.7930235196819453
2460321.465201818,-3.34710584814331,2.7900678230556015
2460321.4721461493,-6.570196782018806,2.7898059246012727
2460321.4790904815,-2.36441862268232,2.789966450475474
2460321.486034814,-7.294256518327727,2.7877116746919324
2460321.492979146,1.4240590170103402,2.7882832393786683
2460321.4999234774,-2.9902896234472176,2.7879436863865643
2460321.5068678097,-0.5247692814732869,2.787877423001414
2460321.513812142,-4.041463276788626,2.788059084530481
2460321.520756475,4.125047796963566,2.7896745297021543
2460321.5277008074,2.091614051644891,2.787134570439285
2460321.5346451397,2.574396192815585,2.785656201433057
2460321.541589473,2.8748921523516113,2.7842886457860203
2460321.548533805,4.003079682441772,2.7829273492449644
2460321.5554781384,0.18573729546867052,2.779467449136066
2460321.562422471,-0.6064935098596881,2.778057737100696
2460321.569366804,0.36766117532692055,2.776712773786754
2460321.5763111375,1.6996219852417473,2.776430644547931
2460321.5832554703,5.664724613386565,2.7781225749847884
2460321.590199804,2.031075858475967,2.776695712972677
2460321.5971441367,-2.075325744216364,2.7711774554872917
2460321.6040884703,1.493173836520779,2.772717369834105
2460321.611032804,3.014686764139397,2.7718111385381685
2460321.617977137,-2.341704816987432,2.7711980056058962
2460321.624921471,-2.2175297885795535,2.772131155288717
2460321.631865805,-2.5037712695627112,2.76867634677984
2460321.6388101387,-4.238299347074542,2.7682947621633294
2460321.6457544724,-4.85961450995678,2.7685912587920516
2460321.6526988065,2.5879310710247307,2.7677903107476642
2460321.6596431406,5.4014101611981555,2.7680103436073495
2460321.6665874748,2.9725632616333924,2.768110979413732
2460321.673531809,-2.612192234290968,2.765423000862352
2460321.6804761435,3.4134683440403677,2.7669342031655204
2460321.6874204776,-3.4182287622201684,2.764106762273187
2460321.694364812,-3.5573771729494994,2.7657123681749596
2460321.7013091464,-5.032754540183328,2.764449591147064
2460321.7082534814,2.2416856649783963,2.765804526706034
2460321.715197816,5.72564015640797,2.7662056800342065
2460321.7221421506,-0.5191873094669486,2.7650844990154457
2460321.729086486,2.633575291399402,2.7631500311818464
2460321.7360308208,4.435769590306575,2.766075722126248
2460321.7429751563,-1.9460648497138413,2.761892398845669
2460321.749919491,-4.112892682591159,2.758998115847574
2460321.7568638264,-1.7130016456416537,2.759268281952765
2460321.7638081615,2.1260274821008447,2.764382602618287
2460321.770752497,-0.7430672730543582,2.759708004115892
2460321.7776968325,-0.6605129362806279,2.7584037171827127
2460321.7846411676,-3.6170212837963964,2.756927077688213
2460321.7915855036,-2.2014735443669085,2.760515594026185
2460321.7985298396,-1.1931691903217754,2.7556115899917017
2460321.805474175,-0.29251296620473566,2.7554672308170916
2460321.812418511,-0.6263942574534993,2.7541257780338966
2460321.819362847,-2.4832369730869615,2.7526311447424354
2460321.826307183,4.805001400277295,2.7566171324757396
2460321.833251519,-2.8455864655050487,2.7524279337779824
2460321.8401958556,2.0446736692439282,2.7523673750492335
2460321.8471401916,2.1187940981770765,2.753829695711497
2460321.854084528,1.3338641323537614,2.754173481351734
2460321.8610288645,5.690879973267137,2.754285868192607
2460321.8679732014,-5.402538623455396,2.750121959593191
2460321.8749175374,-1.5195905628543462,2.752003674385222
2460321.8818618744,-0.22994883454018522,2.7530126503959877
2460321.8888062113,1.521340366237127,2.752334021181481
2460321.895750548,3.821536077694659,2.755333586786954
2460321.902694885,-0.2495624922188706,2.752815237885672
2460321.909639222,-1.3022749422852518,2.753250668712854
2460321.916583559,-3.724541101798606,2.752430601019824
2460321.9235278964,2.484716791891068,2.7556619945300613
2460321.930472234,0.9241420107113925,2.7571627666197056
2460321.9374165707,-2.0380419794598077,2.7582765326645133
2460321.9443609086,5.239910928039309,2.7594274070509894
2460321.951305246,1.3432703402340602,2.7589541888360674
2460321.958249584,0.2511768030631456,2.7549250268208283
2460321.9651939212,-0.8066474030168967,2.7549608367391927
2460321.972138259,2.35909158147655,2.7552160373414742
2460321.979082597,-1.36420871209996,2.7535004376220393
2460321.9860269353,-4.554832735040124,2.7514029928128725
2460321.992971273,-3.4479874654631275,2.7524637469023703
2460321.9999156115,0.9740296450337995,2.753865571271995
2460322.0068599493,-0.06729179308386435,2.751916102721476
2460322.013804288,-0.9399892901769853,2.752313896796521
2460322.0207486264,-0.26422797488544303,2.747153338425011
2460322.0276929648,-1.1169732684812876,2.745675956569944
2460322.0346373036,-0.7674978621861521,2.7437071943705753
2460322.0415816423,2.1520695900081455,2.741862328913932
2460322.0485259807,3.6488206490128245,2.7416700823308826
2460322.0554703195,3.3313932943785662,2.740516885359392
2460322.0624146587,-0.8377636847200185,2.738393320765274
2460322.0693589975,-0.4638963012679349,2.73629524983112
2460322.076303337,-2.3140618125902024,2.7355962794578175
2460322.083247676,-2.9201249830084635,2.738737560748989
2460322.090192015,2.0168323506132113,2.7384367214084246
2460322.0971363545,0.2874005466338647,2.7389467212481033
2460322.104080694,-1.3303845518297819,2.736502240665819
2460322.1110250335,0.7987191929552448,2.7344325029590375
2460322.117969373,1.5296372209852196,2.7342997395275748
2460322.1249137125,0.6710696666639513,2.7307822682048073
2460322.131858052,-1.1820537617466842,2.727300683587964
2460322.138802392,-2.5507846521342348,2.72515470615958
2460322.145746732,-3.221358763586302,2.723309696005925
2460322.152691072,-4.244616279876249,2.7220823033057546
2460322.159635412,0.9307704898265577,2.7236578007071905
2460322.1665797527,1.414757933688078,2.7242889726154362
2460322.1735240924,3.8574987668463563,2.7243182867360844
2460322.180468433,1.787786248893459,2.7245426243723774
2460322.1874127737,1.0882800760396287,2.7248328556252024
2460322.194357114,1.8838517239928296,2.7268089457169213
2460322.201301455,-2.8232103534578337,2.724605397732024
2460322.208245795,0.6368881770832346,2.7280188848627565
2460322.2151901363,-2.4849588673654814,2.7255194604242727
2460322.222134477,0.43344442985992093,2.7261425898445584
2460322.2290788176,3.5526326156104098,2.727331848239333
2460322.236023159,-1.8858559927427934,2.7269935779495476
2460322.2429675,0.33762477222963383,2.7269225568631974
2460322.2499118415,3.1866654537601184,2.7276146343274212
2460322.2568561826,0.7506314910649023,2.7270871155595713
2460322.263800524,-2.2913101064883885,2.7246819175310577
2460322.2707448653,-1.0854582091899803,2.728001705192913
2460322.277689207,3.637359706810293,2.725707282524439
2460322.2846335485,1.87002807681953,2.7251566509732563
2460322.29157789,5.1244152910383,2.726476078256453
2460322.298522232,4.60529131698654,2.7259733959924866
2460322.305466574,-2.9410114247029537,2.7218524289404145
2460322.3124109157,-4.018574600298053,2.719406296661847
2460322.3262996003,-2.422744740816227,2.718802835141956
2460322.3332439424,-2.5929351786671924,2.7158707209458477
2460322.340188285,0.81534139632359,2.71580673671782
2460322.3471326274,0.5113169207272904,2.7134421742127945
2460322.35407697,-0.1931642977858466,2.71380705459165
2460322.3610213124,0.7866557763390513,2.71258469370879
2460322.367965655,4.54410061198577,2.7142507850819872
2460322.3749099975,2.987203748938512,2.7108598464079363
2460322.3818543404,0.3600413291505742,2.708428668657882
2460322.3887986834,-6.170786042254761,2.7073023038171757
2460322.395743027,-4.333832701980569,2.707466240997126
2460322.4026873694,1.774950247825962,2.7079657365444842
2460322.409631713,-0.30546791244209937,2.7078943794959245
2460322.4165760563,2.1419514251204035,2.7083073698213007
2460322.4235203997,0.7700151609952723,2.708234978977819
2460322.430464743,-1.6218154882368834,2.708216172150373
2460322.4374090866,-0.3418281715032295,2.7082014789824616
2460322.44435343,3.2562920741254597,2.7090689886086508
2460322.4512977735,0.04683656095110922,2.7092019957653464
2460322.458242118,0.9597059735618081,2.709331779111109
2460322.4651864613,1.1141309553874073,2.7071539795069306
2460322.4721308057,1.07861780104767,2.707397393016586
2460322.479075149,0.8289838831854341,2.707533480820531
2460322.486019494,-0.3997898491312284,2.7078005839533925
2460322.492963838,-5.391246122904162,2.7057002176923746
2460322.4999081823,-1.342351980365121,2.7072599158654866
2460322.5068525267,1.2154468862344818,2.7072664231355983
2460322.5137968715,1.7254220704355738,2.7089369728462107
2460322.5207412154,3.9671023705584187,2.7095410085773346
2460322.5276855608,5.825138140162589,2.708073449009209
2460322.5346299056,-0.9523043275716556,2.7057706907242314
2460322.54157425,-1.6800544165648406,2.70423313170853
2460322.548518595,0.4991069587320264,2.7064739004239233
2460322.55546294,-7.544273289992645,2.700050299631654
2460322.562407285,-2.1150229643110277,2.7029627328795214
2460322.5693516303,-1.5927299435514102,2.703895064208424
2460322.5762959756,1.0569272376787386,2.7017419828585827
2460322.583240321,4.088666922113664,2.7061804527927973
2460322.5901846667,2.364797823716529,2.7018745190864704
2460322.597129012,0.5292079065924633,2.700266177134728
2460322.604073358,-3.1620864982136045,2.6999199271345034
2460322.6110177035,-4.11786714661009,2.6992285240275806
2460322.6179620493,-3.2769011422083176,2.6988228174946394
2460322.624906395,-2.2784803273407146,2.7008757944289665
2460322.6318507413,3.3365962964685707,2.7004990145303798
2460322.638795087,-0.018132307441817264,2.698859711736457
2460322.645739434,-5.590736414924902,2.6982815316517126
2460322.652683779,4.998434812486881,2.6999242265080956
2460322.6596281244,3.797641009381176,2.7004778037453554
2460322.6665724707,2.8371620834925753,2.697487815638643
2460322.6735168174,0.4300927403781478,2.6968213888230856
2460322.680461164,1.2746374416931636,2.7001213474059416
2460322.687405511,0.648788428294157,2.6974406906357253
2460322.6943498575,-0.9154252589617502,2.6980923817767146
2460322.701294204,0.04033907981233131,2.6992092714987717
2460322.7082385514,-1.5730213066455456,2.697251893934332
2460322.7151828986,2.106903591110184,2.697908305288534
2460322.7221272453,-3.6598944106000904,2.6949240602050533
2460322.7290715924,1.965541075972616,2.697729404861111
2460322.73601594,0.5862600271798177,2.694978761111076
2460322.7429602877,4.867094218661087,2.6968337291738003
2460322.749904635,1.2624008436651746,2.696739868011378
2460322.756848983,3.0145484113179286,2.695249461429084
2460322.76379333,-3.1791695321173963,2.6928889001963903
2460322.7707376783,-1.4924078820057167,2.6926647316869237
2460322.777682026,0.6449939845010753,2.6933798902166046
2460322.7846263736,-0.9358795573541805,2.6935010506687327
2460322.7915707217,2.5368969296448616,2.694137491342012
2460322.7985150698,2.9882311531391825,2.694276621780519
2460322.805459418,-5.426553197628157,2.691890121935154
2460322.8124037664,-2.950047079110459,2.6916127165077817
2460322.819348115,-2.952688819075785,2.694870926347164
2460322.826292463,1.059306976750761,2.6940502605775407
2460322.8332368117,-0.47098738978049304,2.6933265251853737
2460322.8401811603,-0.5698801161429372,2.695070340475146
2460322.8471255093,2.9893114509817984,2.694473610473129
2460322.8540698583,2.9702789296036123,2.6963569999519623
2460322.8610142074,-7.880039705255746,2.6930613827019023
2460322.8679585564,-2.6645627728556205,2.693665504674103
2460322.8749029054,2.7930802347629413,2.69704969685181
2460322.8818472545,0.34591024697801753,2.6954410603031547
2460322.8887916035,-3.300085873601404,2.6929008837008546
2460322.895735953,-1.7840945526030922,2.6947321063897878
2460322.9026803025,0.8870682788435404,2.6942125406856032
2460322.9096246515,0.3166708579725923,2.6949562293445126
2460322.916569002,-0.39347097652851803,2.6951052614710242
2460322.9235133515,-0.7404302311680333,2.69618814654991
2460322.9304577014,-1.9236679217140153,2.6936189272479
2460322.9374020514,0.5044301779962559,2.696072831305633
2460322.9443464014,3.543289318938034,2.695884492765123
2460322.9512907513,-2.2320364948773728,2.695150768573615
2460322.958235102,2.0670434099424106,2.6963954522656963
2460322.9651794517,2.9641728714627593,2.697373011270164
2460322.972123802,-1.7305289319299455,2.6950515196349705
2460322.9790681526,-0.8238733843093251,2.6959483427143347
2460322.9860125035,1.1140942160884153,2.695141248344275
2460322.992956854,1.7895409862406018,2.696474052207821
2460322.9999012044,5.779447619526592,2.695752717022328
2460323.0068455553,1.3747836352617355,2.6948617324945876
2460323.013789906,-1.8750425018230295,2.694278837300555
2460323.020734257,1.4516865695758983,2.696273393009335
2460323.0276786084,-0.7187264654768599,2.695335482194795
2460323.0346229593,-2.7765936192925142,2.6939992689649443
2460323.0415673107,-4.4124878685252,2.6931148065535204
2460323.048511662,1.1552819692141076,2.695103591267296
2460323.055456014,-6.298779924410265,2.6930952075311976
2460323.0624003652,1.170579684579875,2.6971552156330296
2460323.0693447166,8.740353853672657,2.699269574913449
2460323.076289069,3.2786190145607916,2.697659701783314
2460323.0832334203,0.9222341659833824,2.6969183442292
2460323.0901777726,1.5732622678077992,2.698425493396213
2460323.097122125,-3.032901339005245,2.6964511002994196
2460323.104066476,1.052974671264967,2.696916060849268
2460323.1110108285,-3.408496294370203,2.6962323056177655
2460323.1179551813,-0.16806024849068568,2.6965046902252143
2460323.124899533,-0.5441347542314656,2.6976043161859624
2460323.131843886,4.4473883302079145,2.6991019214402443
2460323.1387882386,-2.5453857634723245,2.6971168726128822
2460323.145732591,-1.4576817214322637,2.6975879041042887
2460323.1526769437,-7.335197562753051,2.6951387462502114
2460323.1596212965,1.9037758280595516,2.6973942415780816
2460323.1665656497,-2.5565111341208664,2.695747779194944
2460323.1735100024,-1.6013328359497068,2.69563340205645
2460323.180454355,2.5187913408826326,2.696011665913222
2460323.187398709,5.671110209148562,2.6972766294741355
2460323.194343062,0.4259921184842099,2.694846810638749
2460323.2012874153,2.274685846341786,2.6979209570677534
2460323.208231769,0.7225214117938825,2.6951909045370424
2460323.2151761223,-2.431501564095989,2.6949462609501698
2460323.222120476,-5.17055446013439,2.693623314988763
2460323.2290648296,1.7804031937728333,2.6953952936993737
2460323.236009184,2.0591963694018416,2.6963978319034765
2460323.2429535375,1.4310790254037635,2.695687982169222
2460323.249897891,0.10138636420565518,2.6966115790470497
2460323.256842246,6.234483300878203,2.698703581037556
2460323.2637865995,-0.03207403317470259,2.696731987386802
2460323.270730954,-5.8758464446869905,2.6952422268507052
2460323.2776753083,-3.1770010285026236,2.697341151047306
2460323.284619663,-4.814922056555391,2.6954807115868227
2460323.2915640175,0.2144158003231813,2.6967948650505984
2460323.298508372,3.0494088317620136,2.6976415585744586
2460323.305452727,-0.738930727671772,2.698992245854614
2460323.312397082,0.6673810316441791,2.6975114781843406
2460323.3193414365,3.3034244596203513,2.6990271016163327
2460323.326285791,0.3549661705596143,2.698653644164058
2460323.333230147,3.8136576276899086,2.70046852165709
2460323.340174502,-1.403361833214174,2.696625209807723
2460323.347118857,-4.168885354828761,2.699183478650932
2460323.354063213,-8.447074799571858,2.69373895017576
2460323.361007568,2.0616557567814633,2.6991559679214188
2460323.367951924,4.535944755690407,2.7002391355808215
2460323.374896279,5.487385986048185,2.699846888209361
2460323.3818406356,2.1389794155563058,2.6974893933533166
2460323.388784991,-3.5541238134733577,2.69440069221468
2460323.395729347,-0.17304068933333694,2.6972557109159077
2460323.402673703,0.42489210706784997,2.6984314778661744
2460323.409618059,-5.316423276702482,2.69619765622485
2460323.4165624157,0.293746658509602,2.6953647929133813
2460323.4235067717,-5.0251787785290585,2.695937391854731
2460323.430451128,1.5317813401736684,2.696266975989909
2460323.4373954847,0.2573620851862799,2.699261519550996
2460323.444339841,-1.537237715967644,2.6986750609501287
2460323.451284198,4.2385200033987,2.697927373664595
2460323.4582285546,-2.894509982475944,2.697452859409575
2460323.4651729115,-0.5024703567458667,2.6976932473791524
2460323.472117269,-0.39463139844190565,2.6976994787377713
2460323.4790616254,-2.1467165133692463,2.6964137397800343
2460323.486005983,1.567847054083689,2.69960098005065
2460323.4929503403,0.7380503235171427,2.6997408174124735
2460323.499894697,4.003837875898803,2.6996515671929147
2460323.506839055,0.21679806275653446,2.6979769418050257
2460323.5137834125,-1.682294136004466,2.697763897782249
2460323.52072777,2.313896614377615,2.7002522865193517
2460323.5276721283,6.394649581537093,2.6996059362999127
2460323.5346164857,-0.6632232257594386,2.6992409153933288
2460323.5415608436,3.2501623398109913,2.6981214159491054
2460323.5485052015,-0.6118345853219186,2.6976348920679647
2460323.55544956,2.5774299992905427,2.69845157960766
2460323.562393918,-3.4514133036175014,2.6962321641765303
2460323.5693382765,-1.3867407018538926,2.696743316611283
2460323.576282635,-0.4571832801392124,2.6988046275805115
2460323.583226993,1.6989098305695531,2.6984962265208776
2460323.5901713516,1.1272881168353743,2.6983562509087093
2460323.5971157104,5.1021074027188655,2.6991681515085726
2460323.6040600687,-4.084090998889148,2.6965773589214326
2460323.6110044275,-0.9653403089313646,2.6961425134889168
2460323.617948787,1.2749875356089029,2.696601448795707
2460323.6248931456,3.0707003546675,2.699389548192569
2460323.6318375045,-5.146003734042493,2.6978193296532265
2460323.6387818637,1.0908577644212565,2.7006956138983855
2460323.645726223,-4.729027468149959,2.6958506125216046
2460323.6526705828,0.6631367145912349,2.6978433792844716
2460323.6596149425,-2.664163656257157,2.698191604791882
2460323.666559302,-1.4510297942823391,2.6979134334139037
2460323.673503661,-2.5646272725030164,2.6986760381733697
2460323.6804480213,2.920162206635118,2.700091133499408
2460323.687392381,2.85846000570779,2.7004508290031985
2460323.6943367408,-2.5144889866241447,2.6992444964137388
2460323.701281101,-2.9055182635564663,2.7001422843241
2460323.708225461,-5.475202724870137,2.69728981739642
2460323.7151698214,-0.0873508397699394,2.699171049306834
2460323.7221141816,2.4563318196585837,2.6998505383953684
2460323.729058542,0.38039688420316864,2.7006120542706404
2460323.736002902,0.7211653026725063,2.7012286420010674
2460323.742947263,-0.6396499368739235,2.699725419589022
2460323.749891624,1.0252356455193996,2.7003485436171357
2460323.7568359845,-2.2281843365357155,2.6991914575447686
2460323.7637803457,0.37008244247963473,2.7003945925827186
2460323.770724707,3.177675985809433,2.699268712744861
2460323.7776690675,-3.6941533938039868,2.697715711954117
2460323.784613429,-1.5942262907428626,2.698882156210496
2460323.7915577902,-0.5062560657714799,2.6982828575772095
2460323.7985021514,2.233232693302725,2.70088235592756
2460323.805446513,2.768198502038621,2.7020432331454995
2460323.8123908746,2.2098608932866513,2.7002623289092544
2460323.819335236,1.741629869933347,2.7006517600789763
2460323.826279598,-2.6791157753436954,2.6981485239287344
2460323.83322396,-0.13988390509177584,2.7002682701440293
2460323.8401683215,-0.4977865462606272,2.700960589262199
2460323.8471126836,-0.8241719260414576,2.700558673347649
2460323.8540570457,6.494134018242362,2.703291976658504
2460323.8610014077,0.626374891794362,2.7027105941466605
2460323.86794577,6.6750004545158514,2.7096539679547345
2460323.874890133,-3.0511438374825786,2.7028513551211586
2460323.8818344953,-1.013739469628952,2.7020683578651923
2460323.8887788574,-0.5837800374846851,2.7039847366932612
2460323.89572322,1.4142009060355636,2.7054302953115723
2460323.9026675834,-5.021744855962217,2.7010798805143437
2460323.909611946,-5.409782667037353,2.707631129922484
2460323.9165563094,4.877988919541377,2.703549215043493
2460323.923500672,4.086467318474486,2.7043055161636933
2460323.9304450355,3.6486891522500198,2.7047682326813156
2460323.937389398,3.788153431141672,3.3124474109890802
2460323.9443337615,2.492790519124276,2.7031246900665615
2460323.9524355186,-4.2457886011553825,3.3109853615006313
2460323.9582224884,-3.6252892984329055,2.702803519856081
2460323.9651668523,1.6047692640756845,2.7022868113088663
2460323.972111216,-4.278490584354739,2.700249060158575
2460323.9790555798,-0.23209849066564647,2.7004959489077986
2460323.985999943,0.1702420265504876,2.7021486645417667
2460323.992944307,-8.044877516800987,2.6985989884300334
2460323.9998886716,4.182631806759002,2.7018170165104785
2460324.006833036,-2.119089280637749,2.703610824588536
2460324.0137774,-6.449520323367665,2.6986342933863674
2460324.020721764,-1.7511242948487955,2.7022734868258844
2460324.0276661287,-2.344693365163498,2.7032165746508294
2460324.034610493,-2.4803466453537517,2.70291513043456
2460324.041554858,2.2389840722259136,2.704645518332747
2460324.0484992224,1.6586028396033656,2.7062046640089683
2460324.0554435872,1.1628769006938267,2.7042573229263254
2460324.062387952,5.0653085069953745,2.7046167726603545
2460324.069332317,3.534675743267689,2.703665767318213
2460324.0762766823,3.3958697381819336,2.7041933642114557
2460324.0832210477,-1.1078693642680717,2.704786818378184
2460324.0901654125,-1.6642870888769683,2.705204658877003
2460324.097109778,-3.4878199927754276,2.702960439509479
2460324.104054143,0.6400957955750073,2.707017640727693
2460324.110998509,0.7957270890493777,2.705665209149202
2460324.117942875,1.879161961111163,2.7069687983590036
2460324.1248872406,1.6198010577083217,2.703796194190875
2460324.1318316064,0.3549412364459056,2.703581979172405
2460324.138775972,-2.423372739797774,2.702406462938807
2460324.145720338,1.8893852370389617,2.705365043512367
2460324.1526647042,3.102106953847383,2.7059767044745477
2460324.1596090705,4.621015156010698,2.7057589533481523
2460324.1665534363,-0.5838016252556213,2.7050054710933655
2460324.173497803,4.795980181047346,2.7043947592026742
2460324.1804421693,-7.528749268978393,2.699749839901538
2460324.187386536,-0.8094854562265912,2.702008295247525
2460324.194330903,-2.017218627285688,2.702475646434905
2460324.201275269,0.6292493888358894,2.703886119213531
2460324.208219636,-2.1417828116155078,2.703293387431262
2460324.2151640034,4.047994051236639,2.7039987416260742
2460324.22210837,2.0994863157886137,2.704386864751303
2460324.2290527374,2.9842211062911987,2.704926755508049
2460324.2359971046,-2.370701162162023,2.704581204632801
2460324.2429414717,-0.3551885322278717,2.7035233910466676
2460324.249885841,-4.186794080664163,2.7013571390973943
2460324.256830209,-4.169371180875411,2.701912882691223
2460324.263774576,-6.696955154332688,2.7018532582536214
2460324.270718944,-6.473144373588175,2.7017332386805637
2460324.277663312,-1.7203883560349489,2.7040897184138184
2460324.2846076796,3.6002442980033744,2.7069522222554796
2460324.2915520477,-1.1353963285954833,2.7049434930349032
2460324.2984964154,5.075772939338153,2.7070653085573766
2460324.3054407835,0.46889519226107,2.7042489311822107
2460324.3123851516,1.7855501447653437,2.7072417883693305
2460324.31932952,5.1769816903830295,2.7056196454091204
2460324.3262738883,-3.455132588449116,2.7037505427650044
2460324.3332182574,-4.06510329405905,2.70660017388126
2460324.3401626255,4.168559027126091,2.7079282425641096
2460324.347106994,1.1632845011074555,2.7062203465351247
2460324.3540513627,5.498270444393643,2.7055463411181857
2460324.360995732,0.7718367125510486,2.703307523194619
2460324.3679401004,-1.238443358083586,2.705668338351478
2460324.3748844694,-2.711929447947372,2.703449458160159
2460324.3818288385,-1.9030773160771117,2.7028357314752713
2460324.388773208,-2.681458791486897,2.703442715307702
2460324.3957175775,3.8225604294602795,2.705864105794582
2460324.402661946,2.2923551119018692,2.7036424422255494
2460324.4096063157,2.8881114491575532,2.7053787289499436
2460324.416550685,2.8370168277694354,2.705446554041977
2460324.4234950547,-1.0783772162282772,2.703585610638869
2460324.430439425,1.6152830743385724,2.7048057615825756
2460324.4373837947,-1.883772060658993,2.703338714074
2460324.444328164,-4.071455642400714,2.7062967106297613
2460324.451272534,-3.8825720316500054,2.702724945202423
2460324.458216904,3.8903449625712803,2.7057829235308053
2460324.4651612747,-1.9596975239378043,2.705463211578986
2460324.4721056446,-0.5485491505306299,2.7032285802315013
2460324.4790500146,1.3700214588898527,2.705530076313248
2460324.485994385,4.051882495588483,2.7070479356807877
2460324.4929387555,-2.0600342687034496,2.7046909325083903
2460324.499883126,-1.5572441587988344,2.7046792253004486
2460324.506827497,-0.49680997987564224,2.706139290545599
2460324.513771868,0.17442701745633826,2.70391489987006
2460324.5207162383,1.6719179934658066,2.7051427214423907
2460324.5276606097,0.3393162889566703,2.703654903001046
2460324.53460498,3.503029007432847,2.705178538023532
2460324.5415493515,-2.7306379532097558,2.7043949445312836
2460324.5484937225,-2.7558552828126683,2.7039717733624857
2460324.555438094,-1.2843258540280829,2.7028841712932827
2460324.562382465,-1.4228312472642,2.705994572285657
2460324.5693268366,-0.5280584232656893,2.7040739971055228
2460324.576271208,2.005739842653634,2.7044505268311263
2460324.58321558,0.726217903643831,2.7038379454889605
2460324.5901599512,4.145236072404927,2.7043148876074583
2460324.5971043226,1.1831958085863996,2.7039394306535893
2460324.604048695,-2.405264892605346,2.7023793590669105
2460324.610993067,0.35724979498545983,2.703929588024522
2460324.6179374387,2.5435073854069765,2.7050883644396513
2460324.624881811,-3.390504028431595,2.7026374546254317
2460324.6318261833,-1.0047389045109045,2.7067986153087364
2460324.6387705556,-1.0774776128646701,2.7051447656050907
2460324.645714928,-6.120445142097652,2.7058001120798885
2460324.6526593002,-1.5373137578629241,2.7065813919805755
2460324.6596036726,-3.1240974041964815,2.7044552489278217
2460324.6665480454,-0.3129575566515952,2.707135269843409
2460324.673492418,4.804810800790204,2.7082300425179984
2460324.6804367905,-1.2610797753427212,2.707309476020962
2460324.6873811632,-0.5940649461032783,2.7088044615074955
2460324.6943255365,-0.4753846051356576,2.706719409818218
2460324.7012699093,0.9960313270695207,2.7078855934212362
2460324.708214282,5.314766581681849,2.7099399209489117
2460324.7151586553,2.8193557852913615,2.7094345340692527
2460324.7221030286,-1.3487727058529617,2.708453471851534
2460324.729047402,1.431139233079855,2.711370925100589
2460324.7359917755,3.2188812180844892,2.710401506159655
2460324.742936149,-1.7076010020205137,2.7080343645707923
2460324.749880522,-2.5200840814762095,2.706837288557994
2460324.7568248957,-3.7648775156665844,2.706377069954655
2460324.7637692695,1.6904722048919658,2.708995938178147
2460324.7707136436,1.957089854500702,2.7096975646735864
2460324.777658017,0.5968545408073997,2.708010436918908
2460324.7846023906,1.327155539744338,2.7071907318028625
2460324.7915467652,0.5461848900652782,2.7086465164110045
2460324.798491139,-0.2227629602201242,2.7071693928477836
2460324.805435513,-2.556180729274143,2.706512827792079
2460324.812379887,-1.4652860960597742,2.7091043074415126
2460324.819324262,-5.250207078268707,2.708462317415023
2460324.8262686357,-2.258572434274922,2.7099986233557547
2460324.8332130103,5.428352776772203,2.7102320492096026
2460324.8401573845,3.0303075725133644,2.709981565116159
2460324.847101759,6.338462690680416,2.7107227463754153
2460324.854046134,2.3780012518601916,2.709758495872159
2460324.860990509,-1.0780343865841786,2.7100797462608743
2460324.867934883,0.9603021267543772,2.7106663427162605
2460324.874879258,-1.6486316123410436,2.7079528564936486
2460324.8818236333,-0.638237215153457,2.709949689995506
2460324.888768008,3.8338032180428163,2.709328518378943
2460324.895712383,-1.9277408247718983,2.7095615646838254
2460324.902656758,-3.4997902344239384,2.7080797127476846
2460324.9096011333,3.62064329480439,2.709302301541783
2460324.916545509,-1.1702408124184451,2.7115227700278304
2460324.923489884,-1.9262939742991356,2.7074577301768414
2460324.930434259,-8.088777484991983,2.7076683239344885
2460324.9373786347,-2.568381519597091,2.706563195945863
2460324.9443230103,0.5604704341426874,2.708297692498793
2460324.9512673863,-1.8924766015250925,2.7072635024397935
2460324.9582117614,-1.2135931700869258,2.708060401485843
2460324.9651561375,1.1165824733167125,2.707657141487242
2460324.972100513,3.4115872497011015,2.707854757253143
2460324.9790448886,0.7514943451581177,2.706172690269305
2460324.9859892647,-3.5966597053109974,2.705356982139947
2460324.9929336407,-1.5365288926615515,2.706302257595787
2460324.9998780168,-1.9377520797017525,2.70702905148149
2460325.006822393,-3.9416900786708564,2.7062539844342592
2460325.013766769,1.4356829956281647,2.7063633346041454
2460325.020711145,5.208095782494017,2.7087964324925458
2460325.0276555214,1.4801745761906746,2.7077958788693617
2460325.034599898,0.5035629737062126,2.7069755534674265
2460325.041544274,3.4372989120814283,2.708608792749837
2460325.048488651,2.8800572644546913,2.7091890647198054
2460325.055433027,0.8149327869679794,2.707124460168663
2460325.062377404,0.6302254151233537,2.7071400691321226
2460325.0693217805,-0.1510190623986416,2.705793171971805
2460325.076266157,6.497561710943671,2.710399006337307
2460325.083210534,1.0413565704410845,2.709364592327894
2460325.0901549105,1.386479132576007,2.709100603403735
2460325.0970992874,2.9989572386563657,2.7090528824678626
2460325.1040436644,-0.3039155754937055,2.7063033222056743
2460325.1109880414,-3.02536758354095,2.707004335872495
2460325.1179324184,-0.9316307792411676,2.7080884743577704
2460325.1248767953,1.974148414197719,2.7075189801700166
2460325.1318211723,1.8066456366241055,2.707748395491908
2460325.1387655498,0.7093699525865509,2.7080234955632174
2460325.1457099267,-5.582010378537196,2.704396558867327
2460325.1526543037,-0.2657306058382324,2.7065023881482055
2460325.1595986816,-3.995893305375743,2.7052460518793704
2460325.1665430586,-3.2156833694104368,2.704086870175685
2460325.173487436,-2.421109913471125,2.7052388496913053
2460325.1804318135,-3.9302083414585693,2.705568683624079
2460325.1873761914,-4.1046450624049085,2.70684824407418
2460325.194320569,0.3566505742171464,2.705844224848269
2460325.2012649463,-0.5874969001177521,2.7074207647055633
2460325.208209324,-1.6082757365760278,2.7056815012821556
2460325.2151537016,1.1965519825149802,2.7060804117272066
2460325.222098079,-2.7854988249917216,2.7053663590154273
2460325.2290424574,-2.3360847218387777,2.706715197649872
2460325.235986835,-5.369767840387583,2.7061448416319807
2460325.2429312128,0.5143982910103861,2.7071460188774554
2460325.2498755907,6.730051287123148,2.709363292491585
2460325.256819969,0.8340080652512414,2.708387213754708
2460325.2637643465,4.949553686321339,2.709945077712328
2460325.270708725,2.2861738675574474,2.7100687274345776
2460325.2776531023,2.9560673638144057,2.7091923100778144
2460325.2845974807,-2.72258920376641,2.7067277513813406
2460325.2915418586,2.0985222278031506,2.711819994499175
2460325.298486237,1.4953186710952244,2.7097615584902868
2460325.3054306153,-3.644768376453268,2.707424884501844
2460325.312374993,1.5431600691846763,2.708988740762519
2460325.3193193716,-0.7775932773627252,2.7076460908681086
2460325.333208128,3.161070581310617,2.7091247913033434
2460325.3401525063,2.399060089861209,2.7084002722360925
2460325.347096885,4.0364551923040555,2.708425979968501
2460325.3540412635,-0.3711070125480267,2.7072015218511676
2460325.360985642,-0.853169016588436,2.707257967441984
2460325.36793002,-0.42128210584679504,2.7090158266247184
2460325.3748743986,-2.184698625834833,2.70783612624933
2460325.381818777,-5.105884370658048,2.7071202844717637
2460325.388763156,0.2601160384194672,2.7076865396972405
2460325.395707534,-2.104537282909335,2.709625434013421
2460325.4026519125,2.996478988735115,2.709157803069701
2460325.4095962914,-3.6665636886483517,2.7069557925353247
2460325.4165406697,-3.5531299639339586,2.7076966732970065
2460325.4234850486,-3.7193276105337905,2.706359388735798
2460325.430429427,-5.1508640193773685,2.705634740656759
2460325.437373806,-3.088975363410357,2.707891011228133
2460325.4443181846,2.4177041285000938,2.711646372505465
2460325.4512625635,2.2220706703268864,2.709849205636159
2460325.458206942,0.034403618354199805,2.7093788209566187
2460325.4651513207,-3.6109008616845495,2.7098737823419055
2460325.4720956995,-3.6240616110279693,2.708703260835992
2460325.4790400784,1.5353052743356983,2.7109820188129117
2460325.485984457,-0.26770112673789725,2.711254102758756
2460325.4929288356,4.293608628385629,2.711033493212725
2460325.4998732144,3.3743309852248404,2.711313777916498
2460325.5068175932,5.279316806058817,2.71230908473356
2460325.513761972,2.172607561916772,2.71063628702599
2460325.520706351,-3.076177043404313,2.708508219349674
2460325.5276507298,4.98581445278114,2.7105011736291
2460325.5345951086,3.592888257954256,2.7134900532303576
2460325.5415394874,-4.993146678670834,2.707855360102705
2460325.5484838663,-2.555207705304419,2.7085919906572715
2460325.555428245,-3.139867111075824,2.706866302460792
2460325.562372624,-1.194514116298339,2.708365501212555
2460325.569317003,-0.5842494838967536,2.709678412768959
2460325.5762613816,1.3096834638664627,2.7085844843316162
2460325.5832057605,-1.2286572532267126,2.7102107457028866
2460325.5901501393,1.9857254447585917,2.709897862681757
2460325.597094518,2.0001000882038467,2.710010733505366
2460325.604038897,2.873440766445187,2.7102464827513626
2460325.6109832753,-5.493549247595691,2.707814565448775
2460325.617927654,2.186790991299901,2.710207344910589
2460325.6248720335,2.089957683678689,2.7096680774352073
2460325.631816412,2.338283697157155,2.711002551510322
2460325.6387607907,1.2807539595632558,2.709815679376218
2460325.6457051695,-0.004994534653781968,2.711366095437047
2460325.6526495484,0.5302291826522754,2.709996787328661
2460325.659593927,-3.0946743942432455,2.7105524918676163
2460325.6665383056,-5.234360648751897,2.7103300500204295
2460325.6734826844,-2.5969302985616256,2.7121469953094106
2460325.6804270633,0.026737113764472742,2.710884423886434
2460325.6873714416,4.01427853860333,2.7134894091371886
2460325.6943158205,-1.9669344985840973,2.7130085569060713
2460325.7012601993,-3.0849001597751124,2.709919319950219
2460325.7082045777,1.2854146180039734,2.7116287325906683
2460325.715148956,0.20888762299109498,2.71101374602569
2460325.722093335,-4.563191325774054,2.7093837181937794
2460325.7290377133,-0.6953937448510034,2.7104174125950777
2460325.735982092,-0.40560744154415307,2.711293680352913
2460325.7429264705,-2.11475841298137,2.710897617276283
2460325.749870849,2.434605037271561,2.7111284036437273
2460325.756815227,0.20887223376449215,2.7102487444091334
2460325.763759606,2.7948911086449364,2.7092486862921255
2460325.7707039844,0.07979707235770084,2.7094299774997097
2460325.7776483623,2.1909526788199862,2.710231783226055
2460325.7845927407,2.592231639808997,2.710332914960683
2460325.791537119,5.867300408209639,2.712173528524609
2460325.7984814974,-1.4036417785702708,2.7094635717839055
2460325.8054258754,-2.1251698664802667,2.708194738674841
2460325.8123702537,6.809600562721759,2.710776251499872
2460325.819314632,2.832891040229203,2.710282326738916
2460325.82625901,-4.133722985616854,2.70781281219913
2460325.8332033884,-0.2871255702432361,2.7084744754671513
2460325.840147766,1.6235711799499086,2.711383300151
2460326.0623678486,-3.609815881831728,2.711421674940772
2460326.0693122246,-3.259879297022541,2.7135531160804742
2460326.0762566007,-0.9450810209926535,2.71315029000623
2460326.0832009767,-2.5923263681487128,2.7112186216225926
2460326.0901453528,-2.1000293550523956,2.7118020056247096
2460326.097089729,-0.6690882751724117,2.7116060674772626
2460326.104034105,-1.8561669622860453,2.7114668826255346
2460326.1109784804,1.3295714314786247,2.713106961976914
2460326.117922856,0.865014988569816,2.711245989940005
2460326.124867232,2.8475069973442224,2.711577798994504
2460326.1318116076,0.02711433150577061,2.7116006201137535
2460326.138755983,0.8592819738296096,2.7103513592818005
2460326.1457003583,-3.489506684972497,2.7081253042732403
2460326.1526447334,0.2149027312176881,2.712178054214929
2460326.1595891085,-3.4056927429200816,2.7109906654225555
2460326.1665334837,3.471882175650286,2.710630585612076
2460326.173477859,0.5098109044218067,2.710112296882182
2460326.180422234,-3.789037344358193,2.7083336455354465
2460326.187366609,1.1585510097607532,2.710550283685741
2460326.194310984,4.443074796735498,2.712206304682635
2460326.2012553588,4.716009730460508,2.7113925625313375
2460326.2081997334,1.623757951965046,2.7126773457114353
2460326.2151441085,0.10479703794694417,2.7127126941319144
2460326.2220884827,7.300281366232986,2.7141820018285343
2460326.229032857,1.7759770072400816,2.7128575960936256
2460326.2359772315,0.6118427288360027,2.7131343924627096
2460326.2429216057,-0.312891387871316,2.714284808855903
2460326.24986598,-2.4335296744069614,2.71278890046965
2460326.2568103536,2.249998576977398,2.718588546656201
2460326.263754728,-4.665046960028385,2.7123806019490697
2460326.270699102,-3.8958889303169455,2.713061730530283
2460326.2776434757,-0.29048438445258373,2.714203532864037
2460326.284587849,-3.995426144692491,2.7131375187260915
2460326.291532223,1.1056086334462178,2.7169924625080437
2460326.298476597,-4.045073952863451,2.7159889479706845
2460326.30542097,-1.872859748722357,2.7160870956781333
2460326.312365344,-0.1661701362001955,2.713872376026675
2460326.319309717,-0.1323633362414065,2.7151427518148044
2460326.3262540903,1.7572960612655582,2.7155394231032353
2460326.333198463,1.1060945031572853,2.7151208576979093
2460326.3401428363,-7.1997399207792885,2.713970582289836
2460326.347087209,-1.0106396440997782,2.715658304264874
2460326.354031582,-0.0060439130480138825,2.713803462547531
2460326.367920328,-3.6500574080523323,2.712248043419605
2460326.3748647,-7.245634252086697,2.711587446917178
2460326.3818090726,2.270130078655372,2.715961453338224
2460326.3887534454,0.12769079865528754,2.7142410657749227
2460326.395697817,3.969397545620536,2.7146017129945217
2460326.402642189,1.7807940622689735,2.714316672995295
2460326.409586562,0.27939947669448006,2.7138710896104556
2460326.4165309337,1.84387916143025,2.7149699215655403
2460326.423475306,0.35314260186859453,2.713758616426309
2460326.4304196774,-3.9205312157789844,2.714951493485232
2460326.4373640493,-0.6208127365142303,2.713765301382937
2460326.444308421,1.1485294427799242,2.7140101212027545
2460326.4512527925,-0.5535964721101327,2.717827883544231
2460326.458197164,4.258615194105424,2.7161862415703624
2460326.4651415353,3.1944133234226215,2.7178393117843496
2460326.4720859067,5.0177808406868145,2.719382002729341
2460326.479030278,4.0612355848576485,2.716828104841977
2460326.4859746494,-1.935066238072269,2.714789520978446
2460326.4929190204,-3.2489392208198975,2.714424949319735
2460326.4998633913,1.526493025045076,2.7150460318446856
2460326.513752133,-7.555384099317445,2.7118688013132424
2460326.5206965036,-7.473211419468174,2.711091031601232
2460326.527640874,-4.019172498525786,2.7128035147550773
2460326.534585245,0.35730566612651593,2.714937876984369
2460326.541529615,3.3541762264639914,2.7183254674422437
2460326.5484739854,3.847881571636694,2.718001927483916
2460326.555418356,4.235267522524515,2.7153242315918287
2460326.562362726,0.7258084696860894,2.7139505378838535
2460326.569307096,1.4093051443629276,2.7143969817462916
2460326.576251466,-4.113157444791261,2.7143730592776776
2460326.583195836,-0.1365265742206896,2.714532089811975
2460326.5901402053,2.076119548321844,2.715099768366335
2460326.597084575,4.7088344018400985,2.7157197711279157
2460326.610973314,3.7831515244895337,2.715878592727735
2460326.6179176834,-1.2171246963469227,2.7155721350673736
2460326.624862053,-4.648050943099415,2.713365787943594
2460326.6318064225,2.7078290355199117,2.714643652240993
2460326.6387507915,-4.092868284095442,2.7142475345331385
2460326.6456951606,0.0381435044792805,2.718458456784466
2460326.65263953,1.3562683149713024,2.717514875208567
2460326.6595838983,3.22364411234446,2.7174687093793115
2460326.6665282673,5.2814662950064335,2.7210315600684987
2460326.673472636,2.731645530004881,2.717972685543373
2460326.6804170045,5.238474221128488,2.7206499816328944
2460326.687361373,-3.816239879156484,2.7143547795872203
2460326.6943057417,3.46305916801743,2.7162154438535944
2460326.70125011,1.5717753714715925,2.716342943024244
2460326.7081944784,-3.147828595986306,2.7154277696656077
2460326.7151388465,0.2945626623102251,2.7164333815775876
2460326.7220832147,-3.1353749078946613,2.715338713389585
2460326.7290275823,-2.0953975860658822,2.7149341046201307
2460326.7359719505,2.9576015923665024,2.716701817295124
2460326.7429163186,-2.244448963816887,2.7162753617544766
2460326.7498606863,0.23216366594355198,2.716692835710099
2460326.756805054,-3.903894694042254,2.7130027498416918
2460326.7637494216,0.8573947623983731,2.7161859079535677
2460326.7706937892,1.7508302338385522,2.7172010463997345
2460326.777638157,3.5565407955764385,2.716803321843209
2460326.784582524,1.7838165233606929,2.715415870296558
2460326.7915268913,-1.0923884890945201,2.715250285072394
2460326.7984712585,0.43933717682997453,2.7148319684646958
2460326.8054156257,-0.14503485751500356,2.7144774903758573
2460326.812359993,0.9906911762091589,2.7158264462130273
2460326.81930436,-0.5796898365093571,2.7150930136365417
2460326.8262487263,1.5015432408895204,2.7173408910134085
2460326.8331930935,-2.087516462253874,2.717907814131738
2460326.8401374603,-6.900561329348137,2.713027284739495
2460326.847081827,2.439169183047544,2.716747088733923
2460326.8540261933,-2.3765226557339556,2.716617729507739
2460326.8609705605,3.671102882730681,2.717922024299845
2460326.8679149267,4.164716039463537,2.7178955741761803
2460326.8748592925,-5.25069043491524,2.7142315525883487
2460326.8818036593,0.06363630124025343,2.7179556566951644
2460326.888748026,0.008118743219601487,2.7163197466043214
2460326.895692392,-0.473901683203523,2.7169631576602327
2460326.9026367576,-0.6780025835895078,2.716008815064329
2460326.9095811243,-2.577012864312809,2.7151053888866294
2460326.91652549,2.0546710938140587,2.717241720585882
2460326.923469856,2.767117663910896,2.7169482124573965
2460326.9304142217,6.867489568293421,2.719494617102775
2460326.9373585875,0.3872523165835928,2.7174656533152803
2460326.9443029533,-2.376860034046776,2.714844615019081
2460326.951247319,-0.5551176437276635,2.7165541879168256
2460326.9581916844,-1.2900938835407147,2.713507975208078
2460326.96513605,-2.4823089534972076,2.7142834416832264
2460326.972080415,1.787249408310632,2.714972526971833
2460326.9790247804,-2.8850971567697847,2.7136139238632375
2460326.9859691462,3.060684839457957,2.7157883891950405
2460326.992913511,-3.1282859818408397,2.7131351006153257
2460326.9998578764,0.23803962542146095,2.715825275486834
2460327.006802242,-1.8229920429579294,2.7147764771835576
2460327.0137466067,1.2036305455382457,2.7159861029193753
2460327.0206909715,-3.3475662708427962,2.713536131759343
2460327.0276353364,-1.7407631232370284,2.7151444003445593
2460327.0345797013,-1.6458867599483,2.7164455562167666
2460327.041524066,2.161089066352992,2.7182046290167086
2460327.048468431,-0.10819098701357688,2.718499157434888
2460327.055412796,-0.501950013764819,2.721136450765433
2460327.0623571603,-1.5935778487197734,2.7226376335068565
2460327.0693015247,3.4629639801360415,2.728834104768385
2460327.0762458895,-0.6868074693631305,2.7308236661241487
2460327.083190254,-5.480310928161194,2.733034215020353
2460327.0901346183,-3.930098026731256,2.7372060044364814
2460327.0970789827,-0.028446570311724484,2.7477781076361976
2460327.104023347,3.4621816938289793,2.755066193525822
2460327.110967711,1.5699536103784988,2.7624439122877438
2460327.117912075,1.7842701871716,2.771424000314165
2460327.12485644,3.283955131820712,2.7854045989284373
2460327.131800804,0.7789044387666891,2.7980139612558594
2460327.1387451678,2.283325421333936,2.810665916970203
2460327.1456895317,1.9693900118008516,2.8257741836626526
2460327.1526338956,-1.032819056808568,2.837251996015329
2460327.1595782596,-2.6993160935411327,2.8519385039840652
2460327.1665226235,2.6327407586702916,2.8652381046179323
2460327.1734669874,1.296508348587392,2.88161814428568
2460327.1804113514,-2.3735191044783144,2.8922321816850816
2460327.1873557153,3.7959655822412355,2.9086387545507066
2460327.1943000783,3.3595587611463102,2.922342800358827
2460327.2012444423,7.753545479552237,2.9359738792808696
2460327.2081888057,2.670223333295798,2.946208840345348
2460327.215133169,-0.2691103592915507,2.958882833414878
2460327.222077533,-1.4705766067822799,2.9664955654803076
2460327.229021896,-2.3109573614163352,2.9749905369343135
2460327.2359662596,-4.576392522070493,2.9840699057982625
2460327.242910623,-1.265168271593931,2.9942203097496165
2460327.249854986,-2.139306990124248,3.0038661438112055
2460327.2567993496,1.3487583841619122,3.016464144023214
2460327.263743713,-2.1124515096514473,3.023583523327759
2460327.270688076,-0.22756565204364199,3.033468889890688
2460327.277632439,2.504097708194509,3.04637219415404
2460327.284576802,-5.881435023920714,3.049930793260456
2460327.2915211655,-4.867895558847236,3.0583725066333636
2460327.298465529,-5.232766239465339,3.067515340935428
2460327.3054098915,-0.9343415678388218,3.0767067375759223
2460327.3123542545,-3.0445669408737026,3.085509321252744
2460327.3192986175,3.284267749731561,3.096679910684074
2460327.32624298,-0.6190808938572823,3.105489274494643
2460327.333187343,5.366761250734782,3.114071148251742
2460327.340131706,0.23383432950822391,3.1261386222529026
2460327.347076069,-0.5235651032313944,3.1319990273077707
2460327.3540204316,-5.4617920576879495,3.140674453165658
2460327.3609647946,1.7720709403060129,3.154213515519072
2460327.367909157,-2.304410032743458,3.1653719615514166
2460327.3748535197,3.3019322425754467,3.1788268257146703
2460327.3817978823,0.6080401926217074,3.1880999606234273
2460327.3887422453,3.046682982128943,3.2004361553599963
2460327.395686608,-3.570820989863334,3.2105054124818797
2460327.4026309703,4.232550709115739,3.224303846869418
2460327.4095753334,8.085029060494243,3.2410104978705974
2460327.4165196954,5.729666533562951,3.2521339233983153
2460327.423464058,0.9850705084043038,3.2633527510337488
2460327.4304084205,-4.761522721294939,3.2760463394530253
2460327.437352783,-2.129604357303036,3.291825231506563
2460327.4442971456,-2.695338089323819,3.3070160855678448
2460327.4512415077,-3.9714608538908682,3.321688015284869
2460327.45818587,-1.3872754155624212,3.337116052898232
2460327.4651302323,-1.2567452765473015,3.351449432008918
2460327.472074595,5.950560514323217,3.3703472902441045
2460327.4790189574,7.641874718503868,3.3846822218068806
2460327.48596332,-2.041151861682116,3.3972464669662803
2460327.492907682,-2.295607375770369,3.411239555508606
2460327.4998520445,-2.032324320719198,3.4288497511507363
2460327.5067964066,-1.7700303280976117,3.4416541117776647
2460327.5137407687,3.3917148136675834,3.4569204429996354
2460327.5206851307,-4.474116318333418,3.469634396021148
2460327.5276294933,1.7318757770115034,3.484485406628524
2460327.5345738553,2.636988643213755,3.4999401874761404
2460327.5415182174,-1.0298735358728353,3.5123831065655757
2460327.5484625795,-1.4697222421757445,3.5252582836663096
2460327.5554069416,4.055034175313979,3.5396417265260127
2460327.562351304,-0.635343977561925,3.550782801285969
2460327.569295666,-1.2502934917861728,3.5638580752218334
2460327.5762400283,-0.10429284174950348,3.5750433994083366
2460327.5831843903,5.282160740564855,3.5881589047393607
2460327.5901287524,-2.231026638082552,3.59681314713689
2460327.5970731145,-4.2839150908810835,3.608213220161021
2460327.6040174766,-1.973536778635487,3.620739611510295
2460327.6109618386,-3.850943813175002,3.630781002681499
2460327.6179062007,-3.347338251710278,3.643060830807453
2460327.624850563,-1.835144906243212,3.6528549322303356
2460327.631794925,-0.44708647854230005,3.6605501781321568
2460327.638739287,-0.8465308777932344,3.6697737845022798
2460327.6456836485,9.46466209350969,3.6798206848596755
2460327.6526280106,1.3868104985351253,3.6831731192071886
2460327.6595723727,-4.815850569516305,3.68812041700398
2460327.6665167348,2.424208932261476,3.694025892954654
2460327.673461097,-1.0953548333866125,3.6954335616070306
2460327.6804054584,1.6444837398588334,3.7015322185511574
2460327.6873498205,-2.445491127324992,3.7014374637052843
2460327.6942941826,-0.4687068874899558,3.705217797713447
2460327.7012385447,2.3321611516452077,3.7057874743620864
2460327.7081829067,-4.61087099678727,3.7088047474696157
2460327.7151272683,5.391743002966603,3.711601692910067
2460327.7220716304,4.2740448315024535,3.712681540954472
2460327.7290159925,1.393138396923882,3.7129820344523563
2460327.7359603546,-0.46272062630497246,3.714288870032741
2460327.742904716,-3.0799774982914423,3.7114829906035323
2460327.7498490782,-0.8580533556818775,3.71253984296369
2460327.7567934403,1.6355220996838606,3.716129661505295
2460327.763737802,0.4456125636208328,3.716700707127941
2460327.770682164,-1.65042965922779,3.715777228523589
2460327.777626524,3.3456651486844957,3.7178419256937825
2460327.7845708854,-2.819433419948965,3.719963115903743
2460327.7915152474,-5.814889652172459,3.717983259726941
2460327.798459609,-2.368567382620927,3.721330473596049
2460327.805403971,1.6074835722604273,3.72339864761539
2460327.812348333,2.8910912228410606,3.726090379305503
2460327.8192926953,-2.8766607228601506,3.7249009473212524
2460327.826237057,5.845056227717754,3.728550099427173
2460327.833181419,-0.72155958178312,3.728445372717902
2460327.840125781,-3.547230924426218,3.725269508737766
2460327.847070143,3.6838238615503585,3.7272335272775385
2460327.854014505,1.5018130260909694,3.7249528873583664
2460327.860958867,-0.1898880314828002,3.7251733766823887
2460327.867903229,5.079376382270452,3.726162558716341
2460327.874847591,2.7459161269625194,3.7218882737230543
2460327.881791953,-8.528015130475449,3.719487834667429
2460327.888736315,-3.056114190992227,3.7161598626282557
2460327.895680677,2.64235289183772,3.7169232884760324
2460327.902625039,-1.2799653622614289,3.712812241964364
2460327.9095694013,-1.55743214967646,3.7093097827606383
2460327.9165137634,2.5748164885849443,3.707001742915273
2460327.9234581254,0.9162814239376402,3.7043975328662366
2460327.9304024875,-9.072283948638981,3.69981493107955
2460327.9373468496,4.2149005733525495,3.6999496072316487
2460327.9442912117,0.9490289337819051,3.69520741878754
2460327.9512355737,-6.376294139640921,3.6910132339675386
2460327.958179936,3.3773874527280743,3.6902800754569647
2460327.9651242984,-2.10896119882437,3.685346136454527
2460327.9720686604,1.0325269297812323,3.6836978903830535
2460327.9790130225,-0.4081085169437788,3.681179923133303
2460327.9859573846,0.9593911162053947,3.6775524468641048
2460327.992901747,4.980932427867607,3.6754504090120736
2460327.999846109,-0.38364298558045173,3.672126228412807
2460328.0067904717,0.22816818741286105,3.6694309320693494
2460328.013734834,0.05966115292209245,3.6655910449515487
2460328.020679196,-1.1335547337054335,3.6615488181887064
2460328.0276235584,1.4849151859977172,3.658739065221118
2460328.0345679205,-1.9482307025183836,3.654855376670318
2460328.0415122826,3.385145466541712,3.6529740513160083
2460328.048456645,3.8483757524870406,3.6518082615408196
2460328.0554010076,7.718528585804871,3.6483895013709184
2460328.0623453697,1.853797390517697,3.646809457416691
2460328.0692897323,1.6284638005323684,3.644948604298077
2460328.076234095,-1.917769498777938,3.641809798659646
2460328.083178457,-0.23308158321480787,3.6428190739923316
2460328.0901228194,3.7534458934102166,3.6423720087308364
2460328.097067182,-1.2838318776098512,3.6405781223538676
2460328.1040115445,-6.805913616793641,3.6396298101582043
2460328.110955907,-8.068214802453767,3.6369829891661443
2460328.117900269,2.950103233731662,3.638400329007643
2460328.124844632,-3.0472569727997825,3.636542267455932
2460328.1317889947,1.8665399105855083,3.6357913077421298
2460328.138733357,-0.6585301944978355,3.6332940946023893
2460328.1456777197,-1.371484928546488,3.6303618108303053
2460328.1526220827,-2.3490321398751,3.6277915077863714
2460328.159566445,1.2152440663285389,3.626863027598617
2460328.1665108074,-5.416551572008844,3.622638003431614
2460328.1734551704,-1.841143027916095,3.6186733638810114
2460328.1803995334,0.4672491613997929,3.615419571330946
2460328.187343896,-2.292030773134748,3.6124339568458157
2460328.194288259,-1.8993044669112462,3.606978470208151
2460328.2012326214,3.27122070996181,3.6052119479310334
2460328.2081769845,-4.4707174955766416,3.599124830976081
2460328.215121347,-1.0743454030016648,3.596427713419994
2460328.2220657095,1.275280758620798,3.5923354104307443
2460328.229010073,3.2929942082327672,3.5889766832888674
2460328.2359544355,3.4169468494167012,3.583705333160595
2460328.242898799,1.4958699477582948,3.5803632031680745
2460328.2498431616,1.4586266736702904,3.5748991829314822
2460328.256787525,-4.894046571640164,3.5660958140113572
2460328.2637318876,1.5555616042898954,3.562174961056193
2460328.270676251,2.550023878433016,3.5572953679561636
2460328.2776206136,-0.7054184476140524,3.5511891903729684
2460328.284564977,1.4225590256861669,3.5453020064243237
2460328.29150934,5.217415090408291,3.539839398204286
2460328.298453703,2.092594204132661,3.5333950286106277
2460328.305398067,0.6647528650352896,3.5256484949698286
2460328.3123424295,-2.005882550586738,3.518580150137946
2460328.319286793,3.224515100192369,3.5139381948697923
2460328.326231156,-5.212931933797804,3.5046256851735635
2460328.3331755195,-2.881420032473487,3.497512581721365
2460328.340119883,-3.5807287960391876,3.4915769429453007
2460328.347064246,-1.3116277244618462,3.4899304535567723
2460328.3540086094,-2.980114651630888,3.481362574608202
2460328.360952973,3.405502219414272,3.4766255605535115
2460328.367897337,-0.22944746516563042,3.4746580780361884
2460328.3748417,-2.0659074669271833,3.467908121400692
2460328.3817860633,3.5159701888742694,3.4656787732726575
2460328.388730427,-0.8703603031539395,3.4644905828832697
2460328.3956747907,5.256813568371035,3.4640780089287
2460328.4026191547,2.5315370080451283,3.463958617836848
2460328.4095635177,-3.010485536810834,3.4618463790792138
2460328.4165078816,6.001275278488043,3.4682068011108296
2460328.4234522455,0.30955385045344885,3.4684181270187717
2460328.430396609,7.7107480744990085,3.475063672096633
2460328.437340973,2.2127008560057715,3.476815295165997
2460328.4442853364,-1.281396909385539,3.4798234437201008
2460328.4512297004,1.3775870073899092,3.4873042956798965
2460328.4581740643,-2.555696787567132,3.490900609839358
2460328.465118428,-4.634416935577859,3.498133824381886
2460328.472062792,-2.572040270173019,3.5050684314296006
2460328.479007156,-5.939176263628317,3.5105750521612413
2460328.48595152,-6.116542326823861,3.5175669471135076
2460328.4928958844,-0.6638368171321598,3.5262782689623076
2460328.499840249,7.185267731161287,3.53637363728026
2460328.506784613,0.8283846930049835,3.5420659401067565
2460328.5137289767,1.2074875350167318,3.5505360996066107
2460328.5206733407,1.0888474932637626,3.558849181982391
2460328.5276177055,1.524162001049898,3.5659595599689062
2460328.5345620695,1.6282417844310793,3.5748810144558605
2460328.541506434,-4.2880930205469845,3.581963942511971
2460328.5484507983,-0.231106990220717,3.5904405966310744
2460328.555395162,1.682883580316033,3.598075915827542
2460328.562339527,1.32278141433564,3.606416545340613
2460328.5692838915,-2.3563847733994328,3.6152950620483657
2460328.576228256,-1.5965766553553324,3.6219112222156316
2460328.5831726203,-1.3509184098350298,3.6296525765776635
2460328.590116985,-7.788017069735192,3.632347090356394
2460328.5970613495,-5.243339840260427,3.6423697983777186
2460328.6040057144,-1.4626855332339863,3.647464713412221
2460328.610950079,-0.46473691370434006,3.6541863875823837
2460328.6178944437,1.315050723030274,3.6586498021357134
2460328.6248388086,-2.0913999011942175,3.661829348282181
2460328.631783173,2.9805030098227467,3.6662625376706406
2460328.638727538,3.706700104958353,3.6726930829785434
2460328.6456719027,1.448765156228086,3.6744023072026972
2460328.652616268,2.163176411929027,3.6772586172454296
2460328.659560633,2.432318010193356,3.6814543331817657
2460328.6665049978,-0.4237970218115876,3.685683018164244
2460328.673449363,-0.005338105556189188,3.6872984626328744
2460328.680393728,2.0532206216348583,3.6909742015271765
2460328.687338093,5.021685707175361,3.69533615274304
2460328.6942824586,3.3705552217652515,3.6968029469881327
2460328.7012268235,-0.9091061804355376,3.6968813763937636
2460328.708171189,-6.488436199835015,3.6974517710621693
2460328.715115554,-0.5777028911744544,3.7007767689399684
2460328.7220599195,-1.6566073282937772,3.702241158524719
2460328.729004285,-0.7382570994277394,3.7021692386251224
2460328.73594865,0.7385037407390487,3.703606834453913
2460328.7428930155,5.375719546980373,3.705678595367069
2460328.7498373813,2.937493257857773,3.7053812010034743
2460328.756781747,1.814933079093041,3.705058939875008
2460328.763726112,-2.6849209940924132,3.704122374398743
2460328.7706704778,2.8275972293314036,3.7040342928602477
2460328.7776148436,0.09193860620775407,3.705909194360105
2460328.7845592094,-1.5263264471433118,3.703826534828599
2460328.791503575,-3.2880318475110686,3.7027259484599884
2460328.798447941,0.8119172239743222,3.7051348690292527
2460328.8053923068,-0.009117562591715589,3.7037267074904823
2460328.8123366726,-1.1101625606738086,3.704467403099389
2460328.8192810384,-2.888044514146853,3.7041137120253165
2460328.826225405,-1.8680931473711313,3.7071649839601117
2460328.833169771,-2.458443115237433,3.705225164478501
2460328.8401141367,-5.8365080752885685,3.7066629290049904
2460328.847058503,-1.4708743616185824,3.7068178390145285
2460328.854002869,-0.620212516236057,3.706563841787333
2460328.860947235,0.14935825106901435,3.7071875764979954
2460328.8678916018,8.129631296499939,3.709560464916514
2460328.874835968,2.147238524691057,3.708159316353102
2460328.8817803343,-1.6639732596730687,3.707421375593906
2460328.888724701,-5.283361737072548,3.7072945925318166
2460328.8956690673,4.630925141219748,3.707554329993963
2460328.9026134335,-6.5659802827304645,3.706661406374432
2460328.9095578003,7.557898899660044,3.707822664708798
2460328.916502167,2.0094932671200016,3.7076724769086375
2460328.9234465337,5.06431139330458,3.7043944497677717
2460328.9303909,0.5688445838178439,3.7037388971301106
2460328.9373352667,5.411225205650068,3.7044632485572606
2460328.9442796335,0.7644573503373095,3.7003361125265593
2460328.9512240007,-1.6620854796963682,3.7003353391717906
2460328.9581683674,-0.42255470073046686,3.697028896491764
2460328.9651127346,-7.742986157425944,3.692300624967754
2460328.9720571013,2.0772180607027977,3.691568500796153
2460328.979001468,3.1950675378852758,3.6895857339339195
2460328.9859458357,-1.047173948652267,3.6853438127720968
2460328.9928902024,2.08384849548151,3.682830442720938
2460328.9998345696,-4.99169184168192,3.6776654818196772
2460329.006778937,0.8185359647994421,3.674250390703536
2460329.0137233045,-2.4956572415979092,3.673047739564377
2460329.020667671,-2.9003225688324807,3.6707525418086653
2460329.027612039,2.3143394551945855,3.6654580299627977
2460329.034556406,2.010606637765166,3.663557274417771
2460329.0415007737,-2.0522007283806354,3.656700137370466
2460329.048445141,-1.2478851247837468,3.6504558490944663
2460329.0553895086,3.1478059663556706,3.6470981653855
2460329.0623338763,-0.43720953589109923,3.6421628705358593
2460329.069278244,-1.3070607390471127,3.637956482952131
2460329.0762226116,1.9713297078146366,3.631234440336341
2460329.0831669793,-4.310577502085202,3.627055281279721
2460329.0901113474,-0.0010884559058184085,3.6230758696296665
2460329.097055715,2.7779255012583075,3.6210955927964643
2460329.104000083,-1.7870189629204098,3.615602411518019
2460329.110944451,3.0227830268327565,3.6129644176413027
2460329.117888819,-1.189538170449203,3.6079056057078187
2460329.124833187,-0.10871564152120294,3.6063832873871196
2460329.1317775548,0.31199908448234615,3.6032417565489006
2460329.1387219233,-0.047466404963318,3.598583702533647
2460329.1456662915,-7.5363594986513185,3.596558367037599
2460329.1526106596,-0.6698155320827857,3.5939775926007105
2460329.159555028,-1.9684283863820125,3.5915609836511315
2460329.1664993963,-0.1365273499330173,3.591429585710149
2460329.1734437644,-1.565447459474958,3.589065041267407
2460329.1803881335,7.667658905226772,3.5922047581413312
2460329.1873325016,-4.533580198121928,3.5904507273925965
2460329.1942768707,0.0010898168028685706,3.592046844549117
2460329.201221239,0.17476718299862748,3.589339097531569
2460329.208165608,-2.190673111423347,3.589081802760015
2460329.2151099765,2.467894426254851,3.58925390675992
2460329.222054345,2.042826509987135,3.588735581029594
2460329.228998714,3.2725475806391353,3.5889122520890395
2460329.2359430827,-0.16566814483499748,3.587058163461873
2460329.242887452,1.9970439507465023,3.5876206173951677
2460329.2498318213,-1.9190652868027454,3.5845930044081373
2460329.25677619,-2.953626299990989,3.5846527911298973
2460329.263720559,-0.18874384749814377,3.581622325519237
2460329.270664928,-0.9614658425360032,3.5792385256255117
2460329.2776092975,8.400315044415352,3.578620014168974
2460329.284553667,1.1245112257486845,3.574782058558134
2460329.2914980357,1.4932389058212123,3.569606807339412
2460329.298442405,2.1370050875473474,3.566146500837283
2460329.3053867747,1.745530837140464,3.562107653742975
2460329.312331144,1.7539822418700968,3.558376654725894
2460329.3192755138,-7.785726360368308,3.550229564022457
2460329.3262198833,-2.0049784863403453,3.550921424679394
2460329.333164253,3.758043500343491,3.543016295201775
2460329.3401086223,-4.698515791987829,3.5352896926702653
2460329.347052993,-7.229624112465346,3.527930180255456
2460329.3539973623,-1.796883602467986,3.5251502118428886
2460329.360941732,2.721682362812794,3.5200742152710727
2460329.367886102,6.306938042710759,3.5150213726880994
2460329.374830472,5.460607019418831,3.5129197278353153
2460329.381774842,4.046164698437858,3.5053731103682035
2460329.388719212,-4.289948107920136,3.498072880080759
2460329.3956635823,-2.997883697184356,3.495740235494413
2460329.4026079522,-7.374251966477177,3.489587887904928
2460329.4095523222,0.6505302355561114,3.4907778730598213
2460329.4164966927,-0.9707279097221736,3.488106813903236
2460329.423441063,-3.897691119135448,3.48700364658754
2460329.4303854336,1.3892320333336026,3.486803301223311
2460329.437329804,0.7683391276133344,3.4857110376265443
2460329.4442741745,3.878620170466543,3.4894851481784617
2460329.451218545,7.962629278190478,3.4920699700512103
2460329.4581629154,1.9930532141607307,3.492252027583192
2460329.4651072863,1.3793311227570868,3.4953503304690705
2460329.4720516573,2.565538591933714,3.4972414903337796
2460329.4789960277,-2.2634553949704754,3.4989223566899867
2460329.4859403986,-6.605141042538139,3.5023286524327735
2460329.4928847696,2.4744071243095185,3.5084157850949835
2460329.499829137,-2.222058417342751,3.514504962412229
2460329.5067735068,-4.322652494066456,3.519590542977827
2460329.513717877,3.1752318097251906,3.525828544806061
2460329.5206622486,-3.523542502330893,3.5286365135049453
2460329.52760662,-0.8675045861219793,3.5363941524384828
2460329.5414953623,-3.7739487726741405,3.546525145306805
2460329.5484397337,1.444687199280354,3.5547860410059324
2460329.555384105,-0.1317928076544712,3.5595367712782875
2460329.5623284765,-2.759975485685986,3.565385152190798
2460329.5692728483,1.4591133505290208,3.571866864997455
2460329.5762172197,-6.399438272384581,3.5766893527658703
2460329.583161591,1.8734077517356758,3.5859086830723315
2460329.5901059625,1.3365174850220571,3.593606375459617
2460329.597050335,-0.13896278468695245,3.601520463054104
2460329.6039947066,-3.052360010678612,3.6067684973260903
2460329.6109390785,-0.13846176304336616,3.613424840345169
2460329.61788345,-1.9101064823424683,3.617221442612091
2460329.624827822,0.01862751785009986,3.622109429946084
2460329.6317721945,-1.4058913145006982,3.625334167864471
2460329.638716566,-2.8954084578409813,3.6274913718975212
2460329.6456609387,-0.5879402113848724,3.6301278138478015
2460329.6526053105,5.378802884044823,3.632629724605197
2460329.6595496833,3.0712125904824186,3.63469130914574
2460329.666494055,0.7049472616282411,3.6351103456555163
2460329.673438428,-7.737873217314854,3.6335338945156628
2460329.6803828003,6.4617157329384955,3.6387528232876973
2460329.6873271726,-0.1608722948846344,3.638026010307302
2460329.694271546,0.21752947654599475,3.638326817839703
2460329.7012159177,-4.176064855891924,3.637625893417266
2460329.708160291,-0.9872771107678157,3.638662742079498
2460329.722049036,3.336266261075835,3.635198068953828
2460329.7289934093,1.4504558513869803,3.6330370441655035
2460329.735937782,7.443985891105864,3.631547410560007
2460329.742882155,-1.0012246760605392,3.6263755377061595
2460329.749826528,-2.0324863969857843,3.623668695206647
2460329.7567709014,-7.956294144809422,3.619271279417038
2460329.7637152746,-5.359226897777727,3.6163012388137727
2460329.770659648,-1.0456835990130182,3.614285178250386
2460329.777604021,-1.0929566199777578,3.608370189634725
2460329.7845483944,-0.9634990627048683,3.606416714542403
2460329.7914927676,-2.454817836343922,3.6003031775498258
2460329.798437141,2.7513653739326083,3.5955972082874754
2460329.8053815146,0.1871097773259341,3.5920378837312015
2460329.8123258883,-5.381938383459928,3.5834577254582505
2460329.819270262,-4.191302653767202,3.580414550971025
2460329.8262146357,4.210558907409262,3.580215198022811
2460329.833159009,2.981620273487726,3.5752092688834587
2460329.840103383,1.191740390185454,3.570239946458022
2460329.8470477574,6.043261832697889,3.56841342140307
2460329.8539921306,4.622931218054395,3.5648390837089763
2460329.8609365053,-0.08019263334905036,3.5628246484305546
2460329.867880879,0.3692172490878609,3.559910687536782
2460329.8748252536,-0.5113667766291394,3.5583194478561455
2460329.8817696273,0.482300119196033,3.5604134270987178
2460329.888714002,-5.025864768490355,3.555348919979366
2460329.8956583757,-1.6585021654045393,3.5538723113497164
2460329.9026027503,3.1472841900879076,3.557813522703544
2460329.9095471245,0.5088144106223008,3.5559921117102147
2460329.916491499,-7.80210472893191,3.554258599337054
2460329.923435874,-0.536923717983581,3.5570025801585428
2460329.930380249,0.6151123504092018,3.5569007845917695
2460329.937324623,-5.424952797595562,3.553396269182004
2460329.9442689978,-5.145982236899389,3.5566453679391343
2460329.9512133724,4.557661242814481,3.5602936446853097
2460329.9581577475,1.2898704022424718,3.559266029081485
2460329.9651021226,7.417672955563652,3.5597662494638396
2460329.9720464977,0.5549946674947992,3.5573900564984826
2460329.978990873,-1.8634933302393324,3.555318055165875
2460329.985935247,-0.06391122647705849,3.556158786904709
2460329.992879622,3.7858983128414243,3.5561496195751725
2460329.9998239973,4.716512389970331,3.552245463253667
2460330.0137127484,5.0033959853218395,3.54490983160699
2460330.0206571235,-3.845576055131141,3.5392592692807483
2460330.0276014996,-6.349061036696831,3.5332175362129856
2460330.0345458747,-3.567261544739033,3.5306537560186015
2460330.0414902507,-3.2301273987956574,3.5266371394280145
2460330.048434626,-2.355862397261579,3.5248834257916006
2460330.055379002,5.314702831271546,3.5184040962924397
2460330.0623233775,-1.511375939313964,3.512690287315222
2460330.0692677535,-1.8179112164478708,3.507052244467779
2460330.076212129,-0.7505798609865262,3.5032380682006212
2460330.083156505,-5.9125451188271185,3.4957681734902724
2460330.090100881,-2.3516877785650365,3.493842762276399
2460330.097045257,-2.8515717414430375,3.4875749449725344
2460330.1039896333,-2.386549622224129,3.483894077452233
2460330.11093401,2.137855612795515,3.480702530634813
2460330.117878386,5.388829992430558,3.480971803347501
2460330.1248227623,2.296793097608524,3.4756200146708824
2460330.1317671384,1.5866590338904731,3.4724417197131405
2460330.1387115153,0.358280476660503,3.468502093519973
2460330.1456558914,-1.4978007704684808,3.4669453826466525
2460330.1526002684,3.8063479489064203,3.464528562064153
2460330.159544645,-2.633179858253608,3.462057766080408
2460330.1664890214,-0.7078393055548826,3.4600825037284864
2460330.1734333984,-7.107434807794138,3.459360967730934
2460330.1803777753,-1.93773637850289,3.463371364095645
2460330.1873221523,-4.237603650863803,3.46439496489003
2460330.1942665293,2.818544900306451,3.4693492645159005
2460330.2012109063,2.789518922812992,3.4721932796290527
2460330.2081552832,5.311740974324575,3.4748228257931024
2460330.21509966,-0.2573560840988375,3.4740244983212687
2460330.2220440377,0.07648815456477531,3.480224570583271
2460330.228988415,-0.46885954058016566,3.4852305281079414
2460330.235932792,1.2851013905629758,3.4857350930654554
2460330.242877169,-0.686671321442752,3.4876802526876136
2460330.249821547,-3.086525674850922,3.4883664278242104
2460330.256765925,-2.863694907861261,3.488072699906285
2460330.263710302,6.719145499605722,3.490819780691009
2460330.2706546797,5.959638661897065,3.4924205897187175
2460330.2775990576,0.053965452947216885,3.4901474380277304
2460330.2845434356,-0.002727387775317114,3.489173456456483
2460330.2914878135,-1.989972139962471,3.4881820109297017
2460330.2984321914,-2.725590893857243,3.4874180349125896
2460330.3053765693,1.9318434194241272,3.487851252369305
2460330.3123209476,-0.8282919023270046,3.4824875921320353
2460330.319265325,2.6829800785034257,3.483937062569156
2460330.3262097035,-5.027199767426753,3.4770749338462443
2460330.333154082,1.3625945405110325,3.476506516411948
2460330.3400984597,3.3539443877679376,3.474415858376505
2460330.3470428386,4.104771236045218,3.4718478063549565
2460330.353987217,-1.885402778677649,3.4688800304906553
2460330.3609315953,0.9621791895520575,3.4630463845075425
2460330.3678759737,-1.3768527273938402,3.458417530343509
2460330.3748203525,-0.9643587832616733,3.454763489751907
2460330.381764731,-2.518128618202393,3.4516730147798698
2460330.38870911,-0.7875967322138718,3.4488550810889147
2460330.3956534886,9.330466137046962,3.448702026525323
2460330.402597868,-0.6020139448831889,3.441514481099732
2460330.4095422467,1.2746755981888633,3.439751039414699
2460330.4164866256,-0.5355743170350429,3.438810501669487
2460330.423431005,0.8248696292605776,3.4324179037281497
2460330.4303753837,-5.981852738463046,3.430662214283379
2460330.437319763,-2.5350157878772195,3.427963568201665
2460330.444264142,-0.8852293681740209,3.427702208469873
2460330.4512085216,-1.7522082539572215,3.4255811807630905
2460330.458152901,-8.571190573622244,3.42139712391332
2460330.46509728,1.4829781173534031,3.423647978550741
2460330.4720416605,-2.5118709737982226,3.421659476105756
2460330.4789860398,2.1003909661593037,3.4234476848748727
2460330.485930419,-1.3107798671032322,3.421531825694253
2460330.492874799,-2.472886338034292,3.42517535780382
2460330.4998191786,3.2549335335855893,3.425440447988775
2460330.5067635584,0.1134710085352146,3.4283191351337883
2460330.513707939,-2.213306194367451,3.4280734751876416
2460330.5206523184,1.0073460832468424,3.4339376016987857
2460330.5275966986,3.376065807835997,3.4368816751473408
2460330.5345410784,1.699076187207594,3.4384558907798026
2460330.541485459,2.2289713324572777,3.44327553107699
2460330.5484298393,-2.384338422403065,3.444302832598528
2460330.5553742195,3.361200688497559,3.4503232946433857
2460330.5623186002,2.0097659847918337,3.4534158120915066
2460330.56926298,-6.192219582693156,3.4558366514557908
2460330.5762073607,2.3377028417871584,3.4630897865028483
2460330.5831517414,0.7008992120843618,3.4638187229010384
2460330.590096122,-1.3837006686017537,3.467470050116079
2460330.597040503,-2.9487246195947563,3.473220228621717
2460330.6039848835,3.758298902319489,3.4785584111012313
2460330.610929264,2.3440453785506694,3.4833874280313513
2460330.617873645,1.1456135570434434,3.48402278406441
2460330.6248180256,6.180622453710498,3.491086173780307
2460330.6317624073,-0.4623233087383263,3.4947570546591584
2460330.638706788,-0.177408512937558,3.496903056275272
2460330.6456511696,-1.2600712324801844,3.4995904960974404
2460330.6525955503,-3.7832338817021083,3.502606006182585
2460330.659539932,3.4044262687318887,3.5073036653500242
2460330.666484313,5.261110928197863,3.5106224030187168
2460330.6734286947,-3.558909861037497,3.5103220986283454
2460330.680373076,-3.5469620887785704,3.5111705162117617
2460330.6873174575,-2.3017334313922304,3.514140666907553
2460330.694261839,-3.676917968298335,3.514373095626001
2460330.701206221,1.7557883269693801,3.516861906155585
2460330.7081506024,4.7824153209978215,3.5175343428330965
2460330.7150949845,6.565919796537993,3.519831235649703
2460330.7220393666,-0.20798167970818482,3.5176316797157186
2460330.7289837482,-4.561058557848617,3.5152540555638008
2460330.735928131,-0.15116449040047697,3.5163903448147598
2460330.7428725124,-6.116863913897674,3.511191320023857
2460330.7498168945,2.2590643558605517,3.511758855495952
2460330.7567612766,-2.6465517715416014,3.5092799310767897
2460330.763705659,-7.755826324828783,3.507600977087695
2460330.7706500418,-1.1876437229693548,3.5062645615826487
2460330.7775944243,0.0675583520769103,3.5028384801165724
2460330.784538806,-2.931810309718414,3.5021081855857292
2460330.7914831894,-1.5688208911044352,3.4985020213184597
2460330.798427572,-1.3305129648848288,3.496106272916165
2460330.8053719546,1.191053815122399,3.4912237595541016
2460330.812316337,3.9754052273525544,3.488702994088241
2460330.8192607197,6.061438260270505,3.4863019235942097
2460330.8262051027,2.3400286835153787,3.48031149373282
2460330.8331494858,-0.13840270819724254,3.476498269372449
2460330.8400938683,4.869264542695549,3.475395272188693
2460330.847038252,-2.956572861940714,3.4681224753659863
2460330.853982635,6.240080431453868,3.4656992578379344
2460330.860927018,3.8193364449213325,3.462435353899403
2460330.8678714014,2.873828210552083,3.4572150276249007
2460330.874815785,-3.119888062038902,3.4556109356665416
2460330.8817601684,-1.509106890484261,3.45325961996743
2460330.888704552,-1.0613102019144751,3.4498580877543237
2460330.8956489353,-2.57644782663628,3.448711715388328
2460330.902593319,-4.024747868348157,3.4451338571368084
2460330.909537703,0.2221839633389242,3.447665736340221
2460330.9164820863,5.531719521570076,3.449461890879039
2460330.9234264703,-4.181127435478341,3.44650559270111
2460330.930370854,-2.0146690519361212,3.4466299827579223
2460330.937315238,-2.2739589086318968,3.4479161815560295
2460330.944259622,-1.8681629399556732,3.4479279666022364
2460330.9581483905,3.385829991293871,3.4549968903409685
2460330.9650927745,2.1858853866083967,3.45394187494974
2460330.972037159,1.8798700619059472,3.453755706570828
2460330.9789815433,3.291646530650478,3.4586239575077506
2460330.9859259278,4.470910605515942,3.458554993620359
2460330.992870312,2.6169693384405464,3.458747724790044
2460330.9998146966,-6.102654231716553,3.4568921166648305
2460331.006759081,0.17840784761246092,3.456918548884761
2460331.013703466,2.412499233409698,3.4571144132145695
2460331.0206478513,1.1596148308225631,3.4554716149609295
2460331.0275922357,6.207062511498964,3.4553125995602882
2460331.0345366206,1.5224463417819256,3.451620259828985
2460331.0414810055,0.6469391843984886,3.4478869754376884
2460331.048425391,-2.2434369257438496,3.444630170006001
2460331.0553697757,-2.734961340566849,3.441925915160921
2460331.0623141606,3.282120012623335,3.439901474123007
2460331.0692585465,-2.9378539043412646,3.4354517818858294
2460331.0762029313,-2.73782662959458,3.4323876270103413
2460331.0831473167,2.100762599658937,3.432001576235439
2460331.090091702,-1.7217623344750224,3.4264998841641794
2460331.097036088,-1.2773823496758605,3.4217890138642466
2460331.1039804737,-4.422585172228205,3.417509212840921
2460331.110924859,1.322995576564598,3.4166292387222668
2460331.117869245,-1.3243911413482032,3.4134659810107313
2460331.1248136307,-4.153698784106002,3.4081382892584493
2460331.131758017,0.17119486432891606,3.4067846961897073
2460331.1387024024,-1.443675397440506,3.4038079647682413
2460331.1456467886,1.9900126173283654,3.4000219069218587
2460331.1525911745,3.1618827298591334,3.3968563980258426
2460331.1595355608,8.439722763579228,3.3973275147277575
2460331.1664799466,-2.3827020236788776,3.3924662166935313
2460331.173424333,-0.717307364899519,3.3920155163255306
2460331.180368719,3.307712694353683,3.3933829822059773
2460331.187313106,-3.7322419933138224,3.3911412250522557
2460331.194257492,-8.818652919042568,3.391745375074922
2460331.201201879,2.4638514923435566,3.396365537162241
2460331.2081462652,3.6556546658270324,3.3993074519627284
2460331.215090652,2.1063583741981384,3.401165967661314
2460331.2220350355,1.0302224462552552,3.4063541277188674
2460331.228979421,4.031412086408996,3.410549656942185
2460331.235923808,-2.3222526556691556,3.413117979518382
2460331.242868195,-3.447795334818289,3.4146689722686294
2460331.249812582,-7.876645473251365,3.4163995265132088
2460331.2567569693,4.523591062914999,3.422708131588785
2460331.263701356,2.855373667716184,3.4228222223624374
2460331.2706457432,1.1448938588135351,3.425531505821272
2460331.277590131,1.934390382857271,3.424574246358413
2460331.284534518,-4.510638716315162,3.421640336478671
2460331.2914789054,-3.3424015671303122,3.4212871355725434
2460331.2984232926,9.327885479490385,3.421752146186536
2460331.3053676807,-0.8620977408350035,3.4177149734612744
2460331.312312068,-5.188271347042296,3.414784760226201
2460331.319256456,3.683703570659409,3.4134215651508737
2460331.3262008433,-3.054018250790289,3.4104170698802854
2460331.3331452315,-2.224472179231215,3.407210276839992
2460331.3400896196,0.29620781420910847,3.405954612258265
2460331.3470340073,5.500089499594062,3.403620101443083
2460331.3539783955,3.1439528987750833,3.399612433544075
2460331.3678671718,1.8618333090396735,3.3926928126858704
2460331.37481156,4.342700885554474,3.3911107224877015
2460331.3817559485,2.1250442369941913,3.3841415388024383
2460331.3887003367,0.06416316269378441,3.3803643944681157
2460331.395644725,-0.0669591792021082,3.3762037920680665
2460331.402589114,1.8393471648832527,3.373448493107827
2460331.4095335025,-5.0037128818059475,3.3685621899998535
2460331.416477891,-6.690648498164942,3.363312253745655
2460331.4234222793,-0.23654493132661725,3.3603944715025382
2460331.430366669,3.6157401428365774,3.3581125688117663
2460331.4373110575,1.3901553645070588,3.355953141407609
2460331.4442554465,0.06395218973060368,3.3527179481231983
2460331.4511998356,-2.7251072104470344,3.3505598636225113
2460331.4581442247,0.7572517265652383,3.348973849194224
2460331.465088614,-3.183245694592966,3.3456889355433623
2460331.4720330033,4.604425480771786,3.346070809295784
2460331.478977392,3.943188366117089,3.3458779720447036
2460331.485921782,5.5842252374397425,3.3470467794347907
2460331.4928661715,2.8182169043736884,3.343052208810389
2460331.4998105606,-9.4589413217389,3.341641751619919
2460331.5136993397,-1.1433782191820057,3.3451931200355642
2460331.5206437297,6.4289030281457755,3.3500760549458164
2460331.5275881193,3.669453670279827,3.3519947904610334
2460331.5345325093,2.9504732712171196,3.3525004518843566
2460331.5414768993,-0.4723306335965174,3.355324074099201
2460331.5484212893,3.4094983105893126,3.3618684058740667
2460331.5553656793,4.069848631561028,3.3662466398014836
2460331.5623100693,-3.232819008593545,3.3661649831628697
2460331.56925446,-0.7524060035928768,3.3703977844156654
2460331.57619885,5.87607584790465,3.374669993375786
2460331.5831432403,5.085740192226427,3.3787549726475508
2460331.590087631,-0.10156246238123517,3.379297985996796
2460331.5970320213,-5.222623544985432,3.378885166227727
2460331.6039764117,-8.111492118953354,3.379730748936655
2460331.610920802,2.4414308996382355,3.3862651929801504
2460331.617865193,-2.716671958381128,3.3863096052510944
2460331.6248095836,-0.6700116446307987,3.39164105735728
2460331.631753975,-0.05916932385081086,3.3950914530346314
2460331.6386983655,0.48120485765585164,3.3989784390691766
2460331.645642757,-2.919475203533955,3.4000692375502766
2460331.6525871474,0.7362766477752571,3.403645692047822
2460331.659531539,-3.172552272821271,3.406172379911721
2460331.66647593,-2.609753535857995,3.408552248969537
2460331.673420321,4.49842773765868,3.41171182747606
2460331.6803647126,-1.860960190252338,3.4119201194391473
2460331.6873091045,-1.4349029414069348,3.4134821169314455
2460331.6942534954,-2.512460792318591,3.413405443901351
2460331.701197887,-0.5992416200078733,3.4155128163545574
2460331.7081422787,-3.851325843563181,3.415814355253111
2460331.71508667,-2.0824086076321904,3.416961812689727
2460331.722031062,-1.845818534646295,3.417921574596273
2460331.728975454,5.869205026356006,3.4203225029936775
2460331.7359198458,8.013987247713715,3.4217272751541308
2460331.7428642376,-2.5402199498651608,3.4176937107978134
2460331.74980863,3.3770026446942807,3.4204802552289153
2460331.756753022,-2.1117542206270765,3.4192875372346463
2460331.763697414,0.6293029364832676,3.41585784575677
2460331.770641806,-3.2059077429660867,3.4137013778831524
2460331.777586199,-1.5757356705263301,3.4124399072284732
2460331.7914749836,3.4746679640937588,3.4054801816336475
2460331.7984193764,0.4681065283963113,3.4003033662542603
2460331.8053637687,4.670434215262942,3.3964866747089957
2460331.812308161,-1.8825568917742448,3.3892449883327576
2460331.819252554,-5.907348599249938,3.3834917984549686
2460331.8261969467,-4.178557317948312,3.3794163050942174
2460331.83314134,-6.1003217017649405,3.3715511709464727
2460331.8400857328,2.2460962959162725,3.368703732784633
2460331.8470301256,3.015909019940319,3.3617526366029256
2460331.853974519,3.7694783356981327,3.354952791028978
2460331.8609189116,3.526513856312313,3.349121279315668
2460331.8678633054,1.2822239395832664,3.343629215038492
2460331.8748076987,-2.0586838535731378,3.3375919530420344
2460331.881752092,-1.3386985749565532,3.334358977182305
2460331.8886964857,-0.011462072303342064,3.332265617155493
2460331.8956408785,4.653592002515988,3.331652361906231
2460331.902585272,-4.122813774145104,3.325748772847439
2460331.909529666,-1.5893270419536099,3.325465693014513
2460331.9164740597,0.6519888042935336,3.325446966667077
2460331.9234184534,-4.644872528186732,3.325075210548935
2460331.930362847,1.3152303204581197,3.3275734400296604
2460331.937307242,5.575966952770448,3.33120964630186
2460331.9442516356,0.7277907905094327,3.3312631488759705
2460331.95119603,-0.7460425279301983,3.3361532626103307
2460331.958140424,-7.799221789214522,3.33742208724437
2460331.9650848177,1.1440874636548655,3.3438804298295257
2460331.9720292124,2.3975236600546452,3.347835662658969
2460331.9789736066,1.5101700452721762,3.3522903767231678
2460331.985918001,4.295276911307145,3.358049803829667
2460331.992862396,-3.2696974324077352,3.3588110171402814
2460331.99980679,-0.16663444172667363,3.364258557367991
2460332.0067511853,-7.843923843884871,3.366663208385594
2460332.0136955795,-0.8952032168716549,3.3715752684178137
2460332.0206399746,1.1646418226733577,3.3738511225095587
2460332.0275843693,1.2571519393314625,3.375520339367693
2460332.0345287644,-2.35608160894312,3.3747784288219376
2460332.0414731596,1.7369619741873028,3.3747658739943076
2460332.0484175547,-0.7960341652867737,3.373126343481832
2460332.0553619494,-0.248062077564962,3.3684220809002703
2460332.062306345,-1.8410370908386748,3.363609543893084
2460332.06925074,-0.2422979429921146,3.362571576209245
2460332.0761951357,2.215046093087967,3.357334101537685
2460332.0831395313,2.2885645797716414,3.3533298294646188
2460332.090083927,-4.84504456265477,3.3484812887952375
2460332.097028322,4.101971338314935,3.347409927424298
2460332.1039727177,-0.4588185472979169,3.3415735549009575
2460332.1109171137,-1.8203865053819106,3.338417906791704
2460332.1178615093,2.9549547048313274,3.3341769410997846
2460332.124805905,-4.978747215057064,3.3283842606626415
2460332.1317503015,-1.6571400740193107,3.322347101993078
2460332.1386946975,7.0489898254544165,3.320558361114309
2460332.145639093,-1.285958791143949,3.312285013167252
2460332.152583489,1.697241336326961,3.3094013115098773
2460332.159527886,4.022508641843357,3.304011338378921
2460332.1664722823,5.979547333679137,3.300805529225679
2460332.1734166783,0.7803660257620002,3.2968772163903304
2460332.180361075,1.0834317806520888,3.293217593834196
2460332.187305472,2.905527261255507,3.291777819149807
2460332.1942498684,-9.303622147384068,3.2856084841283355
2460332.201194265,0.38758898226389704,3.288474545473715
2460332.2081386615,-1.5740037317476898,3.289403178243338
2460332.2150830585,-1.8852802153414048,3.290200346153515
2460332.222027455,-0.4567395341784075,3.293333490207346
2460332.2289718525,5.2647246501623,3.295553365276253
2460332.2359162495,-2.079459190325795,3.2980676463024388
2460332.2428606465,3.200073637713977,3.3041386661891305
2460332.249805044,-0.7840341198500917,3.3055773120930034
2460332.2567494414,-1.1716888997095176,3.3079286313549776
2460332.263693838,-6.71252180001104,3.307394872789965
2460332.2706382354,0.8201334605398882,3.310528690969757
2460332.277582633,-1.1862274040255878,3.3127876340780085
2460332.2845270303,-0.8421689925304153,3.3112974716603403
2460332.2914714287,-4.971011162410948,3.3098183629880786
2460332.298415826,-2.373268385208189,3.3102392256105553
2460332.3053602236,-0.9718326808910486,3.3087721814334614
2460332.3123046216,2.7469948696581836,3.3062537196823514
2460332.3192490195,-3.773055247106576,3.3026641952354754
2460332.3261934174,3.6811525233910487,3.303648785748564
2460332.3331378154,0.5678809078231408,3.298101382527697
2460332.3400822137,7.0708175008478396,3.2971580954220774
2460332.3470266117,-0.3718779856933585,3.291428242019579
2460332.35397101,-2.344608506617794,3.289533787518868
2460332.3609154085,-2.785206397632189,3.2843862702977056
2460332.367859807,-1.4838617001113552,3.2818529383135076
2460332.3748042053,8.50315144256429,3.2823594480245473
2460332.381748604,-1.7378978241237601,3.2774601064312505
2460332.3886930025,-8.38249049462453,3.2720029869215943
2460332.395637401,4.138174137635661,3.2730909931622363
2460332.4025818,3.2756303510268685,3.2702496705413147
2460332.4095261986,1.154956973813431,3.265554728299166
2460332.416470598,3.230852487064401,3.263292195279068
2460332.4234149964,-2.4119341091198883,3.2586807431804163
2460332.4303593957,1.4780334672437783,3.2562380525743984
2460332.437303795,8.178977436293605,3.255087900794368
2460332.444248194,-2.937792839924532,3.2486631864774296
2460332.4511925937,3.163876631251091,3.245994210571743
2460332.458136993,0.6463878746007661,3.2422517197285754
2460332.4650813923,-2.0952172167315544,3.240116948714292
2460332.4720257916,-0.7184305691641031,3.2345660010502555
2460332.478970191,-1.466286296060924,3.2328856716066885
2460332.4859145912,-1.5337971486391173,3.2317449456207967
2460332.4928589906,2.235085020416149,3.232507191598147
2460332.4998033904,3.3743189354426666,3.2357283581076164
2460332.50674779,-4.825708971227488,3.2331187716839604
2460332.5136921904,-3.8731249813700517,3.235595345129432
2460332.5206365907,-3.622756611583008,3.238326272310628
2460332.52758099,-3.5848924218074236,3.2414403338373696
2460332.5345253907,0.5341812883247563,3.242964051652383
2460332.5414697905,2.858877821660251,3.2471714274868018
2460332.548414191,-1.6267035319149836,3.2521863019666633
2460332.5553585915,-2.1981686171521777,3.2519440064417524
2460332.562302992,2.6035588773884446,3.2559859672631095
2460332.5692473925,-5.2594054334389035,3.257448437969606
2460332.5761917927,-1.3240069672364498,3.2581183260870215
2460332.583136194,-0.6249581967137264,3.260010550750352
2460332.5900805946,3.8291577537188832,3.2625101592770513
2460332.5970249954,1.5289877471037472,3.2615310898965095
2460332.6039693966,2.816120244552225,3.2607169219716563
2460332.6109137973,0.69488204520459,3.256498133492823
2460332.6178581985,-3.735769674452524,3.2535266179128466
2460332.6248025997,-1.1587458455486201,3.2540493180988483
2460332.631747001,4.447284232504968,3.2545969812881164
2460332.638691402,4.3400307613044955,3.254263085671297
2460332.645635803,3.666614478510465,3.2563930453133154
2460332.652580205,-2.2195699416042722,3.254927334031185
2460332.659524606,4.0797174401059495,3.2587060873129787
2460332.6664690077,-1.7728217341060835,3.2606158102379297
2460332.6734134094,-0.849368346568115,3.2627141239163
2460332.680357811,-2.0476253188751006,3.263401559459556
2460332.6873022127,0.4990797873168623,3.267396325198575
2460332.694246615,-4.715801596771087,3.2695771856224662
2460332.701191017,-1.8740338452736158,3.275142589192423
2460332.7081354186,-2.171195411362662,3.2776589267822374
2460332.715079821,5.855258545314324,3.2841385653007755
2460332.722024223,7.646684894324185,3.290621304572632
2460332.7289686254,1.8960226417580213,3.2911327313765457
2460332.7359130275,0.852544547805592,3.292504244396408
2460332.7428574297,0.6367572955941703,3.2958915131313034
2460332.7498018327,-5.27432606202329,3.2974506240603367
2460332.756746235,-0.06175447740592932,3.300415708084612
2460332.7636906374,1.5795616954612912,3.300418402980371
2460332.77063504,2.7396950912281546,3.3011800177856068
2460332.777579443,-3.7117186249099783,3.2959660742732093
2460332.784523846,-2.058076925054066,3.2948828968320005
2460332.7914682482,0.4222526663174826,3.2911231967759282
2460332.7984126513,-6.258326961118457,3.2867367713089006
2460332.8053570543,-2.508935776838598,3.280498188850256
2460332.8123014574,-2.914802458024042,3.2758351539700428
2460332.8192458604,1.1827218932738652,3.2715504131394635
2460332.8261902644,1.7864453050626863,3.2643708407961323
2460332.8331346675,1.288574412591596,3.26050665340477
2460332.840079071,2.2235190238563303,3.254923224213402
2460332.8470234745,0.6582663092947825,3.2498442098544236
2460332.8539678776,-1.7354740361780103,3.242558355734133
2460332.8609122816,1.003120923518566,3.2390425960470317
2460332.867856685,-0.36067434951031085,3.234039632891765
2460332.874801089,-0.32946850089702684,3.2284677611312573
2460332.881745493,2.9800234658616094,3.2271381728697066
2460332.8886898966,-3.467356688374252,3.220667003210582
2460332.8956343005,-6.141211423409294,3.2157297212727283
2460332.902578705,-0.4205534726494875,3.2142561859300343
2460332.909523109,-3.8637504017692574,3.2112306131654624
2460332.9164675134,-0.40605803069583657,3.2087999870298654
2460332.9234119174,4.719380631660873,3.20946882222149
2460332.9303563223,5.601922809518225,3.2118206454038543
2460332.9373007263,3.247948056058187,3.2076133142902745
2460332.9419303294,1.8548494388891723,5.557381470369516
2460333.120170066,-3.1477828086647683,5.52996689542812
2460333.1247996707,5.558418168087137,3.191675799690302
2460333.1317440774,4.702624509321893,3.188495657905491
2460333.1386884837,3.7777647277946325,3.1844981075104
2460333.1456328905,9.184204189386133,3.181396186287546
2460333.1525772973,-0.6185152280111121,3.173006719084374
2460333.159521704,-3.5365287121630935,3.169340896404957
2460333.166466111,-2.182485697473482,3.1655231600728744
2460333.173410518,0.08670733985138745,3.16233650876476
2460333.180354925,-3.057073610611999,3.1586448222327843
2460333.187299332,-1.1815684776666928,3.1558719584074546
2460333.1942437394,-1.3348478460320037,3.1561701970762055
2460333.2011881466,1.829347481602645,3.1569061797534452
2460333.208132554,4.778351271140483,3.1540531024054723
2460333.215076962,0.7306359025579234,3.152771957164667
2460333.222021369,1.774116143523348,3.1520138825283452
2460333.228965777,-2.225279489829278,3.1518524883876897
2460333.2359101847,-3.533527362500244,3.153838432064894
2460333.2428545924,-2.0773207857391673,3.154728497407234
2460333.249799,-0.5062684372398283,3.15608490443088
2460333.2567434083,-1.6515160967813132,3.1571984001770184
2460333.263687816,0.44879528126595325,3.158912831510754
2460333.2706322237,-1.3960542650747714,3.161902539346381
2460333.2775766323,2.002547543368049,3.1645407629935707
2460333.2845210405,-4.043686007816079,3.1644102736692292
2460333.2914654487,-0.9491614079718558,3.164277417088863
2460333.298409857,-0.07992118850237134,3.163314156903303
2460333.3053542655,2.1976300314653696,3.1625607001764298
2460333.312298674,-4.400825604994199,3.159595451185325
2460333.3192430823,4.679802710210716,3.16216208807497
2460333.326187491,-2.5868406074371606,3.156895378692209
2460333.3331319,-1.2970609221600977,3.155927821654869
2460333.340076309,-4.369849174277757,3.1512146182678067
2460333.347020718,-2.131619004239292,3.151720970097116
2460333.3539651264,1.6595664798494965,3.1507700331802813
2460333.360909536,-2.031593857885082,3.1439442861204987
2460333.3678539447,4.865385715222115,3.144201895014788
2460333.374798354,1.4318805589532813,3.1397923194683535
2460333.3817427633,4.106319813123633,3.138430824665481
2460333.3886871724,-1.7343282680738112,3.1346838468704186
2460333.395631582,3.7131227698205116,3.1346782488804354
2460333.4025759916,4.324582400574711,3.1314962905292982
2460333.409520401,0.8833998886471928,3.1280961794148703
2460333.4164648107,3.7254199417469662,3.1275602863775096
2460333.4234092203,-2.235180028151302,3.125671300403898
2460333.4303536303,2.8297597884709433,3.1246452410882952
2460333.4372980404,-1.044366090029348,3.1217145779152626
2460333.44424245,1.8138642562038516,3.1227080593547787
2460333.45118686,-0.7749229658384755,3.1195902565950555
2460333.45813127,-0.07372980436021304,3.1159710744244045
2460333.4650756805,-1.2063363462303782,3.1161299434362344
2460333.472020091,1.924214398891244,3.1138470388326134
2460333.4789645015,-4.900686551563533,3.1117250486815333
2460333.485908911,-2.389227716167113,3.1119602800137947
2460333.4928533216,-2.4555440287196135,3.1105717784885383
2460333.499797732,2.4158806344581305,3.11273343553395
2460333.5067421435,-4.2451025859713205,3.1120908858300194
2460333.513686554,0.1981235008184672,3.1127832697868
2460333.520630965,-4.3265521922802,3.109909103641696
2460333.5275753755,-1.0345912540806181,3.110189209561683
2460333.5345197865,3.2663199324206444,3.110984593877772
2460333.541464198,0.5111166373111242,3.1113679167139607
2460333.548408609,0.6880509677080338,3.1096541085469034
2460333.55535302,3.2690040606874367,3.1116113385549338
2460333.5622974313,1.1391727159934084,3.1124975596313127
2460333.5692418427,4.773731099959658,3.1157340029580354
2460333.576186254,-1.2495012157255352,3.1117529834273014
2460333.5831306656,5.187082743197671,3.1145307304826173
2460333.5900750775,-3.5660104654905482,3.111825724345712
2460333.5970194885,2.161276727277575,3.1110403097261567
2460333.6039639004,-2.5388569757480397,3.109478882525661
2460333.6109083123,-2.3071956876075412,3.1059801813606303
2460333.6178527237,4.307177593476692,3.1063699065015604
2460333.624797136,-0.33335712850121135,3.10229251366644
2460333.631741548,5.3130164345787545,3.101778134076872
2460333.6386859603,2.2788840796958767,3.09910235300762
2460333.6456303727,-2.8237477334337804,3.096658480070803
2460333.652574785,3.1284701630876475,3.0947257894281246
2460333.659519197,-0.003823559120445852,3.097443082236463
2460333.6664636093,-1.0883896121792265,3.0960611120800006
2460333.6734080217,-7.47280693324215,3.100679181740967
2460333.6803524345,-2.103186287978112,3.10333684891596
2460333.687296847,-1.8075427881620467,3.107360477891502
2460333.6942412597,4.865835374098186,3.113078811968211
2460333.701185673,4.194026223556474,3.1156021775179865
2460333.7081300854,-2.4171713481683192,3.117594712707779
2460333.715074498,0.5505641946275643,3.120568724207729
2460333.722018912,-1.3746588544086835,3.1260761844668967
2460333.728963325,0.4609231748314828,3.1276645818609965
2460333.7359077386,0.7348292033389878,3.1303181117648413
2460333.742852151,1.7942853458368222,3.1306173726457156
2460333.749796565,-3.2995046047213554,3.131170886736663
2460333.756740978,2.1083612627943733,3.131950513493239
2460333.7636853918,-3.7310391655394985,3.130390901547129
2460333.770629805,-4.541905763196438,3.1311849144872563
2460333.777574219,1.185927737919235,3.129896351129855
2460333.7845186326,-1.4624777931103996,3.127429522623741
2460333.791463047,-0.9850601960325689,3.1275508990889676
2460333.79840746,-0.31403814672269237,3.1261524308186703
2460333.8053518743,-0.034086596467187036,3.1218045824416585
2460333.8122962886,-0.9414475258701442,3.119451936041432
2460333.8192407023,1.102719887667684,3.1190148337727304
2460333.8261851165,-2.926585970382352,3.1139214252917804
2460333.833129531,-0.5303631611721977,3.1125728135869903
2460333.8400739455,2.2350372398815317,3.1088843149259326
2460333.8470183597,-2.053999262573094,3.102475973210583
2460333.853962774,-3.994528155573011,3.0991964939415
2460333.860907189,6.012383671130486,3.0998003136126435
2460333.8678516033,2.2198937240867496,3.095100776082783
2460333.874796018,2.6091308153785238,3.090722001566304
2460333.8817404327,4.184419271237855,3.08925285628032
2460333.888684848,1.0879528322660994,3.083405963247175
2460333.895629263,2.464232416172742,3.081272405249114
2460333.902573678,-0.49766720550339194,3.0764167000464884
2460333.9095180933,4.2190564696742365,3.0729943120605383
2460333.9164625085,-5.030055483798466,3.0716985211539263
2460333.9234069237,0.4284762710326371,3.0700389379879245
2460333.930351339,-2.033038085724443,3.064895394902315
2460333.9372957544,-1.3154445426104115,3.0653694624361836
2460333.94424017,-1.614930579163627,3.0651010402322285
2460333.9511845857,0.05696389143458713,3.0661488457854778
2460333.9581290013,-2.308120126246716,3.0676077169019713
2460333.9650734174,3.8133619975009663,3.066402627875324
2460333.9720178326,-3.6587885661965207,3.064422156460717
2460333.9789622487,-1.56340465728606,3.0663419807311922
2460333.9859066647,-1.2374452193270407,3.0667426493298167
2460333.992851081,-0.7645040240679395,3.0668102379286104
2460333.999795497,0.3098734644807545,3.065645503399814
2460334.006739913,3.821433664656748,3.0686235970933122
2460334.013684329,-3.4465245974915333,3.068717787528421
2460334.020628746,-1.215060529231351,3.070026201306337
2460334.027573162,0.15785669690210646,3.070039212534574
2460334.0345175792,5.201509912589025,3.072438806632475
2460334.0414619953,-0.21168761770378275,3.070269459236327
2460334.0484064124,0.9614147140344431,3.0714670399678847
2460334.0553508294,0.11855512581759142,3.0722131851661665
2460334.0622952455,-0.9865305302527683,3.0671816193461274
2460334.069239663,6.589006044818104,3.0661272229374767
2460334.07618408,-0.7264255400806275,3.0653012117316254
2460334.083128497,-2.645447955082865,3.05960115186091
2460334.0900729145,2.584982470906764,3.057309519174772
2460334.0970173315,0.7576729830054784,3.0505339407774943
2460334.103961749,0.21574254132754245,3.0472477231725605
2460334.1109061665,-0.7730895158171947,3.0429612433127775
2460334.117850584,-0.029265822289425536,3.0390680976133964
2460334.1247950015,-1.4916515184549635,3.0372659769723427
2460334.131739419,-2.917569003376214,3.0340264063505695
2460334.138683837,-0.02177971427792791,3.0332167510321852
2460334.145628255,5.952226672091596,3.031199352267518
2460334.1525726723,-2.1107425820598293,3.0270496228294537
2460334.159517091,-8.565951164798381,3.0264416533532965
2460334.1664615087,0.4155976119171716,3.025313754057794
2460334.1734059267,-0.5360044728591062,3.022951292880345
2460334.180350345,-1.7788723624098681,3.0208392673842748
2460334.187294763,-2.061634803006317,3.019595650841986
2460334.194239182,1.7438396118794706,3.0183832737782974
2460334.2011836004,0.7583491910730342,3.0167669708649263
2460334.2081280183,-0.6431115554196105,3.0147126778335203
2460334.215072437,0.12428800943504958,3.013938774858318
2460334.2220168556,1.0092339204603387,3.0116435036183318
2460334.2289612745,0.7622550591550272,3.0101865837331405
2460334.2359056934,-4.293152949192953,3.007735595616468
2460334.2428501123,2.0854409964062404,3.0094517465536916
2460334.2497945316,0.6317753805533135,3.008327416001801
2460334.256738951,4.234226031493848,3.0098664255240295
2460334.26368337,-2.511779061222398,3.00782389509053
2460334.2706277887,-2.3424618918775595,3.0081381543537087
2460334.2775722085,3.20697128398471,3.0091759533164377
2460334.2845166274,-0.20153080546564303,3.0096870118530608
2460334.2914610473,0.962598091655772,3.0092919006764256
2460334.298405467,3.6698670221229532,3.0090432794483934
2460334.3053498864,-2.5908837657029595,3.004808271504661
2460334.3122943062,2.2544196233923444,3.0038216624494094
2460334.319238726,-2.749826094909114,3.002189241222098
2460334.326183146,-3.2708916871020035,3.0019389953346782
2460334.333127566,1.0085649102058714,2.9998142393430274
2460334.340071986,5.661562349456878,2.9974486763974078
2460334.347016406,-0.2809393886927183,2.9932537079043464
2460334.353960826,-2.5671058166993497,2.987951438243004
2460334.3609052463,4.9565484930620345,2.9895696752849372
2460334.367849667,1.38984742729539,2.98789320057792
2460334.3747940874,1.6775001133282257,2.986643841699568
2460334.3817385077,-0.9647453935748889,2.9824374467241648
2460334.3886829284,1.3653841722866848,2.9830616599873867
2460334.395627349,-0.0500539312954269,2.980850860510465
2460334.40257177,-1.7509537324607827,2.9791958375959484
2460334.4095161906,-2.1325256560989896,2.980257607811822
2460334.4164606114,-2.96089700506563,2.981066140392327
2460334.4234050326,-4.557011103168035,2.9793260684318983
2460334.430349454,-0.11942760847682754,2.9788460323508623
2460334.437293875,2.894031934549272,2.983411792409162
2460334.4442382962,-2.422531958813873,2.9802645329627935
2460334.4511827175,2.2656286211984593,2.983327330008511
2460334.4581271387,2.2204210098151966,2.983584651849938
2460334.4650715603,-3.460235109640662,2.9830143312869155
2460334.472015982,4.108949847576995,2.987255469609453
2460334.4789604037,-5.755018090252866,2.982891637345817
2460334.4859048254,1.3414634650096273,2.9859116416965144
2460334.492849247,1.6551073836640136,2.9857228248971315
2460334.499793669,3.1400029695269875,2.984227296733718
2460334.506738091,-2.954217874495709,2.9825130876343464
2460334.513682513,0.7018446248450048,2.983482948965611
2460334.5206269347,0.04248665230904303,2.981514132755869
2460334.527571358,-0.9080283202195312,2.982639896285285
2460334.53451578,3.249342071912533,2.9799329093639266
2460334.5414602016,-0.2380062413536006,2.978886542533969
2460334.5484046247,-1.2132719650528367,2.975864585103551
2460334.555349047,-7.064625266077074,2.9702204837242356
2460334.56229347,3.325924669245864,2.9727104839267913
2460334.5692378925,0.33023216356386953,2.9697559297984184
2460334.5761823156,-1.3462949408896079,2.9670249670065663
2460334.583126738,-5.275592397410566,2.9624400516204292
2460334.590071161,0.9323150290354929,2.962959075378832
2460334.597015584,0.25182394266258146,2.960998640155751
2460334.6039600074,1.7252969925623498,2.958594721543198
2460334.6109044305,-1.6890516439202088,2.954203606943665
2460334.6178488536,6.23396669834001,2.952322881294485
2460334.624793277,-3.102463690922915,2.9468802274578376
2460334.6317377007,2.6317861309070834,2.9452665437071768
2460334.638682124,3.644691459699863,2.94315013218452
2460334.6456265477,0.6279256874193051,2.9388547676000445
2460334.6525709713,2.6330238906847896,2.9391516724494924
2460334.6595153953,-0.9411165790413918,2.937384526738034
2460334.666459819,-0.8300616029530261,2.9379931906364107
2460334.673404243,-0.2524401412767837,2.940440970994478
2460334.680348667,1.098216914135821,2.9388367776875923
2460334.6872930913,-2.921374493261756,2.9363786401512115
2460334.6942375153,-2.3750615278507587,2.9396764894080523
2460334.7011819393,-2.1848616242668397,2.940895901887426
2460334.708126364,-5.728600213525137,2.9414786440127862
2460334.7150707883,1.773032732582759,2.9466105358169297
2460334.7220152128,4.441752213760074,2.9492513602501464
2460334.7289596335,0.4655028748888217,2.948835380625314
2460334.7359040584,1.5547711404866007,2.948446718311194
2460334.7428484834,0.23320266360091857,2.9511233330821867
2460334.749792908,-0.40752241320025573,2.95045764901457
2460334.756737333,4.924887602763736,2.9521529971406584
2460334.7636817577,-0.14339507881877112,2.950361240952599
2460334.770626183,3.514054075524113,2.9541383253159554
2460334.7775706085,-1.1035521390327248,2.951915184604322
2460334.784515033,-2.04369253987412,2.9512074698725055
2460334.7914594584,-2.362875512384992,2.949523997153993
2460334.798403884,-1.8149371343088978,2.950570571704489
2460334.805348309,-1.4423667195619265,2.9494058903023084
2460334.8122927356,-1.7146971313435735,2.9473534868315134
2460334.819237161,5.233667250401127,2.948409650269935
2460334.8261815864,-2.0553683644421668,2.943032733149547
2460334.8331260122,0.12232609851695386,2.9422787832582293
2460334.840070438,-0.18020678995054107,2.939771505803579
2460334.8470148644,-1.7536143160839615,2.937107293253312
2460334.8539592903,-0.7880153159597183,2.934566731112621
2460334.860903716,-0.2957574205525164,2.9340709744699165
2460334.8678481425,2.23031739212471,2.931756112216432
2460334.874792569,3.728717346898682,2.929115242542066
2460334.881736995,1.4719949644172314,2.925613088095648
2460334.888681422,-0.11821811097201523,2.923101828186741
2460334.8956258483,0.1710602713337801,2.919429701633893
2460334.902570275,-4.54448010256372,2.9158884879706766
2460334.9095147015,-2.775059855326367,2.91319115878575
2460334.9164591287,2.55478285417111,2.910803310146879
2460334.9234035555,-4.466070026509679,2.9099618725921363
2460334.9303479823,2.0343492686830524,2.9108973230729176
2460334.9372924096,-4.717366142914591,2.9070680936398685
2460334.944236837,-1.7511548016471663,2.906073102738528
2460334.951181264,2.420006249755759,2.9072281170159955
2460334.9581256914,0.9527891994830735,2.905771403355214
2460334.9650701187,-3.098127261763922,2.9071715614481035
2460334.972014546,2.1432317747351037,2.905793389770034
2460334.9789589737,3.408666716493267,2.905037131232668
2460334.9859034014,-0.6132933889505765,2.9017280130060743
2460334.9928478287,-1.4248705716334098,2.90006732245031
2460334.999792257,2.727338921650328,2.9012348405792547
2460335.0067366846,2.5213293360482467,2.8986950762873103
2460335.0136811123,-3.3886177189950297,2.8987488213332337
2460335.020625541,0.19647893307747566,2.898087539466603
2460335.0275699687,-0.07983825639509456,2.897291557673745
2460335.0345143974,-0.46814449029529914,2.898395419369159
2460335.041458825,3.3158916822766664,2.900291391052899
2460335.048403254,3.58932335435927,2.8993485011836246
2460335.0553476824,4.004671217605529,2.898437264464452
2460335.0622921106,-1.2065179250433091,2.894872184547706
2460335.06923654,0.887294553199626,2.896150903090754
2460335.0761809684,-0.2029235223442169,2.892231425489245
2460335.083125397,-2.6339260068459023,2.8902737355630266
2460335.0900698258,-0.5692907254403192,2.8858608756284383
2460335.097014255,-2.0223684133039224,2.884703402349913
2460335.103958684,1.8391110372655555,2.881595850678682
2460335.110903113,-3.7076022710865195,2.88140638292078
2460335.1178475427,-4.1614104355485235,2.874175948432715
2460335.124791972,4.500197571161292,2.874697895729632
2460335.1317364015,-1.7008747386509238,2.871227298227511
2460335.1386808306,1.2539092060734656,2.872227169117473
2460335.14562526,-0.6621582321690365,2.868791656319079
2460335.1525696903,0.10395605833782895,2.872818647749708
2460335.1595141194,-1.0397882520043367,2.868631802521469
2460335.1664585494,-0.1655781392999507,2.8700505940089056
2460335.1734029795,-1.4853583703401085,2.869762074526475
2460335.180347409,3.4183886607698026,2.870507890686079
2460335.1872918396,-5.073981823641747,2.87054078093837
2460335.1942362697,-0.3989653148078892,2.869500367696211
2460335.2011806997,2.193788419048424,2.8707038563402443
2460335.2081251307,-2.2668163074450876,2.8709533645402696
2460335.2150695603,2.1285600325244145,2.870448924410944
2460335.222013991,-0.1760227894264057,2.870537790968383
2460335.228958422,-1.258223754852755,2.8700145218212847
2460335.235902853,-0.7761661936210187,2.8679795503771306
2460335.242847283,-1.0967076370145692,2.8650730696470688
2460335.249791714,-1.5174150897024412,2.8654575831222657
2460335.256736145,5.194606218226841,2.867292237264193
2460335.263680576,4.896620979633616,2.8639184936066684
2460335.270625007,4.024213635705685,2.8628791725608753
2460335.277569438,0.31513492469608395,2.859398260784586
2460335.28451387,2.758201189140579,2.858411156251788
2460335.291458301,-3.094491800977416,2.8572600274357582
2460335.2984027322,-3.401739434724279,2.8532547809109925
2460335.3053471637,1.5822707949953971,2.852675752896395
2460335.3122915956,2.3872904777633686,2.851930880218491
2460335.319236027,0.8612501697966475,2.849595741585341
2460335.3261804585,-4.147577302133257,2.8458776289042693
2460335.3331248905,-3.0459663541064783,2.846131308661471
2460335.3400693224,-1.8996172801465263,2.843714109542571
2460335.347013755,-0.4331544333977084,2.843116615395991
2460335.3539581867,-1.7573854354817016,2.8416607658960267
2460335.360902619,-1.2878551906948104,2.840260124242866
2460335.3678470515,0.3382465203558993,2.838835852006462
2460335.374791484,0.038625463520603615,2.8390160564026625
2460335.381735916,5.13989812140231,2.8397795278686715
2460335.3886803486,2.877144259700568,2.8395299472176525
2460335.3956247815,-4.386772377510465,2.835917505545225
2460335.402569214,0.39813527989279485,2.837823430340132
2460335.4095136467,-1.6774010939527368,2.840690955722977
2460335.4164580796,-1.6710936816245052,2.839765342443588
2460335.4234025124,-2.179262807663097,2.83837069191021
2460335.4303469458,0.3044759767481682,2.8403435472447467
2460335.4372913786,0.5287413919336239,2.8393873606912234
2460335.4442358124,-2.310568723829268,2.8379044620591105
2460335.4511802457,1.7991425782902044,2.8381637482729425
2460335.458124679,3.2366850816092105,2.8358585164825265
2460335.465069112,-4.613043774736044,2.8329905811529783
2460335.472013546,-1.015166259745093,2.834136011335742
2460335.4789579795,3.5111124098329927,2.8352152029886057
2460335.4859024133,1.342771715722053,2.8351782558322007
2460335.492846847,1.4501798021556922,2.838149578859405
2460335.4997912813,5.4336944270284135,2.8378813477465403
2460335.506735715,-2.6211695827644697,2.835798899178705
2460335.5136801493,-0.7603410286081491,2.8409282300382195
2460335.5206245836,6.1165975014774165,2.8391096162060663
2460335.527569018,1.3049794198014761,2.839127723587719
2460335.534513452,-0.6782818970582869,2.8371171241114195
2460335.5414578863,-0.8543327723348804,2.8382313981579195
2460335.548402321,-5.097471839475517,2.8320322229079764
2460335.555346756,1.2822193326060443,2.8319875935641647
2460335.5622911905,0.7608824725457699,2.828937780815577
2460335.569235625,-4.672565416636969,2.8262704344556866
2460335.57618006,1.736825675493438,2.8262358395032012
2460335.583124495,2.6004768557746782,2.8251844033810207
2460335.5900689303,2.185214431998592,2.8221958908498244
2460335.597013365,-1.3672233241776548,2.821451961768363
2460335.6039578,0.023458146424822024,2.8197723284878506
2460335.610902236,-1.6975806889289444,2.8188357417390404
2460335.617846671,-1.197630552486713,2.8180349308290595
2460335.624791106,2.264245634253677,2.8180456055621033
2460335.6317355423,-3.7568081332981853,2.8166556986802163
2460335.638679978,-0.2031488147657705,2.815373517390952
2460335.6456244136,-2.4933507925966776,2.8138698142635366
2460335.6525688497,-1.864964745173181,2.8114759452986475
2460335.6595132854,-3.386840981032558,2.8105491715161772
2460335.6664577215,1.1639745773930956,2.810438320745554
2460335.673402158,-0.6236539740163762,2.8085304379065867
2460335.6803465937,-0.9315095779953352,2.8081123047212535
2460335.68729103,3.1478415445208325,2.809907596219674
2460335.6942354664,0.9808670487685922,2.8075497330226544
2460335.701179903,-1.399860880989055,2.8062554264051514
2460335.708124339,0.1472991853499992,2.80844082775868
2460335.7150687757,0.5534134122900238,2.808222267399902
2460335.7220132127,1.1731851066849126,2.808636914345586
2460335.72895765,-1.0113563992249555,2.8052452617352137
2460335.7359020864,6.158837149156007,2.809585715848699
2460335.742846523,3.8533884183318445,2.8045977396405246
2460335.7497909605,-2.3617985922506457,2.8021648303194486
2460335.7567353975,-0.6711085417456613,2.8019859579602144
2460335.7636798345,-1.1234676263707326,2.8022149222876576
2460335.770624272,0.25739654744303386,2.8025325764880944
2460335.7775687096,-1.5102270266415165,2.8011522089665353
2460335.784513147,0.4762020058064065,2.8017741245140697
2460335.7914575846,0.5674852133734165,2.7987641210591767
2460335.798402022,-3.768249074469563,2.7969895754359437
2460335.80534646,0.7287112269705651,2.796905482726539
2460335.812290898,-0.7230529788267566,2.79845601166898
2460335.819235336,4.499093023926717,2.797228043021621
2460335.826179774,2.464247844508007,2.7956057229794014
2460335.8331242125,1.6716398007414779,2.7949215923372637
2460335.84006865,-2.3327191840796404,2.7943761678533203
2460335.8470130884,-2.544378406787879,2.790007947735534
2460335.853957527,-0.015287804493356427,2.792442414270042
2460335.8609019653,-0.3983822203531675,2.7884685165671446
2460335.8678464037,3.3191614341077145,2.789833912967028
2460335.874790842,-1.6823141683001575,2.786835691568557
2460335.8817352816,3.4581386284297975,2.787983795929923
2460335.8886797205,-2.223336924221311,2.7854879490439663
2460335.8956241594,-0.11616377144481338,2.7850282684869403
2460335.902568598,-1.571399325926757,2.783607964961584
2460335.9095130377,-1.19017637339888,2.783125326391366
2460335.9164574766,1.7653873757162417,2.7817778934012694
2460335.923401916,-2.3200514416423963,2.782242595537046
2460335.9303463553,1.018931135592371,2.782843651019032
2460335.937290795,0.40811725859674297,2.7791026689740814
2460335.944235234,-0.1341492273376239,2.779011168269452
2460335.951179674,-3.8656923892574175,2.7746892447251295
2460335.9581241137,-4.534304909752613,2.773950280415095
2460335.965068553,-4.75421441615124,2.7742799578896062
2460335.9720129934,0.5174511505175705,2.7730764215809143
2460335.9789574333,0.3824353788505699,2.773349412818554
2460335.9859018736,2.4548607868024646,2.7738026288314654
2460335.992846314,3.981927367449801,2.773749584098202
2460335.999790754,3.0595134160945623,2.771868452450331
2460336.0067351945,-4.551310867448451,2.7685972184769105
2460336.013679635,4.007110297891248,2.770574537286446
2460336.020624075,-0.2616805314854025,2.768842799415335
2460336.027568516,1.6547125757678227,2.771324933281525
2460336.0345129566,1.5091761286611454,2.76895612030283
2460336.0414573974,-0.2711547306730968,2.768307408020769
2460336.048401838,-2.5011186764894164,2.7686143395615264
2460336.05534628,1.3564331465047943,2.766471377687571
2460336.0622907206,4.993119957807891,2.766323545377345
2460336.069235162,2.2539261931096743,2.765244838338876
2460336.076179603,0.8112116745454728,2.7622366887340335
2460336.083124045,1.7376356382191847,2.7633142904037507
2460336.0900684856,-1.5060109267047899,2.7594482995075786
2460336.0970129273,-3.3475736196222767,2.7560256640512795
2460336.1039573695,-2.3971481371745624,2.755878819829808
2460336.1109018107,3.3962891125213552,2.7562404375972474
2460336.1178462524,0.28227904042078933,2.7550337468465593
2460336.124790694,-0.46494356487934896,2.753472846933794
2460336.1317351363,-2.3688952942582007,2.753710542070284
2460336.1386795784,-4.558759381110612,2.7509948317103348
2460336.1456240206,-1.421760642034301,2.751575765113006
2460336.152568463,-1.9142935717558611,2.7525699284536524
2460336.159512905,-0.6884384788471283,2.752798883708404
2460336.1664573476,-1.493952508983083,2.7528552296223
2460336.17340179,-0.3672604969823684,2.7542481348269092
2460336.1803462324,-2.6040227710854147,2.752404396731098
2460336.1872906755,4.98146320478061,2.7539760920667273
2460336.1942351186,-2.879677611569222,2.751400034770676
2460336.201179561,3.511728152585195,2.754504871222817
2460336.208124004,0.6303048902952657,2.752112300519038
2460336.215068447,1.160261189621632,2.7522280723919876
2460336.22201289,0.387472395807535,2.750919888425475
2460336.2289573336,0.9119836915172517,2.752643865341287
2460336.2359017767,-6.65481150282302,2.750521460337852
2460336.2428462203,2.033556598612165,2.750669976114585
2460336.2497906643,5.132065066500174,2.7508345748682212
2460336.2567351074,-0.15946202910597496,2.75140008129256
2460336.2636795514,4.531513910852153,2.7498363105449766
2460336.270623995,2.0178492362126437,2.7485656477539977
2460336.277568439,1.9179739757775516,2.7474684752429703
2460336.284512883,-0.194357108686269,2.746212898595823
2460336.291457327,-0.9873081771671817,2.7444784798949278
2460336.298401771,0.45112479697301366,2.744613404761449
2460336.3053462156,-2.647817153714651,2.744182705035915
2460336.3122906596,-0.9180856679607832,2.7428995356264507
2460336.3192351046,-4.179693109186173,2.7394209706491996
2460336.326179549,-1.777565683387774,2.7423642796810306
2460336.3331239936,-2.876559808385154,2.7391031457645973
2460336.3400684367,0.010940625864507059,2.7404407753898536
2460336.3470128803,3.2674145410692685,2.740411232879662
2460336.353957325,-1.429652808593248,2.73782171600721
2460336.36090177,-2.0407259098539847,2.738712252239497
2460336.3678462156,2.6501744469951065,2.740368392198709
2460336.3747906606,3.4652422260096984,2.7381629964733647
2460336.3817351055,-0.35949349186284685,2.7374975410033584
2460336.388679551,-2.1095168343030193,2.7361391281812897
2460336.395623997,1.224877289463047,2.7378733098127275
2460336.4025684423,0.5664067225101139,2.7380822164431287
2460336.4095128877,0.22654115010430598,2.7359560716309854
2460336.4164573336,-0.26734624515866345,2.736673590594028
2460336.4234017795,-0.265564251720686,2.7365669635196337
2460336.4303462254,-0.7110902782263451,2.739189516223238
2460336.4372906717,-0.6740838277453598,2.734171776111253
2460336.4442351176,-2.518008151935711,2.7343218357464694
2460336.451179564,3.2053055847224243,2.732941836568641
2460336.45812401,3.334655555389773,2.735428966165973
2460336.4650684563,-1.0240819903728755,2.7349309369939516
2460336.472012903,1.9445831921677212,2.7327055378371816
2460336.4789573494,-2.2526422546081633,2.7308478504896834
2460336.4859017967,4.607715422516599,2.7319171390492643
2460336.492846243,-3.4040548045625716,2.730441504364965
2460336.4997906904,-3.4851028371271444,2.730483110457671
2460336.5067351367,-1.672377435753531,2.73037913487051
2460336.513679584,3.1815812188358445,2.7315183850972287
2460336.520624031,-1.5419592525721,2.730289855214082
2460336.527568478,2.082365110030115,2.7309086831428684
2460336.534512926,-0.8230941382532375,2.731040326931875
2460336.541457373,1.7237890363570076,2.7308312351423574
2460336.548401821,-1.1117722460671158,2.7313115112243262
2460336.5553462687,-0.3947507894351472,2.730087818266093
2460336.5622907165,-4.822332481745308,2.7295883527076206
2460336.569235164,4.679271681266721,2.7324327578726932
2460336.576179612,-2.0828573960451493,2.730440350014074
2460336.5831240597,-2.9204846219430953,2.7309194424468135
2460336.590068508,-1.1449765735117092,2.7313318194042786
2460336.597012956,-1.6923189129568912,2.7329318752929144
2460336.603957404,2.25950551851549,2.731998898027246
2460336.6109018526,3.8622904635106945,2.733836196872837
2460336.6178463013,-0.12769435585945388,2.7309156613777663
2460336.6247907495,0.298058132166402,2.732114214614365
2460336.631735198,-1.3789060912139286,2.7321705822005136
2460336.638679647,0.22446475880282413,2.7310686561531536
2460336.645624096,0.6342095177001372,2.7301234457921644
2460336.6525685447,-1.537651192462703,2.731538076634361
2460336.659512994,2.479441991888185,2.732695258450397
2460336.666457443,2.048982161894464,2.731480304170471
2460336.673401892,1.25101412980156,2.731336916613609
2460336.6803463413,4.3810751659644245,2.732858370551161
2460336.687290791,-2.469619482941474,2.7305277357953535
2460336.6942352406,-0.4201559897809035,2.7301454180604394
2460336.70117969,2.9155169239922265,2.7304440499084612
2460336.70812414,-2.3895042607232746,2.7287079481302237
2460336.7150685894,-2.5993736087838224,2.7297587983587963
2460336.7220130395,-0.49226110916131516,2.728870255366203
2460336.7289574896,0.6768718873423438,2.7292437286448
2460336.735901939,-4.683960951023758,2.7313757860356147
2460336.7428463898,0.9197933709147446,2.731674371261658
2460336.74979084,-1.7236668729940827,2.729949308528548
2460336.75673529,-1.8701455123140098,2.7298744705787423
2460336.763679741,2.8590173169379485,2.7307557304312486
2460336.770624191,1.2774609275200948,2.7310366993364457
2460336.777568642,3.3254450635467356,2.731155263330684
2460336.784513092,-1.0607987749958885,2.7313576966331223
2460336.7914575436,1.347715003298084,2.7317565313017735
2460336.7984019946,-0.4912460501332572,2.7305666370805324
2460336.805346445,0.20882192415517986,2.7318551793469315
2460336.8122908967,0.8888128084449343,2.731083451333751
2460336.8192353477,-2.542261453909556,2.7308875887713313
2460336.826179799,0.501073580550687,2.732805311767829
2460336.8331242506,-4.212030848646418,2.731185007746575
2460336.840068702,0.31883411504643266,2.730477459865261
2460336.8470131536,-3.3357943380118362,2.7291999446743773
2460336.8539576055,-1.1382004901680605,2.7315070507228896
2460336.860902057,1.229792677150554,2.7329339351052706
2460336.867846509,-4.0072694805885964,2.7292902323520405
2460336.874790961,-0.7345900923744144,2.730276174759201
2460336.8817354133,-0.9450569412067857,2.728489267003432
2460336.8886798653,1.1971841105831875,2.730127644973656
2460336.895624317,1.8639983777449418,2.729652500688753
2460336.90256877,2.459774614415571,2.729706375783019
2460336.9095132225,0.8943135462816207,2.7296707064966177
2460336.916457675,4.707482593227159,2.729798764001203
2460336.923402128,-0.12297665108658817,2.727797464291493
2460336.93034658,-0.33395898593315954,2.7291412811289972
2460336.937291033,5.965608624852889,2.7306226682457777
2460336.9442354864,-0.6427508338230941,2.7299178590998476
2460336.95117994,3.360624423442635,2.7312152645159746
2460336.958124392,-0.6470221996539947,2.729326827902883
2460336.9650688455,-0.10499068309660198,2.728753885291983
2460336.972013299,2.2632043175988845,2.732479400894525
2460336.978957752,-2.1842535351605035,2.7297901644907205
2460336.9859022056,-2.1240935153387253,2.7286481688628137
2460336.99284666,-0.06275645738851598,2.7298204044126195
2460336.999791113,-4.789846905395722,2.7272004819136426
2460337.0067355675,-0.01743296113411441,2.7305236980293834
2460337.013680021,3.0843081009534044,2.730508644630611
2460337.020624475,2.7818878730445284,2.7320449515052108
2460337.027568929,-2.8353065125886685,2.730387207065363
2460337.034513383,1.170948608720345,2.7297312332869232
2460337.0414578374,-3.620381335013103,2.726589844524204
2460337.048402292,0.6831281748307814,2.731276280170736
2460337.0553467465,2.077766754060904,2.7295041572940337
2460337.0622912007,-3.5163255439000323,2.7281238136468082
2460337.069235656,-0.11935638941436366,2.7280433966416306
2460337.07618011,-0.9137795635276335,2.727444572738712
2460337.0831245654,-1.0744465233630796,2.728909279310392
2460337.09006902,-0.14974980782716085,2.72871849757861
2460337.0970134754,1.5592581699489758,2.7271749321828036
2460337.1039579306,-2.097534294659063,2.729068807428615
2460337.110902386,-2.663016909544217,2.7267717309856594
2460337.117846841,-0.9580722197834475,2.7271865090401275
2460337.1247912967,-2.4192647338606004,2.726312854077207
2460337.131735752,-1.4284240808560036,2.726677798787705
2460337.138680208,1.4445947334232951,2.729035790609181
2460337.1456246637,3.9254927985046333,2.730226491916357
2460337.1525691194,3.52304732100743,2.731078733370809
2460337.1595135755,-0.19902515219515493,2.729026171191953
2460337.1664580316,-1.9126816969098837,2.7279503875578346
2460337.1734024878,4.357295937613631,2.7306288024696275
2460337.180346944,1.775914706351041,2.727493997754529
2460337.1872914005,3.529215634659359,2.7318462289652334
2460337.1942358566,-3.4889674149569716,2.7274496786289695
2460337.2011803132,-4.863668455960264,2.727143664273701
2460337.20812477,1.2177314982736553,2.730127928734028
2460337.2150692265,-0.693945272231256,2.7291170609593554
2460337.2220136835,-3.2191560456432975,2.727651290628826
2460337.22895814,-1.276797110884028,2.72778633073899
2460337.235902597,-2.4299882567381186,2.729374679783012
2460337.2428470547,-2.9980301589395157,2.7283199336422324
2460337.249791512,-2.3215512935862543,2.727319771933541
2460337.256735969,2.7917464594890977,2.730720631288451
2460337.2636804264,3.5228209967693727,2.7317106337846924
2460337.270624884,1.5851451775579246,2.727136995177974
2460337.277569342,3.9666621074508037,2.7286272811625363
2460337.284513799,0.18034259043286616,2.7254583061367192
2460337.291458257,6.124732216051674,2.7295230504165744
2460337.298402715,5.1539011432760695,2.729865092811268
2460337.3053471725,-0.8650194956071555,2.7253692414639725
2460337.312291631,0.6522666282315055,2.7293240156958145
2460337.319236089,0.17274470235079376,2.725957101799919
2460337.3261805475,-0.7367519821168598,2.7273145248813253
2460337.333125006,1.3771769809812644,2.726744243213401
2460337.340069465,-1.7424130971650285,2.7268256721230855
2460337.347013923,-0.4028909068185349,2.7265507974736045
2460337.353958382,-1.7576349414079568,2.7262029816742874
2460337.3609028407,-5.565319944321841,2.724387290654876
2460337.3678472997,-2.6677433173966,2.727159238881638
2460337.3747917586,-2.3607265779950404,2.7247957513282564
2460337.3817362175,-1.6013458080805416,2.726742827641551
2460337.3886806765,-0.04260195824316959,2.725756577206662
2460337.395625136,0.024721877473156573,2.729190470853277
2460337.4025695953,-0.760443163762913,2.726429511203083
2460337.4095140547,3.394991892905171,2.72953250886423
2460337.416458514,-0.16778897657815328,2.726388298178829
2460337.423402974,-0.07191248147404483,2.7265333918989696
2460337.430347434,1.2916931238974567,2.7296755179648717
2460337.4372918936,-4.235255304433137,2.7262752107696997
2460337.4442363535,0.23085636472517757,2.7280053918790763
2460337.4511808134,-1.2925997896556984,2.7279209652904224
2460337.4581252737,6.841838310674798,2.729363456041462
2460337.465069734,3.180148452570471,2.7283077726309806
2460337.472014194,1.3091164871959393,2.7272631064251107
2460337.4789586547,-1.4943807384139076,2.7262246242957455
2460337.4859031155,-0.1907222170373637,2.7255023119103914
2460337.492847576,5.027428382479939,2.726640318581026
2460337.499792036,-2.298086163614812,2.7250800320521726
2460337.506736497,-5.855722782035501,2.723298968426161
2460337.5136809577,-0.4300679405522043,2.7243241601981203
2460337.5206254194,-0.7033980268373905,2.725209826030594
2460337.5275698802,0.05455376726388361,2.7240496072869678
2460337.5345143415,-2.369475274370583,2.7243725345692984
2460337.5414588028,-0.3311645645714265,2.7249847309308834
2460337.5484032645,-3.0433996377375494,2.726536685518011
2460337.555347726,2.1210396631567714,2.7273364078953883
2460337.562292187,3.6880670508537072,2.727831460785497
2460337.569236649,0.1083332523002814,2.726116767074176
2460337.576181111,5.268607573053971,2.7262277043913827
2460337.5831255727,1.8832318864900928,2.7263290045921305
2460337.5900700353,-0.18209933695197833,2.7268412524500296
2460337.597014497,-2.0857444438369486,2.726069235185204
2460337.603958959,-4.755968008361121,2.725829742287763
2460337.6109034214,-0.3095809181546594,2.726976356227233
2460337.617847884,-3.5986522447886733,2.72558053441823
2460337.6247923463,-0.1537800672114935,2.725230199910275
2460337.631736809,-1.6472700572190553,2.7236203243833166
2460337.6386812716,0.6737809370786325,2.7270022060490366
2460337.6456257347,0.06856182430670943,2.7249789794043746
2460337.6525701974,3.715670242865553,2.7258263106145946
2460337.65951466,1.0699942512713219,2.7265250824158866
2460337.6664591236,-3.3306721524723404,2.724941662993393
2460337.6734035867,4.1966774932584485,2.7264947075038193
2460337.68034805,3.9261933952757646,2.7259337544180515
2460337.687292513,1.521603260003849,2.7236118366669175
2460337.6942369766,-4.2183993732228,2.7209743821011565
2460337.70118144,0.9655853149243327,2.723609754218417
2460337.7081259037,-2.5592103097544103,2.7233125523164516
2460337.7150703673,1.1230509778562734,2.725274004457504
2460337.7220148314,-1.2102889177099403,2.7246652768983988
2460337.7289592954,4.0820184270386015,2.72570522007121
2460337.735903759,-1.8901823032784402,2.726630055594614
2460337.7428482235,-0.3370059249958688,2.724640670400278
2460337.7497926876,-0.09613789138720252,2.723621518207411
2460337.756737152,-1.5932518266843132,2.7242753849621657
2460337.763681616,1.7136781795711653,2.7241453834229485
2460337.7706260807,0.5506201314704249,2.7264425164780324
2460337.7775705457,0.6372400477346859,2.7256416544645674
2460337.78451501,-1.0798852934866654,2.725384408177401
2460337.791459475,-2.0760406721269913,2.7279917416951434
2460337.7984039397,0.07462406751662609,2.7259199799445253
2460337.805348405,-2.3891393994349786,2.7253973518473162
2460337.81229287,0.31135989701943645,2.726829591549024
2460337.819237335,0.0012390239296555805,2.7259620364413415
2460337.8261818006,0.45679366499313323,2.7248599560946523
2460337.833126266,-0.706806424074172,2.723035298943026
2460337.8400707315,0.7856090737346832,2.723960154794757
2460337.847015197,3.035411466192353,2.7280286417712833
2460337.8539596624,0.37932332666666846,2.7263286825795467
2460337.860904128,-2.3636958151627456,2.7231610295437947
2460337.867848594,0.2258295173383535,2.7242879958487785
2460337.8747930597,-0.6188815843663571,2.724443765744729
2460337.881737526,2.4353954990560895,2.725465079319411
2460337.8886819924,4.260723224762786,2.7258770102892704
2460337.895626458,-2.5942418691054305,2.7226156715614955
2460337.9025709247,-4.67246062306547,2.7223973002824255
2460337.9095153906,-0.8001107177317168,2.7235244698196968
2460337.916459857,2.3952989666003885,2.724517758514443
2460337.9234043243,-2.788291151332821,2.7226588923080945
2460337.9303487907,-3.0822035482751198,2.7229524377558936
2460337.9372932576,2.8553385255387473,2.7246698975492785
2460337.9442377244,4.215220186252754,2.7252344293475836
2460337.951182192,-2.1233455690199747,2.7216154647391253
2460337.958126661,-0.5921597103308085,2.723923389784321
2460337.965071128,-1.6744789518549337,2.7235516427506195
2460337.9720155955,-2.2053471108369553,2.7226642824054035
2460337.9789600624,4.1789792062411255,2.7256826174874433
2460337.98590453,2.2286542486863277,2.726028303083059
2460337.992848998,0.06626372213144305,2.724724834476143
2460337.999793465,0.2878911400614155,2.724178288925307
2460338.006737933,-2.658979184552648,2.7249318897055432
2460338.013682401,-1.6909638582937303,2.726097620936457
2460338.0206268686,0.5765490226821082,2.724857099115859
2460338.0275713364,1.920457341399217,2.7265001898193844
2460338.0345158046,3.2250144005960184,2.7265968293848233
2460338.041460273,2.4988525590742325,2.729127871053226
2460338.048404741,2.2196097020265646,2.7247895034908183
2460338.0553492093,0.5695081598724483,2.7252890194669637
2460338.062293678,-5.88779717274081,2.7225433597260906
2460338.0692381463,3.6153369750987197,2.7255021712194973
2460338.076182615,-3.2327445505704793,2.723786618629393
2460338.0831270833,-2.307389889390206,2.7228809204270514
2460338.0900715524,-0.4439900726034127,2.722840733485563
2460338.097016021,2.330052623433766,2.7262801632230116
2460338.10396049,-5.071064737030861,2.722948626547236
2460338.1109049595,1.0592141873158458,2.723955358006819
2460338.117849428,4.533182128971468,2.725768109842068
2460338.124793898,-2.7561972526760212,2.724116101049282
2460338.1317383666,-4.148874220268237,2.723054247216357
2460338.138682836,-4.779355134931606,2.722329340179254
2460338.1456273063,2.404294351948537,2.7263364679451443
2460338.1525717755,1.6109213813568717,2.725450538115325
2460338.159516245,-1.7014546645433577,2.7261693368708464
2460338.166460715,-1.2872464171735214,2.7257680053711475
2460338.173405185,1.607848071861257,2.7259016809856846
2460338.180349655,2.3593267996560363,2.727497755381363
2460338.187294124,2.519730386640231,2.725637928301969
2460338.1942385943,-2.158920087360708,2.725739040408435
2460338.2011830653,-1.0614814536358717,2.725859467857011
2460338.2081275354,0.7871621284238706,2.72761225332655
2460338.2150720055,3.4319480780918874,2.72908122352092
2460338.2220164756,3.490230934571741,2.7263432617135184
2460338.2289609467,0.2713715381211357,2.725212803701051
2460338.235905417,-2.6296110768450527,2.7247663013225654
2460338.242849888,1.5437247972651273,2.725838728041222
2460338.2497943584,-2.2627435910881113,2.7247047469792203
2460338.2567388294,0.16442121136258192,2.7245475628288367
2460338.2636833,2.3629290220993324,2.7269855308671076
2460338.270627771,0.12564402410007613,2.724479476023916
2460338.2775722425,1.829177421409877,2.7255074166290214
2460338.2845167136,-2.134308680331957,2.726218117916869
2460338.2914611846,-4.528963510673249,2.723350816645698
2460338.298405656,5.438547869019228,2.7265987168303325
2460338.305350127,2.072655892232587,2.7232763132337507
2460338.312294599,-2.851998708591093,2.7245108298286635
2460338.3192390706,-0.554927708952063,2.723752800686443
2460338.326183542,-0.003100800553902605,2.725681271004129
2460338.333128014,1.254770878821069,2.724641305964021
2460338.340072486,1.314235926973293,2.7284271665437476
2460338.347016958,-3.4589080196096944,2.722826199851253
2460338.35396143,-0.5731933273962719,2.7251396801459844
2460338.360905902,-1.6444532088074693,2.724729656238243
2460338.367850374,-2.046731933764134,2.726777248305894
2460338.374794846,-3.6790175128640743,2.7239893834721847
2460338.3817393184,5.24265337156282,2.7271238724045808
2460338.388683791,0.5325293961983102,2.724474490356309
2460338.395628263,-0.5225421797203924,2.7266470095438162
2460338.4025727357,3.120080828633913,2.7283520370691083
2460338.4095172086,1.1736000186271727,2.7266461868465264
2460338.4164616806,-0.4622168350784719,2.726484382461009
2460338.423406154,-2.569883585051382,2.7240645466300397
2460338.4303506264,-0.8924716790174974,2.7260490966217596
2460338.4372950997,1.890476914944807,2.7255572913017647
2460338.444239572,-2.904666504282287,2.7251197903947655
2460338.4511840455,-0.667682056649637,2.7286668525098823
2460338.4581285184,-4.011750571909569,2.724717787243937
2460338.465072992,-2.3298971751779325,2.722490652088878
2460338.472017465,3.3477175270323984,2.7249616779626575
2460338.478961938,5.736098684264114,2.726150420116951
2460338.4859064114,-1.3710173592715817,2.7234959552087488
2460338.4928508853,-0.7481025183000658,2.7227196107335723
2460338.4997953586,-3.867577863046221,2.7222392538677336
2460338.5067398325,2.725270353059219,2.724396716131418
2460338.513684306,2.817040165820332,2.7256851856603377
2460338.5206287797,3.952161062746749,2.7259963144412596
2460338.5275732535,-1.976322228028675,2.724268641125287
2460338.5345177273,0.9470523752254645,2.725099166971494
2460338.541462201,4.9864611631955365,2.7271922049844353
2460338.548406675,-2.510671272864163,2.7227074377949188
2460338.5553511493,-5.589641353770418,2.7218719570354266
2460338.562295623,0.49066379867345206,2.724231283200169
2460338.5692400974,3.794385076862132,2.725392784219032
2460338.5761845717,2.7711478876802738,2.726997319053393
2460338.583129046,-1.463013609826926,2.726112817715983
2460338.5900735203,-2.0776953627683543,2.72558862704584
2460338.597017995,-1.8824818035218742,2.7268930737061603
2460338.6039624694,-0.4609732703924774,2.726646483223433
2460338.6109069437,-0.6380004672979989,2.72504889420957
2460338.6178514184,-5.5315729417804835,2.723972811125345
2460338.624795893,-2.3465342243105267,2.7245100296236724
2460338.6317403675,3.06590404449783,2.726730610245783
2460338.6386848427,-0.09040676455524466,2.7272677057095236
2460338.6456293175,-1.2265458821213477,2.7245852210612718
2460338.6525737923,0.8908548766482666,2.724032829248259
2460338.6595182675,-0.3402543404219,2.7235618368139574
2460338.6664627423,-0.3796348440614482,2.724520067691134
2460338.6734072175,0.09972554544369139,2.7231743039743335
2460338.6803516927,0.5747297732193088,2.7244182307361413
2460338.6872961675,-3.5340112037634226,2.7223850090386197
2460338.6942406427,2.2499039847855324,2.725911185644111
2460338.701185118,-1.1799533862202272,2.7232668122375028
2460338.7081295936,2.0233123386828478,2.7255325917626583
2460338.7150740693,6.199107519804333,2.7248585207291574
2460338.722018544,1.5914584158462426,2.728362104245686
2460338.72896302,-0.6740223005579156,2.7243271660331634
2460338.7359074955,0.4010899967992879,2.724893924471889
2460338.7428519707,0.2126869161238203,2.7248002223056376
2460338.7497964464,1.4709508278102423,2.7254989143232446
2460338.756740922,3.1166812882482247,2.725034926070256
2460338.763685398,-1.8622099166395256,2.7232161352972866
2460338.7706298735,-0.2094469400026181,2.7229394599074155
2460338.7775743497,1.4890334849707896,2.726005527484883
2460338.7845188254,2.9867810044073413,2.7267538760491536
2460338.791463301,1.343804538596348,2.725399827080409
2460338.7984077767,-0.35013691683398473,2.726033696852127
2460338.8053522524,-1.3465587592128214,2.726223947159531
2460338.812296729,-0.9468122989342009,2.7240923648285142
2460338.8192412048,0.11125819228677392,2.725769736181921
2460338.826185681,-3.181352034447979,2.725218085767128
2460338.833130157,-2.4296782766055878,2.7248366221551774
2460338.840074633,-1.4882958482614477,2.7260070935361025
2460338.8470191094,-3.4816269404441904,2.724154664029618
2460338.8539635856,0.21815710990371068,2.7253056174081074
2460338.8609080617,-3.0971002935809686,2.7236969838721454
2460338.867852538,-2.721490675333707,2.7229375679494576
2460338.8747970145,-2.4230714325219536,2.724421003587769
2460338.8817414907,-2.411200730478612,2.724389005938029
2460338.8886859673,1.6264176519540277,2.726905950862687
2460338.8956304435,2.7738149345679175,2.725135763280296
2460338.9025749196,3.84548077402888,2.7246932956299603
2460338.9095193963,2.163883499065133,2.726766931589655
2460338.916463873,-1.5498818364505205,2.723664825809824
2460338.9234083495,-2.691552020165656,2.725230790826623
2460338.9303528257,5.659750929435432,2.7281561619120533
2460338.9372973023,-1.5289812935801537,2.7263901537858817
2460338.944241779,-0.8839085503942528,2.7245660771141136
2460338.9511862556,2.9789132563101095,2.7268413045124205
2460338.958130732,-0.010801963892455545,2.7247415468751277
2460338.965075209,0.16254303852455343,2.7237270124418065
2460338.9720196854,0.27772960263982993,2.7252154596363134
2460338.978964162,-2.4207232593275796,2.7267288792124833
2460338.9859086387,-1.299712108608022,2.7256619398246165
2460338.992853116,1.7194740222914415,2.728867840295876
2460338.9997975924,1.6542461605631127,2.7257769951525375
2460339.006742069,1.5507417826414898,2.7254575020438696
2460339.0136865457,-1.757362708745033,2.72594600755798
2460339.0206310223,1.8726551045900985,2.7256328328109993
2460339.0275754994,1.9289575985664948,2.7265157664561728
2460339.034519976,1.4241925205984685,2.7261882040587953
2460339.041464453,-4.339892696610409,2.7229161581574437
2460339.0484089297,0.7094008181513729,2.726145767507429
2460339.0553534064,-1.0054087849765212,2.7256154555310075
2460339.0622978834,-3.1302384561331253,2.7235180073672454
2460339.06924236,0.20900449259263265,2.726162792137829
2460339.076186837,-1.3986013020942198,2.7255675143695117
2460339.083131314,-2.6570729831560813,2.7229361099541873
2460339.0900757904,2.1135577030724066,2.724987644775567
2460339.0970202675,-2.6830638570918635,2.724070310961622
2460339.103964744,5.412984611387305,2.72537417721067
2460339.110909221,3.529253108367003,2.7248113268386156
2460339.117853698,-1.4715315708018932,2.723990113064986
2460339.124798175,-0.18084566329640794,2.724441929965099
2460339.1317426516,1.1242965489326622,2.7272831242810796
2460339.1386871287,-0.9852819955369986,2.7238724630636177
2460339.1456316053,-3.9887565289524707,2.724178802096828
2460339.152576082,1.656175188490781,2.725554484155769
2460339.159520559,0.40958853445935656,2.7244184300679657
2460339.1664650356,3.8909324162267023,2.725076968211038
2460339.1734095127,3.5954251355982345,2.726584903923366
2460339.1803539894,0.7942030121487904,2.726028050855902
2460339.187298466,1.2196894309072446,2.724697527365317
2460339.1942429426,0.011120541336825163,2.7270541702056508
2460339.2011874197,3.024688460031246,2.7280886648098295
2460339.2081318963,-3.1971411837141446,2.7239826054802823
2460339.215076373,-2.4714399771997355,2.7246871925855634
2460339.2220208496,0.8762986629997045,2.7260439553451654
2460339.228965326,0.328688307506954,2.7254096054423957
2460339.2359098033,-1.665506859818368,2.726773884963818
2460339.24285428,1.6001090175238741,2.7267075243195737
2460339.2497987566,-2.26168211839936,2.723650608329354
2460339.256743233,-4.589914724917277,2.7246825836332387
2460339.2636877093,0.11862724969277605,2.724392875369014
2460339.270632186,-0.470502077589547,2.7255148264096056
2460339.2775766626,4.540880866484633,2.7265388099946803
2460339.2845211388,0.4841013776826637,2.723242517352355
2460339.2914656154,-4.668599689380495,2.7234717519871126
2460339.298410092,-0.9794778536193074,2.7247772790946807
2460339.3053545686,-6.393913887785226,2.7222309421059587
2460339.312299045,-0.2674305731206239,2.7260587359745423
2460339.319243521,1.0566864788007888,2.7243339535674376
2460339.3261879976,0.7308439611733941,2.7248658144460087
2460339.3331324738,-0.7412756030630386,2.725722321687872
2460339.34007695,1.7170482417383424,2.725913522451373
2460339.347021426,1.932263235081388,2.7261675451769816
2460339.3539659022,4.932981171838158,2.726785719991781
2460339.3609103784,1.4595613523341298,2.7261563139368916
2460339.3678548546,-0.782911189729541,2.7250625753564477
2460339.3747993303,-5.001186848906167,2.7242367849249565
2460339.381743807,-2.506202264655199,2.7257443229389104
2460339.3886882826,-4.770531223775102,2.725535741747525
2460339.3956327583,-0.9984914684751987,2.7270489772569992
2460339.4025772344,2.9988414789425017,2.7295953824750785
2460339.4095217106,-4.915124965421116,2.724571352748862
2460339.4164661863,2.758137794615047,2.7277117314477874
2460339.423410662,-0.04059621398655433,2.729258853687655
2460339.4303551377,3.495918775501689,2.7270884432986997
2460339.437299613,4.822467608706023,2.7273691929500306
2460339.444244089,4.77660689122924,2.728253978576646
2460339.4511885643,-1.133838913632199,2.7254313325155057
2460339.45813304,2.498421616206465,2.7277855375598357
2460339.465077515,2.0426051059896855,2.7248421941294434
2460339.472021991,-4.021574221037895,2.724774260958855
2460339.4789664657,3.3059082063450913,2.725969698154808
2460339.4859109414,2.0135860071994403,2.725615142459503
2460339.4928554166,0.09434032260889591,2.725141369377185
2460339.499799892,-1.826694161162159,2.724747600889884
2460339.5067443666,-0.38646540604056545,2.7249287949287773
2460339.513688842,-1.4307698324018303,2.723854890441299
2460339.520633317,-2.2418457573508728,2.724214823989954
2460339.527577792,-2.1078814374785413,2.7254328647254495
2460339.5345222666,-2.312283466501583,2.7268910274156517
2460339.5414667414,2.818023606163403,2.726602118798698
2460339.548411216,2.530253836814286,2.7258724909798318
2460339.555355691,3.9488129848700595,2.726055829387858
2460339.5623001656,1.7120409318773413,2.725725042546926
2460339.785682982,-3.817059743356653,2.359271623359132
2460339.7937848098,-5.568419777718851,2.723970447826021
2460339.8007292333,-1.7643445340497994,2.7222494058783755
2460339.8076736573,0.515436564756659,2.7239519274180566
2460339.814618081,2.8658790058002706,2.7242555167097646
2460339.8215625044,-6.812663996722577,2.720381669443977
2460339.8285069284,0.03432682153420075,2.7217010873238614
2460339.835451352,-3.382488000950644,2.720342012698786
2460339.842395775,3.6906106295128245,2.7229519526548134
2460339.8493401986,6.778117841700643,2.724717757804853
2460339.856284622,2.3576680265189998,2.722619575083859
2460339.863229045,1.190967363221052,2.720508115904401
2460339.8701734683,-1.6531529562960667,2.7216338625296896
2460339.8771178913,1.8316255302800561,2.721520477427161
2460339.8840623144,6.209624546175132,2.721679630795012
2460339.891006738,1.8282815335409999,2.720401523638909
2460339.89795116,5.473076254722945,2.7219477696033536
2460339.904895583,-1.5639998294934498,2.7200712086820853
2460339.911840006,-6.91398937329942,2.7183849526491954
2460339.9187844284,1.449555424231076,2.721355574092197
2460339.925728851,-3.79334403874275,2.719796936000149
2460339.9326732736,3.5534016332164127,2.725222951190099
2460339.9396176958,-3.8713915646190706,2.7213123983975525
2460339.9465621184,-2.0906706642405557,2.722643854916827
2460339.953506541,-0.9564693884305935,2.7211579159034778
2460339.9604509627,-0.5615606815787828,2.7217669976468617
2460339.9673953853,-0.7172044697366655,2.7215223001377553
2460339.974339807,-5.542390026780355,2.7209718157473493
2460339.981284229,-0.6964312543858031,2.726063988441922
2460339.988228651,1.772663810757067,2.7270938762702635
2460339.995173073,0.7359914588353687,2.7236502068342126
2460340.0021174946,0.5468867037563063,2.723725595297932
2460340.0090619163,5.549151035239644,2.7240305082680885
2460340.016006338,-0.29004951496583575,2.722063551260312
2460340.0229507596,5.669408409702726,2.726058027355507
2460340.0298951813,-2.067118984994175,2.722811140617814
2460340.0368396025,-2.0214218408154774,2.7216573011332237
2460340.0437840237,2.0673976272437518,2.723137387745027
2460340.0507284454,4.2887025751050665,2.7229072695197165
2460340.057672866,0.7710462233883093,2.724892940664916
2460340.0646172874,1.8317077273083653,2.7224547873203035
2460340.0715617086,-3.332956693519144,2.721470851609817
2460340.0785061293,1.093828905782992,2.7235718530062787
2460340.08545055,-6.08659874760113,2.7193630920888077
2460340.092394971,0.7812687641740172,2.721657358628928
2460340.099339392,-3.1645553848588426,2.720299740758659
2460340.1062838123,-0.44691799812646815,2.7222527724315975
2460340.113228233,2.502743344668409,2.726374575364913
2460340.120172654,1.5738054330014062,2.7228184362078984
2460340.127117074,0.4444122050630795,2.7221186427887285
2460340.1340614944,-3.3798227289670417,2.720691939237344
2460340.1410059147,-0.5205289191205631,2.72473371352744
2460340.147950335,-0.3585901137922559,2.7218221271694674
2460340.154894755,-2.3807844214225593,2.722800249732691
2460340.1618391755,1.637311282071857,2.7230284768949393
2460340.1687835953,-2.4290631177466304,2.722298891754495
2460340.175728015,1.5390651710275454,2.7229704577931346
2460340.182672435,0.8583708179347149,2.7240632938217506
2460340.1896168552,-6.3947545047463885,2.720826818803731
2460340.1965612746,-4.026685768165305,2.7214757839509685
2460340.2035056944,3.222454867022837,2.7235173857612853
2460340.210450114,0.9251204813153422,2.7224057414896823
2460340.217394534,0.9526880248214655,2.72431296997806
2460340.224338953,2.2006350656459968,2.7233873202983165
2460340.2312833723,-2.0306756828089507,2.724969535419479
2460340.2382277916,-1.5944701357970992,2.721958064597487
2460340.2451722114,4.375343444197551,2.72458442117437
2460340.25211663,1.291531238737682,2.7237536091415415
2460340.259061049,-3.8417974860735473,2.7206022593596355
2460340.266005468,0.9591938112301097,2.7220497135289166
2460340.2729498874,-0.026210440115683742,2.721563666226045
2460340.279894306,3.2440900291870127,2.722816201353401
2460340.286838725,1.2935368423109672,2.7237594797536775
2460340.2937831436,-2.050157267225277,2.72068136432901
2460340.3007275625,6.530817790960264,2.7248346528787253
2460340.307671981,3.4629226474528716,2.7229603928511597
2460340.3146164003,1.185025586104508,2.7218591433523707
2460340.3215608182,-6.836527324052747,2.7197741540720557
2460340.3285052367,0.4213435013882022,2.722564956535763
2460340.335449655,2.294869034771781,2.7245127150766777
2460340.3423940735,-1.208493981212937,2.7229385284771532
2460340.349338492,-1.3729866250600762,2.7246544605542957
2460340.35628291,-3.0436050181763106,2.7226454781215037
2460340.3632273283,1.2030130523729867,2.7262406591062196
2460340.3701717462,1.3249498059083322,2.725154556319648
2460340.377116164,-2.8932744364256613,2.7241944729654897
2460340.384060582,-1.2985289228799757,2.726901554292924
2460340.391005,-1.515386752948828,2.724625865815083
2460340.397949418,-0.10749733535967465,2.723915234747281
2460340.404893836,-3.8347228170885135,2.723144573684958
2460340.411838254,0.5870455064444788,2.724622340737417
2460340.4187826714,-4.363717390023294,2.723328969768651
2460340.425727089,6.167637695145776,2.728401368256245
2460340.4326715064,2.035451477674687,2.724485666592813
2460340.439615924,-0.9231730368955049,2.72704651429772
2460340.446560342,0.6786379308171403,2.7240162256665776
2460340.453504759,-0.23094007635325786,2.726630012699427
2460340.4604491764,-4.66382054611684,2.721762867297773
2460340.467393594,-1.467698210359544,2.721800696394491
2460340.4743380104,3.3168719196751812,2.7243521287029417
2460340.481282428,4.799504480924837,2.7246894109606177
2460340.4882268454,3.5349611200810314,2.7250748921045704
2460340.495171262,-1.7085318518012738,2.7241461254435335
2460340.502115679,-2.114766351443714,2.721734556152778
2460340.509060096,1.7979497921232515,2.726584394229819
2460340.5160045126,2.300799328031723,2.725041714075564
2460340.52294893,-1.1137118047275816,2.7253387791729544
2460340.5298933466,0.7916143148001252,2.725100715257566
2460340.5368377636,-3.7751431197373595,2.7250748518702395
2460340.54378218,-1.6887768732493762,2.7260440712401235
2460340.5507265967,2.7577081438385758,2.728013059916653
2460340.5576710138,0.9968246160249166,2.727991520271067
2460340.5646154303,-1.7271664149166681,2.72605975585304
2460340.571559847,0.02671054094473302,2.7270955759305266
2460340.578504263,-1.0011376778926184,2.727262095392204
2460340.58544868,0.5728095175191297,2.7272294383193505
2460340.592393096,-3.1945628588682613,2.725379370580678
2460340.599337512,-0.9669432201444539,2.7264346746209647
2460340.6062819287,-3.055222270590329,2.725815703477872
2460340.613226345,-0.30051991983712845,2.726312655235269
2460340.6201707614,1.6370382649383013,2.7296123156649084
2460340.6271151775,-3.1370193900343106,2.727595490279328
2460340.6340595935,1.7647036479396743,2.7269602770565817
2460340.6410040096,1.898855209068135,2.727558130789323
2460340.6479484257,3.137926936021629,2.7314179401042207
2460340.654892842,3.630011326365341,2.7363545850689905
2460340.661837258,1.2294954558108186,2.75396460069153
2460340.6687816735,-1.501099133579138,2.773911146052544
2460340.675726089,0.4198124561453578,2.7998545311118455
2460340.6826705053,2.751172748993052,2.8288579524126134
2460340.6896149213,3.406053526974586,2.8655240634911743
2460340.696559337,4.9498075359530675,2.9091787079252662
2460340.7035037526,-5.611207941442661,2.9557835959844954
2460340.710448168,0.5817984990437077,3.0234055394688686
2460340.717392584,-2.3325551797248467,3.0975726288635204
2460340.724337,2.9078634799419554,3.185708381468693
2460340.731281415,0.9324066504103774,3.278769394173549
2460340.7382258307,-3.3903777032152944,3.3786754351794825
2460340.7451702463,-1.5817238653280867,3.4900452569288145
2460340.7521146615,-0.6551789090358586,3.6060821405656323
2460340.7590590776,-0.30770695551777805,3.725139828898365
2460340.7660034928,-7.4048392252300275,3.84214131611078
2460340.772947908,0.7078696281852079,3.958675832962123
2460340.7798923235,0.11605512989785494,4.0737121931381575
2460340.786836739,7.8545024837104895,4.190034852413581
2460340.7937811543,-2.876580773555859,4.30059072121099
2460340.8007255695,-1.9918655213441585,4.410921545974955
2460340.8076699846,-1.4831288432190157,4.518472806264396
2460340.8146144,-0.6788929693578885,4.6211613833034635
2460340.8215588154,-3.051413723816329,4.71864731541096
2460340.82850323,-2.338625950888242,4.810356037442724
2460340.8354476453,2.489579613357397,4.898607093977391
2460340.8423920604,5.109026025509916,4.982748826872942
2460340.8493364756,1.142169312496673,5.060733396771041
2460340.8562808908,-1.2077724381802204,5.135879667145968
2460340.863225306,2.7533083544606334,5.2107003463712465
2460340.870169721,2.5305267003305945,5.284496943416209
2460340.877114136,3.8002148758635754,5.353496509988648
2460340.884058551,1.473404919902113,5.418839907461205
2460340.8910029656,4.210141686417421,5.485038732986804
2460340.897947381,-5.7225249531982225,5.543953864316795
2460340.9187806253,-8.772192625515348,5.708734397755111
2460340.92572504,2.095247729624541,5.760140102796396
2460340.932669455,-3.4444753071403467,5.808538805528726
2460340.9465582846,0.01555742930494497,5.8945538572589085
2460340.9535026993,5.017020332899058,5.934604269645024
2460340.960447114,1.705428942932261,5.9674828793225485
2460340.9673915287,-3.984977529951634,5.998490962316239
2460340.9743359433,3.232973752375829,6.026852712647667
2460340.981280358,-0.7964015647325753,6.050150231671292
2460340.9882247727,3.2570867544115325,6.074676494048842
2460340.9951691874,-6.058568745853515,6.095428012917804
2460341.0021136017,-2.60249951668965,6.11767686870376
2460341.009058017,-7.29066913274844,6.1420388049401895
2460341.0160024315,5.795316066641006,6.165907184570577
2460341.022946846,-2.6951799339378013,6.191637161758146
2460341.0298912604,4.266441222138717,6.221612797596318
2460341.036835675,6.469108716188013,6.247764529958818
2460341.04378009,-4.1836801438648035,6.269019975932463
2460341.057668919,-6.99310212774908,6.324425002447838
2460341.0646133334,6.624613308617484,6.354875317076952
2460341.0715577477,0.9315227571895579,6.382435957668839
2460341.078502163,7.540484135753081,6.414880424350876
2460341.085446577,0.6311846819652809,6.447356576745253
2460341.0923909913,-0.2758764641781979,6.480062666066736
2460341.1062798207,8.763511558379559,6.545355695093119
2460341.120168649,1.98670033466108,6.605854002635223
2460341.1271130634,1.4195369730032377,6.635320102855637
2460341.1340574785,-8.129812067552555,6.66193156882921
2460341.1410018927,2.2936395512854393,6.690836132917707
2460341.147946307,-8.124282785003398,6.716373561649558
2460341.1548907217,-3.545713626744738,6.743345476663161
2460341.161835136,-4.17803279346135,6.769551519054985
2460341.1687795506,-4.872995191974104,6.793381101632175
2460341.175723965,-7.041751572329517,6.816790564682371
2460341.182668379,4.82202225512711,6.8373906051644395
2460341.196557208,1.3139654652523616,6.867754852646065
2460341.210446037,5.948573609590253,6.884997729361671
2460341.2243348653,2.416125844504185,6.890204105020874
2460341.23127928,2.0473345625370607,6.888921527701901
2460341.2382236947,-0.8234493592470551,6.888224972474507
2460341.245168109,1.0170370579015282,6.887029576187683
2460341.2590569374,-7.731459689223751,6.878695421426393
2460341.2660013526,-5.3790781464167665,6.871302298739283
2460341.272945767,5.540274090669412,6.861290105437803
2460341.2868345953,7.322268279660298,6.834210400020575
2460341.29377901,7.237403859925984,6.814151359603543
2460341.300723424,7.480573541073731,6.791921447696315
2460341.307667839,-7.033052984309812,6.771473581306913
2460341.314612253,-4.002177095454093,6.7540525366192705
2460341.3285010816,0.4373517821818275,6.722118374809789
2460341.3354454967,-6.011607778043125,6.709146816005004
2460341.342389911,1.1968584870620624,6.698432117762638
2460341.349334325,-5.943592708860009,6.689660910854967
2460341.35627874,1.2706318320955408,6.68219670738026
2460341.3632231546,-0.2407773093877581,6.6746380520411135
2460341.370167569,-0.403496364243598,6.668645223499617
2460341.3771119816,-5.8650426606944475,6.663494104581358
2460341.3840563954,1.6358813652522302,6.660439330481897
2460341.3910008096,-0.8480794731684926,6.657371580266427
2460341.404889639,-2.409241582974917,6.652498004287517
2460341.4118340537,4.926065844672325,6.652034460298669
2460341.418778468,3.316959382740155,6.649643328090268
2460341.432667297,4.746456905909899,6.650424339489999
2460341.439611712,2.220312547474264,6.651061975952904
2460341.4465561262,-3.388274065970052,6.650744940504428
2460341.4535005414,8.433863153429954,6.655338336262576
2460341.4604449556,0.21817364734411804,6.65531154127324
2460341.46738937,-3.669210003850873,6.654037492236093
2460341.474333785,-1.5942429466042913,6.654519023210855
2460341.4812781997,0.4862734763732437,6.655086677231613
2460341.4882226144,5.72890265178451,6.654693067529538
2460341.4951670286,0.4445801312825197,6.652728829322096
2460341.502111444,-7.081054674735364,6.650346359939722
2460341.509055858,-2.273431612087246,6.64412299804239
2460341.5229446874,1.2914728507750028,6.626525633797471
2460341.5298891026,-2.546631894924149,6.6171640135036505
2460341.5368335173,-1.3799717683210577,6.608322937700579
2460341.543777932,0.3565433439107064,6.600299954253461
2460341.5507223466,-0.6786443619289348,6.5883424853456285
2460341.5576667613,-5.865022835728974,6.57548995531382
2460341.5646111765,-0.21895199220854655,6.561596976881916
2460341.5715555907,-5.818639039703843,6.5475888282123265
2460341.578500006,7.724736869499967,6.535125314855545
2460341.5923888357,-1.549274587586539,6.500205448767929
2460341.599333251,2.7100889994277613,6.485002221234037
2460341.6062776656,-2.422027545349994,6.467276238481997
2460341.6132220807,0.21082230023549853,6.45254813328476
2460341.6201664954,-8.987696906774119,6.435991761411054
2460341.6271109106,7.932147686114587,6.422751527052861
2460341.6340553253,4.5304989807628715,6.4028535845512815
2460341.6409997405,7.532514319513851,6.387936922471657
2460341.6479441556,0.7309549482939821,6.37270610704289
2460341.654888571,-4.377458051368946,6.353968641122266
2460341.661832986,1.0164154684216289,6.337940025728109
2460341.6687774006,7.780611657453534,6.322928127600761
2460341.6757218163,-4.675016648713283,6.306968155167816
2460341.6896106466,-3.6509634959679333,6.272414287581686
2460341.6965550617,2.305510653805455,6.256696936955486
2460341.703499477,0.11041667870881255,6.241453585565977
2460341.717388307,-3.092554078183697,6.2088896412597
2460341.724332723,-4.442068157270581,6.192562690427951
2460341.731277138,-8.605796101423266,6.175367271251807
2460341.738221553,-2.5534545248199803,6.16023842126114
2460341.745165969,2.8479783843225475,6.141842483152999
2460341.752110384,-0.8920465083396654,6.123614027273775
2460341.7590547996,4.567221857016127,6.1076088822352155
2460341.765999215,0.7551609272309565,6.089863882295329
2460341.7729436303,-5.011735439932874,6.074330403190384
2460341.7868324616,4.019183762577107,6.042938034950879
2460341.7937768768,8.866982689831099,6.027535802509317
2460341.800721293,7.832635086844588,6.013999606348424
2460341.807665708,-4.949622220777883,5.997672341026695
2460341.8146101236,2.262226434546388,5.983069410444229
2460341.8215545393,-6.11342457643131,5.966502023358758
2460341.8284989554,-7.169145959926331,5.951222939055829
2460341.8354433705,7.585775045282583,5.940282520321493
2460341.842387786,2.9410128782937934,5.925465405624497
2460341.856276618,3.976645323332154,5.89533801126101
2460341.863221034,8.0352764358754,5.88209617668094
2460341.87016545,0.3174157781686935,5.866360746620607
2460341.8840542813,1.113499998097148,5.838538490023729
2460341.8909986974,-0.5966464255561013,5.8238068985999725
2460341.8979431135,-3.6165122731567547,5.810859526957514
2460341.911831945,1.1665633036909129,5.779441911022508
2460341.9187763613,1.6509779885455356,5.763307206517833
2460341.9257207774,-8.106014637627169,5.748087300211161
2460341.9326651935,-3.2710623665071727,5.731721425163783
2460341.9396096095,-6.750957859936646,5.715889960274654
2460341.946554026,1.0054654754389845,5.701148482978269
2460341.953498442,-8.105848755982827,5.682104609673202
2460341.9604428583,3.326108745182064,5.66968186541149
2460341.9673872744,0.8633654883008668,5.653523017713247
2460341.9743316905,1.6029319730697522,5.639489365112628
2460341.9812761075,4.289701679402166,5.6229008497877935
2460341.9882205236,0.013576385091723875,5.605502908745312
2460341.9951649397,1.5121789894379165,5.587784850634016
2460342.002109356,0.6236613671743132,5.571054100613037
2460342.009053773,0.07110134051998673,5.5525099936359545
2460342.015998189,8.836024718667467,5.533529432900083
2460342.022942606,2.873657775287044,5.5133339745464705
2460342.0298870225,0.018104674730699044,5.495092202303817
2460342.036831439,-6.4054358791879045,5.473716386721844
2460342.043775855,6.6129794299499185,5.456827962851425
2460342.0507202726,8.681754623595394,5.437378125374889
2460342.057664689,1.2278752280798395,5.4185280683967045
2460342.0646091057,0.5943845628671682,5.399978285635567
2460342.0715535227,0.7871875184221842,5.380475148443426
2460342.0854423563,-4.701230328817705,5.346548874921413
2460342.092386773,1.9181659994622877,5.329761640792012
2460342.09933119,-5.324468133764918,5.31093394825535
2460342.1132200235,-5.581403452112002,5.276396761955428
2460342.120164441,4.7870477259243565,5.262327213527179
2460342.134053275,-8.843803280323803,5.229405999979922
2460342.140997692,1.465035901934792,5.214619470790263
2460342.1479421095,1.77214565235616,5.202278581750119
2460342.1548865265,3.2452108001879703,5.18765615609385
2460342.1618309435,5.182324861759471,5.170871850457298
2460342.168775361,-6.413218095316055,5.153784062587503
2460342.1757197785,-2.5309308352955795,5.138535850424046
2460342.196553031,-2.3419942187135128,5.095188939408734
2460342.203497448,-2.6621663947545358,5.082773204043505
2460342.2104418655,5.181021577616463,5.073647175007877
2460342.217386283,-1.138678699288048,5.060736412200176
2460342.224330701,-1.4806400383131466,5.049143161854399
2460342.2312751184,4.768500749752464,5.039408417588149
2460342.238219536,-1.7381173870294497,5.026703579509778
2460342.2451639534,-1.078153066357681,5.016804229252316
2460342.2521083714,5.31096662167152,5.006277863288505
2460342.2590527893,-3.7853878221510526,4.986574834792338
2460342.265997207,2.406639427075191,4.971717167114806
2460342.2798860427,-0.9102746890448339,4.934856770998758
2460342.2868304607,0.07596635092563586,4.919026959153201
2460342.2937748786,0.7484818923932344,4.903717246008904
2460342.3007192966,-0.7529940511065483,4.886060271051071
2460342.307663715,6.249460967584041,4.86864260355043
2460342.314608133,2.190769713497517,4.84987960288304
2460342.321552551,-1.081084551627014,4.832581947319849
2460342.3284969693,-6.19129715620371,4.814614449236889
2460342.3354413877,-7.183323147467385,4.791685690202981
2460342.3423858057,-0.20002036192627992,4.77660915666845
2460342.349330224,-0.11417849745067543,4.756399311889391
2460342.356274642,-5.257305311100434,4.738318814154178
2460342.3632190605,1.630188928218474,4.721799577285524
2460342.3701634794,1.8523474427706628,4.70725708671655
2460342.3771078973,8.02475069109757,4.6946883613258334
2460342.384052316,-2.7318811586268974,4.678874790720851
2460342.3909967346,-1.5299214235798142,4.666923577480445
2460342.3979411535,0.7836596107898348,4.656269619934526
2460342.404885572,6.772637540163132,4.648931646082707
2460342.411829991,0.6031099075950839,4.6397282995180165
2460342.418774409,-9.373711776734003,4.631188483016195
2460342.4257188286,2.445038138225077,4.627537885277483
2460342.432663247,-8.064947349289419,4.620865649401386
2460342.439607666,6.920919065340072,4.620299873616517
2460342.4465520848,0.6238215120718289,4.619762204537216
2460342.453496504,-1.2716411383032216,4.613514052894517
2460342.4604409225,-4.338145966536718,4.612405383637324
2460342.467385342,3.3477772201298768,4.609536379005936
2460342.4743297608,-3.954374603300415,4.610677141046376
2460342.48127418,-0.8812568986790978,4.607370736942
2460342.4882185995,-3.6045180993375885,4.605777748949413
2460342.4951630183,-0.4710349737767556,4.603539421504853
2460342.5021074377,-2.7684622523626596,4.60262672548583
2460342.509051857,2.019940080410886,4.602638433351482
2460342.515996276,0.9466042430746127,4.5988467891646225
2460342.5229406958,5.834638275568827,4.596366708198347
2460342.529885115,-4.813834074722088,4.590628063132261
2460342.5368295345,0.436269550312138,4.586981720716955
2460342.5437739543,-1.8260565163925546,4.581436554374139
2460342.550718374,4.872082425194843,4.57909555605753
2460342.557662794,5.955610257828623,4.575524523881429
2460342.564607213,-4.4460908270295665,4.569955335676766
2460342.5715516326,-1.537746361535893,4.564575803534442
2460342.5784960524,-5.158027948368608,4.558039151500009
2460342.5854404722,-1.5560801828742359,4.5545985483242655
2460342.592384892,-0.2894987375925755,4.548985812000574
2460342.599329312,0.46579960312943336,4.541972065310138
2460342.6062737317,1.4976575130381222,4.535660133222084
2460342.6132181515,4.590658727198153,4.527337346298011
2460342.6201625722,-2.8988831779733024,4.521218380680508
2460342.627106992,7.908525447682235,4.514030371665032
2460342.6340514123,2.6076729710713904,4.5060349195761455
2460342.6409958326,-2.3221820124976214,4.5001507059968775
2460342.6479402524,-0.7703191963055991,4.493795941169281
2460342.654884673,6.74440757353697,4.489332484351247
2460342.661829093,4.55050692689978,4.482732374553501
2460342.6757179336,-2.402494073880093,4.468062625997205
2460342.6826623543,-7.244184594525047,4.462048743047242
2460342.689606775,2.000212454328448,4.455883055106843
2460342.6965511953,-2.73641761421456,4.44740761207425
2460342.703495616,-6.926593082286757,4.440257080773811
2460342.7104400364,-2.0537295582961894,4.432977069860928
2460342.7173844576,1.5131870432015886,4.426920640154904
2460342.724328878,-4.93571541240677,4.420015508061309
2460342.731273299,-1.8893439233183744,4.411470586696571
2460342.73821772,-5.563659128079344,4.4024214972060705
2460342.7451621406,0.4505781598756069,4.398430431593361
2460342.752106562,1.7606780687504195,4.391813634263864
2460342.7590509825,2.409988716902599,4.3835882103407355
2460342.7659954038,-3.9580606673517797,4.375033175339628
2460342.772939825,3.2817274873109286,4.367740398550679
2460342.7798842457,5.668258985858903,4.360204969432361
2460342.786828667,-3.3662086071929562,4.351948349010897
2460342.793773088,1.3168583180970146,4.345792287364271
2460342.80071751,1.8435047454242348,4.339386790705466
2460342.8076619306,-3.00307623886755,4.33067686417333
2460342.8146063522,-0.44006779688947406,4.326782455342212
2460342.8215507735,-3.194178335357422,4.322594603346246
2460342.828495195,-2.436746000775319,4.314558008962442
2460342.835439617,1.4898506702605046,4.312423102299097
2460342.842384038,-6.5505235940902775,4.305198238947785
2460342.8493284597,-4.692367900576456,4.300050198566711
2460342.856272882,1.0989172589493803,4.297063270113489
2460342.8632173035,4.897236325086572,4.293183064819245
2460342.870161725,1.3728645439178004,4.288178916759895
2460342.8771061474,0.4255712849148061,4.2821019452331255
2460342.8909949907,2.2771645751684186,4.27595897872906
2460342.8979394124,0.3674786888194461,4.270959123127309
2460342.904883835,2.429690930771645,4.268826074463877
2460342.911828257,-0.37234946631684784,4.263368122137663
2460342.9187726793,0.2839444925205383,4.257975737119555
2460342.925717101,-0.12687352434232957,4.2536673111009025
2460342.932661524,2.5727004940367486,4.250214538403449
2460342.939605946,-5.675454224847049,4.239827845104014
2460342.946550368,-2.29725521679885,4.234462148171622
2460342.953494791,6.204230883481854,4.2302102364149095
2460342.960439213,-4.128983856636229,4.221814078362578
2460342.9673836357,0.8813226108518561,4.213290495865994
2460342.9743280564,-3.8158267296088866,4.20580704982292
2460342.981272476,3.029827628693793,4.19984801506224
2460342.9882168984,0.06514306407026949,4.192476590345415
2460342.995161321,-6.377828693224874,4.1812739503015015
2460343.002105744,-3.452668347332712,4.174548444242775
2460343.0090501667,1.2383641329162693,4.165906153983107
2460343.01599459,2.3886441034745545,4.15893999782499
2460343.0229390124,-2.1901973884357977,4.149020996205531
2460343.0298834355,0.8079222382596241,4.141278553792867
2460343.0368278585,2.6878755318069816,4.133895108771998
2460343.043772282,1.3853896561364805,4.126381805368237
2460343.0507167047,-7.240726137672153,4.114357818993595
2460343.057661128,8.302114592477253,4.111081374482663
2460343.0646055513,-3.3329457922947863,4.094013507106307
2460343.0715499744,-1.8057606919023832,4.082230693674023
2460343.078494398,-1.232339484182512,4.0717824585897056
2460343.0854388215,4.54276873213162,4.061705818816579
2460343.092383245,-0.06614085931876756,4.0504874311472205
2460343.0993276685,2.1372172404139667,4.0418643697159595
2460343.106272092,3.6092336425684994,4.03534455015047
2460343.1132165156,-1.1343287061782654,4.024021929016965
2460343.120160939,-4.998103013187376,4.017329234260935
2460343.1271053627,-2.061909658629525,4.008970501257044
2460343.1340497867,5.604790691845178,4.006317795949076
2460343.1409942107,0.01596542508714771,3.995392812088349
2460343.1479386343,0.7886221418001118,3.9850942117521755
2460343.1548830583,-0.0051576332299259064,3.9777956400259455
2460343.1618274823,-3.049479873947279,3.970235914922336
2460343.1687719063,-3.873545236003415,3.96276647200944
2460343.1757163308,0.6009779588106232,3.9559806299255773
2460343.182660755,0.8915314023489853,3.94761511578765
2460343.189605179,0.8396387661741911,3.940104320973879
2460343.1965496032,1.0854302779280605,3.9306074006669838
2460343.2034940273,-2.905473819122058,3.9222657907669767
2460343.210438452,1.6446783934725673,3.9159985692849433
2460343.217382876,3.074720583978904,3.9078471200164873
2460343.224327301,-1.7558496714944025,3.9008991476873995
2460343.23821615,4.502167555641699,3.890357031514189
2460343.2451605746,2.3266476171278114,3.885080914869793
2460343.2521049995,5.3816526735755605,3.8826821408808807
2460343.2590494244,-2.211342263693128,3.8757111501949773
2460343.265993849,2.4802243697066997,3.870956886004692
2460343.272938274,-2.4217897815891076,3.8664765582108704
2460343.279882699,6.073620852778484,3.864116359284345
2460343.286827124,1.9962536482978814,3.859780604155002
2460343.2937715487,3.3065408069261575,3.851395935130047
2460343.3007159736,-1.1032950061394615,3.8439906079989634
2460343.307660399,-1.3928411351739927,3.8326061767459314
2460343.314604824,-0.8945158165456174,3.8224131014186598
2460343.3215492493,0.8543338951762585,3.8122835096531085
2460343.3284936748,-3.6532736212176538,3.7972510128578283
2460343.3354381,-5.418173584902551,3.7858702652385254
2460343.3423825256,0.8817938243684769,3.7757334211578417
2460343.349326951,-2.4457765777845326,3.7632125182182627
2460343.3562713764,-6.6870097365481564,3.7509142176192825
2460343.3632158022,-3.138133514760983,3.739972458835181
2460343.3701602276,1.8318932464612545,3.731401392821574
2460343.3771046535,2.250837356129938,3.722044492157979
2460343.384049079,1.6257158612699256,3.713595032945715
2460343.3909935053,3.274168501576816,3.7045009989805098
2460343.3979379307,-0.9697550974918465,3.695314813948414
2460343.404882357,-1.1525222990846353,3.6879381895643966
2460343.411826783,2.313318619468786,3.6834660626582356
2460343.4187712087,3.4702129728082576,3.679629186164199
2460343.425715635,1.261852152252087,3.673929312210061
2460343.432660061,-1.0227966055656053,3.669059596301523
2460343.4396044873,2.42105532186322,3.666647536230027
2460343.4465489136,2.3072590373126607,3.663396606321719
2460343.45349334,-4.856515688853933,3.659516897708095
2460343.4604377663,-1.8167695163865343,3.6574552161832865
2460343.4673821926,1.4890159768755535,3.6567516460634875
2460343.4743266194,1.029927389736676,3.6547622804325086
2460343.4812710457,0.4875417321593436,3.656985173494938
2460343.4882154725,-5.181481008196986,3.6556942195907087
2460343.495159899,-0.06847926175333852,3.657862169361373
2460343.5021043257,-0.3678073032111322,3.6575698950379016
2460343.5090487525,-3.7955456736169237,3.65986262295452
2460343.5159931793,4.31882785922227,3.658921569881493
2460343.5229376066,4.761258356976236,3.6588250272148746
2460343.529882033,-2.0919925252495046,3.6579271201754686
2460343.53682646,-3.3202346135847614,3.6522223078263534
2460343.5437708874,1.8626577582885984,3.651003756568299
2460343.5507153147,-1.9409880477729184,3.644919052491742
2460343.5576597415,7.494283156416799,3.6451483818117847
2460343.5646041688,0.6398098066908173,3.6396069503213333
2460343.571548596,0.2343233956011268,3.632787349084571
2460343.5784930233,-1.5709687197611455,3.6295550878133045
2460343.585437451,3.060808339920187,3.628244220477548
2460343.5923818783,7.341353136786971,3.625917770671873
2460343.5993263056,-1.8807969971044363,3.6189383761584852
2460343.6062707338,0.6712733572278187,3.6169866119350136
2460343.613215161,-2.605151085070162,3.6117621990586852
2460343.6201595888,-5.1257258862652515,3.6089823076799425
2460343.6271040165,0.9207705227127608,3.6076293630855845
2460343.6340484447,0.9101963261089796,3.604124548826667
2460343.6409928724,-0.29617759090300044,3.59835152580725
2460343.6479373,-3.2089430828628474,3.595143514272847
2460343.6548817283,-0.3271169684877133,3.592374914892646
2460343.6618261565,-4.294931341724924,3.588782339903735
2460343.6687705843,-3.8760404873186616,3.584910385492161
2460343.675715013,-2.5012172606280996,3.582898858085071
2460343.6826594407,2.489983840504419,3.581099313902071
2460343.689603869,1.2790825788445206,3.579064820323081
2460343.6965482975,0.7562502134438169,3.579026258364839
2460343.7034927257,-0.1031538431419865,3.5744135619402972
2460343.7104371544,-2.332738425232642,3.5676659721182484
2460343.717381583,0.9329914778273495,3.564125276461505
2460343.7243260113,3.611699119023315,3.5620629001176014
2460343.7312704404,-2.4725850726589256,3.555485096861352
2460343.738214869,0.8503948553692477,3.5551115386105194
2460343.7451592977,-0.8057078913411071,3.5496104946569678
2460343.7521037264,-3.9322528848084097,3.5457882692071663
2460343.7590481555,0.9694556533424139,3.541914231959458
2460343.765992584,-3.695093665462102,3.5374114847968805
2460343.7729370133,4.282601698467745,3.5340004731393293
2460343.7798814424,1.764650410705241,3.5305239841115363
2460343.7868258716,-1.7360691677678508,3.5239285771634496
2460343.7937703007,4.577791925544599,3.522260918807037
2460343.80071473,-3.5615581227898994,3.514171583642455
2460343.8076591594,1.9337284867598274,3.5112384761345576
2460343.8146035885,2.372776462752574,3.507892821614185
2460343.821548018,-1.5492178037252828,3.5030553354585408
2460343.8284924473,3.815441937288423,3.5009508168081154
2460343.835436877,-0.01303427094666021,3.4946921612611637
2460343.8423813065,0.95608499053139,3.490180098598693
2460343.8493257365,3.3976584265033334,3.4861262030065965
2460343.856270166,1.9380434631532921,3.4843419791901895
2460343.8632145957,3.9436797759394997,3.482872900994042
2460343.870159026,-6.857962292584248,3.4773115849229614
2460343.8771034554,-1.6665447728677072,3.4774490075655238
2460343.884047886,3.8277831552540817,3.478432616014293
2460343.8909923155,-0.31761964243322605,3.477584938061938
2460343.897936746,1.487360072927345,3.4737432779432376
2460343.9048811756,0.7628543689843634,3.473224990709053
2460343.911825606,-2.79669640243261,3.469416337836367
2460343.918770036,1.895331665430012,3.4697963846263633
2460343.9257144663,-4.582109735266404,3.4661031690846236
2460343.9326588972,-3.7784721424742242,3.467297929034931
2460343.9396033273,-2.4996894258730644,3.467295481413741
2460343.946547758,1.6911556878974783,3.4655982423021903
2460343.9534921884,-2.069816920592965,3.4615132284704555
2460343.9604366194,4.900258410802714,3.4622929978147794
2460343.9673810494,1.0074329128604638,3.457858081917324
2460343.9743254804,0.2634808754959663,3.4559291499417686
2460343.9812699114,-1.7340727112794991,3.4508449826456276
2460343.9882143424,4.6308289399260225,3.453652664120186
2460343.995158773,1.653665936581516,3.4485313182970443
2460344.002103204,-1.637830439831438,3.4451339628545536
2460344.0090476354,-2.360284273934198,3.441022427879965
2460344.0159920664,-0.957856225701851,3.4399112950175463
2460344.0229364973,1.8451748662216443,3.4393515116633715
2460344.0298809283,-1.1136801706901904,3.435538063978879
2460344.03682536,-4.670507124714529,3.431583655203158
2460344.0437697913,-0.8566921836087196,3.430484434242018
2460344.0507142222,-3.5404512308573013,3.426416741968975
2460344.057658654,5.029635831179048,3.426431474523391
2460344.064603085,-7.297729715584599,3.4180054880253703
2460344.071547517,2.023502454416766,3.4174190109527847
2460344.078491949,-2.267207984225614,3.4124197917531336
2460344.0854363805,-4.844446110483092,3.4076666830917492
2460344.0923808124,-2.8741619523488993,3.4029701243944372
2460344.099325244,2.1386697708402593,3.3997309117958934
2460344.1062696762,2.449405441767977,3.394882187198986
2460344.1132141077,3.2251354091006714,3.3896708302592633
2460344.12015854,2.8109477934511107,3.3874427982470885
2460344.127102972,6.547934442064674,3.3842454757287506
2460344.1340474044,-2.1835975021916987,3.3783232357347237
2460344.1409918363,2.60811774765042,3.3768917369054043
2460344.1479362682,0.9718515215170789,3.373043078043309
2460344.154880701,-1.4586642409042527,3.369290013053669
2460344.161825133,2.5128407192054545,3.368426685355558
2460344.168769566,-0.07631267804447539,3.366505473978125
2460344.1757139983,3.779022820158223,3.3648806452748694
2460344.1826584307,-2.5849272418265956,3.360057869440157
2460344.1896028635,-1.6512855822140633,3.3576215215561835
2460344.1965472964,1.3962098270406806,3.3547809681699974
2460344.203491729,-2.3111326598769155,3.3541092995062467
2460344.210436162,2.22313925099184,3.351473359910425
2460344.217380595,0.8371116393843556,3.3491835135337937
2460344.224325028,-1.365300478401473,3.3459804745953465
2460344.2312694606,-3.191653970179129,3.3440838901204213
2460344.2382138935,0.2142186577117875,3.3457241877912387
2460344.2451583273,-1.3540471473124231,3.342015239092109
2460344.25210276,-0.5336112855071624,3.3407715873663553
2460344.2590471935,2.3220029169382763,3.3408294638434923
2460344.265991627,-5.101466880398751,3.337544481804773
2460344.2729360596,2.8314065781438282,3.3395064065387774
2460344.2798804934,-1.892334832189944,3.338338702552407
2460344.2868249267,-1.2433609131150676,3.3373710722973695
2460344.29376936,6.758002521755203,3.3370462511200842
2460344.3007137943,3.3471574850289567,3.3370502237380166
2460344.3076582276,-1.694733799088913,3.3350747911373513
2460344.314602662,-0.5843645800086009,3.331714943604732
2460344.321547095,-3.483338881494289,3.3288051273314188
2460344.3284915294,-1.1465953185890547,3.3228466104900725
2460344.3354359632,6.231137130026816,3.3215685688859815
2460344.3423803975,1.5714186053998282,3.3142655955603497
2460344.3493248317,0.15443893988600976,3.3088483457144053
2460344.3562692655,-4.138853087362337,3.30180360511096
2460344.3632137,-2.944915418762289,3.2963915891947404
2460344.370158134,-3.1746219287143016,3.2886793085633705
2460344.3771025683,-2.136917937247218,3.2832484374921034
2460344.3840470025,-4.803015245170575,3.274960107710624
2460344.3909914372,5.823511450623712,3.2726061789471235
2460344.3979358715,0.778124280811463,3.266374806174568
2460344.404880306,4.508086961312548,3.2624282988286457
2460344.411824741,-4.341638422174369,3.255050872034006
2460344.4187691757,-1.4002585203526907,3.2510595021363264
2460344.4257136104,3.3572513898572645,3.2486195330039407
2460344.432658045,2.310428644456592,3.2454935367094233
2460344.43960248,5.836538084646652,3.2427181512368275
2460344.446546915,-3.3725805624264207,3.2390981614246717
2460344.45349135,-2.2170794306263653,3.2370690923236416
2460344.460435785,-3.3705418502444284,3.2352972306447803
2460344.46738022,1.2963902591234198,3.2354228602174024
2460344.4743246553,-3.751660827904079,3.2345747900296757
2460344.481269091,3.993243938322281,3.234418299617266
2460344.488213526,-3.1323974046648537,3.2355047609804886
2460344.4951579613,0.9601671231010498,3.2354285372962663
2460344.502102397,2.035411497859168,3.234216585376663
2460344.509046832,0.28021236461623095,3.2351213727209154
2460344.515991268,-1.9182389012278898,3.2335243784084167
2460344.5229357034,0.20222475721350042,3.2341327278473737
2460344.5298801395,0.43127504900632974,3.2348282965773936
2460344.5368245747,-2.6763862607536364,3.2350207721386632
2460344.543769011,7.246777446379477,3.2369781709333
2460344.5507134474,3.5244305432859635,3.235327806233048
2460344.557657883,4.819330312896444,3.236712160431687
2460344.5646023187,-7.283436341530301,3.234065339558951
2460344.5715467553,0.02498674591453165,3.2349952313653607
2460344.5784911863,5.025060600198793,3.2337349046665556
2460344.585435623,-2.8430616870073804,3.2317100886419445
2460344.5923800594,-2.5240112636615777,3.229981216692488
2460344.599324495,-0.07358505141364802,3.229531421791212
2460344.6062689316,-2.1158736238762823,3.2272335956046745
2460344.613213368,1.4991851924172859,3.2275776056449175
2460344.620157805,2.23121609314414,3.226381556037192
2460344.6271022414,-3.686651272965908,3.224957310371846
2460344.634046678,0.07052524252224002,3.225163074249643
2460344.6409911145,-3.761148148526118,3.2220807815581014
2460344.647935551,2.7434496890473143,3.2226823368792736
2460344.6548799886,3.0266065234520974,3.222069901854658
2460344.661824425,-3.426375322361826,3.220185466822198
2460344.6687688623,-1.816476993591313,3.2203443238355796
2460344.6757132993,-1.7779253474786971,3.2170198324968933
2460344.682657736,-2.0606416553694435,3.217627600536456
2460344.6896021734,0.6691626991172028,3.21804146207329
2460344.6965466104,3.390897345563977,3.2176479471850867
2460344.703491048,-4.586506879385766,3.214204943679759
2460344.7104354855,-6.956312298924422,3.213286985731551
2460344.7173799225,8.190593155404779,3.219156566257466
2460344.72432436,0.8368535767640778,3.214151433527372
2460344.7312687975,-1.5549758274135876,3.2120910441170305
2460344.7382132355,-1.865126061234232,3.211766672868406
2460344.7451576735,3.8236792410329006,3.213449220401585
2460344.752102111,-1.6659643601926701,3.2086276155505176
2460344.7590465485,-0.327316217477263,3.208586059164696
2460344.765990987,-3.345533545590401,3.2081192113719084
2460344.7729354245,3.118174906909282,3.206842633723301
2460344.7798798624,5.63102993085661,3.204517072547258
2460344.7868243004,-0.24770886041031326,3.201949576912417
2460344.793768739,1.0653646574582603,3.1987636503825616
2460344.8007131773,-1.1414139513342423,3.195773786758114
2460344.807657615,2.729981630662061,3.1935261107350077
2460344.8146020533,4.365100193535971,3.1910712909973107
2460344.8215464917,-2.389966421201195,3.18701826613955
2460344.82849093,1.686071007821364,3.1861457791179073
2460344.8354353686,-1.6950180337370953,3.1816464879675546
2460344.842379807,-0.7367859619406265,3.1781908658049596
2460344.8493242464,2.9252268860137884,3.177347982054639
2460344.856268685,-2.638075139985794,3.1757965687374283
2460344.8632131238,2.2201049681634513,3.171271981978879
2460344.8701575627,1.606308853644566,3.1687718496477886
2460344.877102001,-1.5352109441839663,3.1668272566111013
2460344.8840464405,-0.19846728362496702,3.166560445556557
2460344.8909908794,1.4523697497888923,3.1659964675083003
2460344.8979353183,-0.7749071745504611,3.16659285576881
2460344.904879758,-1.8994577863462836,3.1651379186833926
2460344.911824197,-1.9484523818412696,3.1649670036922557
2460344.9187686364,-3.077326144653434,3.165295235186047
2460344.925713076,-2.334658060000903,3.1649830181123693
2460344.932657515,-0.9790181620294671,3.168168452849963
2460344.9396019545,3.642917825403653,3.1683209883636985
2460344.9465463944,1.1482377691741772,3.1668607128720336
2460344.9534908338,0.6540354276002955,3.1665898702913675
2460344.9604352736,-0.09374661011594387,3.166536010177517
2460344.9673797134,0.20820381620049888,3.1681232662558956
2460344.9743241533,-4.619958744703996,3.1653591716477454
2460344.9812685926,-1.1137387862497774,3.1689390492805916
2460344.988213033,3.9363781737584915,3.1700395058787705
2460344.995157473,-2.99795202657654,3.1690577935751274
2460345.002101913,-2.713450356536151,3.1700785179267386
2460345.0090463534,1.861724684916509,3.170434250425693
2460345.0159907937,1.2241373594744727,3.8847754566956816
2460345.022935234,-4.4484645296156735,3.169656987194616
2460345.029879674,-2.7064335080802335,3.1696160104235367
2460345.0368241146,3.337539155876943,3.1736334337206675
2460345.043768555,2.3986688031566703,3.1714814781456035
2460345.0507129957,1.450814118763533,3.1707512194390013
2460345.057657436,0.8600412676568356,3.1712813058220664
2460345.0646018772,5.300791163828736,3.170562754814462
2460345.0715463175,-3.379184201210289,3.1669420770688146
2460345.0784907583,1.8618138175593102,3.1692354787490777
2460345.085435199,-1.129158389714756,3.1653145980664985
2460345.0923796403,1.8408946783492937,3.1616173492895476
2460345.099324081,-1.1847327561856755,3.157818183506247
2460345.1062685223,0.904000266267815,3.153899207591543
2460345.1132129636,-0.7094635027538136,3.1503397986891755
2460345.120157405,-3.703257194588528,3.1457267927345245
2460345.127101846,-2.0759510346072316,3.14392328391707
2460345.1340462877,-0.7907769017893709,3.1399856248610116
2460345.1409907285,0.6146006327973432,3.1366364087133007
2460345.14793517,3.533087268951774,3.1335535591663977
2460345.1548796115,-0.5863235402201603,3.129658857312746
2460345.161824053,0.19254100170618704,3.1273182722975146
2460345.168768495,-2.4708550294766316,3.1244469193589777
2460345.175712937,4.661885456376162,3.1243977144541124
2460345.1826573783,-3.6476218195949075,3.120450786754411
2460345.1896018204,0.09631593342762645,3.1199639300049498
2460345.196546262,5.560459048982557,3.1200374733531273
2460345.2034907043,-0.5287680507062167,3.117812464570853
2460345.2104351465,1.9589558233089759,3.1175418465641562
2460345.217379588,-0.6231720971584055,3.116656256286214
2460345.224324031,-0.6649135726160151,3.118130457551482
2460345.231268473,-1.7432758207827854,3.1155097707923205
2460345.238212915,8.044530736499471,3.1202668645825065
2460345.245157358,-0.7896159390543405,3.1165676435348213
2460345.2521018,-1.7060897708663876,3.1172556104982623
2460345.259046243,-1.0801514736450826,3.1180091941457975
2460345.265990685,-0.69844086811255,3.1195709219261794
2460345.272935128,-2.0521007649126504,3.1199868725998985
2460345.2798795705,-5.681118384942982,3.1206190674175125
2460345.2868240136,0.4800439556964644,3.122175912064607
2460345.293768456,-0.5283786339261154,3.122532604523837
2460345.3007128993,0.9066445990051515,3.1245246016782766
2460345.307657342,-2.10383167236937,3.1213573065392914
2460345.314601785,-5.255760799229262,3.1207774569106506
2460345.321546228,0.9932667069791555,3.121264083181568
2460345.3284906712,-0.015775671642250577,3.119378338596318
2460345.335435115,0.7988628081234375,3.1179142721470594
2460345.342379558,4.152640469033184,3.1164762152836065
2460345.3493240015,-2.1812770637873387,3.1134779470908485
2460345.356268445,-0.8668793398454593,3.10875727151733
2460345.3632128886,2.4815691765865493,3.1064781018918803
2460345.3701573317,2.617702381202223,3.100143857989167
2460345.3771017757,-0.3869414449978692,3.095135037585211
2460345.3840462193,6.735639827715879,3.092814532251875
2460345.390990663,-0.551431279930404,3.08531160860428
2460345.397935107,-1.9640622722096897,3.080115729852609
2460345.404879551,-0.00045248214467263903,3.0771569044612193
2460345.411823995,-0.11717603072450988,3.072381601990504
2460345.418768439,-1.3009354200189862,3.0698387822422575
2460345.425712883,-5.192096843261316,3.064999179323781
2460345.432657327,3.29534921552602,3.0650096182970317
2460345.4396017715,0.6549482713004613,3.0631331826412764
2460345.446546216,-0.27338280976203233,3.0608368871660723
2460345.45349066,-0.11306089004698539,3.061783401887388
2460345.460435105,2.227664386673746,3.0602759000087905
2460345.467379549,0.836204949658192,3.0617148884767946
2460345.474323994,0.10602216361545436,3.0623476304667907
2460345.481268438,-2.128214445726159,3.0612090532418805
2460345.4882128835,1.6540746553938623,3.064269556517672
2460345.495157328,0.6051155272956462,3.0665048869208316
2460345.502101773,-2.22413134505074,3.06867815606541
2460345.509046218,0.2546001669186756,3.0701551599585883
2460345.515990663,-3.808804464743071,3.0704106905648696
2460345.522935108,2.2896909267355268,3.0757484656302263
2460345.5298795532,-4.197730531242511,3.073601246823174
2460345.536823998,-5.292577783609763,3.073578032345471
2460345.5437684436,-0.049482241088129264,3.07562663671179
2460345.550712889,-0.02946583544196546,3.077378793147219
2460345.557657334,0.8075580374624982,3.0784652248974296
2460345.5646017794,2.3366987466705056,3.0799202546132958
2460345.5715462253,8.645593637986408,3.081097564441249
2460345.578490671,1.0042462689069942,3.08007329338967
2460345.5854351167,0.4648099601620175,3.0786261721323904
2460345.592379562,-1.297884937189348,3.0803642926801746
2460345.599324008,-1.8634425605412073,3.076291533682093
2460345.606268454,5.055827704472784,3.078782914255902
2460345.6132129,1.039005187833153,3.0762591119404274
2460345.6201573457,-2.6847073193426647,3.0738023066117375
2460345.6271017916,4.104909212247726,3.0780241885019364
2460345.634046238,-0.7902035899220243,3.0729697694320817
2460345.6409906843,-0.50767575182571,3.070825698678542
2460345.646777723,-1.503676322152507,3.761632992804894
2460345.654879577,-2.8670428073802228,3.0699675306031167
2460345.661824023,-0.3347797283321228,3.06970057250542
2460345.6687684697,1.8788541805041952,3.0725408622709165
2460345.6757129165,-5.181298604246793,3.0684663109363317
2460345.682657363,-5.747796475628618,3.0683248165105645
2460345.6896018093,1.2075755003951185,3.070376506204823
2460345.6965462565,0.004791649682394095,3.070229626333561
2460345.703490703,3.7318284857430966,3.0714786757586943
2460345.71043515,5.191930895819434,3.072059845119163
2460345.717379597,0.7438584993495622,3.071818138594626
2460345.724324044,0.425933781400301,3.0702239266824107
2460345.731268491,-2.7365325669290828,3.072269736976338
2460345.738212938,-2.7680484718147187,3.071156674337111
2460345.7451573852,4.598625920457659,3.0749488527917404
2460345.7509444244,-6.432182947510179,3.7598049943707834
2460345.7590462803,3.135726753981889,3.072665934068963
2460345.765990728,0.49854894924782656,3.072388771649333
2460345.772935175,-3.963973059724493,3.070199409339224
2460345.7798796226,-0.06956061968790861,3.0700893646269365
2460345.78682407,0.7097043257486138,3.7566247546981795
2460345.794925926,-7.6123318841193806,3.7494984208549877
2460345.8007129654,5.109787840491937,3.0638991352022207
2460345.8076574137,-2.1195871040944674,3.0598640635731886
2460345.8146018614,0.7762425709048293,3.056650836153782
2460345.821546309,-0.5191930754953007,3.054974048802958
2460345.828490757,-2.9137552652525582,3.049507551325662
2460345.8354352056,1.703831460424686,3.046697486883456
2460345.8423796534,4.863872707299013,3.0450801052264125
2460345.849324102,4.417194117535549,3.043391885493092
2460345.85626855,0.0075040206666270315,3.03840261701565
2460345.8632129985,-1.5871877413770643,3.0382957322079154
2460345.870157447,-0.669184022565505,3.034348873280772
2460345.8771018954,-0.05459424642385091,3.0316365881996785
2460345.884046344,-2.275298737505252,3.029808673411638
2460345.890990793,-0.7744125036041569,3.0300496223490594
2460345.8979352415,2.654276196856995,3.0289846405409757
2460345.90487969,-2.881914607119904,3.0277787212357836
2460345.911824139,-0.8136644453685374,3.0277106288874793
2460345.918768588,1.016498097025017,3.030147431358913
2460345.9257130367,-1.9361163306357445,3.0282336739893423
2460345.9326574863,-1.1561219104442018,3.0310277709979196
2460345.939601935,-3.598106274909074,3.0321349783174636
2460345.9465463846,-1.0409040414728552,3.0328226979638497
2460345.9534908333,2.5630807900569383,3.033958702802781
2460345.960435283,-2.087930996774025,3.033141677742801
2460345.9673797325,-1.376521889419895,3.03572779676095
2460345.9743241817,2.9391054303842385,3.035898009360098
2460345.9812686313,1.3307796521135031,3.0363238198615714
2460345.988213081,4.452876589433009,3.039445323391844
2460345.9951575305,3.479979556105766,3.0404285221620913
2460346.00210198,-2.4376628113172165,3.039709870269727
2460346.0090464302,-1.568674816323314,3.041054480191331
2460346.01599088,-3.852678568232304,3.0419232339075464
2460346.0229353295,-0.6805092796068883,3.0454492642833184
2460346.02987978,-3.2199516173668643,3.0437346011659687
2460346.03682423,5.694376886208906,3.0466379354135746
2460346.04376868,-3.1652910805114196,3.0425458700768484
2460346.05071313,-1.8522770429076183,3.0425677395658393
2460346.057657581,5.6860120801849074,3.0470749282104728
2460346.064602031,2.6300063076391154,3.0454483410605775
2460346.071546482,-0.0785500875885603,3.0435271789560367
2460346.078490932,2.598958649818404,3.042663363114709
2460346.0854353826,0.3185147480711581,3.042453885146747
2460346.092379833,1.1869183081495522,3.0404155003735074
2460346.099324284,3.4860330101396624,3.0393408434566145
2460346.1062687347,-1.495161101924114,3.0349218328279393
2460346.1132131857,-4.47914358752171,3.032671496140565
2460346.1201576367,0.7065799240349526,3.0298439834490143
2460346.1271020877,0.2734804302360272,3.029504756493464
2460346.1340465387,1.5589207624422707,3.0241103072633546
2460346.1409909897,-2.902333625925734,3.021318451430393
2460346.1479354408,3.0756038956228835,3.0173005436733646
2460346.1548798922,-1.5140683286862822,3.012676089437457
2460346.1618243437,-4.756725957338294,3.0097006046573207
2460346.1687687947,-6.968746300887238,3.0087391886289283
2460346.39214868,2.1874591269036596,3.6715404821872233
2460346.3979357244,0.4600038048618603,2.995713225403838
2460346.4048801786,-3.1889578856465493,2.9909511788010916
2460346.4118246324,2.233966596016209,2.99284760362818
2460346.4187690862,-1.6862106347870154,2.9888605244310313
2460346.4257135405,-1.9204786754576748,2.987457694341671
2460346.4326579943,-0.20984168612712706,2.986198145397429
2460346.439602448,4.341100333665734,2.9863791828194794
2460346.4465469024,5.95826479229845,2.9866082703527383
2460346.4534913567,4.572271954368304,2.9872079460571723
2460346.460435811,-0.0698426217979593,2.9873206329295647
2460346.4673802652,1.9361744471001634,2.988809042761664
2460346.47432472,-2.032259236559745,2.992876515229428
2460346.4812691743,3.9079823820970514,2.991850431645481
2460346.488213629,-1.532376419280193,2.991974516078636
2460346.4951580837,-0.7843294893861867,2.99422648770815
2460346.5021025385,2.1601209724868737,2.9972952269452886
2460346.509046993,4.994765296131428,2.9985850576855277
2460346.515991448,0.34910622186136586,2.998541063314258
2460346.522935903,-3.2246104745371187,3.001001000180923
2460346.529880358,-2.73558447482255,3.0004273808803403
2460346.536824813,0.25655784361273914,3.004244342164236
2460346.543769268,3.4379610696733867,3.004218373865689
2460346.5507137235,-3.017779812166364,3.004193399445637
2460346.5576581787,-3.382404608074116,3.0017413813608793
2460346.5646026344,-2.23874489438766,3.002550768014844
2460346.5715470896,-0.4632465962320711,3.00323940706825
2460346.578491545,0.303963268969359,3.0047443376909286
2460346.585436001,2.4702495069116654,3.0043503104876934
2460346.5923804566,-2.748895132530928,3.001706390036104
2460346.5993249123,-3.164018579694879,3.000448891255506
2460346.6062693675,0.5548686087084079,2.999338862612071
2460346.613213824,0.1067342926935822,2.998469923998181
2460346.62015828,3.188389160614578,2.998982008860182
2460346.627102736,-5.281496026631392,2.994089258241695
2460346.634047192,0.6638194685010497,2.9960100279710127
2460346.6409916477,-3.548692843100228,2.9945245734630386
2460346.6479361043,3.288989339425583,2.9939161318340095
2460346.6548805605,-2.287796457692869,2.9954531703679628
2460346.6618250166,-1.5188270049650652,2.9925436273534234
2460346.668769473,1.8590207349733325,2.994439298124552
2460346.6757139303,3.0437768001111136,2.9932063494207366
2460346.682658386,-3.525660286506504,2.9944407948955494
2460346.689602843,-0.5865612456607269,2.99452264315417
2460346.6965472996,-0.7406160647380438,2.991777624414036
2460346.7034917567,1.4231424701114652,2.994795567982507
2460346.7104362133,1.2448070800722282,2.993578912216643
2460346.7173806704,-0.9906799885851509,2.9925898635232087
2460346.7243251274,-1.042029274466801,2.993077960695898
2460346.7312695845,5.2664896459431745,2.995922379784171
2460346.7382140416,1.682155930597538,2.993481383431277
2460346.7451584986,3.1646536734207427,2.994160755751105
2460346.7521029557,0.7631174703609145,2.994793399354425
2460346.7590474132,2.6487888561090482,2.998534992152971
2460346.765991871,-1.8404118029362728,2.99279732776001
2460346.7729363283,-3.83593367828016,2.9914729627720966
2460346.779880786,1.4638294064725823,2.994020386022987
2460346.7868252434,-0.5036670772282408,2.9906601829555086
2460346.793769701,-2.0797182232118265,2.9892397048862023
2460346.800714159,2.493108709660777,2.9891944894091185
2460346.8076586165,-0.0810764376645935,2.9883265639625893
2460346.814603075,-3.1929876427373935,2.986750618538707
2460346.8215475325,-3.055217806013438,2.98120539440395
2460346.828491991,0.6941453242785398,2.980816013793671
2460346.835436449,-1.3184689591783108,2.976002920396233
2460346.842380907,4.206508490913818,2.975431180914484
2460346.849325366,-4.915018344388903,2.968964650202252
2460346.856269824,-0.12047995481979257,2.9681145894364587
2460346.8632142823,-0.9216009136696535,2.9652422332697093
2460346.870158741,0.4385063246685492,2.9646032755293223
2460346.8771031997,-1.1381155804867817,2.9625911216805574
2460346.8840476577,-0.17300335110969778,2.9601133615414668
2460346.8909921166,0.18801758537400617,2.958969826011053
2460346.8979365756,0.9307391400725031,2.95646887710905
2460346.904881034,-0.761804670587767,2.957046905603679
2460346.9118254934,3.7126805963724636,2.9561299823951948
2460346.9187699524,1.9206619246815226,2.9549856035394573
2460346.9257144113,0.7605466938050498,2.95513364840251
2460346.9326588702,-2.3257032694498365,2.9539331867978103
2460346.939603329,-7.339845630918349,2.95321115347368
2460346.946547789,-0.638371906990729,2.9587781380370433
2460346.953492248,3.238828943231282,2.9578138262016043
2460346.960436708,0.3641661372589704,2.956527430144806
2460346.9673811668,-0.002692304750529839,2.957430169823729
2460346.9743256266,4.324592620361285,2.9599558315772505
2460346.9812700865,-1.9805284677639987,2.9604833667433197
2460346.988214546,0.12936779760488748,2.9626971404974545
2460346.9951590057,-0.5673692871294598,2.965477285403104
2460347.0021034656,-0.12194264740245503,2.964548369030664
2460347.0090479255,5.203223890571049,2.968836986188572
2460347.0159923853,-3.2860862987379953,2.9674414186405875
2460347.0229368457,1.5609489132386682,2.972310533588972
2460347.0298813055,2.1114110404979423,2.9716303661096575
2460347.036825766,3.045403726002687,2.972387755309022
2460347.043770226,5.485694479220003,2.975380356391701
2460347.0507146865,-2.365297577450872,2.97177375947453
2460347.057659147,-3.7272418848895277,2.9701011029035325
2460347.0646036076,0.214582337521402,2.974272304355441
2460347.0715480684,-2.0564398278364626,2.9688537498830807
2460347.0784925283,-4.015977905173785,2.9710646546485293
2460347.085436989,-1.9248660755287923,2.9721517110566347
2460347.09238145,0.22238885763679717,2.9702091015118284
2460347.0993259107,-0.4941755565882124,2.970877646833532
2460347.1062703715,4.223877436361259,2.968064460301831
2460347.1132148323,-3.7963556146720485,2.9655683843596172
2460347.120159294,-2.404660371414526,2.964009956234962
2460347.127103755,0.612832292734129,2.962870627193919
2460347.1340482165,2.7981246526311323,2.9611113957624724
2460347.1409926773,-3.988013680073137,2.9561161733494283
2460347.147937139,3.6191691739713794,2.95715125603127
2460347.1548816003,0.2288251475526364,2.9559390159292853
2460347.1618260616,1.8978636586973439,2.952688387454476
2460347.1687705237,-4.60426447814742,2.9473183231217974
2460347.175714985,-1.4409144538838188,2.9477970738992307
2460347.182659447,2.5471116000798695,2.9447594868534
2460347.1896039085,0.6634256244550775,2.943211747931606
2460347.1965483706,2.486859982579202,2.9419030514617
2460347.2034928324,0.7367247237792146,2.9417651526768522
2460347.2104372946,0.44192333468140754,2.940082525559768
2460347.2173817568,3.0819516545562458,2.9402455225888295
2460347.2243262185,0.7972747507798528,2.9409456518968367
2460347.2312706807,1.8449626173787843,2.9418673998964127
2460347.2382151433,1.857107508464853,2.944076491274784
2460347.2451596055,-4.114089487207327,2.9431000837613186
2460347.252104068,-1.8834382022472194,2.947132689149523
2460347.259048531,1.9819021330230506,2.9492779034329737
2460347.265992993,-3.2870498415846967,2.9539626760131124
2460347.2729374557,-0.964035460314739,2.95401166504549
2460347.279881919,-1.4367147178891486,2.957372206752961
2460347.2868263815,0.1124863082228742,2.958777017965563
2460347.293770844,0.6725527396754061,2.9624573358568114
2460347.3007153072,1.9651815290162822,2.9627328725006534
2460347.3076597704,0.061084039983021254,2.9650264456646287
2460347.3146042335,-7.044223654464176,2.9632718895467165
2460347.3215486966,1.3715619213706147,2.967563065932558
2460347.3284931597,0.3819378716660191,2.968426545682833
2460347.3354376233,0.47159438838963696,2.966744331399322
2460347.3423820864,-2.1697511196459383,2.965103212427788
2460347.34932655,-1.7507018729258736,2.9649561562544107
2460347.3562710136,-0.03825375890087068,2.963189786766565
2460347.363215477,7.424037634509017,2.961700750914787
2460347.370159941,1.744684860456123,2.9571661493949595
2460347.377104405,0.42037917335038055,2.9543196804956504
2460347.3840488684,-1.6880723564776616,2.9516209645929483
2460347.3909933325,-3.374489702775452,2.949331402939562
2460347.3979377965,-4.43087277136993,2.9463493560428815
2460347.4048822606,0.9146293332829416,2.9480972624745188
2460347.411826724,5.494862998516243,2.947663884896155
2460347.4187711887,-6.580103540468313,2.941645296705486
2460347.4257156528,0.09577491489601364,2.9420003817895597
2460347.4326601173,1.9925346328436553,2.9414753344879685
2460347.439604582,1.5648705378528076,2.939067745527266
2460347.4465490463,0.4802556573964569,2.9390159515058
2460347.453493511,3.405571051549481,2.9383290863817284
2460347.4604379754,4.104524605070525,2.9419673562750646
2460347.4673824403,-0.0516425981653863,2.939387154838522
2460347.474326905,-2.6251699009033693,2.9414965665850166
2460347.48127137,-1.4593100180120429,2.94173922404014
2460347.4882158344,2.0453907903133572,2.9445559968702066
2460347.4951603,5.364740755705534,2.947585395835047
2460347.502104765,-1.9627977914311652,2.947347702822739
2460347.50904923,-5.794749410790374,2.9469623038364383
2460347.5159936952,-2.8961734451333876,2.9500008776202002
2460347.52293816,1.8913664155650842,2.953100301916381
2460347.5298826257,-3.5882108525293077,2.9524833821892
2460347.536827091,3.968845916817392,2.9549408981266567
2460347.543771557,-2.740117950736666,2.9571710965730422
2460347.5507160225,2.526229173607735,2.9586602520682947
2460347.557660488,0.5512016223634695,2.9572467527403012
2460347.564604954,2.29065508294379,2.955256550505402
2460347.5715494193,-1.364888393703668,2.9564592116963357
2460347.578493885,-0.9957192638613324,2.9566005564027233
2460347.5854383516,-1.1955976462732998,2.952581312615148
2460347.5923828175,-0.6231762067301484,2.9489140069226534
2460347.5993272834,3.5780594596023634,2.949801785341642
2460347.60627175,-0.06924221496744731,2.9460806590873383
2460347.6132162157,-1.7233327936238054,2.942641338514971
2460347.620160682,-2.0286567274274976,2.939783630251839
2460347.6271051485,3.939634734674523,2.9399626174139946
2460347.634049615,-3.4729039172521845,2.934731297146787
2460347.6409940817,-0.44160573403688375,2.9355402184929655
2460347.647938548,0.1638462111463741,2.9349729658102675
2460347.6548830145,-4.145950563096001,2.9326401778026283
2460347.661827482,0.9129698082808635,2.9320612822108476
2460347.6687719487,2.2176165213930608,2.931278282630768
2460347.6757164155,-3.28456651651564,2.931483369582199
2460347.6826608824,1.2395384369385958,2.93149373460766
2460347.6896053497,1.960654163849389,2.9319727005664444
2460347.6965498165,0.2646183659589352,2.9335196844949714
2460347.7034942843,2.3654723963490514,2.9311463187033833
2460347.710438751,0.6857725787238205,2.932152023088884
2460347.717383219,4.453530828748026,2.935773594530868
2460347.724327686,0.09936955762273358,2.934300730114057
2460347.7312721536,3.5867896261879877,2.935884028921865
2460347.7382166213,-5.3392624142101806,2.9332023705730097
2460347.7451610886,-0.8630712165880285,2.9336511062618036
2460347.7521055564,4.03190227660434,2.9361858731950297
2460347.7590500247,-5.9596816468822675,2.935405934464345
2460347.7659944925,1.1058633608965096,2.9344331945453166
2460347.77293896,-2.213030062976629,2.933816498425832
2460347.7798834285,0.42553308002990153,2.9356358921415815
2460347.7868278963,0.3764283216903328,2.933792249791951
2460347.7937723645,-3.130275579671468,2.932876432035712
2460347.8007168327,-1.7381959927460522,2.9311982086469883
2460347.807661301,0.7133680059634093,2.9327097246156413
2460347.8146057697,2.932905445160747,2.932165897733072
2460347.821550238,1.6624125332972821,2.92916541589117
2460347.8284947067,3.7858093729994375,2.9274076737378203
2460347.8354391754,-4.577097454573187,2.9229433240620426
2460347.8423836436,0.259973311415421,2.9197214779192464
2460347.849328113,-0.8219085111601045,2.91736080132065
2460347.8562725815,1.7838725290479869,2.915401609633591
2460347.86321705,5.1368800661522265,2.914158871420143
2460347.87016152,0.7268958240401713,2.9084553241377655
2460347.8771059886,-3.650650035858816,2.9056211093337025
2460347.884050458,-3.0566863520092236,2.9043571689924668
2460347.890994927,-1.0568039533390674,2.9036618760276105
2460347.8979393966,-2.8381464762408166,2.9038322943631276
2460347.9048838657,-0.5148910385608758,2.9004031094059157
2460347.911828335,-0.836146046199892,2.9000666386714755
2460347.918772805,2.7381988985858916,2.9004786896275427
2460347.925717274,-1.7772148382088715,2.8974531904119023
2460347.932661744,-0.9789146755148814,2.899021768203068
2460347.939606214,-1.5803252247312862,2.898858107908089
2460347.9465506836,0.5943982541945108,2.8978612833498834
2460347.9534951537,2.508535676272682,2.897566084235065
2460347.960439624,4.077987636610955,2.899790902773914
2460347.967384094,0.31119144821004663,2.8993518844871975
2460347.974328564,-4.212739142689067,2.898817848001354
2460347.981273034,-2.010579354668634,2.9003325658837062
2460347.988217504,-0.2843783738736495,2.9009276225400207
2460347.9951619743,2.962175390735852,2.9043737992472134
2460348.002106445,1.3766532007220191,2.903825363098722
2460348.0090509155,1.4248650913534182,2.9059757466399745
2460348.015995386,-1.5935816782432377,2.9041549954844226
2460348.0229398566,0.2873357829761103,2.906434594975894
2460348.029884327,4.336430766931777,2.9091427336574864
2460348.0368287982,1.559542659602537,2.9107692268574823
2460348.043773269,0.09520943366230306,2.9088467557351123
2460348.05071774,-3.3727893829433335,2.908099497582605
2460348.057662211,-1.3481960196639489,2.909007904893221
2460348.064606682,1.213284324708582,2.90649312027165
2460348.0715511534,2.7503001193759866,2.906957875268437
2460348.078495625,-2.4604833054703614,2.905308729830893
2460348.085440096,5.019103741954851,2.907931164295326
2460348.092384567,-1.19624181677052,2.9063061791566653
2460348.099329039,-4.2823341631379295,2.905034780073827
2460348.113217982,-9.389758473252229,2.905680416557354
2460348.1201624535,-2.3978051292358997,2.9086530606749363
2460348.1271069255,-3.1436477858206966,2.905516725158622
2460348.134051397,-1.3115275590684652,2.9056936844992545
2460348.1409958694,-1.4289525163811123,2.904371494250284
2460348.1479403414,-3.893170620130602,2.902127296867345
2460348.1548848134,1.5691414261390473,2.9010458435784603
2460348.161829286,3.3379645937640996,2.9000450299156575
2460348.1687737578,1.149234439110916,2.8961351857782867
2460348.175718229,2.066102545175786,2.8941495695973765
2460348.182662698,-1.4616335675420469,2.891705269638054
2460348.18960717,-1.0355508104262945,2.8913574835381777
2460348.196551643,3.2754324770475924,2.891472546209133
2460348.2034961153,-0.5519710981760357,2.888215281544499
2460348.2104405877,-1.22014156940762,2.8876141310866483
2460348.217385061,-0.6484369484545138,2.8862943397217737
2460348.2243295335,0.758234943910383,2.8872036625561424
2460348.231274007,0.026208974105439875,2.8867229824704723
2460348.23821848,2.1399558184101166,2.889591245243229
2460348.245162953,1.1581340147341077,2.8907958724019074
2460348.252107426,1.5563657344694466,2.8918346686204774
2460348.259051899,2.925364888326418,2.892589306678086
2460348.265996373,0.8212139694053695,2.895268097494778
2460348.272940846,0.9914582181817027,2.8966103045163654
2460348.2798853195,-1.7205080229152987,2.8975712432567176
2460348.2868297934,0.6664341332463187,2.89816449954141
2460348.2937742667,-0.23288793717940126,2.9018318736577906
2460348.3007187406,-2.235866056243907,2.8992109795212055
2460348.307663214,4.980599165077372,2.902720608602031
2460348.3146076878,-3.6245560603668734,2.899069215342777
2460348.321552162,-0.6598704368259698,2.9019712957474937
2460348.328496636,0.8267922149548181,2.903074676497637
2460348.33544111,-3.265564987511272,2.8987202260487717
2460348.342385584,1.1287474338489027,2.8994795581972213
2460348.3493300583,1.2592420683186223,2.900584354171573
2460348.3562745326,-1.4495724454476564,2.8965573819022494
2460348.3632190074,0.21889042903997846,2.893617984444907
2460348.3701634817,-0.7830772764314402,2.896151655474848
2460348.377107956,-1.4708191101357573,2.892108463113251
2460348.3840524307,1.0479833006238857,2.889296405215489
2460348.390996905,-3.144286117691432,2.8858757624493503
2460348.3979413803,2.1249586760734567,2.8870083429457396
2460348.404885855,-0.16884845022944306,2.8815740034554396
2460348.41183033,2.2462858888922765,2.884309387768763
2460348.4187748055,-0.5078582790110193,2.8802737976096577
2460348.4257192803,-2.051570347557922,2.877021406091702
2460348.4326637555,-4.344563524406411,2.877572022636477
2460348.4396082307,-1.6393927921924356,2.878755358693224
2460348.4465527064,-1.2636446576805613,2.8787492810407334
2460348.453497181,-3.4752496594796507,2.8776802870411866
2460348.460441657,2.508352404636309,2.8803380500189024
2460348.467386132,-0.13663384731992378,2.8798875777442645
2460348.4743306083,1.668822356518668,2.883259516763623
2460348.4812750835,0.7509804399511463,2.8819888945909393
2460348.4882195597,-7.187349354560195,2.8813511040739157
2460348.4951640354,-1.7086737757111599,2.884847233115695
2460348.502108511,-0.14783341783816073,2.884832203672183
2460348.5090529867,6.34801677971722,2.888838923697955
2460348.5159974634,2.3371563517119465,2.8853315960157357
2460348.5229419395,3.766714796283003,2.886250266591808
2460348.5298864157,0.48717743360973254,2.8854049654861313
2460348.536830892,-0.3030757426502695,2.8858034504435026
2460348.5437753685,4.046046423380324,2.8875570691025794
2460348.5507198446,3.1025334705864647,2.8869906709869397
2460348.5576643213,3.038118113031455,2.884994146957404
2460348.564608798,0.8798660661138322,2.8834445401621145
2460348.5715532745,1.6690616811280399,2.8832530136546413
2460348.5784977516,0.25866341385498504,2.8808892961877945
2460348.5854422282,-1.4461758841082462,2.878481909914138
2460348.5923867053,1.325851689125269,2.875849264611137
2460348.599331182,-2.648553779371238,2.8749757054966523
2460348.6062756595,0.5994837245033795,2.872838035394454
2460348.613220136,-4.056322430984595,2.8703817813824615
2460348.6201646137,0.13074811501855477,2.8703799147139097
2460348.6271090913,-0.8573754060601138,2.8696614374982516
2460348.634053569,-1.9355002478332222,2.869175079045235
2460348.6409980464,-3.895627129023074,2.86772048942375
2460348.647942524,0.6726550024004752,2.868535000316496
2460348.6548870015,5.9355596783219315,2.869958816529273
2460348.661831479,-5.6687364446146145,2.867074656063996
2460348.6687759566,-0.4212323090657082,2.87011073118315
2460348.6757204346,-1.5512162504738591,2.869891799578824
2460348.6826649127,-2.650742865912211,2.8696309589048083
2460348.68960939,-4.895929534841486,2.870759074785949
2460348.6965538687,-1.5514171088646558,2.8719374234286317
2460348.703498347,-1.9908678733803842,2.8706163437493104
2460348.7104428248,5.270185344591427,2.873464902309237
2460348.7173873037,3.9275533117207084,2.8730825711063175
2460348.7243317817,0.5158007291551439,2.8723772156974223
2460348.7312762607,-0.03234214829341875,2.8738653280046726
2460348.7382207387,-1.6954579667600367,2.871433321444146
2460348.7451652177,5.569071461525477,2.8727044918526516
2460348.7521096966,4.498366954725753,2.8740909955155565
2460348.759054175,-1.4760261358249847,2.868362310441191
2460348.765998654,2.3498015929131038,2.8694269714261353
2460348.7729431335,1.3985466828355984,2.8670910858778105
2460348.7798876124,-1.1474251012175745,2.8645238882698956
2460348.7868320914,2.165459460082505,2.8642570678223276
2460348.793776571,0.07565981727664198,2.8612909271543026
2460348.80072105,4.258060175449466,2.860511355424857
2460348.807665529,1.3249583306993844,2.8564246599250875
2460348.8146100086,0.08480670265666834,2.857111809844049
2460348.8215544885,-3.8194261393191655,2.852631216259861
2460348.828498968,-3.6573447419454674,2.850820345401191
2460348.835443448,-0.7695201404307941,2.8476189887829793
2460348.842387927,-5.395750880685824,2.84580720231529
2460348.849332407,-0.1149946633431922,2.8464362102767544
2460348.856276887,1.5660071270506557,2.8463057569955716
2460348.8632213674,-1.102057506378582,2.8446534305830418
2460348.8701658472,-0.547234339821784,2.843294820998303
2460348.8771103276,0.30913914388158187,2.8458563178799934
2460348.8840548075,-2.9698726392053945,2.8448879682564137
2460348.890999288,-0.36045419355420094,2.841858434522241
2460348.897943768,-3.969197136035954,2.840423006279932
2460348.9048882495,0.7796495178140501,2.841641329497999
2460348.9118327294,-0.7169692947623245,2.840911597342425
2460348.91877721,-2.7506400842864567,2.8411397229213904
2460348.925721691,-0.28006202185461904,2.8431461560206817
2460348.932666172,-1.1066321434224675,2.8414301778406674
2460348.9396106526,1.3124005353619559,2.843283348711982
2460348.9465551334,2.854786162448234,2.8432598381030068
2460348.9534996147,3.488547930744324,2.844350566984767
2460348.960444096,0.002481485052571175,2.841555983353611
2460348.9673885773,-1.545919094548546,2.839940334542266
2460348.9743330586,1.2683400037085384,2.8415885715374016
2460348.9812775394,4.483256225560804,2.842548916783001
2460348.988222021,5.8977712991280145,2.8428405624698647
2460348.9951665024,-2.9038518944452987,2.8393029319021093
2460349.002110984,0.5020823357143558,2.838243060555291
2460349.009055466,-1.567286780873357,2.8371073391794517
2460349.015999947,3.168367576337794,2.841017216061273
2460349.0229444294,3.6215381331452043,2.841291493758721
2460349.029888911,0.6623849885401354,2.838426358358051
2460349.036833393,1.516421348615539,2.837827659365899
2460349.043777875,-3.9004633741290693,2.837439723802411
2460349.0507223574,-3.675932673671633,2.8341176003281467
2460349.0576668396,1.3613625631486896,2.83338891447063
2460349.064611322,-3.775728509628498,2.8333057865307754
2460349.0715558045,-0.4382624079793771,2.835608990357777
2460349.078500287,-2.801802839795351,2.833026485367205
2460349.0854447694,-1.567567630537046,2.8335128886867946
2460349.092389252,0.8478335187894853,2.8324673150959767
2460349.0993337347,-1.6184414090417834,2.8320333679758445
2460349.106278218,-1.573568967119347,2.8317206356921876
2460349.1132227,0.7555970551255258,2.833962325299894
2460349.120167183,-2.3503711911313037,2.8318865797717625
2460349.1271116664,0.6110743581469089,2.835099739183939
2460349.1340561495,4.411951002455526,2.833660023461883
2460349.1410006327,1.5978096792760206,2.832760571786046
2460349.147945116,-0.08633626269771044,2.8315176604947787
2460349.154889599,3.134311020317463,2.831560045232736
2460349.161834083,2.278603543072014,2.8307364598436404
2460349.1687785666,-2.294096268530497,2.8299639009147532
2460349.1757230503,-0.8934834320933143,2.8263992786619063
2460349.1826675334,-0.5236592455118056,2.826204491665884
2460349.1896120175,-0.40908906913101484,2.8238007005157004
2460349.196556501,-1.8549409559116246,2.8248450825537126
2460349.203500985,5.692137416641343,2.824186381113505
2460349.2104454692,1.4443624139737081,2.825930729034623
2460349.2173899533,1.1162160902757865,2.820570372959894
2460349.2243344374,-1.9205716924038763,2.8203255270444134
2460349.231278922,1.9930174541735681,2.820749455918998
2460349.238223406,-0.8678011485115049,2.822583083587689
2460349.2451678906,-5.718584475815241,2.821458848980912
2460349.2521123756,-0.37908239713065717,2.823484935988921
2460349.2590568596,4.848906027028964,2.824202656967461
2460349.266001344,0.6973444860126272,2.824169517457223
2460349.272945829,-1.5158054745080192,2.825887075108786
2460349.2798903137,-3.26099610757662,2.8261362036818074
2460349.2868347988,-2.7426918445301647,2.82644265638629
2460349.2937792838,0.5680590252304111,2.828474688509028
2460349.300723769,-1.7359097182602445,2.8281377239457757
2460349.307668254,-0.7839801459847573,2.830103551985664
2460349.3146127393,-5.409596254748843,2.82687883760893
2460349.3215572247,1.316035117550678,2.82848905482073
2460349.32850171,1.9990137105554537,2.8286122282171315
2460349.3354461957,-2.4907916901341367,2.8278580577712904
2460349.3423906807,0.8671500999280197,2.8260738203423705
2460349.349335167,0.5383204339635168,2.824480090755964
2460349.356279652,0.18503473267703252,2.8240010104827267
2460349.363224138,1.6274049070589165,2.8222866218503664
2460349.370168624,2.725090691583672,2.8216378892632217
2460349.3771131104,2.083741295663312,2.8205587575863844
2460349.3840575963,4.449874113777788,2.8202621596723714
2460349.3910020827,-0.8506190675144845,2.817719155918081
2460349.397946568,-0.49491798134649123,2.81784482912605
2460349.4048910546,0.06420542920545547,2.8161696923363375
2460349.4118355415,-3.0685216777879116,2.8146243542896987
2460349.4187800274,-0.29153017990762864,2.8146577829054658
2460349.4257245143,2.327745303081384,2.8150188044736058
2460349.4326690007,1.9567066627964769,2.8122386343001615
2460349.4396134876,1.646783307596364,2.813730322111138
2460349.4465579744,1.1917192538245325,2.813486553015062
2460349.4535024613,-2.4059333277409403,2.8129616711039556
2460349.460446948,-1.8173184265992208,2.811647959564505
2460349.4673914355,2.5489156156003743,2.8148790605685323
2460349.4743359224,-3.2758151136360474,2.8150711747881867
2460349.4812804093,-2.6704034118525004,2.8157707460895662
2460349.488224897,4.892843272674476,2.81839599026785
2460349.495169384,1.485369258234088,2.8178795452347756
2460349.5021138717,-0.4382394901833935,2.818440836162679
2460349.509058359,-1.1575892578860196,2.8189187127414077
2460349.516002847,-0.09771527086096699,2.818953947009519
2460349.5229473347,0.6162869096062527,2.818320414141391
2460349.529891822,-2.540280440187894,2.8163893510630746
2460349.5368363103,0.9986350053307551,2.8167961331417533
2460349.543780798,3.3135349317339498,2.818610973067139
2460349.5507252864,-4.817592159364868,2.8132997371080735
2460349.557669774,-1.1584485247228766,2.8123392089005343
2460349.5646142624,1.4366347664429284,2.8141828479689113
2460349.5715587507,-1.8390091884555144,2.8100650418927384
2460349.5785032394,-2.27478391216479,2.8103200760711355
2460349.5854477272,0.9737694741701718,2.808054368736327
2460349.592392216,-4.890923164251483,2.80611477733264
2460349.5993367047,-2.6218875340332244,2.8039682458454496
2460349.6062811934,1.6545838567597138,2.80512663338491
2460349.613225682,3.1233853735129604,2.803796117960085
2460349.620170171,-3.8121828672086306,2.7992434206737378
2460349.6271146596,3.789839621695084,2.801411161868224
2460349.6340591493,6.214204350447476,2.8016154047973507
2460349.6410036385,-3.9931469345569384,2.7972317172470036
2460349.6479481272,1.712320551637295,2.7991189408930457
2460349.6548926164,1.6618612394580956,2.7996421302498593
2460349.661837106,-2.2694590857039625,2.798062193132099
2460349.6687815953,1.851898332767688,2.7999586350390344
2460349.675726085,-5.1594801192242015,2.800032545808099
2460349.6826705746,4.027408079330145,2.8018788709424336
2460349.6896150643,2.593837896958117,2.802136753460678
2460349.696559554,-0.0339972507279116,2.800373947579491
2460349.703504044,1.2900078952450986,2.8007793927340945
2460349.7104485338,0.02882862667691244,2.801533849210665
2460349.717393024,2.078641384015839,2.8015528815994073
2460349.7243375145,-0.9951659583278953,2.800275258786998
2460349.731282004,-0.35057758191899024,2.801615649299878
2460349.7382264948,-2.5698521967929135,2.801454215151273
2460349.745170985,-1.0305226135270504,2.798650703450352
2460349.7521154755,0.5257549020276449,2.8006383744063967
2460349.759059966,-2.3750327549828647,2.7963593305231367
2460349.7660044567,2.110939934339209,2.7985821914729683
2460349.7729489473,-0.9433230134818746,2.794242347766312
2460349.7798934383,0.024829076738088207,2.7953373894223645
2460349.7868379294,-5.285695502192889,2.7908020092494747
2460349.79378242,3.867869338220016,2.792051177335146
2460349.800726911,-1.4091534992923342,2.7888159547804956
2460349.807671402,1.5703072003697067,2.7888666651692393
2460349.8146158936,-2.72456110121067,2.7849681588573323
2460349.8215603847,-0.848013905262833,2.784045209614709
2460349.8285048762,-0.08716046246850251,2.784237963846665
2460349.8354493678,1.5099855085310203,2.783065635518163
2460349.8423938593,-0.1920360084665762,2.783085614294345
2460349.849338351,1.1833300043258927,2.782967110565732
2460349.856282843,2.912468270234534,2.7824252566781773
2460349.8632273343,5.0748089287856635,2.7840790342043555
2460349.8701718263,1.5636545667069865,2.7810092058667197
2460349.8771163183,-2.1275859445465266,2.7799188959701677
2460349.884060811,-3.5868482109639843,2.7792586885404806
2460349.8910053023,-1.469093635840165,2.782923260103083
2460349.897949795,2.2386723968898226,2.7828253802482767
2460349.904894287,2.2983062820642814,2.779722285522281
2460349.9118387797,-4.187226295391758,2.776617118401083
2460349.918783272,-2.59816530359526,2.7762582115859575
2460349.9257277646,-1.4817499309600004,2.776670827203988
2460349.932672257,2.1037764292020906,2.7778838733575193
2460349.9396167495,2.3948321914963353,2.7772211499997805
2460349.946561243,-0.04832658761426423,2.7754935126364693
2460349.953505736,-1.0808780520953838,2.7765146032637684
2460349.960450229,-1.2849698015265898,2.7763553921311384
2460349.9673947203,-0.0010814472067444125,2.774267924364162
2460349.974339211,-0.2793784777450248,2.7754027040425573
2460349.9812837043,0.9896494404267191,2.772820104376402
2460349.9882281977,4.127397605087331,2.77506670232856
2460349.995172691,3.6252980011463616,2.774130727963776
2460350.0021171845,-1.3077467503382871,2.7713456657381155
2460350.0090616783,1.4681073028006586,2.7718529948323245
2460350.016006172,-2.2446994056956933,2.768893942160009
2460350.0229506656,2.1536098950137874,2.769213104046226
2460350.02989516,-3.284607812648046,2.76622612754338
2460350.0368396533,-1.2075550838970681,2.7698005028637773
2460350.0437841476,-0.31571212166511664,2.767522730701988
2460350.0507286415,-4.506988145333194,2.7666976292623873
2460350.057673136,0.8001269876259005,2.7660468536627385
2460350.06461763,-4.542125087363409,2.7670867887307735
2460350.0715621244,4.729518009905181,2.7678931489517855
2460350.078506619,-3.1357702865720083,2.7637571372742595
2460350.0854511135,-0.1331183219974138,2.7673092860534663
2460350.092395608,6.295024635934807,2.7686064976013802
2460350.099340103,2.333349093969896,2.764684198669873
2460350.106284598,-2.321983018188297,2.763670669028038
2460350.1132290927,-2.986217443931845,2.7616093625380826
2460350.120173588,-1.1358175961887742,2.7625146408720798
2460350.1271180827,-1.173844276659822,2.7626262216944166
2460350.1340625775,-2.3662611299267966,2.762215880602191
2460350.139849657,-1.0177691895941599,3.385896723440497
2460350.145636737,-1.3794519685422477,2.761095282984044
2460350.152581232,1.70695942711703,2.7622724432000467
2460350.159525728,4.964249163137184,2.76040283433305
2460350.166470223,-2.1423225223439015,2.7569634230973517
2460350.173414719,2.374616451522378,2.763485275439436
2460350.1803592145,-0.2929295198772752,2.757240083387717
2460350.1873037107,0.6130629339686038,2.7563062350506073
2460350.1942482064,-0.7434084232086536,2.754312909784645
2460350.201192702,-0.6953040041514713,2.754170010109009
2460350.2081371984,3.7570070082418727,2.752873637158809
2460350.2150816945,-2.1055127681830363,2.7507513950451536
2460350.2220261907,-0.5687184704506985,2.750535839717552
2460350.2289706874,1.926376157453901,2.7505045945405375
2460350.2359151836,5.165235745143038,2.7513797505591775
2460350.24285968,0.7426109970288999,2.7501545931752243
2460350.249804177,-0.43547023778848626,2.7488283303523176
2460350.2567486735,-0.7615040659297032,2.7493287589607722
2460350.26369317,-1.4421021769394553,2.748908666477103
2460350.270637667,-2.378661696713016,2.747155386000678
2460350.2775821644,0.620038570304992,2.7480079754770883
2460350.284526661,1.7070398994519302,2.7473457179174
2460350.2914711586,-0.9071151803347589,2.7455108043137906
2460350.2984156553,-4.1628129258386375,2.744840247830934
2460350.305360153,-2.759962257777211,2.7443113187523487
2460350.3123046504,2.643553395678848,2.7476271239133094
2460350.3192491475,0.14412260305882807,2.748255349987083
2460350.326193645,0.6582593906956204,2.743490179042272
2460350.333138143,-0.4561865647606962,2.7425921078084072
2460350.3400826403,-2.917207214399638,2.7410399486543136
2460350.3470271383,0.7643201467325733,2.7418447505954497
2460350.3539716364,-1.3622916838660974,2.7420243253475998
2460350.3609161344,2.2371104689699566,2.7403092110581966
2460350.3678606325,-0.3310027333889711,2.7382010587386696
2460350.3748051305,1.2543700468074936,2.7391633844685894
2460350.3817496286,2.5861451656376366,2.736726215768908
2460350.3886941276,-1.3131407166999283,2.735284550034722
2460350.3956386256,0.5584008254289495,2.7344665256137897
2460350.4025831246,-0.804929241498846,2.7353924565886243
2460350.409527623,0.17054393007650237,2.734496050478642
2460350.4164721216,1.8343234172886747,2.734878301194618
2460350.4234166206,-2.596200862336601,2.7333535384322842
2460350.4303611196,-0.506941778980154,2.7313581187213365
2460350.4373056185,0.03493383266295691,2.7318333943658595
2460350.4442501175,1.0418632392127516,2.7327126834229722
2460350.4511946165,0.32799776145442516,2.731508642410361
2460350.458139116,-3.0126614815167105,2.7304881133148284
2460350.4650836154,0.4103962651006511,2.7328636783256433
2460350.4720281144,0.11335755712572734,2.7329654229060565
2460350.4789726143,1.8585349125095179,2.7326840196224658
2460350.4859171137,1.0498732058211397,2.732593741109804
2460350.492861613,0.8411101526316556,2.730355793611148
2460350.499806113,0.22161442205118287,2.732404031924362
2460350.506750613,0.3240044337203898,2.732085371993548
2460350.513695113,-1.7667350336757761,2.7328269166695662
2460350.5206396133,-2.4224665181475347,2.731082309047831
2460350.527584113,-2.2480574383616156,2.7337775390827956
2460350.5345286136,3.4677307489373517,2.733261903373076
2460350.5414731135,0.6142095399470615,2.7340918319063525
2460350.5484176143,-1.211745912649278,2.732861543010795
2460350.5553621147,3.379815290845703,2.735999381434653
2460350.562306615,1.5800569910178037,2.7314275533743166
2460350.569251116,-1.7817065796343057,2.7319295389302525
2460350.5761956167,-0.7155084758253993,2.7317460048219
2460350.5831401176,0.06028360169839464,2.7323031146727845
2460350.5900846184,0.7580558766030618,2.7316203411738704
2460350.5970291197,-1.706257866224212,2.731670917941736
2460350.6039736206,1.827609269027092,2.7315583232683625
2460350.610918122,-0.8055266417798235,2.731573173275633
2460350.617862623,-2.2974361348816985,2.7289269477755975
2460350.624807125,-1.5494562226584487,2.7315915637635446
2460350.6317516263,-1.5672532233514325,2.7309330577581163
2460350.6386961276,1.2336133325848522,2.730961022223815
2460350.6456406293,2.3081183551476836,2.730080976054319
2460350.652585131,-0.8675576403610246,2.7335600885909863
2460350.659529633,-2.379189590984364,2.731368611683331
2460350.6664741347,0.9025356456557794,2.731384204594782
2460350.673418637,-3.1575131218334898,2.7315428546875906
2460350.680363139,-2.68762266457042,2.7299946030111317
2460350.687307641,5.322694894772101,2.7337206729771424
2460350.6942521436,3.2216778261830727,2.733347350991481
2460350.701196646,-1.7520477487812902,2.7345591558110485
2460350.708141148,-0.37871434715967167,2.732327120367851
2460350.7150856513,-3.205998762613537,2.7334137454165632
2460350.7220301535,0.40550266862444584,2.7333386897089427
2460350.7289746567,2.3020124925477985,2.736246297594027
2460350.735919159,3.487326053935999,2.733276696642004
2460350.742863662,0.47760394846234666,2.7314479780717407
2460350.749808165,3.1998798984768655,2.733001896916002
2460350.756752668,-0.5265137607135182,2.7343291269684635
2460350.763697171,-2.525696689007041,2.733046759120614
2460350.7706416748,6.40694084638107,2.735245738240256
2460350.7775861784,-0.5847878879523944,2.734161893032286
2460350.784530682,3.825038356067858,2.7337718442632926
2460350.7914751847,4.436945540662318,2.733740478863698
2460350.7984196884,-3.1753824402111435,2.7302212215350874
2460350.805364192,-6.084804474360439,2.7289842109115336
2460350.812308696,1.3070300871037013,2.7311665804529484
2460350.8192532,-4.191497035500368,2.729944957142053
2460350.826197704,-4.33018640062239,2.731116310633577
2460350.8331422084,-2.544275185640305,2.7312325432821414
2460350.840086712,-0.13231891181392852,2.7324081299317715
2460350.8470312166,1.105856879418686,2.731617772701505
2460350.853975721,0.1826804108590121,2.7338022277508798
2460350.8609202257,1.0359559852392095,2.732193465802704
2460350.86786473,-1.734410262200723,2.7320848383961707
2460350.874809235,-3.3524611862238953,2.7315524433555765
2460350.8817537394,1.537196267512249,2.7327886509055026
2460350.888698244,-1.2019554579265495,2.7310457922763334
2460350.895642749,-2.209031456508662,2.7320811994683916
2460350.902587254,2.1374121656989375,2.7341085410391663
2460350.909531759,-5.705074801045772,2.732788147209965
2460350.916476264,1.5491394387658333,2.736300438489426
2460350.9234207696,0.9383779630548066,2.736517715689907
2460350.930365275,2.32240336049155,2.7341938695560226
2460350.9373097806,2.549187046828241,2.7337131023592165
2460350.944254286,0.2795707842598334,2.734673246716724
2460350.9511987916,3.088504550756099,2.7349359856357487
2460350.9581432976,5.871193005019599,2.7365398146743662
2460350.965087803,-1.4483733970637016,2.7345499322136173
2460350.972032309,-1.0964958775089246,2.7331005764192273
2460350.9789768145,2.5810040517660697,2.7313964063034177
2460350.9859213214,-1.3276529653421076,2.7310204569202785
2460350.9928658274,1.3584931416356254,2.7317886598142516
2460350.999810334,1.3974256357924821,2.7314989521819233
2460351.0067548403,6.051660176487655,2.7331638705916905
2460351.013699346,1.556337970645028,2.7312184044659085
2460351.020643853,-1.157972268459269,2.73091805041277
2460351.02758836,-2.8395433174628013,2.731433193853651
2460351.0345328664,-4.790573515910651,2.729833370455152
2460351.0414773733,0.1573438279731869,2.7309972403589913
2460351.04842188,-2.094112387787608,2.7325684469326927
2460351.055366387,1.918082571015535,2.7311456385569746
2460351.062310894,-8.55827221282778,2.728709229110875
2460351.0692554014,-2.5885769791834123,2.7317604140834395
2460351.0761999087,-0.4876787565345522,2.7309599301151035
2460351.083144416,-5.172093147202376,2.728613389560921
2460351.0900889235,1.9464564164516642,2.733733657318247
2460351.0970334313,-1.4168007933347384,2.730245057001314
2460351.1039779386,2.5100663858712116,2.736357321948596
2460351.1109224465,1.2167482057040875,2.7319215935179364
2460351.1178669543,3.488508189092424,2.7317869752187787
2460351.1248114626,-2.6276154479479192,2.7309372023492275
2460351.1317559704,-2.160325456742628,2.7321596290676573
2460351.1387004782,2.2161378015563655,2.734446208648217
2460351.1456449865,1.2974345084221004,2.7321766061762482
2460351.152589495,3.441955256848968,2.733860871118189
2460351.159534003,2.230032508848984,2.7319392560697433
2460351.166478512,1.484238152176673,2.7311472546318676
2460351.17342302,3.746599656312607,2.731574186531702
2460351.180367529,3.1692630433948454,2.7347652081152645
2460351.187312038,0.046382213291472296,2.7299158761640303
2460351.1942565464,-0.0767418707289842,2.7300917214617293
2460351.2012010557,1.7230537117656732,2.7283411836895257
2460351.2081455644,-4.0418972585601995,2.729058370313593
2460351.2150900736,-0.3328436310064933,2.7304368927101685
2460351.222034583,-3.942822343958314,2.73079336129023
2460351.228979092,0.6037307631573312,2.7292630807881975
2460351.235923602,-1.8980774983984792,2.7287860476217065
2460351.242868111,0.8169121701455784,2.7299616571150285
2460351.24981262,-0.7671964523948915,2.7328881962191036
2460351.2567571304,1.1492172881930842,2.730049133874557
2460351.26370164,-0.6686717015876988,2.7299105502474625
2460351.2706461498,0.6828997928652156,2.7311250152100097
2460351.27759066,4.944351389098891,2.7337536783016336
2460351.2845351696,0.8499026289464954,2.73126491844581
2460351.2914796798,0.17144630860585242,2.731088274893013
2460351.29842419,-3.6310359831967847,2.7314511629651546
2460351.3053687005,-2.4867522342710435,2.7322728544876482
2460351.3123132107,-1.6043430433923498,2.7313762507330472
2460351.319257721,-5.161807184488705,2.733735305879209
2460351.326202232,0.21743586936046055,2.733402084181415
2460351.333146742,-1.31894668912931,2.733328207771764
2460351.340091253,-1.5523994964196326,2.731611809463372
2460351.347035764,0.558817096978657,2.7321665996014857
2460351.353980275,2.761872694916483,2.7344086853706657
2460351.360924786,-2.8076716293723196,2.7312017952392833
2460351.367869297,-2.688425826162085,2.7298910081257746
2460351.374813808,-3.136966952206731,2.7318364782032716
2460351.3817583197,0.5720838658454912,2.73309430006259
2460351.3887028308,-1.6954118942763197,2.7312609522167244
2460351.3956473423,-0.9480076446427737,2.7318338667245032
2460351.4025918543,-0.22136793638925933,2.733057879738491
2460351.409536366,6.620634494551362,2.7358164366492743
2460351.4164808774,4.0204478760702145,2.7343473624548658
2460351.4234253895,0.9846529042110728,2.73281580057178
2460351.430369901,3.7235304701482788,2.732894589289884
2460351.4373144135,2.3009796896657333,2.7336616804141785
2460351.4442589255,1.6396472260287585,2.7334701651583555
2460351.451203438,-4.7095037473721675,2.7310269230241144
2460351.45814795,-1.7536042573594592,2.7339056368814876
2460351.4650924625,0.4350734896212992,2.7339187995493037
2460351.472036975,1.5270164245887998,2.7341304564242974
2460351.4789814875,4.553297217015433,2.7350493361299404
2460351.4859260004,0.8383081759429376,2.7323418057824402
2460351.492870513,-1.9445269391510334,2.7321055365133504
2460351.499815026,-2.5649421458555595,2.7346950434831165
2460351.506759539,2.3070566799284338,2.7347304888923216
2460351.5137040517,-2.5374191482837705,2.736167360430368
2460351.5206485647,4.0078923157081245,2.7341769363458273
2460351.527593078,1.9475159914194164,2.733140411326213
2460351.5345375915,2.0957124314596998,2.7330474169230077
2460351.541482105,2.7065619513351784,2.7339167247423504
2460351.5484266183,-0.7224562109776311,2.7319055665763163
2460351.5553711317,-1.9470712729584772,2.7329943343226266
2460351.5623156456,2.7365126333240406,2.7321008462744545
2460351.5692601595,-0.5705129561912193,2.731323541964009
2460351.5762046734,1.3048462689359974,2.732344444698598
2460351.5831491873,3.14060466623784,2.7311767144254833
2460351.5900937016,-2.1956299598571403,2.730000575586508
2460351.597038215,-0.6558136660976841,2.729630871009529
2460351.6039827294,-3.7379080312067456,2.7289100316370867
2460351.610927244,-1.193809626662301,2.7295454534918906
2460351.617871758,-5.846585022215502,2.7287400987071773
2460351.624816273,-1.2820392014323332,2.7290496901725976
2460351.631760787,1.8614955156567659,2.72973944512074
2460351.638705302,-5.6808049251641215,2.727714176369527
2460351.645649817,-5.775242893577316,2.728776672275431
2460351.6525943317,-1.155910100501164,2.7303756854932484
2460351.6595388465,-7.534070975256897,2.7278441258468398
2460351.6664833617,-4.030039731407747,2.730709045431341
2460351.6734278766,-0.7940002544911252,2.732608200944273
2460351.680372392,3.977468611735614,2.7354740559415247
2460351.687316907,4.007582858712901,2.731628206588739
2460351.6942614224,1.2140884782531949,2.7330186048846574
2460351.7012059377,1.9085499011622904,2.7335452095969113
2460351.7081504534,4.037156554301069,2.732778474289976
2460351.715094969,-0.018112749515839077,2.7343865701467593
2460351.722039485,0.5009644562661046,2.732735811685226
2460351.7289840006,2.2490473002257687,2.7326253547862933
2460351.7359285164,3.6282111393165186,2.732093300054283
2460351.7428730326,-2.7203048324624675,2.731611307853502
2460351.749817549,-1.31692676970023,2.7323935595391515
2460351.7567620645,3.4887160834693134,2.7331831684179893
2460351.763706583,7.74057981178763,2.734311184054332
2460351.7706510997,0.8802822508826011,2.7309581638578675
2460351.7775956155,-1.393421876660546,2.7308205953683946
2460351.784540132,4.1398260770392605,2.7320831920211917
2460351.791484649,-0.4597761811748655,2.7290035477687478
2460351.7984291655,-1.367784417075657,2.728136342928925
2460351.805373682,-0.7710288817837001,2.7284346011818505
2460351.8123182,-0.9698759256784117,2.7279643500755313
2460351.8192627165,-1.6167817209041133,2.731418234468459
2460351.8262072336,0.008356368994286267,2.7290118539789474
2460351.8331517507,3.960504802870496,2.728963490952976
2460351.8400962674,-0.31518753568430125,2.729640803206919
2460351.847040785,-2.379446749060765,2.729418873075364
2460351.8539853026,1.40199587410498,2.730739178991374
2460351.86092982,-0.18929054823894464,2.7289514847470073
2460351.8678743374,-0.014613585577402749,2.7297784176033026
2460351.8748188554,-4.520403443683632,2.7292628893720425
2460351.881763373,1.5448424041888167,2.7298495167453627
2460351.888707891,-4.592424438854467,2.7305772058592503
2460351.8956524082,0.2449121413027262,2.729794474664766
2460351.902596927,1.9980341650976077,2.7308617419745693
2460351.909541445,-3.246352311688403,2.731740208376769
2460351.916485963,1.4611616658439557,2.729593169483561
2460351.9234304815,-1.7128485539933327,2.7294554136398492
2460351.9303749995,-0.4218837596051648,2.7305357490009907
2460351.937319518,0.7368501559624263,2.7303645277099604
2460351.9442640366,-0.8700981866986459,2.731136928658243
2460351.951208555,-1.7032149078785106,2.72903655155126
2460351.9581530737,1.272994569290659,2.730132043322692
2460351.9650975927,-5.3619311595252155,2.7269397760006924
2460351.972042111,0.5582035356888051,2.729978800508121
2460351.97898663,-2.3841832170352366,2.729405019180374
2460351.985931149,1.5536352147978802,2.7293459861897644
2460351.992875668,1.9309370804881114,2.729418027719817
2460351.9998201877,1.4059455748034368,2.7294677617003704
2460352.0067647067,3.3727523734235167,2.729353952839787
2460352.013709226,4.648029275971834,2.730448500818475
2460352.020653745,1.8073834504154047,2.7304969960957695
2460352.027598265,-4.277289100251131,2.726487977188469
2460352.0345427846,-1.9345143652057981,2.728731295941195
2460352.041487304,-3.3755015177689582,2.728646046282327
2460352.0484318244,3.195679743748986,2.728600237290539
2460352.055376344,-5.435570267926798,2.7276352637322163
2460352.062320864,0.5255084151068249,2.7318951156004125
2460352.0692653838,5.3564099213145235,2.7323224161405144
2460352.076209904,3.97868973318654,2.7314460602329045
2460352.0831544246,1.6514398079344057,2.732176532049928
2460352.090098944,0.2594526216869921,2.7309094815938963
2460352.0970434644,4.404304386443787,2.7338049526687076
2460352.103987985,0.759265494441753,2.733169445632575
2460352.110932505,-4.864695202390109,2.7295614220324818
2460352.1178770256,1.593598450649956,2.7334011260525233
2460352.1248215465,-0.8522746709556048,2.731114605635445
2460352.1317660674,-1.8414791966278585,2.7316930794643466
2460352.1387105878,-7.114033261832288,2.7303398324712895
2460352.145655109,-2.2406406812253667,2.7289710661485373
2460352.1525996295,0.14515882322263485,2.731056649058606
2460352.159544151,3.447765603973238,2.733243630944388
2460352.166488672,5.205868108121144,2.732224451774494
2460352.173433193,-0.7807195665863202,2.7309462287526336
2460352.1803777143,0.17443158326975733,2.7296426123952524
2460352.1873222357,-2.35765241911062,2.7294700026293284
2460352.194266757,-6.820294758100477,2.725488112988277
2460352.2012112783,0.3039605339947613,2.7304579199393686
2460352.2081558,-0.21845836407179187,2.728778509127704
2460352.2151003215,2.8454955150389742,2.730132799304465
2460352.2220448437,1.153608767161805,2.731083157212069
2460352.2289893655,-1.59182260635834,3.3419425092733657
2460352.2359338873,-1.8693816564975099,2.7317381565156005
2460352.242878409,-1.6589913341116207,2.728586033613841
2460352.249822931,1.0228745083076793,2.7317052273604987
2460352.256767453,4.753987690090876,2.731069526848582
2460352.2637119754,3.831511921390064,2.7312484757246622
2460352.2706564977,0.027884790717999042,2.7300771068151417
2460352.27760102,-2.392032381995093,2.729582226660167
2460352.284545542,1.0902802466008377,2.730934763973675
2460352.2914900645,1.9009194601339976,2.7319889564265742
2460352.298434587,0.48625506539415,2.730425908605474
2460352.30537911,-1.937960382801406,2.7315820715919377
2460352.312323632,3.7968499448021187,2.731647412179503
2460352.3192681544,-3.003295599634682,2.7296328463046167
2460352.3262126776,-1.9970980066196402,2.730868274779524
2460352.333157201,-4.1114558610345355,2.7295219755380926
2460352.340101723,4.634234010665359,2.7319510894738266
2460352.3470462468,0.691410834227834,2.7307543948329727
2460352.3539907695,-0.4782680636571688,2.731181221252561
2460352.360935293,3.702973307815365,2.733708174604501
2460352.367879816,-1.11716462930977,2.7310865370581703
2460352.3748243395,0.9903613998293895,2.7327873297290197
2460352.3817688623,-2.499445190219762,2.729122401588049
2460352.388713386,-4.562014652131651,2.727926823820056
2460352.3956579096,2.8693358032093057,2.731392169034296
2460352.4026024328,4.552737526891558,2.7312502275840487
2460352.409546957,-0.8664063283684729,2.7292280196736534
2460352.4164914805,-4.152859006648285,2.728159115103614
2460352.423436004,0.9348844242587826,2.729975296627215
2460352.430380528,3.687510576261728,2.73086512949314
2460352.4373250515,-1.3141617758208,2.7292676007960197
2460352.4442695756,5.4081247696078725,2.7326783591624864
2460352.4512141,-2.7427465519796814,2.728487777703982
2460352.4581586234,-2.7747963008513725,2.731340958507063
2460352.4651031476,-2.7500052025603265,2.7305650345320465
2460352.4720476717,2.4078047252895685,2.732191907344143
2460352.4789921963,0.1517174261998857,2.7322502324492777
2460352.4859367204,-1.1967230467844718,2.7305294147917345
2460352.492881245,-6.0922901338057525,2.731775724276366
2460352.499825769,-7.099977523209224,2.730234312489957
2460352.5067702937,-1.4134972894798499,2.730551092340948
2460352.5137148183,1.4335701390882392,2.7314186992518867
2460352.5206593424,2.288013990632892,2.7343114437037603
2460352.5276038675,-0.3869937514252122,2.7324240375769624
2460352.534548392,0.7070379542970167,2.731482421874688
2460352.5414929166,2.309492242595632,2.7329744111361864
2460352.5484374417,1.369269931755413,2.7304735283820594
2460352.5553819668,2.519346678174802,2.734218097935008
2460352.5623264913,-2.02942610914175,2.730592456178521
2460352.5692710164,1.0694833081613395,2.7317035652719284
2460352.576215541,-1.98345666679073,2.72983505046791
2460352.5831600665,-1.1007442052487313,2.7312051246756894
2460352.5901045916,2.4081592682516506,2.730518693924339
2460352.5970491166,-0.09913479746621379,2.73191386777269
2460352.6039936426,1.504581095657446,2.72986946189742
2460352.610938167,2.9883826044149777,2.729929619302483
2460352.6178826927,3.433657515356971,2.7298989403701497
2460352.624827218,0.002479646180720607,2.729512749303199
2460352.6317717433,2.7200829434752984,2.731310076136245
2460352.638716269,2.837713776968414,2.7295647514812784
2460352.645660795,-1.917574484033119,2.730331046204414
2460352.65260532,0.9838012206432042,2.730365535145023
2460352.6595498454,-1.7739262591966807,2.7301443344912055
2460352.6664943714,1.4013671954887081,2.7308785772570325
2460352.673438897,-1.6535622763087785,2.7294285128134494
2460352.680383423,-3.0957112822196233,2.7291566258812483
2460352.687327949,1.2421924207520265,2.7304899808985206
2460352.694272475,-2.410051747764976,2.730809324936331
2460352.701217001,0.06823168140798286,2.7296660169371947
2460352.708161526,2.6574426040902814,2.7324151379838906
2460352.715106053,-1.438065180693033,2.7299150267951284
2460352.722050578,-3.535246717627445,2.7301723758072747
2460352.728995105,1.8508918313101006,2.7302115235400404
2460352.735939631,-3.5210580834542613,2.727735163353937
2460352.7428841568,2.9453837333701918,2.7299718660080465
2460352.7498286827,1.6715325523473896,2.729902897357832
2460352.7567732087,-1.1733001428680168,2.729876470205845
2460352.763717735,-4.643519928199195,2.7276488182978564
2460352.7706622616,1.5642165432411712,2.732399562284995
2460352.7776067876,1.6502013520665455,2.731082794546806
2460352.7845513136,-3.0462482518883736,2.7278954674195295
2460352.7914958405,1.459978732897792,2.7287594982425474
2460352.798440367,-2.332578657486309,2.727162437770286
2460352.8053848934,-0.3667241974886415,2.728334784846871
2460352.8123294194,3.426876110701951,2.7282659481753533
2460352.8192739463,2.3382201206327955,2.7283916772638634
2460352.8262184733,2.0307974626047174,2.727838833852711
2460352.8331629992,-0.007935094091501504,2.7269286753005466
2460352.840107526,-3.663564598597871,2.728347930355232
2460352.8470520526,3.685623179913641,2.729401589390184
2460352.8539965795,-3.4314371376697146,2.728762592320114
2460352.860941106,-1.7470307481282974,2.728797994437581
2460352.867885633,0.05024948333392776,2.7289091657646085
2460352.87483016,-0.3835038549899351,2.730654782178885
2460352.8817746863,-2.2751411186350845,2.7317219772054138
2460352.888719213,-1.7704304798709376,2.728505828095429
2460352.8956637396,-3.982540240281697,2.7316544064681545
2460352.9026082666,6.369133631003665,2.7324010010706297
2460352.9095527935,1.098349475815401,2.732808707497665
2460352.9164973204,-2.4572710514244114,2.7311661096923725
2460352.9234418473,3.829776066791481,2.732334019685334
2460352.9303863742,-2.558682133272688,2.7279530834490875
2460352.937330901,-1.460667437280992,2.7297312162485707
2460352.944275428,-1.4374392897246493,2.729010145231317
2460352.951219955,1.9848139202619715,2.730286422561099
2460352.958164482,4.038440126217006,2.7311816685411068
2460352.9651090093,4.36263282016939,2.7322965700644133
2460352.972053536,0.39462352399332346,2.7310791173853204
2460352.978998063,-4.292590066935027,2.727316599388981
2460352.9859425905,-5.45495025158789,2.7278156142974237
2460352.9928871174,0.6041798092839539,2.727832947656626
2460352.9998316444,-3.0017472686305435,2.7283047177375637
2460353.0067761713,2.5627296559193637,2.7291627450557208
2460353.0137206987,7.441134818409184,2.731275784608281
2460353.0206652256,2.770422775723588,2.73005890419941
2460353.027609753,-0.8091252287379884,2.7275182514070444
2460353.03455428,1.494612199165962,2.7294220136325826
2460353.041498807,-6.378926258396806,2.729010064916968
2460353.048443334,-0.12798051352357476,2.728550160948948
2460353.0553878616,0.2206495477796773,2.7292511214733124
2460353.0623323885,1.477131103768659,2.730279420436311
2460353.0692769154,3.612301640925072,2.73187388876238
2460353.076221443,-0.11767049999336177,2.7299108600487045
2460353.08316597,-1.1754637590118204,2.7294567140894492
2460353.090110497,2.2131512125040196,2.7310632476357157
2460353.0970550245,-5.369093109923259,2.729944702370855
2460353.1039995514,-2.754603405469012,2.729394371776335
2460353.110944079,0.7944233182351086,2.730076378215733
2460353.1178886057,5.5885722625064105,2.73455244317031
2460353.124833133,5.782319120545244,2.7331625348518807
2460353.13177766,3.635761579019362,2.732550429970914
2460353.1387221874,-1.507117633248359,2.728516943632899
2460353.1456667143,-4.597283640431851,2.729187871616549
2460353.152611241,-2.7722601840214,2.7301127956415194
2460353.1595557686,-3.384298401335832,2.7289329860372114
2460353.166500296,-2.516674562032271,2.7288901573098188
2460353.173444823,-3.496904737133683,2.7274721963050363
2460353.18038935,-1.1634114851356954,2.7286136305475464
2460353.187333877,-0.138854593627604,2.7289432953063044
2460353.194278404,3.534793607922617,2.7294431325252653
2460353.2012229315,0.4102324439434075,2.728635914157522
2460353.2081674584,4.05900040987918,2.7299392691124478
2460353.2151119853,-0.41097514885723685,2.7274350903669826
2460353.2220565127,-4.828625941964853,2.7284019958662165
2460353.2290010396,1.594818355716031,2.7288899818534555
2460353.2359455666,1.556296505935859,2.7296543197513685
2460353.2428900935,-3.4942220951699587,2.7281233857107625
2460353.2498346204,-6.186465491273821,2.7277481865304094
2460353.2567791473,-1.313818311626008,2.727743775009813
2460353.2637236747,-2.2120734650199214,2.7287867352073345
2460353.270668201,7.591809842512401,2.731105146848403
2460353.2776127285,2.7070941111236944,2.729643285739011
2460353.284557255,5.467696879292554,2.7308038009635727
2460353.291501782,3.1510204149319714,2.7306766939805764
2460353.298446309,1.312270403890377,2.7296671431794057
2460353.3053908357,-2.5546856386910974,2.729795718048393
2460353.312335362,-3.7862789251861004,2.7313809653108856
2460353.319279889,-0.2792039962951258,2.729574477378955
2460353.326224416,1.5886939596122143,2.730885708828169
2460353.333168943,0.006198073736870979,2.72947714799602
2460353.3401134694,5.794019442364704,2.732751104444431
2460353.3470579963,1.3811426576304486,2.730706909753186
2460353.354002523,-2.654644694974484,2.7273630943416154
2460353.3609470497,-0.7755461121131532,2.7301942812805273
2460353.3678915757,-1.9245726153896288,2.728004367897464
2460353.3748361026,1.7400472478116935,2.7308585086498405
2460353.3817806286,-4.147306478865371,2.7281247087799265
2460353.3887251555,-1.7886459927871345,2.726932096123845
2460353.395669682,-0.10638853584772079,2.7278536147185917
2460353.4026142084,2.251105050061822,2.7305211448058846
2460353.4095587344,-3.125835655400164,2.7262481873526685
2460353.4165032613,3.2387845514893137,2.7283360884023495
2460353.4234477873,-6.622450269840741,2.726193034916203
2460353.4303923137,1.1461319606278235,2.727935520705129
2460353.43733684,2.2810596987897576,2.733028320920891
2460353.444281366,-5.013616901938935,2.7278769545049943
2460353.451225892,4.7269878745427985,2.732964613114131
2460353.458170418,3.3843837251520004,2.731736296540418
2460353.465114944,-4.559463723121705,2.727256875359831
2460353.472059471,-2.9731540569774757,2.7304908374676597
2460353.479003997,2.2156274508789737,2.7305323436713134
2460353.485948523,0.6023180057180366,2.7310742044423555
2460353.492893049,5.497119416656963,2.7333783198149715
2460353.499837574,1.3801300966887906,2.730789803442811
2460353.5067821,0.7936379318822402,2.732660924044426
2460353.513726626,-3.292186021789558,2.7305032933235682
2460353.520671152,-1.906860641262547,2.730327548477749
2460353.5276156776,0.8789918262375591,2.7316639730862544
2460353.5345602036,3.47848522626753,2.731585841668304
2460353.541504729,-8.492292493491197,2.728917247675666
2460353.548449255,-6.985253535114892,2.72833022506989
2460353.770674061,-1.0017639969386294,2.7303944528559327
2460353.777618585,3.522104270698938,2.7314892040327927
2460353.784563109,4.06874333525568,2.732053380864094
2460353.7915076325,6.784869601809804,2.73268226651542
2460353.798452156,-0.15706791129561193,2.729854128430969
2460353.80539668,0.9803994461721746,2.731389383644702
2460353.812341203,-0.07551264148081538,2.731418215768942
2460353.8192857266,3.167088163170486,2.7321109083931643
2460353.8262302503,2.6973004352493675,2.7324262916415574
2460353.8331747735,-4.044719835467045,2.7294452887778955
2460353.8401192967,3.7893104107039255,2.735019736532786
2460353.84706382,1.6033157074170505,2.731636389006889
2460353.854008343,1.5407760696293986,2.7344482372964003
2460353.860952866,-3.0738162145555954,2.729828087983877
2460353.8678973895,0.08380664097005952,2.7332215952951144
2460353.874841912,-7.2251656353327895,2.7293913081069197
2460353.8817864354,-1.202584205625351,2.7313767276110426
2460353.888730958,-1.6567252971094328,2.7335901036065766
2460353.895675481,-1.0970374543594352,2.7323118339651664
2460353.902620003,-0.44769339360002425,2.7326775645687316
2460353.9095645263,1.0671330405108876,2.732349651095193
2460353.916509049,-1.1282385941449369,2.732590088229251
2460353.9234535717,-1.8061530777831263,2.731549739574221
2460353.930398094,2.651797792439374,2.732970058954487
2460353.9373426163,4.126087022538758,2.7343611323246413
2460353.9442871385,0.2233104956880072,2.733392972201593
2460353.951231661,0.21580405728762608,2.7328107182707644
2460353.958176183,-1.0049980242566692,2.731594691065108
2460353.9651207053,0.5274496808283353,2.733636878605223
2460353.9720652276,-4.967934892622639,2.7313966333572623
2460353.97900975,3.34999865849562,2.734529887296422
2460353.9859542716,7.472455246819745,2.7339964826168646
2460353.9928987934,-0.2648730737099094,2.7325992469364206
2460353.9998433157,2.479695398889059,2.734422227935717
2460354.006787837,-3.0326517862010594,2.73211657806495
2460354.0137323593,-2.8911953514694457,2.7331051247912566
2460354.0206768806,2.179716832197134,2.7327060831417938
2460354.027621403,-2.8473375430426526,2.732151925683953
2460354.034565924,-3.362181611093212,2.7326286358933474
2460354.0415104455,0.35698776982956926,2.7347260833829634
2460354.048454967,-0.5014473503897192,2.7330888584334896
2460354.055399488,-3.6570920820222224,2.733236235491366
2460354.06234401,-2.8127723374611717,2.731801375459494
2460354.069288531,0.15555464401902952,2.7350698410746817
2460354.076233052,-5.219487978494085,2.732808143684512
2460354.0831775735,-3.7410019761127846,2.7332403809787658
2460354.090122095,-0.6299890543074778,2.7348343148223413
2460354.0970666152,5.531677842208191,2.7375615771932726
2460354.1040111366,2.8340794114875725,2.7364806169490996
2460354.1109556574,6.031483116077345,2.738712780819934
2460354.1179001783,4.162649484255624,2.7366017930022384
2460354.1248446987,0.0956529816811933,2.7345980264072995
2460354.13178922,1.4392330229618746,2.7378300934784523
2460354.1387337404,-0.48214765310704366,2.7349523250484347
2460354.145678261,2.1270033726151136,2.735537907691272
2460354.1526227817,8.636895903271432,2.7375921237562753
2460354.159567302,4.221866448293157,2.7365336120228267
2460354.166511823,0.3138099876149117,2.7363998676829726
2460354.173456343,-1.9934235331980494,2.7344610780592014
2460354.1804008633,-6.257836962121017,2.7315122070635183
2460354.1942899036,-2.8719949464323573,2.732683031768232
2460354.201234424,-3.6593734231730544,2.734912118776981
2460354.2081789444,2.941420254543735,2.735205315212062
2460354.215123464,3.6032121349814465,2.7370132668452367
2460354.222067984,2.017656826156918,2.734616634353825
2460354.2290125038,-1.1695879516740852,2.735512881284292
2460354.235957024,1.2061101909809735,2.734403787720348
2460354.2429015436,0.951547681629062,2.734413828573258
2460354.2498460636,-0.06319747650913744,2.7346917478755217
2460354.2567905835,-3.058003841099792,2.7355884678039746
2460354.2637351025,-2.107171996576081,2.732885275567451
2460354.2706796224,0.9319844649538245,2.735485477534418
2460354.277624142,6.4169065246366905,2.7383639112850275
2460354.2845686614,1.8662872503280847,2.7365532551520815
2460354.291513181,0.4533584075390791,2.734399316718974
2460354.2984577003,0.41145843096927326,2.735623677148835
2460354.3054022193,1.1209841845335848,2.734109122834869
2460354.3123467388,0.8876214746878004,2.7366550456090533
2460354.3192912578,-4.739035889198735,2.733412788214952
2460354.3262357768,-1.9685984133786034,2.7338922798580003
2460354.3331802962,-2.1989236181188927,2.7339329916761876
2460354.3401248152,-1.8603309422988132,2.733884945676166
2460354.3470693342,-2.098078084432826,2.735085016322009
2460354.3540138532,-3.3284595597525293,2.732764588389763
2460354.3609583722,-5.3301191875394975,2.7307155071094944
2460354.367902891,4.064877599576116,2.7367902577701244
2460354.37484741,-1.7698802975082393,2.732036128907611
2460354.3817919283,7.80613505620126,2.733956544357129
2460354.3887364473,-1.1038034135565096,2.733565733689899
2460354.395680966,2.0439372511816467,2.7333555869718342
2460354.4026254844,3.315249832913208,2.7319009151953697
2460354.4095700034,2.6571964722803343,2.7321305821826836
2460354.4165145215,0.1975163109018756,2.732066651920093
2460354.42345904,-1.0442883071690456,2.7308118117125555
2460354.4304035585,0.65805689711501,2.7320013667003846
2460354.437348077,-1.631326547522424,2.7350984886388354
2460354.4442925956,2.3841892873743697,2.7340164165455594
2460354.4512371137,-2.0786872172363067,2.7322093543380883
2460354.4581816318,2.620593834860486,2.7346884121130284
2460354.4651261503,-2.1249049946871534,2.7316588050804573
2460354.4720706684,-1.209943879630515,2.731882434747927
2460354.4790151864,1.8258446920661227,2.7334133248223353
2460354.4859597045,0.7102077742895281,2.7326969150675917
2460354.492904222,5.137043849775431,2.7370547467038544
2460354.4998487406,-1.3168984184960904,2.7346206757906706
2460354.5067932587,-6.7101934283910225,2.731030357263466
2460354.5137377763,-1.9119624885935247,2.7359973809094917
2460354.5206822944,3.8221699284470696,2.7353336604716936
2460354.527626812,-2.4969811350054476,2.7316952281824913
2460354.5345713296,0.7076564007858654,2.73386933333823
2460354.5415158477,-1.1788278926358164,2.73235311065206
2460354.548460365,-0.13614322836645532,2.734497117443236
2460354.555404883,0.6897976161236479,2.734564766778398
2460354.5623494005,0.24479216408198606,2.7328603297176524
2460354.569293918,-5.522758595748769,2.7298947707115375
2460354.576238435,-0.5894037250411961,2.7322626832860077
2460354.5831829533,1.4383987278912915,2.7325368799510614
2460354.5901274704,1.973058220027716,2.7318272998602775
2460354.597071988,-1.1634699188462738,2.7318249998646835
2460354.6040165056,-5.769397737058027,2.730675702050107
2460354.6109610223,-1.1772632503421807,2.730950316771192
2460354.6179055404,2.1085808605169434,2.7329589528254306
2460354.6248500575,-5.69924417091666,2.732101879086709
2460354.631794574,1.016349041779492,2.7338900920037634
2460354.6387390923,0.7792570756379825,2.7343370931514173
2460354.6456836094,-5.767928857139729,2.732439370543222
2460354.652628126,1.6409922410458628,2.735154052364026
2460354.6595726437,1.450243592027559,2.7376494681638355
2460354.6665171604,8.615784271337713,2.745869063695022
2460354.673461678,0.8956672874072722,2.754669551083851
2460354.6804061946,1.1549714023018542,2.7705851189569373
2460354.6873507113,-2.1330752476904906,2.7857612678757526
2460354.694295229,4.786178713011524,2.80657947892481
2460354.7012397456,1.0838091176058149,2.8317233458926907
2460354.7081842623,3.3771664164842723,2.8650072091993013
2460354.7151287794,1.4920809939320718,2.9025847329467216
2460354.7220732966,5.021226036764214,2.9497072319948043
2460354.729017813,-1.5110280740825244,2.997963496290039
2460354.73596233,1.0867739136823824,3.0554094024577583
2460354.7429068466,2.152103463207516,3.120341265624979
2460354.7498513632,1.571005577175866,3.193810460314513
2460354.75679588,3.8244059846508405,3.2750520354490127
2460354.7637403966,-2.278559751649306,3.360229036035534
2460354.7706849133,1.2524667877707358,3.4474715146921286
2460354.77762943,-0.9838211945639255,3.5364201902297574
2460354.7845739466,-1.65342875683449,3.619736103601529
2460354.7915184633,-7.582856355088456,3.702800245050479
2460354.79846298,2.1209498638340794,3.7882555372140594
2460354.8054074966,-0.6742334755516239,3.870480057014312
2460354.812352013,-6.680533326320363,3.954445198723939
2460354.819296529,-5.015152683271236,4.037419502849351
2460354.8262410457,0.40189456001060764,4.117383431314355
2460354.8331855624,2.2741877030530437,4.195097971039682
2460354.840130079,-0.9705673062435799,4.266130248985309
2460354.847074595,-0.1725506788466168,4.329890820991252
2460354.8540191115,-0.4463498220987264,4.3927870225040335
2460354.860963628,4.207291881856188,4.453126496253633
2460354.8679081444,1.7083186815454876,4.509369969158645
2460354.8748526606,-0.4406581672006631,4.563368598572465
2460354.8817971773,-2.3466725005624274,4.61678158455151
2460354.888741693,-0.6945539779811245,4.670197591001686
2460354.8956862097,-1.28777310289062,4.718843343467889
2460354.9026307254,3.016378990070195,4.7667744798903735
2460354.909575242,-1.6858408061331271,4.811857309085256
2460354.9165197583,-5.389141579215297,4.855594375456818
2460354.9234642745,0.5501119621458186,4.900975833856125
2460354.9304087907,-5.363786332134399,4.941253563994326
2460354.937353307,-0.18021194155489195,4.981792938580883
2460354.9442978227,0.8866815632878973,5.0239847187672355
2460354.951242339,-2.876560078346814,5.063458997168971
2460354.958186855,-1.1557867201376815,5.10261008013909
2460354.9651313713,3.086571338347487,5.142395854519019
2460354.9720758875,2.2736265803893105,5.1808984287688835
2460354.979020403,-2.7660197131420583,5.217434293188014
2460354.98596492,2.118593855491852,5.256206638889834
2460354.9929094356,2.6588203904112704,5.292175318560903
2460354.9998539514,1.9462309518563279,5.329864498712123
2460355.0067984676,4.023873241201497,5.365598832005198
2460355.013742984,-0.20168653464624509,5.397661964271123
2460355.0206874995,2.825994591345907,5.430367662771392
2460355.0276320158,-3.5824408112809136,5.4569186977124575
2460355.0345765315,4.118172044288493,5.487195154893303
2460355.0415210477,-0.6401756075252243,5.514003247423009
2460355.0484655635,-6.011539630737794,5.542463290712128
2460355.0623545954,-5.478593957852774,5.6048796485989065
2460355.0692991116,-4.595117095903564,5.639786963172351
2460355.0762436274,-0.621204042456035,5.675672122312388
2460355.083188143,6.114686798327958,5.713989102840951
2460355.0901326593,5.806739636138909,5.751483890762077
2460355.0970771755,3.1018167083376964,5.789033845088017
2460355.110966207,3.5288324744525266,5.866333316232043
2460355.1179107227,0.49808932846923715,5.904032118568257
2460355.124855239,2.6789663309023948,5.943044259965803
2460355.1317997547,-5.5776971027158515,5.979693751417233
2460355.1387442704,-4.413459611230377,6.013544778654112
2460355.1526333024,1.3088848516182547,6.077893012225612
2460355.159577818,-5.041003669092511,6.102367838666184
2460355.1665223343,-1.0324701507016019,6.127230467933869
2460355.180411366,-3.342155356799583,6.166804548068781
2460355.1873558816,-0.6905692261819016,6.180568720651053
2460355.1943003978,1.2088320764260714,6.191668312603397
2460355.2012449135,3.343664316826094,6.2013869080963495
2460355.2081894292,-5.535909784329849,6.208888138340305
2460355.215133945,-3.3485004098701796,6.217429545399057
2460355.2220784607,3.6730844963197757,6.221688426504312
2460355.229022977,6.944028490735642,6.227080582453507
2460355.2359674927,-1.4212194454654654,6.22423994398896
2460355.2429120084,3.975893884931637,6.221914279765444
2460355.249856524,0.48636409327927926,6.217965944024613
2460355.2568010404,7.81930707731725,6.211051186152106
2460355.263745556,0.023443953951902685,6.202351864186599
2460355.270690072,-2.7621745060256404,6.195339937579408
2460355.284579104,-0.7013980915023832,6.1824980965689535
2460355.2915236196,-1.2784704964967255,6.176142568805172
2460355.2984681353,-0.13483785387492064,6.171299273882577
2460355.3054126515,-6.139220086958209,6.166292539505215
2460355.3123571672,0.007367713186849034,6.159990900989819
2460355.319301683,5.123810567682785,6.157114491794893
2460355.326246199,0.3883462809875666,6.152940206934961
2460355.340135231,0.9522105325948518,6.14563777493215
2460355.347079747,1.6571703618278364,6.144073740283275
2460355.3540242617,-2.0701918956096996,6.140180425211452
2460355.3609687774,2.3491991550047313,6.140681513821508
2460355.367913293,4.664670709007405,6.140251618434832
2460355.3748578094,-2.207265850751537,6.13824516740731
2460355.3818023256,4.193373188742223,6.141447616295203
2460355.3887468413,2.9917237488720345,6.141520184231201
2460355.395691357,5.473076499127728,6.143926784470158
2460355.4026358733,1.6205245516544613,6.145356506496154
2460355.409580389,0.8841752264651399,6.1442549710184835
2460355.4165249052,2.8995070166422603,6.146094568835477
2460355.430413937,-4.548437816870504,6.14338030569062
2460355.4373584534,-1.764635135582484,6.145747290753179
2460355.444302969,0.9201976393675079,6.146168575378517
2460355.4512474854,-4.3902287514250045,6.145784593571926
2460355.4581920016,0.562525590573264,6.146784871689264
2460355.4651365173,-2.630737297137105,6.146327683475614
2460355.4720810335,-0.9996519946617843,6.1477762382321215
2460355.4790255497,1.5370869583989841,6.148832639595568
2460355.4859700655,-6.185897905704051,6.1472869725346735
2460355.4929145817,5.25659152408544,6.1500802746454175
2460355.506803614,4.401554166237951,6.14490130573116
2460355.5137481303,8.341196547778958,6.141909665795942
2460355.5206926465,7.651641624756239,6.137117690522094
2460355.534581679,-4.4352934877032055,6.120193052731217
2460355.541526195,-1.9481002474793279,6.111669776219877
2460355.5484707113,1.2709739120289245,6.102293470869807
2460355.5554152275,2.510038691448416,6.090833525150664
2460355.5623597438,0.6721752003515145,6.080023632667271
2460355.56930426,-0.840538822352592,6.068660118306624
2460355.576248776,0.11271144192992777,6.05886639583581
2460355.5831932924,-1.7733912749084904,6.0483661237894575
2460355.6040268415,-3.8141088328920323,6.018559103922782
2460355.610971358,-0.6131444411156841,6.010627339998041
2460355.617915874,1.6795079183605366,5.999614594910695
2460355.631804907,2.71866526424147,5.98045746004819
2460355.638749424,-1.5488541832581504,5.969828591204173
2460355.6526384563,0.21092686903024904,5.955649621385867
2460355.659582973,6.948307167932956,5.948547677279019
2460355.666527489,-0.9838282201279369,5.939288242777813
2460355.673472006,-1.458024061395306,5.9335950213899435
2460355.680416522,-4.852486929465423,5.927905042678931
2460355.6873610388,-3.9800090918721494,5.923946050360246
2460355.701250072,5.724462188903689,5.917654111668671
2460355.7151391055,9.525301174169819,5.914294324642569
2460355.722083622,-1.4268931218232976,5.910966082034517
2460355.729028139,0.018265271644465564,5.910567725695052
2460355.7359726555,-5.211730690311699,5.909075753767777
2460355.742917172,-5.029199736888858,5.907165601894927
2460355.7498616893,1.034306689873655,5.905273242504193
2460355.756806206,2.7949353013322957,5.905572701431956
2460355.7637507226,5.428139365469242,5.907329466110795
2460355.77069524,4.601205227650771,5.906980099647899
2460355.7776397564,-4.663717532209684,5.9068085688034415
2460355.784584273,2.36070466133052,5.909905448715398
2460355.79152879,4.561764071310314,5.911204970617507
2460355.7984733074,0.038158386545080525,5.912419124587221
2460355.805417824,2.609718273309835,5.916492967066193
2460355.812362341,4.946226429244261,5.916528223750077
2460355.826251375,-5.270319957541941,5.91693306648214
2460355.8331958917,-0.1068004112625709,5.91677708617267
2460355.8401404093,-4.1668506777113326,5.9146621997438515
2460355.847084926,-3.701252371383411,5.911190468485575
2460355.854029443,-2.310212019937399,5.9077112428452905
2460355.8609739603,4.632561180301745,5.904245947472354
2460355.867918477,2.5521818878304354,5.896118860119718
2460355.874862995,-2.4471034357170307,5.890357469865247
2460355.881807512,-6.774166797631583,5.8795727776272555
2460355.888752029,0.6397511263438043,5.873436799632841
2460355.8956965464,-2.7442718031876354,5.859840176328725
2460355.9026410636,0.4496109036844542,5.8493881417666325
2460355.9165300983,-4.051158524710943,5.819220481379644
2460355.923474616,2.0409395772448993,5.807540683327919
2460355.9304191335,-3.2090027782752646,5.7923790292855
2460355.9373636506,1.0741070931387922,5.777492465385827
2460355.944308168,7.0751025738022815,5.7616260170905305
2460355.951252686,7.599781972255104,5.744926860641442
2460355.958197203,-0.9514882735629207,5.724791908219113
2460355.9651417206,-1.102794173940079,5.707338878618283
2460355.972086238,-1.2649293016487155,5.689671082356334
2460355.9790307563,-3.246332688637702,5.669031437979995
2460355.9929197915,3.4840836758247176,5.636085543980131
2460355.9998643086,2.355668581229106,5.617315405767619
2460356.0068088267,1.7206800336499701,5.598269299527414
2460356.0137533443,-1.3413151132917207,5.5821659133046415
2460356.0206978624,0.02912611955617228,5.565325528115706
2460356.02764238,-6.532307627543524,5.546529076775865
2460356.0415314157,6.349959300563296,5.5185803487339955
2460356.0484759337,-2.4416571744069864,5.502831064471202
2460356.0554204513,1.0116201353374827,5.486033672144436
2460356.0623649694,-2.6712887410840755,5.468275437345366
2460356.069309488,0.791685949570565,5.450435405577164
2460356.0762540055,3.181558412343293,5.435598329008538
2460356.0901430417,1.3602474024310451,5.407051187501
2460356.09708756,-4.229572369496276,5.392922635762485
2460356.1040320783,3.784202668184322,5.381758024829758
2460356.1179211144,5.076045924226873,5.3570720423452345
2460356.131810151,5.087186087477676,5.331977258883245
2460356.1387546696,-1.9710731457116126,5.315709965705278
2460356.145699188,-0.37390019918215733,5.300586439898287
2460356.152643706,1.7628556337061005,5.28819400757792
2460356.1595882247,0.971472198557037,5.271905367662247
2460356.1665327433,1.3781418232140712,5.255734980722747
2460356.173477262,-1.3902779895599457,5.238455576361694
2460356.1873662984,1.9454481768226022,5.208487771118876
2460356.1943108174,-1.2929487512485083,5.192543473355955
2460356.201255336,-0.06094267243513629,5.177088928086861
2460356.2151443735,-7.1018245469655135,5.147967530886845
2460356.222088892,-0.9820052418706715,5.1373363143406765
2460356.2290334105,1.7078894652919319,5.120200568361658
2460356.2359779296,-4.673861262760383,5.100250161438672
2460356.2429224486,3.159341188663976,5.082935710222643
2460356.2498669676,-4.613587096694557,5.063225897970535
2460356.256811486,-3.276858985283137,5.044731877903039
2460356.263756005,4.977790491510226,5.027941528766931
2460356.270700524,1.1750945444828742,5.010202311922618
2460356.284589562,-9.131746269714007,4.972216880788152
2460356.291534081,0.13004060312087384,4.954125389448487
2460356.2984786006,-1.9627785300292833,4.936113970331235
2460356.3054231196,6.086316562308522,4.919527516900863
2460356.3123676386,1.3310260576619901,4.903186576794201
2460356.3193121585,7.4932965548496675,4.88349061679612
2460356.3262566775,-0.7417520658274654,4.865407177243307
2460356.333201197,-8.915855787290404,4.849345218806228
2460356.340145716,-3.627986374390516,4.834026554674186
2460356.3470902354,6.1199182615820655,4.816666610178853
2460356.354034755,3.166834723679046,4.802756205200347
2460356.3609792744,-5.219952912212106,4.786047713482675
2460356.367923794,3.2941759194565443,4.772992240711534
2460356.3748683133,-0.11708739227169707,4.7594691110991585
2460356.3818128332,3.9399503388209247,4.748583887292039
2460356.388757353,9.473915043930395,4.738418215705365
2460356.3957018727,1.3717480869171745,4.725526566210667
2460356.4095909116,0.1900018791371929,4.704205879873228
2460356.4165354315,-4.306961415499968,4.693909617447948
2460356.4234799515,-2.684038205867099,4.687729915316713
2460356.430424472,-2.5839839320417273,4.679322328855239
2460356.4373689913,-3.6580573669101923,4.672165313690052
2460356.4443135113,2.1704492531970483,4.6667150986485995
2460356.451258031,3.3402225517320803,4.6610147230848975
2460356.4582025516,3.919773785352045,4.656989573806803
2460356.465147072,0.5765196296846955,4.651157376067861
2460356.4720915915,-2.4621623697425403,4.644708244711918
2460356.479036112,1.669408109257363,4.640484088969026
2460356.485980632,-3.2333247373398173,4.6362996307916795
2460356.492925152,2.072533937648464,4.631745871333348
2460356.499869672,-2.8816714244333603,4.627795625358735
2460356.5068141925,1.9588283707087237,4.622988378611527
2460356.5207032333,1.2602918114578876,4.614874204394767
2460356.5276477537,-3.4601466756852295,4.610066932224236
2460356.534592274,3.8432147167960293,4.606811348573155
2460356.541536795,-3.5796641600903714,4.5989717815738755
2460356.5484813154,4.442309799407661,4.596576196165705
2460356.5554258362,7.379629208776066,4.592580060171554
2460356.5623703566,4.348065041741769,4.586199068240848
2460356.569314877,-2.137587808924991,4.579409890607593
2460356.5762593984,-2.7889760926691247,4.573701356564441
2460356.5832039188,0.3319126098783083,4.5687630055530075
2460356.5901484396,-2.076252049780574,4.563514102560718
2460356.5970929605,6.14835563783887,4.560343445465402
2460356.6040374814,-3.8030490146764606,4.553378508563844
2460356.610982002,1.3101035030009354,4.551262222602736
2460356.6179265236,-3.2707403445572467,4.5455445181333936
2460356.624871044,0.9673183191321177,4.544161607436284
2460356.6318155653,-2.0165569400688437,4.538360080404112
2460356.6387600866,1.7515847297120024,4.536030736410024
2460356.6457046075,0.7622702903297188,4.530493834583136
2460356.652649129,4.33436247204454,4.528401926502176
2460356.65959365,-6.138249882597645,4.523761382451128
2460356.6665381715,5.121252676670959,4.519108193465202
2460356.673482693,-6.620136690601539,4.513404003855149
2460356.680427214,2.1724865820230086,4.509919237153229
2460356.6873717355,3.3197784530375776,4.506514903144162
2460356.694316257,-8.25127665665401,4.501491528148594
2460356.7012607786,5.717913721825415,4.500812875787629
2460356.7082053,-1.3317159338476139,4.494634247284464
2460356.7151498217,-1.364179299699189,4.491725375659675
2460356.7220943435,0.30155245799108865,4.489175796756557
2460356.729038865,-1.0300456927994077,4.484953317781483
2460356.7359833866,-0.6981744350234957,4.48308827221443
2460356.7429279084,-3.665146027406319,4.481203409118693
2460356.74987243,-6.243728202316229,4.476040835324019
2460356.756816952,-1.6636032195065573,4.473484861973511
2460356.7637614743,5.732055849414742,4.47217779511117
2460356.7707059956,2.884774821384195,4.467454503765415
2460356.777650518,0.00907989948170762,4.464747960610544
2460356.78459504,2.5191679308056525,4.463090545900015
2460356.7915395624,2.601593364937057,4.459526663358085
2460356.7984840847,-5.172291859049556,4.456718665875047
2460356.805428606,1.9404800614282052,4.456603370912567
2460356.8123731283,-2.116620286467112,4.455651960113993
2460356.8193176505,3.279861608406848,4.453404984694949
2460356.8262621737,5.547856891039716,4.452648923883363
2460356.833206696,-2.478883175666119,4.447511405528915
2460356.8470957405,1.6555581185811525,4.4434349988659365
2460356.854040263,-3.630524359156631,4.438569037593952
2460356.8609847855,-0.4646814038976774,4.432969575916234
2460356.867929308,4.384757444462714,4.429507199639857
2460356.8748738305,4.8812608250503375,4.425023370173107
2460356.8818183537,-0.4883288122130862,4.418694168457503
2460356.8887628764,-0.7146890131153767,4.414497045474754
2460356.895707399,0.3148321890177068,4.40774469310098
2460356.9026519214,0.949577501975504,4.399889672562554
2460356.909596445,2.936819610076603,4.394051497582558
2460356.9165409678,7.369405772316741,4.388689522178292
2460356.923485491,-4.613607921899499,4.376736983404556
2460356.9304300137,3.7780519407723014,4.369425442717695
2460356.944319055,-3.8576977370406498,4.351603620104538
2460356.9512635786,1.7885079792695184,4.345046257890014
2460356.958208102,-7.009251471480208,4.335731519183874
2460356.965152625,4.238274820232232,4.330784887008133
2460356.9720971487,-0.6690237680409554,4.321133810081071
2460356.979041672,2.967503742665684,4.315825407940911
2460356.9859861955,0.10972482124292338,4.306523050926508
2460356.992930718,1.0823497801654498,4.2998715955067395
2460356.9998752424,-4.8395263623581295,4.290167886859714
2460357.006819766,-0.012129017350841487,4.283999116046436
2460357.0137642897,-1.0447141182159845,4.274715438547523
2460357.020708813,-2.8509774466497557,4.266446919501144
2460357.0276533365,1.150509185971174,4.262072140476435
2460357.0345978606,-2.918651762922174,4.251933590703376
2460357.0415423843,0.2548281361509229,4.244443158111786
2460357.048486908,-4.573092522469689,4.239565228961818
2460357.055431432,-4.670408262443029,4.2346251684721095
2460357.0623759557,9.086041543749907,4.2331207560033945
2460357.06932048,-1.4812867077049985,4.224681619703309
2460357.076265004,-0.7586635673848101,4.221776631371934
2460357.083209528,6.533020132080363,4.217919799422084
2460357.0901540522,3.6833987387595455,4.214143483900724
2460357.0970985764,-2.105549894604181,4.206180202389066
2460357.1040431005,6.27749277995293,4.201491261947118
2460357.110987625,0.4420511734785353,4.1973561167961
2460357.117932149,-3.8909977479495352,4.190557527271366
2460357.124876674,2.7534110836417978,4.187083529251789
2460357.131821198,-0.8718804029658966,4.183147670151814
2460357.1387657225,0.24880280982258307,4.177665393620507
2460357.145710247,-2.0886444825009858,4.173589511394535
2460357.1526547717,-7.7537799754110655,4.166804719354381
2460357.1595992963,3.368360466061481,4.166384281932073
2460357.166543821,-6.540494783836844,4.158930281109637
2460357.173488346,-1.668055696066499,4.152203785719365
2460357.1804328705,-3.6912999808589295,4.14984913595298
2460357.187377395,-3.5348508151240194,4.1445289975362725
2460357.1943219206,8.276409651352253,4.144143122742752
2460357.201266445,0.6874091562063986,4.138364362996351
2460357.2082109707,-0.4870496674870517,4.134748280075212
2460357.2151554953,2.176151116569645,4.132509083202422
2460357.222100021,1.2460364128721118,4.129171381417472
2460357.235989071,0.1345901811494336,4.121642206677489
2460357.242933596,-3.5735458072115938,4.117520347858709
2460357.249878121,4.036960670800061,4.114584417255076
2460357.256822647,-9.57424494925316,4.105464855039787
2460357.2637671717,-4.377656175114985,4.100999617198126
2460357.2707116976,3.295863140572727,4.095503051411337
2460357.277656223,2.004108263728217,4.087662808131219
2460357.284600748,0.2673204372401381,4.078974659706532
2460357.291545274,-0.8875571759887086,4.067813676733473
2460357.2984897997,6.162205577463702,4.061232329439578
2460357.3054343252,1.0339740282555145,4.049014647800584
2460357.312378851,-2.239489958878441,4.0373479363836635
2460357.319323377,-6.3247846933142995,4.024496974138613
2460357.326267903,-4.722179304615024,4.014381184843707
2460357.333212429,-4.5294723367049246,4.00337042708332
2460357.340156955,2.417251602011209,3.993068326968972
2460357.347101481,-0.9416802467360567,3.981279731214734
2460357.354046007,4.637385080302634,3.972399855933092
2460357.360990533,-0.4229205899713522,3.961084721834298
2460357.367935059,4.284135775901723,3.9510892373286843
2460357.374879585,-2.2004203716472746,3.939366868177665
2460357.381824112,4.774685405129906,3.931271865655378
2460357.388768638,0.08671787426960975,3.9215630089910527
2460357.3957131645,2.3009062030525134,3.912673186074953
2460357.402657691,2.6757884228186137,3.9035047219048984
2460357.4096022174,-0.4352495990276939,3.8964136195840844
2460357.416546744,-1.8014678908923372,3.886086567921384
2460357.4234912703,0.08037161435695772,3.8794515062667436
2460357.430435797,-0.9335710781615492,3.873212333630263
2460357.4373803237,-5.058634388654027,3.864603300420409
2460357.4443248506,-2.9230760918043646,3.8592891279045216
2460357.4512693775,2.283625742074446,3.853078843321858
2460357.4582139044,2.1521062449490094,3.8473179836335945
2460357.4651584313,3.617241557414053,3.8431015965367603
2460357.4721029582,-0.7798650062332717,3.8358278775972043
2460357.479047485,-0.09474452861527372,3.831269407285122
2460357.485992012,-0.249832525870322,3.8290037981320104
2460357.4929365395,0.6099235091616664,3.825338279558908
2460357.4998810664,2.3547800203022233,3.8205657631441556
2460357.5068255938,-0.21613379980361658,3.8176919089542065
2460357.5137701207,-1.941002078604811,3.8132607905972478
2460357.5207146485,-4.338577250380383,3.8094742207369134
2460357.5276591755,-3.953983117402376,3.805825888244161
2460357.5346037033,-2.1624257336198807,3.807618180925948
2460357.5415482307,1.471797875976694,3.8031412344505493
2460357.548492758,1.4634899764094866,3.797719974712704
2460357.555437286,8.67009184234917,3.797423398277774
2460357.5623818133,3.060556517257506,3.791780846691864
2460357.569326341,-3.657984352943234,3.78685481448365
2460357.5762708685,-3.699506512477106,3.7831699424888234
2460357.583215397,0.9863591955563806,3.780034227330457
2460357.5901599247,1.5961870231821331,3.7791751248075514
2460357.5971044526,2.328952174119158,3.776491948660434
2460357.604048981,-2.697774759022273,3.7700325173131133
2460357.6109935087,-2.7662771023856054,3.766492410426254
2460357.6179380366,-3.6622964865144256,3.76303030244627
2460357.6248825644,1.4697826109316394,3.760955825322624
2460357.631827093,0.3922628904806874,3.756655174144233
2460357.6387716215,-3.849971537660886,3.7515684317261067
2460357.6457161494,0.3088965185598327,3.748303752806947
2460357.6526606777,3.3295564349299545,3.7458487239839573
2460357.6596052065,0.09738571217603575,3.7417936928713664
2460357.666549735,-0.44424400824176,3.7380534051483125
2460357.673494263,2.4923500708940574,3.7343677318136823
2460357.6804387923,-7.702057950963097,3.729003015951475
2460357.6873833206,2.289494665289838,3.7276022550303964
2460357.6943278494,-3.278788170301803,3.722176656710978
2460357.701272378,0.9490431837234086,3.7180780589440405
2460357.708216907,5.751817582572136,3.713701508294299
2460357.715161436,0.5737022623097416,3.708834231131212
2460357.722105965,-2.660675495812278,3.7032318630215566
2460357.7290504933,7.404584195377134,3.7016272864909734
2460357.7359950226,1.7636662493426412,3.6966251510834294
2460357.742939552,-1.7752234466044488,3.690266205406351
2460357.7498840806,-5.988162057260676,3.6850113129009436
2460357.75682861,0.5505733178180341,3.6819156180891848
2460357.7637731396,0.4238548535975881,3.676099567410086
2460357.770717669,2.2913748203065905,3.676426021541106
2460357.777662198,5.791668388814568,3.670705665067842
2460357.7846067273,-0.730097933523238,3.6628549094300467
2460357.791551257,-0.7334506733541688,3.659013419640015
2460357.7984957863,-2.1841188092475425,3.655602217629355
2460357.805440316,-3.168618346165992,3.6531924855236917
2460357.8123848457,6.122606293503537,3.654765814159217
2460357.8193293754,-0.9810898869638053,3.6512335735213415
2460357.826273905,-2.8121452994560228,3.6486932684090285
2460357.833218435,1.700158446033731,3.649531027349839
2460357.840162965,-9.441342631741062,3.646035093111991
2460357.8471074947,1.061490934405903,3.6454023528638264
2460357.854052025,-0.9714134562383809,3.6450513822868764
2460357.8609965546,2.901899923779883,3.6446411029243646
2460357.867941085,1.0847551450253605,3.6421182222906583
2460357.874885615,8.464889240271493,3.641627667203395
2460357.8818301447,2.390214220432244,3.6402051759434624
2460357.888774676,5.8141905526399995,3.638200006866091
2460357.8957192055,-4.111636744963155,3.6356059966446193
2460357.902663736,-8.668382757663647,3.6303971348962367
2460357.909608267,-2.799580648250301,3.630974987401826
2460357.916552797,-2.0225057305879237,3.6288716118193727
2460357.9234973276,0.3673973127134731,3.624594058859513
2460357.930441858,4.13732621205705,3.623759582770101
2460357.937386389,4.037675218789803,3.621227576505852
2460357.9443309195,-1.293608641516513,3.6156355380529432
2460357.9512754506,-1.5531299492866488,3.6129798810770306
2460357.958219981,-2.1369992799419926,3.6071986690626257
2460357.965164512,0.04673559319943932,3.6031693695852307
2460357.9721090426,-2.9597035483225818,3.5972522408335053
2460357.9790535737,1.392808026839143,3.5958734616945596
2460357.985998105,-2.45991097281561,3.591335152859644
2460357.9929426364,-7.236572616915463,3.586486948987868
2460357.999887167,-0.453910374030853,3.5835396385358274
2460358.006831698,3.8339595743325474,3.583402969172784
2460358.0137762297,3.101268403537355,3.5795255020133143
2460358.020720761,4.825939617803151,3.5762267547277093
2460358.0276652924,1.1936224632082337,3.5739708174995237
2460358.034609824,-2.782070579591682,3.5682844243159892
2460358.0415543555,1.7948907807022474,3.565053604402243
2460358.048498887,-7.5859148832845404,3.5594008118153826
2460358.0554434187,-2.870143937902445,3.556347523132168
2460358.0623879503,5.16725960404565,3.5540175170081523
2460358.069332482,0.8809853481999408,3.548479716916922
2460358.076277014,1.5091704903199785,3.544470817471883
2460358.083221546,-3.6590149204547897,3.5399123642783685
2460358.0901660775,1.9593990286217675,3.5390515593461855
2460358.097110609,0.4646420866772578,3.535519046858848
2460358.1040551416,4.516445773432966,3.533627878118995
2460358.1109996736,1.9412767734671252,3.529358067469889
2460358.1179442056,1.7077650958977004,3.524080409766101
2460358.124888738,2.5034502654600472,3.5196314153533272
2460358.13183327,-0.8292684970451675,3.5170715806436976
2460358.138777802,-1.660372258046094,3.5136909275534323
2460358.1457223347,-0.5657847230128333,3.507663621168146
2460358.1526668672,-1.7868540679524296,3.5051487304085165
2460358.1596113998,2.7003173043853543,3.5032171551874374
2460358.1665559323,1.1400163534008936,3.5010173990529236
2460358.1735004648,-3.0842259139352217,3.4984564564602287
2460358.1804449973,-0.8065768680997345,3.4946728101544866
2460358.18738953,-1.3805605392940112,3.4932338887464933
2460358.1943340627,-3.4815732430511748,3.4927152566932524
2460358.2082231287,-4.986044798825922,3.4900493537677346
2460358.2151676617,1.8681127769624608,3.4944198395914228
2460358.2221121946,2.6668009228591054,3.493848379977758
2460358.2290567276,3.1824003703750314,3.4942686018975047
2460358.2360012606,-3.7097401464086963,3.49275015194512
2460358.2429457936,3.77286329214137,3.494789657624633
2460358.249890327,3.7604664403390755,3.4937340066028395
2460358.2568348604,5.225584275052635,3.494687438375856
2460358.263779394,-0.2010688346215792,3.4904980485537767
2460358.2707239273,4.714657509882489,3.4935851187249587
2460358.2776684607,6.546403582773127,3.4889961109683316
2460358.284612994,1.327415184388823,3.4829201706042068
2460358.2915575276,3.450977268142766,3.4803253439614408
2460358.2985020615,0.41590161321994623,3.473816344506341
2460358.305446595,-5.754314088358195,3.4682508539379864
2460358.312391129,-3.073316287769843,3.461395231822013
2460358.3193356623,1.1206137407181063,3.4545189806701733
2460358.3262801967,-5.161978273474713,3.444687349743205
2460358.3332247306,1.608490196640789,3.4379488568891037
2460358.3401692645,0.48989090773597505,3.4295503782971912
2460358.347113799,-4.08341932311668,3.421566064915065
2460358.3540583327,-0.3181737216938261,3.4099421948750717
2460358.3610028666,0.6043826251021822,3.404187404505581
2460358.367947401,-0.8563719261408549,3.3937976368138596
2460358.3748919354,-3.8481370668662764,3.385024451505842
2460358.3818364698,1.6815368949650087,3.377722946325337
2460358.388781004,-5.483287818148407,3.3687777423474006
2460358.395725539,-4.732378986565494,3.3637416136379987
2460358.402670073,2.2534451851236432,3.357385353221746
2460358.4096146077,3.475028248587864,3.3497510701290785
2460358.4165591425,-1.5762023855601333,3.344114313886031
2460358.423503677,-0.646245569842028,3.338509388081252
2460358.4304482117,2.4997552019639047,3.334745188282254
2460358.437392747,-0.5347859415004708,3.329902172858782
2460358.444337282,-1.5923024441885205,3.3238136777800276
2460358.4512818162,0.9786142852457644,3.3220715591282413
2460358.4582263515,1.380109365225198,3.3185271021281637
2460358.4651708864,2.0142344663100173,3.3149361880456216
2460358.4721154217,-2.445953934089327,3.3115540371313883
2460358.479059957,2.1068844084159712,3.311324384769646
2460358.4860044923,7.346269497890798,3.31052980690129
2460358.4929490276,6.09563458365613,3.308405499549087
2460358.499893563,-1.6345105472266954,3.304857600879289
2460358.506838098,-2.4984153698635625,3.3038540522066775
2460358.5137826335,-1.0262156254894244,3.303799389745285
2460358.5207271692,0.3200624158762604,3.305565321276317
2460358.5276717036,-1.32755414140729,3.3069687935959315
2460358.534616236,-2.9025503023290997,3.305070615698783
2460358.541560772,-5.953694364977115,3.30463873040307
2460358.5485053076,0.5692421830387039,3.307720851424793
2460358.5554498434,3.3390445720965483,3.309785689728121
2460358.562394379,7.281929852008924,3.311194758930362
2460358.5693389154,1.6902979711926092,3.309540781950648
2460358.576283451,-5.060443098932345,3.3090616537429405
2460358.583227988,-1.2542954829537112,3.3116331209602023
2460358.5901725236,-1.4402358768043682,3.310993292216352
2460358.5971170603,-6.797494470624533,3.3100787312747397
2460358.604061596,2.7270233128498083,3.314035523034226
2460358.611006133,2.8537246983071713,3.3139740193774276
2460358.6179506686,-2.094517315944735,3.3118342924686353
2460358.6248952053,-3.659639008474284,3.3121909775513463
2460358.6318397424,-1.933552664587633,3.31236840930395
2460358.638784278,0.8670377489443041,3.3123129894992718
2460358.645728815,1.657652734100624,3.311303197534708
2460358.652673352,0.5755118164055719,3.3101305591674994
2460358.6596178883,2.7631314484191583,3.308985219795162
2460358.666562425,3.2459162121501297,3.3094252886501656
2460358.673506962,-2.308830038109794,3.307388837293553
2460358.687396036,0.3056738525613394,3.308525375510763
2460358.694340573,-2.8375549051179694,3.3055620755515123
2460358.7012851103,-1.6515836749613317,3.3048770568777353
2460358.7082296475,-3.3987353396730136,3.3036382257422248
2460358.7151741846,-0.13456553087743206,3.3051881096720535
2460358.722118722,-0.3327672146029603,3.3033148918922013
2460358.729063259,4.195536726173113,3.3034761002761415
2460358.7360077966,1.0652202460495492,3.3034454486403764
2460358.742952334,-2.034275707969119,3.3024834434792507
2460358.7498968714,-1.4298865575758972,3.303733944880484
2460358.756841409,-1.2283009361949424,3.3021033454037343
2460358.7637859466,-0.4471152638743576,3.303165443921938
2460358.7707304847,-4.994911327545455,3.300918911272863
2460358.7776750224,4.6846059105413485,3.3038071400457327
2460358.78461956,-7.744902056850693,3.300410211509457
2460358.791564098,-2.2458410288007773,3.3005035244417957
2460358.798508636,1.642837118921006,3.3021184656234346
2460358.8054531743,8.073861190032204,3.3020493879024646
2460358.812397712,1.339702119531518,3.2993194146261824
2460358.8193422505,2.9724302106042892,3.2970725657651063
2460358.8262867886,5.46636837447314,3.2963314153320016
2460358.8332313267,0.02981223099614494,3.2947000206423707
2460358.8401758648,-7.0973562611467,3.291531859997141
2460358.8471204033,-5.435476838064334,3.292127700421432
2460358.854064942,-3.7034076143922654,3.2892970326117776
2460358.86100948,1.7282248042017003,3.2895388606371045
2460358.867954019,2.83823270276448,3.2902301746426907
2460358.8748985576,-0.30221532447643096,3.287638862305503
2460358.881843096,-0.4768583962923425,3.2886039636478306
2460358.888787635,0.5223955763982269,3.2868519187454273
2460358.8957321737,3.9313179972592476,3.2878727763326636
2460358.9026767123,2.222990451068599,3.287714263447228
2460358.9096212513,-5.120356206026777,3.2832905991807118
2460358.9165657903,-2.9015268829086702,3.282937634171257
2460358.9235103293,-3.0541475474282924,3.2824899361119986
2460358.930454869,0.9611500050308908,3.2823490164232356
2460358.937399408,0.801041564744606,3.2827112345504914
2460358.9443439473,-3.62594149122641,3.278383001024203
2460358.9512884864,0.1704693634149821,3.279471239990134
2460358.9582330254,2.513715451262628,3.279082816447063
2460358.9651775653,4.0066011232063685,3.2760269571341794
2460358.972122105,0.13935473639282403,3.2721407721889406
2460358.9790666443,-4.412714363879768,3.270405068191596
2460358.9860111834,1.6741576539917014,3.2694198991109285
2460358.992955724,-2.8201026339400426,3.2667490968534483
2460358.9999002633,4.265049482542813,3.2701766767447453
2460359.006844803,3.9664456456279757,3.2665475206982584
2460359.013789343,3.787789193590693,3.264958025338668
2460359.0207338827,-0.48489171573295897,3.260565352350747
2460359.027678423,5.2004400606885435,3.261176478949294
2460359.034622963,1.368085487189433,3.259244141438393
2460359.041567503,0.7899232749053376,3.2572940674014674
2460359.0485120434,0.3533150224287178,3.256895200848897
2460359.0554565834,4.141854643047298,3.2565168964356004
2460359.062401124,0.34304404555180357,3.2539793566970605
2460359.0693456642,-2.2579420140735373,3.25269961153397
2460359.0762902047,0.2898510685466822,3.2508928149297596
2460359.0832347446,-5.840060568763141,3.2478105326367532
2460359.097123826,1.0863618812227398,3.2471478050589764
2460359.104068367,2.3174558113333,3.247576496491178
2460359.1110129077,-1.7465949426439276,3.2421761740502597
2460359.117957448,-0.6458897927706528,3.241862616169202
2460359.1249019895,-1.554095943075695,3.241098618559798
2460359.13184653,-4.082865764260992,3.2379179762449195
2460359.1387910713,-3.5381708505977847,3.2360580311247378
2460359.145735612,-1.618170965644867,3.2348837756427327
2460359.152680153,-2.692724965109356,3.2329436045072324
2460359.1596246944,3.0830613131200595,3.231737494156952
2460359.1665692357,1.5699501403723382,3.2296994109770716
2460359.173513777,0.6197978988324762,3.2286831370829545
2460359.180458318,4.098328778164774,3.2333810023402676
2460359.18740286,-0.578195583657795,3.228650275921357
2460359.194347401,-1.0600224493854227,3.229967282805933
2460359.201291943,2.549774657164086,3.232919400704748
2460359.208236484,-5.977350329628682,3.2313164051624574
2460359.215181026,-6.137283251572884,3.231523311941548
2460359.2221255675,0.27435120396375,3.2361914507938905
2460359.22907011,7.528050499157398,3.237870797947235
2460359.236014651,3.756655540002041,3.2388849769704677
2460359.2429591934,4.416929145929401,3.2416904070191266
2460359.2499037352,0.03039347639470691,3.237655354179461
2460359.256848277,-1.8129097431186367,3.2382067668743635
2460359.26379282,-2.373234295832732,3.2362691219595967
2460359.2707373616,-5.570175787118951,3.2344506974900713
2460359.277681904,-1.7483250540365645,3.235899211620346
2460359.284626446,4.848904412770261,3.234385389112394
2460359.291570989,2.306232015440228,3.2300101156016243
2460359.298515531,5.065475731458519,3.2286513888772816
2460359.3054600735,3.87500425845774,3.2244731570261034
2460359.312404616,5.984594068923025,3.2201180956897058
2460359.3193491586,-0.9349079173952032,3.2125583306093133
2460359.3262937013,-0.0777950672360721,3.2087212245043255
2460359.333238244,-0.5200179567190876,3.204860831022128
2460359.3401827863,1.7894030195394701,3.1979328305026353
2460359.3471273296,1.7879448250678593,3.1914446301900607
2460359.354071873,1.178433133789054,3.1843489072390416
2460359.3610164155,1.3186697923741546,3.1771997685146403
2460359.3679609583,1.1324676128535747,3.1720507906523276
2460359.3749055015,-1.2534461824660137,3.162602385460953
2460359.3818500447,-6.193859520330641,3.1556908190328685
2460359.388794588,-4.483116697290322,3.149586199963814
2460359.395739131,-3.9985382997443533,3.144300049664809
2460359.402683675,-2.8225318601956877,3.1391304953410195
2460359.409628218,-1.9221091808608242,3.1350409183832593
2460359.4165727613,3.225783886957895,3.1321347028660598
2460359.4235173054,-2.167718264051216,3.126666177566069
2460359.4304618486,1.804597447682627,3.12443828177401
2460359.4374063923,-0.8137354636839516,3.121079470551269
2460359.444350936,-2.8904326971709637,3.1163856134278074
2460359.4512954797,-2.249453912147877,3.112356385816716
2460359.458240024,0.35532564148507895,3.1107281367383
2460359.4651845675,1.149602578310073,3.110204302701955
2460359.4721291116,-1.858554594938877,3.108539856954081
2460359.479073656,6.4811356152860125,3.1101563263094367
2460359.4860182,-5.782375184268834,3.1050721862911828
2460359.492962744,-3.4153967862280084,3.1051440143026947
2460359.4999072882,1.5072588911055669,3.1080859903414613
2460359.506851833,-2.019472403584847,3.1093098091950875
2460359.5137963775,-1.0725698787812303,3.107140026618268
2460359.520740921,8.952115490012067,3.1135505610771315
2460359.5276854658,5.176185860118756,3.1105827850674985
2460359.5346300104,3.5496098662700986,3.1134326817240088
2460359.541574555,-0.1786474928643309,3.1139018216231036
2460359.5485190996,-3.9903613735195904,3.1128321704583737
2460359.555463644,-7.2767507544302426,3.1146345785618252
2460359.5624081898,-1.961312138960329,3.1164413059540084
2460359.5693527344,-2.275767768141585,3.1194745655546003
2460359.5762972794,-0.0801882965640548,3.121576665046819
2460359.5832418245,2.4562098244563266,3.1266934781923617
2460359.590186369,3.1891924796336726,3.1285822667187997
2460359.5971309147,3.011294496545139,3.129985672052303
2460359.6040754598,-1.6560466409216494,3.130066303096894
2460359.611020005,5.895098598292087,3.135969575602912
2460359.6179645504,0.7436973862647198,3.1350250313490293
2460359.624909096,3.73751088405248,3.1378710726620986
2460359.6318536415,0.9371284524016383,3.1377958709919027
2460359.6387981866,0.40677978130307024,3.1408308182181135
2460359.6457427326,-4.946071011947963,3.138850185115892
2460359.652687278,-0.9406121437127899,3.13973960210264
2460359.659631824,1.3221953987305222,3.1401152522894265
2460359.666576369,-7.592705996814193,3.138474023158483
2460359.673520915,-3.007964810407871,3.140243686194767
2460359.6804654617,-3.009757477848865,3.1404838448263406
2460359.687410007,1.9388948523277794,3.14244897445294
2460359.6943545532,1.0026517672036914,3.1408235149639427
2460359.7012990993,-0.16092437952359906,3.142515315442275
2460359.7082436457,-0.6896600184194437,3.1409885587116424
2460359.7151881917,2.5130639593015522,3.143291679474233
2460359.722132738,3.4001322846974444,3.144165560336552
2460359.7290772847,3.584300210002924,3.143661574915867
2460359.736021831,5.266503818474353,3.1461455904321807
2460359.7429663776,3.191360013403334,3.14466080181143
2460359.749910924,2.1485008480962255,3.145782527487651
2460359.7568554706,-3.752317689886198,3.143435080847132
2460359.763800017,-2.0208396651725806,3.1459382450930122
2460359.770744564,-3.479317148118342,3.1456152112465
2460359.777689111,-4.147055769611233,3.1438428446154636
2460359.7846336574,2.2462330983158507,3.148214867573142
2460359.791578205,-0.3803697140636655,3.1470258609366586
2460359.798522752,-3.383710855354157,3.146447922215081
2460359.8054672987,2.3555715798171173,3.148936964733847
2460359.812411846,5.00067833294119,3.149203899494107
2460359.819356393,1.444282300695917,3.144203751741138
2460359.8263009405,4.108151330416238,3.141095904409893
2460359.833245488,-4.833201749855666,3.136444153802021
2460359.840190035,-0.7674519736964529,3.134802823586232
2460359.8471345827,-1.5603614760804403,3.134970129503112
2460359.8540791306,-4.338536178836618,3.132567524474012
2460359.8610236775,5.082851247489217,3.132839816557784
2460359.8679682254,-6.017774256420752,3.1296682919502596
2460359.874912773,3.0474829784939965,3.1310992587503352
2460359.8818573207,-0.452579983278647,3.1300294546375294
2460359.8888018685,-4.547549132180135,3.127944001321812
2460359.895746417,-0.18757379433493226,3.1281063550898165
2460359.9026909643,-2.326304749021687,3.1273107551523545
2460359.9096355126,-3.985195824195057,3.1261293488046538
2460359.916580061,-2.2955819755926026,3.128069643712532
2460359.923524609,2.8439872546314495,3.1279665831739436
2460359.930469157,3.128788596535507,3.129995540616958
2460359.9374137055,7.605375464116227,3.132130929855576
2460359.944358254,2.0267818211231434,3.1302630201406365
2460359.951302802,-0.22340537572830677,3.127881775880331
2460359.958247351,2.242973564505963,3.128104276883795
2460359.9651918993,0.7492603819128232,3.128579084413182
2460359.9721364477,2.085151297500328,3.1266737426202718
2460359.979080997,0.7020938969229404,3.1243514310520037
2460359.9860255453,-4.560071009045197,3.1254754791489656
2460359.992970094,0.6273711543161538,3.124039883149702
2460359.999914643,2.113487776315683,3.122575046105741
2460360.006859192,1.0471128041585234,3.121528352310017
2460360.013803741,-7.893470398383142,3.118253292680221
2460360.02074829,0.889528334122021,3.119084600558318
2460360.027692839,3.206949844890091,3.1201801772993587
2460360.0346373883,2.7917174212786513,3.1198507442257744
2460360.0415819376,1.4552895926755216,3.118257235929534
2460360.048526487,-1.1249390695259782,3.118457828630444
2460360.055471036,-0.692079197198681,3.116173520620819
2460360.062415586,-1.858625765931281,3.116978656704679
2460360.0693601356,-4.039868484003619,3.1142223624147185
2460360.076304685,-0.6683327130342298,3.1161594442808536
2460360.0832492346,-2.135681683815,3.11242107044539
2460360.0901937843,0.6258174540017487,3.115796592696874
2460360.097138334,-2.58193393098158,3.111972606458813
2460360.104082884,-3.8874126671409694,3.112240010239258
2460360.111027434,-0.3611586523077859,3.1097444384812456
2460360.115657134,-2.5629535683679303,5.383133642990965
2460360.3355679126,-0.10171197762539208,5.3352383739700855
2460360.340197614,-0.19883986862808278,3.077475229938484
2460360.347142166,6.083238224998424,3.0761513704648142
2460360.354086718,7.291750219904979,3.072359183475139
2460360.3610312706,4.745516679977555,3.067083493255499
2460360.367975823,7.681378260727338,3.0625680173645
2460360.3749203756,0.06038309804671016,3.0544711523758235
2460360.3818649277,-1.5544930157279624,3.0522143782507816
2460360.3888094807,-2.945244723995599,3.046409859308198
2460360.3957540332,-9.04061834183865,3.041499647594346
2460360.4026985858,-2.5332958487482067,3.03847337569138
2460360.4096431388,1.8660003431102958,3.038999862692959
2460360.4165876913,-2.459793268569064,3.0323768349900018
2460360.4235322443,3.184606546481021,3.0305951560969633
2460360.4304767973,2.166110327138754,3.0295109103410063
2460360.4374213507,-4.927751390480864,3.023295234824648
2460360.4443659037,4.387537240492823,3.0274798336072632
2460360.451310457,1.100987609896444,3.0248036435305288
2460360.4582550097,2.5260737335464922,3.0264051716823306
2460360.465199563,5.176226842149349,3.0256960827817596
2460360.472144117,-2.124503754958509,3.020135940281637
2460360.47908867,-0.2380766723999379,3.0184452615014554
2460360.4860332236,-1.5382742848940132,3.01957365750055
2460360.492977777,0.37456769733212947,3.018853448159509
2460360.499922331,-8.999360451684417,3.019781979767845
2460360.506866885,-2.242400086159382,3.020165120499374
2460360.513811438,-3.6070361721855013,3.023257930259574
2460360.520755992,0.6718503971031303,3.0235131978131666
2460360.5277005457,-1.1440294942575722,3.0238677387829416
2460360.5346451006,-0.8693826699965672,3.0251314963902938
2460360.5415896545,-1.1286668988137158,3.0273288260447795
2460360.5485342084,0.7427741924816056,3.0295705739760064
2460360.5554787624,-2.6413249843478526,3.032079713901764
2460360.5624233168,0.3720587716333088,3.0331483895837263
2460360.569367871,3.8854798895845013,3.0349220061110675
2460360.576312425,9.079109082537645,3.0406480477359863
2460360.58325698,1.3552621871947146,3.0397205678121657
2460360.5902015343,0.17111227448234834,3.0423859387875662
2460360.5971460887,-3.1499895270073184,3.043125273877602
2460360.6040906436,0.7013836504189624,3.0469369207747383
2460360.6110351984,3.3705889966576494,3.050462319608299
2460360.617979753,0.0796592196763225,3.051328356328412
2460360.6249243077,3.2449991045618103,3.056241629682949
2460360.6318688625,-4.83310881711127,3.056307629199049
2460360.6388134174,4.787817643642282,3.0613489739993844
2460360.6457579727,5.259562858166057,3.0635262806868844
2460360.6527025276,1.0870735976582515,3.06491429482474
2460360.659647083,0.7795383981042114,3.064294367518423
2460360.6665916382,-4.124121140159591,3.0632486121406775
2460360.673536194,1.4031667438663806,3.0663650277768686
2460360.680480749,-1.2114695416442594,3.0657096462970923
2460360.687425304,-1.2160818321879157,3.0640679942443447
2460360.69436986,-2.684834065055325,3.064166164942945
2460360.7013144153,3.1977240886943616,3.064952415216201
2460360.708258971,-6.31217390290275,3.0623643165439387
2460360.715203527,1.3353139321349272,3.0644729188833537
2460360.7221480827,-1.244420877409991,3.0621971791133245
2460360.7290926385,0.7462344304336201,3.063404036330821
2460360.7360371943,-7.6755921438536445,3.059655112060478
2460360.7429817505,-1.2161772061367109,3.0613407428778543
2460360.749926307,-2.859752374496338,3.0594382137884133
2460360.7568708626,-3.4306236407906394,3.0623429111258598
2460360.7638154184,-2.175639483003133,3.059803673965861
2460360.770759975,7.73899223317596,3.064753420674339
2460360.7777045313,-4.663228633505971,3.0587859479533663
2460360.7846490876,-0.47435330833300693,3.059861618276846
2460360.7915936443,5.055971704066243,3.063513857079133
2460360.7985382006,-3.283733310366492,3.061407884378759
2460360.8054827573,-2.4990757553778065,3.060167596268774
2460360.812427314,1.8222034073984337,3.0619527956269685
2460360.8193718707,3.9502785747961506,3.0605218283837163
2460360.8263164274,-1.0929698261319825,3.060062826423007
2460360.8332609846,0.33322267762037705,3.0569190899057435
2460360.8402055413,0.41259820241817313,3.0535554926383734
2460360.8471500985,0.27632652707932603,3.0484944116144277
2460360.8540946557,-1.9063891799407293,3.0460258883461457
2460360.861039213,4.4374896792622955,3.0443407537937794
2460360.86798377,-3.9684709474626017,3.0417736942777402
2460360.8749283273,-0.2516253053380626,3.039367885289796
2460360.881872885,7.928614828231428,3.0393265901074797
2460360.888817442,0.8654984709241715,3.0360422011344608
2460360.8957619993,2.941799619541206,3.0370112099158106
2460360.902706557,-0.4738861750811356,3.032871631444717
2460360.9096511146,0.3367667774712251,3.034643773056043
2460360.9165956723,5.526266031753893,3.032253314746199
2460360.92354023,-0.3667741771704881,3.031279715563201
2460360.930484788,-6.95980987617142,3.0269700638985833
2460360.9374293457,-2.5472048744984956,3.0284051110111965
2460360.944373904,-1.0548053751737816,3.0283485513611716
2460360.951318462,-0.7510733240499547,3.0280425224547094
2460360.95826302,3.3620200836935843,3.0302426200458616
2460360.965207578,0.5018646448812696,3.028935309191546
2460360.9721521363,-3.108978678083126,3.0276365348378627
2460360.979096695,2.3681955493389166,3.0300573532126407
2460360.986041253,1.2424173299567651,3.0294545766211134
2460360.992985811,1.4499175072551793,3.0311597865640594
2460360.99993037,-1.9987143715223428,3.0308562235726235
2460361.0068749283,0.90195176320471,3.031259122041981
2460361.0138194873,0.6914427576543863,3.031460584019808
2460361.020764046,1.16891994710039,3.032956026808334
2460361.0277086045,-0.7811756389092239,3.0311302370317166
2460361.034653164,-2.7331521706635504,3.031490049922773
2460361.0415977226,4.190978890524043,3.0321631379483818
2460361.048542281,0.24909457543581492,3.032665836316925
2460361.0554868407,1.053674588857806,3.0338238254739305
2460361.0624314,-2.4555008843929444,3.033478303772774
2460361.0693759588,-2.7194259093475286,3.03410745382863
2460361.0763205183,-2.1677821253541336,3.038254630389995
2460361.083265078,0.9592425127396367,3.0360988250690304
2460361.090209637,0.5248330587454182,3.037397575335797
2460361.0971541964,-3.5782197002308607,3.036278170494983
2460361.104098756,-5.940595993115594,3.0352907932785915
2460361.1110433154,-4.946762542473288,3.0386575043403545
2460361.1179878754,-0.026836785383903328,3.038978722097257
2460361.124932435,0.6943259792273615,3.039762380645751
2460361.1318769944,3.3197825035421555,3.040089222343589
2460361.138821555,5.698278104027241,3.0420231794890102
2460361.1457661144,6.635510516038266,3.0416951232410905
2460361.152710675,4.604806875628862,3.042008587118407
2460361.1596552343,-0.49474712478324756,3.0395608835084595
2460361.1665997948,-5.106072732859863,3.038167926363201
2460361.173544355,-2.067165926199945,3.0395582228440503
2460361.180488915,-2.958117450130161,3.0404864514357466
2460361.1874334756,2.634593722293135,3.0417050166255026
2460361.194378036,2.934911346711491,3.042701539691603
2460361.2013225965,3.04457507657634,3.0440904416304324
2460361.208267157,2.704925941746576,3.0441402245896865
2460361.215211718,3.7784727693404148,3.0429249384427473
2460361.2221562783,-1.8338898367244134,3.0428669692821892
2460361.2291008397,-7.825692220046042,3.044395151054871
2460361.2360454,-0.7765537376858533,3.0440745973480623
2460361.242989961,-2.2219016305019483,3.0436406967599563
2460361.249934522,-0.3758407902253653,3.0451016229920076
2460361.2568790833,0.7718961412173799,3.044331288334565
2460361.2638236447,-3.1925033750307046,3.0417522479312566
2460361.270768205,2.758228070945294,3.043033986306149
2460361.2777127665,-4.846039486569689,3.039964776682065
2460361.284657328,0.5788231495640732,3.0386188172459416
2460361.2916018893,0.1999307850425467,3.038288628173292
2460361.2985464507,5.874210558469303,3.0371125471013642
2460361.305491012,-5.980429248692086,3.0308774319924296
2460361.3124355744,-1.5416673410148407,3.027905976311947
2460361.3193801357,-3.1953725122470944,3.0243671657415203
2460361.3263246976,-1.9287298386925391,3.0205201790446545
2460361.3332692594,0.1645396085467843,3.017577379447276
2460361.340213821,4.261808575978399,3.0149824856934
2460361.347158383,5.976567683872663,3.0115532529414932
2460361.3541029454,-2.5544925231426627,3.002960481527295
2460361.361047507,1.393006379808663,3.000592616748461
2460361.3679920696,2.9279346527583994,2.996258159813237
2460361.3749366314,-6.0988744151434915,2.9904544078254482
2460361.381881194,-2.7118162228726197,2.9874764347244303
2460361.388825756,-1.7107369655690245,2.9854468001719905
2460361.395770319,-2.42302432876709,2.982182741883768
2460361.4027148816,0.9297351181477732,2.979768305505066
2460361.409659444,5.705972387205068,2.977496979867263
2460361.4166040067,-0.3966932370933633,2.972923199626257
2460361.4235485694,3.5099472107502097,2.9732201516146985
2460361.430493132,4.2087857101830854,2.971184785723553
2460361.437437695,2.4951459994966187,2.966166851831694
2460361.444382258,8.446982784854361,2.968583472699858
2460361.451326821,7.551739253749124,2.964755260409893
2460361.4582713842,2.074256764890223,2.961872497734399
2460361.4652159475,3.0510064274776907,2.9618434828089995
2460361.4721605107,0.24799411344574374,2.9607407381117565
2460361.4791050735,-3.807154954643039,2.9579940726978684
2460361.486049637,-7.353199244867028,2.9572687335921546
2460361.4929942004,-8.93327686558509,2.9571516687513557
2460361.499938764,-4.174501225993048,2.960889689265267
2460361.506883328,-3.8759354079480146,2.9603213525267633
2460361.5138278916,1.6994559684266957,2.9630530226050165
2460361.5207724553,-1.7106909103175199,2.9609347628110334
2460361.5277170185,0.389719943833131,2.9623629457704737
2460361.5346615827,-0.456596925295345,2.9645735867985104
2460361.5416061464,-4.470344594182446,2.9632288587062114
2460361.5485507105,1.4033943507069848,2.9657043438118484
2460361.5554952747,2.3870213907605886,2.9661711252827754
2460361.562439839,0.9461039794583659,2.966345909686238
2460361.569384403,2.6689518587298573,2.9696512609000174
2460361.576328967,-0.9595654420696618,2.9691470209160253
2460361.5832735314,-8.280106310271503,2.968186207831993
2460361.5902180965,3.290008969249849,2.972777536530176
2460361.5971626607,3.2106853118799177,2.9752299661132136
2460361.604107225,0.33744212542280394,2.977796082826727
2460361.61105179,1.2849280088887347,2.980241681791954
2460361.617996355,1.0184439038525184,2.9820888656399642
2460361.624940919,6.50235083773704,2.9868079185614875
2460361.631885484,-4.121019145455338,2.983865707962609
2460361.638830049,-1.0000924811999428,2.9882681164478515
2460361.645774614,-5.170594308976568,2.9883896080600483
2460361.6527191787,-8.078205552029939,2.991247323355221
2460361.6596637443,-1.9327270508308483,2.9956036320624864
2460361.6666083094,-2.587653162348772,2.9980950103844983
2460361.673552875,5.846974575929275,2.9988982095531482
2460361.68049744,6.415673808131085,3.0010139829371845
2460361.687442005,0.1384490413778825,2.9968937031375398
2460361.694386571,-2.100059552338884,2.996234432825688
2460361.7013311363,-1.5797598282383165,2.9928334848648404
2460361.7082757023,0.05818251890930759,2.992046400609851
2460361.7152202674,-0.4939135683176526,2.9924776837329907
2460361.7221648335,6.254012665362154,2.9923855724855293
2460361.7291093995,5.59891557877983,2.9912000174523623
2460361.736053965,7.524012755259484,2.9910698544327405
2460361.742998531,-4.94137896724861,2.98741024180598
2460361.749943097,-1.6377269123496778,2.9871957946219516
2460361.756887663,0.7105245073595228,2.9857929454307466
2460361.7638322297,-5.305657814314884,2.9833740387664895
2460361.7707767957,-3.59115032377363,2.985908988905005
2460361.777721362,-2.4446046988060806,2.98382881328719
2460361.7846659287,2.884139781808542,2.9860332930379223
2460361.7916104947,-2.880939647726601,2.9820415549329486
2460361.7985550617,-0.6366462059448136,2.984159561920236
2460361.805499628,4.962059669873368,2.9863255886065097
2460361.8124441947,8.029121197964244,2.987781415559706
2460361.8193887617,4.718569766749176,2.983892176966202
2460361.8263333286,1.4466689427728907,2.98198352887535
2460361.8332778956,-2.404671065763993,2.9786281985305045
2460361.8402224625,-1.308356220184885,2.9774476317819834
2460361.8471670295,-8.027231036254747,2.9747601566558473
2460361.8541115965,-0.11549175853454052,2.9743609354175855
2460361.861056164,3.9619064745446946,2.9730880021700457
2460361.868000731,-1.9992705252043033,2.9695850909758224
2460361.8749452983,-3.911835865653273,2.967161256168118
2460361.8818898653,3.7664546353580706,2.967418844885861
2460361.888834433,-3.0284062456510124,2.962113566542989
2460361.8957790006,-0.8980255555544818,2.9618931250447473
2460361.902723568,4.338830693844024,2.9612886750310383
2460361.9096681364,-0.3339119544073331,2.9584512032039494
2460361.916612704,0.12163931190338606,2.9585533138643387
2460361.9235572717,-1.5674182241491126,2.9546183831485444
2460361.9305018396,1.894623226799582,2.955768076287541
2460361.9374464075,3.562935253832914,2.956276465697064
2460361.9443909754,-4.607789129639597,2.9520277444861396
2460361.9513355438,-5.236075124769625,2.950784501696237
2460361.958280112,-2.18020306404876,2.9508380447563174
2460361.96522468,1.0512333380958485,2.9529638796301234
2460361.9721692484,0.6929061241405043,2.952754493603195
2460361.979113817,1.2923074649939563,2.954372874301629
2460361.9860583856,0.7372624599110897,2.9582530532535505
2460361.993002954,1.8064475215496565,2.9574959964856653
2460361.9999475223,-2.53192355126541,2.9567873712921204
2460362.006892091,-3.815429040273685,2.9585362013321266
2460362.01383666,1.1287960971566426,2.961642596294133
2460362.0207812293,-3.9682808524599666,2.9611117537577702
2460362.027725798,-0.05568114992763484,2.9628639800863237
2460362.034670367,4.949737665757558,2.9663593127269388
2460362.041614936,4.432228280970533,2.9701249546633064
2460362.048559505,-2.4663633896793766,2.967294496812313
2460362.0555040743,-0.670161086066928,2.9699948083164496
2460362.0624486436,-4.304386279398431,2.969274900100192
2460362.0693932134,-0.6386812534297772,2.9725358932452006
2460362.076337782,0.9015279236688292,2.9745057838888744
2460362.0832823515,-6.484122743942754,2.973724784950861
2460362.0902269217,4.4881751541450186,2.9791263929985004
2460362.097171491,2.694134692836988,2.9792377831987493
2460362.1041160612,1.9596353939052693,2.979692198203178
2460362.1110606305,0.2934373242733231,2.9796667478116983
2460362.118005198,3.915783699385805,2.9812482341235955
2460362.124949766,-2.3104481764277014,2.978253513688863
2460362.1318943365,3.1962018398011134,2.9808050997953774
2460362.138838906,1.0951627331465268,2.9791730209920892
2460362.145783476,1.1261217245600856,2.978901099704817
2460362.1527280468,0.5010675696451803,2.977959034185465
2460362.1596726165,-2.404129756643016,2.977232968621293
2460362.166617187,0.14331522591656443,2.9794525581553883
2460362.1735617574,-2.755045116061477,2.9755342949862698
2460362.180506328,2.3180485859569147,2.979821822599901
2460362.187450899,1.6601042439599645,2.9798694367653726
2460362.1943954695,0.5402117353470299,2.9754833989779246
2460362.20134004,1.7880001901135971,2.9768692279655635
2460362.208284611,1.4706383155903866,2.974060198051527
2460362.215229182,-2.394600277607852,2.973421980705314
2460362.2221737527,-1.2793001645324598,2.973157546946492
2460362.2291183234,0.9420906362171617,2.9749223529403337
2460362.236062895,-2.533325402707142,2.9720878473556773
2460362.243007466,0.08256103640102497,2.9710805756621963
2460362.2499520374,2.11538262687287,2.971431299660774
2460362.2568966085,3.3764203932830132,2.9706325656115595
2460362.26384118,-4.1307901917532215,2.9692855393093116
2460362.2707857513,1.1647290897491334,2.9697512307059366
2460362.277730323,4.360247880286105,2.9664518827020783
2460362.2846748945,2.52489836178754,2.9645841168564036
2460362.291619466,-3.70304896912986,2.9607229629471554
2460362.2985640382,-3.7130975536070743,2.9591763452620143
2460362.30550861,-1.782086712159176,2.9571099707586295
2460362.312453182,-2.5920143664722737,2.951989122017513
2460362.3193977536,0.8473189166572973,2.9539403241624242
2460362.326342326,-2.6196872187565017,2.94896445532617
2460362.3332868977,1.408617958495462,2.9473989169063004
2460362.3402314703,-1.4401902431642917,2.9418906602973744
2460362.347176043,3.283640483698427,2.9405096321430495
2460362.3541206145,-4.2064370785626455,2.9339575528700688
2460362.361065187,-4.051093573153706,2.9317416985552263
2460362.3680097596,2.7259957480215244,2.930865256613167
2460362.374954332,1.4965360538537356,2.927270300137151
2460362.3818989047,-0.833582826659824,2.924623670372269
2460362.388843478,1.1168341931246994,2.9224889266363707
2460362.3957880507,1.3553959079125697,2.919316314592893
2460362.4027326233,-4.809220039425352,2.9144205485533043
2460362.4096771963,3.4013963921787114,2.916675185395999
2460362.4166217693,-0.28541195949670717,2.9150076837871635
2460362.423566342,6.884378146585671,2.9146445988785197
2460362.430510916,2.056404589322933,2.9112446500653397
2460362.437455489,0.7872241372844617,2.9114281189209046
2460362.4444000623,-5.463187584878485,2.9070149316342833
2460362.451344636,-1.9686447899911985,2.906936986001878
2460362.4582892093,-6.752447568985076,2.90449799862812
2460362.465233783,-6.857572925225856,2.9029488100015293
2460362.4721783563,2.164022366583608,2.905831518316407
2460362.4791229297,-1.7141043793341526,2.905690164632066
2460362.4860675037,0.229053782194498,2.902864430487926
2460362.4930120776,-0.898376920320533,2.9032851309347336
2460362.4999566516,2.2823205002155764,2.9053123864386414
2460362.5069012255,6.762501222145596,2.905156152686113
2460362.5138457995,3.272423955041362,2.9056213241878903
2460362.520790374,-2.6406422135804153,2.9028251350933805
2460362.527734948,1.5035361005342835,2.905679211863678
2460362.5346795223,0.5929028457581609,2.90686766929249
2460362.5416240967,5.38284705762858,2.906846433153522
2460362.548568671,2.501687843969184,2.907352421700221
2460362.5555132455,0.9132417013798046,2.9071939193889675
2460362.5624578204,-1.1086573923089733,2.9053777121175783
2460362.569402395,2.1542198007060858,2.9064240233741914
2460362.576346969,4.434897762631855,2.90854569079355
2460362.583291544,0.563398861969876,2.908462455959265
2460362.5902361195,-0.38989848959431606,2.9089727532082477
2460362.5971806943,-1.7669921051938835,2.9079549879226185
2460362.6041252688,-1.4954863054066034,2.9103890692056056
2460362.6110698446,-4.591085040141681,2.9119430501225048
2460362.6180144195,-2.3718320054164126,2.911614205164019
2460362.6249589953,0.9619665282199013,2.9149544251182373
2460362.63190357,-3.028637181877488,2.914746137029816
2460362.638848146,0.7412887790658482,2.91676917612001
2460362.645792721,2.7347229395394215,2.917791905038042
2460362.6527372967,3.5746402996385434,2.921128487920706
2460362.6596818725,0.01485277497124482,2.9188271803483974
2460362.666626448,0.0016320572990466964,2.9207810232018736
2460362.6735710236,-1.6034197845734626,2.91776969766801
2460362.6805156,-0.24409696119830038,2.9205146212623116
2460362.6874601752,-2.212227097620204,2.915948331039406
2460362.6944047515,-2.636613807960652,2.9158955214121747
2460362.701349328,-3.783021203124903,2.9142835609799804
2460362.708293904,-0.7142370296389373,2.914272853989514
2460362.7152384804,-6.3526375069210514,2.9118379918419097
2460362.7221830566,1.5256625531531292,2.9130364467089396
2460362.729127633,-0.7599168082565884,2.91327430693563
2460362.736072209,1.2000193349250323,2.9115454780046726
2460362.7430167855,3.3585477684569462,2.9113741034372445
2460362.7499613627,0.6598594285114556,2.909044095740797
2460362.756905939,1.053296959621739,2.908961012548579
2460362.763850516,-1.6551257693162245,2.9101741079463914
2460362.7707950925,0.4558857642498162,2.9078237670125016
2460362.7777396697,0.4365192763338599,2.908544893279432
2460362.784684247,-2.0471972631844397,2.907800742723747
2460362.7916288236,1.5713090309350006,2.904557833197547
2460362.798573401,3.268620008669624,2.904668329489233
2460362.805517978,3.0853884473783095,2.903363442662318
2460362.8124625552,-1.943965167549548,2.8990712763354822
2460362.819407133,1.3989233206918672,2.900155124698969
2460362.82635171,-2.7931892415145043,2.896785544720075
2460362.833296288,3.815395725158298,2.8976393055367495
2460362.8402408655,-2.863598973092736,2.8978404520909606
2460362.8471854436,1.9834936828417722,2.8972975518556052
2460362.854130021,4.685075871965735,2.8946690158345967
2460362.861074599,2.942410777076907,2.894158620274784
2460362.8680191766,-0.44765960908823077,2.8926736985887618
2460362.874963755,-6.544612129343379,2.886309819501537
2460362.8819083325,0.8346907759372779,2.887205873880294
2460362.8888529106,1.0172695186118765,2.886079165567111
2460362.895797489,3.055347285332995,2.883503461062545
2460362.9027420674,-0.0822869070776705,2.8822301211350347
2460362.909686646,1.8231011436439628,2.8807333291186894
2460362.916631224,2.417828143326265,2.8775961327314885
2460362.9235758022,4.431821133642456,2.8783259007991426
2460362.9305203813,-3.5698520127772118,2.8717477284404507
2460362.93746496,-1.2510744691445437,2.8711168643292755
2460362.9444095385,-5.22002556380572,2.870968932036053
2460362.9513541176,-7.603976050898339,2.868707179128448
2460362.9582986967,-5.709755788040834,2.8699719989495396
2460362.9652432757,-3.127464380854168,2.8718303101886065
2460362.972187855,1.7016093379876343,2.873529879659699
2460362.979132434,6.804758333310065,2.8768152276576497
2460362.986077013,4.032862563980771,2.876950921774677
2460362.9930215925,3.0521023689902265,2.8774514219763563
2460362.9999661716,-1.3533918719769218,2.87770951227974
2460363.006910751,-0.22074828854408296,2.879921318627637
2460363.0138553306,-2.606325041353089,2.881340995525674
2460363.0207999106,-5.3487551691918584,2.8832963987305527
2460363.02774449,-4.878464588607143,2.8845140429580494
2460363.0346890697,-1.0547377443218644,2.8867919906084825
2460363.0416336497,0.1424593181840832,2.889578830993188
2460363.0485782297,3.049627168172919,2.8932179714324424
2460363.0555228097,3.0641325058151985,2.894983715331995
2460363.0624673897,7.012042071381581,2.897904102767042
2460363.0694119697,1.9292167622394758,2.895886338248555
2460363.07635655,-3.275048822409004,2.8977777845513693
2460363.0833011307,1.8822882686533633,2.8984267829703705
2460363.0902457107,-4.481343992499025,2.896065611565913
2460363.097190291,-7.897549960899889,2.892978378761766
2460363.104134872,-0.778195307204774,2.8972727640396254
2460363.1110794526,2.942858237885187,2.8933009458659984
2460363.118024033,4.709412038869057,2.894630753256017
2460363.124968614,0.24261355193563383,2.890005576751444
2460363.1319131944,-0.8193506974675746,2.889136110782596
2460363.138857776,2.0104618710181925,2.8884365724863534
2460363.145802357,-2.5635813200569664,2.883135743885602
2460363.1527469377,0.26872416900994045,2.88223166781844
2460363.1596915196,0.3379034417717035,2.8806903516034166
2460363.1666361,3.7892428011852504,2.88004688076912
2460363.1735806814,2.8980740709419037,2.8775370995371436
2460363.1805252633,-1.11076343139815,2.8756676581130827
2460363.1874698442,0.7347757759518214,2.8770357100600954
2460363.194414426,0.18496331923817733,2.8736229935751454
2460363.2013590075,3.421174077110726,2.873665752510522
2460363.2083035894,1.1480524648869983,2.8712986082654344
2460363.2152481712,-0.49491296486902414,2.8728633642113874
2460363.222192753,-1.9531500291200306,2.8704731075643957
2460363.229137335,-1.4706098016155364,2.8707644834502624
2460363.2360819173,0.38982567514201705,2.8716168270949436
2460363.243026499,1.2499076287649529,2.8727086756762836
2460363.249971081,-2.2963655761300723,2.8711443756111223
2460363.256915664,1.6066062899512628,2.868578869509298
2460363.2638602457,0.23190780521359056,2.868971182217523
2460363.2708048285,0.321434659742865,2.8673370942782324
2460363.277749411,-1.047068842784739,2.8652307727960378
2460363.284693993,-1.7047762687455772,2.8626986421058427
2460363.291638576,-2.9353583969462527,2.861075227387731
2460363.2985831588,1.2087032836982918,2.8603535548393957
2460363.3055277416,1.3150767238061187,2.859151406514012
2460363.3124723244,-1.6092962935008088,2.855633719821478
2460363.3194169076,-2.733419730371491,2.8527859029658216
2460363.3263614904,-0.9518308993766444,2.8504325030229585
2460363.3333060737,-1.1237255350338975,2.8465059525052054
2460363.340250657,1.8919632682724559,2.845251095328796
2460363.34719524,3.9666266082691477,2.846557040256069
2460363.354139824,4.394913256255009,2.8401326233277895
2460363.3610844067,3.3644027116350204,2.839843931523625
2460363.3680289905,-2.3073133826206553,2.833180011835138
2460363.374973574,0.01270074709054736,2.832344567862909
2460363.381918158,-7.413432475680727,2.8288196713445117
2460363.3888627416,-4.751749478928673,2.8295703492397575
2460363.3958073254,-4.604362812929305,2.826910262832463
2460363.4027519096,-2.1823281776202252,2.829278297395209
2460363.4096964933,-0.9923899884437203,2.8269448612883488
2460363.4166410775,1.5135569694397812,2.8259040122714514
2460363.423585661,0.8482551535466474,2.826134240158837
2460363.4305302463,2.005314438658278,2.826434975805632
2460363.4374748305,3.2239738026427944,2.8252364720906775
2460363.4444194143,-0.12365908117648194,2.824005792214262
2460363.4513639994,3.256116325498632,2.8246192678886834
2460363.4583085836,1.2918949961508455,2.8245363069776857
2460363.4652531687,7.241109982684077,2.8257734645376615
2460363.472197753,-0.4916367519620717,2.8209125941536075
2460363.479142338,3.5502607917337636,2.8249065079056694
2460363.486086923,-0.9711395752590828,2.8234607406127563
2460363.493031508,-3.1831594521877866,2.8206171245102656
2460363.499976093,4.1362459563295175,2.825914887189011
2460363.506920678,0.24771083504586808,2.8251403335200087
2460363.513865263,1.3376152340346108,2.8239909331703497
2460363.5208098483,-2.405032434936543,2.821183049418222
2460363.527754434,-3.6435669263252386,2.8206494674946327
2460363.5346990195,-6.0673228796266265,2.8200045881556544
2460363.541643605,-3.442594733076769,2.8183559499348796
2460363.5485881907,-0.21608358225637936,2.8189848666841173
2460363.5555327763,-2.149955416133445,2.818327057092061
2460363.5624773623,-1.7907360823694884,2.8191663157051945
2460363.569421948,1.1348405292456158,2.8203888875722654
2460363.576366534,-1.9849167980186018,2.8183574781931626
2460363.58331112,2.3445788127133884,2.8208601177765256
2460363.5902557056,1.68877939083781,2.8212577792440783
2460363.5972002926,2.5095803383471984,2.821534629001014
2460363.604144878,3.3973992884286712,2.822379003792499
2460363.6110894647,-2.1525350844223228,2.8202762875686616
2460363.6180340513,-1.7568797782720085,2.82114947209933
2460363.624978638,1.9946046814511558,2.8228255990955673
2460363.6319232243,0.751652817924914,2.822541761254156
2460363.6388678113,-3.103667797775621,2.8215426673786723
2460363.645812398,1.1964590977236536,2.824041629148949
2460363.652756985,0.9425624945471562,2.8229189165475415
2460363.6597015723,1.1463071211771232,2.826291122175602
2460363.6666461583,0.15982365890759453,2.8229990773533813
2460363.673590746,-0.9776534839479261,2.821648834623424
2460363.6805353328,-1.8445910121484554,2.8209824453590655
2460363.68747992,-1.091706629845892,2.8196992466930015
2460363.6944245077,-5.194929900470772,2.8211492601739714
2460363.701369095,3.3842508876501127,2.8213180643286453
2460363.7083136826,-0.14814299314761495,2.8182366458217305
2460363.71525827,5.019553106948144,2.821071131332131
2460363.7222028575,4.535562641323069,2.8198630801782874
2460363.7291474454,1.6005304122709685,2.8196738737770577
2460363.7360920333,0.44590442394600016,2.8176050772680874
2460363.743036621,4.0243899992919765,2.817256342470236
2460363.749981209,0.12059230979725255,2.815284999186876
2460363.756925797,0.42258125327722773,2.8140473101085504
2460363.763870385,-1.5382071776672475,2.814877612271324
2460363.7708149734,0.4335537443989237,2.813588949787482
2460363.777759562,5.32072859849991,2.815001348801648
2460363.78470415,0.9015962960401341,2.813410578550514
2460363.7916487386,-4.3166111452631215,2.8111299647379973
2460363.7985933274,-1.877615342174886,2.811985938242403
2460363.805537916,-4.65996827780074,2.810075141736909
2460363.8124825046,-7.991234583865737,2.8069602869160843
2460363.819427093,-4.776628222340454,2.8088262344926
2460363.8263716823,-0.07056758330151736,2.80927841168308
2460363.833316271,3.414400411172111,2.807865386984902
2460363.84026086,4.942175077706978,2.806086035870413
2460363.8472054494,1.245666090931317,2.8046719289882986
2460363.8541500387,-2.2188518024021024,2.8031356252500097
2460363.861094628,-1.6163578014145288,2.800717425683916
2460363.8680392173,3.4284256373439463,2.7997504752550455
2460363.8749838066,0.43497788712372865,2.7982088924575668
2460363.881928396,2.7136961730970377,2.7973807740183507
2460363.8888729857,1.3212433156137318,2.798100528918287
2460363.8958175755,-3.6611781734394273,2.791936042024062
2460363.902762164,-0.6656294638594294,2.7914188098301866
2460363.9097067514,1.6602553510707232,2.7916030276687125
2460363.9166513416,-1.2456455161037456,2.7916976280983206
2460363.923595932,-0.01608354410493118,2.7881450660880573
2460363.930540521,-8.310865708852337,2.7845101837270207
2460363.937485112,2.5994205935747785,2.7878051153459587
2460363.944429702,-4.750229887352378,2.7846487203990247
2460363.9513742924,0.1508305166059496,2.783640134827962
2460363.9583188836,2.0622775787082293,2.786372970090428
2460363.9652634733,4.80964520615252,2.7827425053535713
2460363.9722080645,0.8708943264632572,2.7838597503762252
2460363.979152655,-2.649394076110771,2.7830073921489613
2460363.986097246,0.8801730561344815,2.7845253951176807
2460363.9930418367,2.5158703092304058,2.782287381826975
2460363.999986428,-0.9831680928214945,2.783005676513827
2460364.0069310185,-3.877641426700234,2.7805645043385887
2460364.0138756097,-2.555978422966411,2.782305483034342
2460364.0208202014,-1.4762815568680114,2.7848051956729734
2460364.0277647926,-1.965534495932237,2.782560896338657
2460364.0347093837,3.507062080052156,2.785189247336076
2460364.0416539754,2.672281847987086,2.7860888550625327
2460364.0485985666,5.292741390746659,2.78992224697822
2460364.055543158,0.41879672048145267,2.7857735811748072
2460364.0624877503,0.636965821001386,2.7863270483371108
2460364.069432342,2.911256698101234,2.786466500685458
2460364.0763769336,1.909382615587927,2.7860199610711818
2460364.083321526,2.438813244126461,2.785218799155478
2460364.090266118,0.6444397495473354,2.786185996950153
2460364.0972107104,-2.237450423249904,2.7831520487294026
2460364.1041553025,-2.4105931176584967,2.780951479166884
2460364.1110998946,-6.079164873338503,2.7797811785872213
2460364.1180444877,-5.4855227901625945,2.777786272054859
2460364.1249890793,2.021147675922932,2.779167507316443
2460364.1319336724,-0.4443494799552141,2.777062191297547
2460364.138878265,2.797421968982875,2.7764278821757102
2460364.145822858,4.543800647476883,2.773226524650933
2460364.152767451,4.2606295083004,2.7730116984130597
2460364.159712043,-1.0742216538957603,2.769064960764205
2460364.166656636,-1.1056285169926392,2.767935062744508
2460364.173601229,5.90124633728086,2.7675106095767483
2460364.180545823,-0.38222913604824993,2.7661412960510194
2460364.187490416,-1.2316487017579902,2.7672269256226607
2460364.1944350093,-0.6021401092433414,2.763938139811747
2460364.201379603,0.2299759808433044,2.761431629354858
2460364.2083241963,1.5123760455283985,2.7617934670978816
2460364.21526879,1.9802448383183897,2.7615690746989823
2460364.2222133833,-2.250217820463429,2.7579074149056275
2460364.2291579773,-1.258847105896593,2.7600075659340164
2460364.2361025712,-0.01923182112378896,2.7566718634262077
2460364.243047165,-5.591322800721221,2.7532902709597593
2460364.249991759,-3.6238664755383514,2.7528894800975703
2460364.256936353,-5.57706303593452,2.7509519770379605
2460364.2638809476,-1.2937569727732776,2.753394683601622
2460364.270825542,-0.8381387317751781,2.7515882955792494
2460364.277770136,2.853043812074872,2.752572509089552
2460364.2847147305,0.04877096674057668,2.750444080090197
2460364.291659325,2.9095362044196644,2.7487856833979527
2460364.29860392,-1.6478297684509533,2.746349316259123
2460364.3055485147,-0.2065315587835323,2.7454862123742036
2460364.3124931096,-0.7074703090148889,2.745042499746304
2460364.3194377036,-2.8315419718709514,2.74029429224027
2460364.3263822994,1.2325590622796256,2.740256984948036
2460364.3333268943,-0.41997984679531797,2.7389266797694947
2460364.340271489,-0.4274170299420099,2.7401687916847326
2460364.3472160846,2.3407974726691276,2.7391392430849386
2460364.35416068,0.42380766376619405,2.7327078385984804
2460364.361105275,2.2788098275036415,2.736792331867557
2460364.368049871,1.299384537274486,2.7333201329669774
2460364.3749944665,2.7986046263830837,2.732158700306394
2460364.381939062,-0.06345907141061347,2.729527720745091
2460364.3888836578,-2.37856855493001,2.7279885824731873
2460364.395828253,-1.5982119217312263,2.7288137002382364
2460364.40277285,0.5675776863914401,2.727076387136836
2460364.4097174457,-0.32942115854157517,2.7265542941146568
2460364.4166620416,0.29851278333553544,2.724529961167527
2460364.423606638,1.7964967331406567,2.7251779341918088
2460364.430551234,0.7113387549451633,2.725707240917817
2460364.4374958305,3.8412278249472336,2.7239185608022165
2460364.4444404272,3.332248500827128,2.7220200657735494
2460364.4513850235,1.3339872625340252,2.721749309302165
2460364.4583296203,-6.5614088183905865,2.7180535408312756
2460364.465274217,-0.4530038688316369,2.7208441876789586
2460364.472218814,0.10281704499642852,2.719889749946667
2460364.4791634106,1.8219432150383692,2.7196224439501626
2460364.486108008,2.800600340342871,2.718309470118673
2460364.493052605,3.111966950736255,2.720185738746389
2460364.499997202,-4.969493557002594,2.716461586189111
2460364.506941799,-2.2460637370278413,2.7134577620908655
2460364.5138863963,-1.2661544150907464,2.712541920011471
2460364.520830994,-0.39202785068408663,2.714779904785678
2460364.5277755912,1.7112403068153577,2.7150027425453014
2460364.5347201894,-3.0413323362869935,2.712406015917948
2460364.5416647866,-0.36731483101102924,2.7114702390293437
2460364.548609385,1.8444599547653104,2.7124056682535223
2460364.5555539825,-0.5351100615384734,2.710473863805271
2460364.56249858,-4.422588579419937,2.71094194352462
2460364.569443179,-2.7631510246316573,2.7100370837429892
2460364.5763877765,-1.223778866118136,2.7110979194043026
2460364.5833323747,8.471974169259287,2.7164754411319336
2460364.590276973,3.439647997787849,2.7138947788437733
2460364.5972215715,-0.757934713660793,2.712464466039805
2460364.60416617,3.5230390716258255,2.7129915443447854
2460364.6111107687,0.9900603090335414,2.7131354362734874
2460364.6180553674,3.3617130637700505,2.7158704455101064
2460364.624999966,-1.4075133984396802,2.7135793135684154
2460364.6319445646,-0.05239245494048106,2.713719354205519
2460364.6388891637,-0.7657441306853627,2.7132386471765386
2460364.645833763,-0.4869178625136872,2.7125286411373835
2460364.6527783615,0.1978179108453566,2.7130406347466427
2460364.659722961,-3.499233987533708,2.711089686050794
2460364.66666756,-2.7983606279650113,2.711580669069163
2460364.673612159,-1.4995282138294177,2.711278630596935
2460364.680556759,-3.8635929064866943,2.7119347901417044
2460364.6875013583,-4.661828231186441,2.7108469160672897
2460364.694445958,-1.2699970890407046,2.7134454076619328
2460364.7013905575,-0.6846261952304201,2.7119880187205516
2460364.7083351575,-1.8065934537428627,2.709187757951433
2460364.7152797575,-2.1572773223376234,2.710409361664656
2460364.7222243575,1.953785574858019,2.7098414927365173
2460364.7291689576,-1.6442161407753586,2.709181439781702
2460364.7361135576,3.450329942889295,2.7099533756964314
2460364.7430581576,2.534704133268658,2.710114211047557
2460364.750002758,2.0653548688052217,2.7101197550613896
2460364.7569473586,0.14931664804883882,2.7105958523237716
2460364.763891959,1.9369397952334406,2.7107611090564334
2460364.77083656,-1.018862534976616,2.7098234909740824
2460364.7777811605,2.0070091248841866,2.7103283827461975
2460364.7847257615,2.545581618382421,2.711478327981645
2460364.791670362,1.036414527972278,2.711363620058909
2460364.7986149634,4.60692985481111,2.7133599026591724
2460364.8055595644,-0.8001704232658667,2.711461546440296
2460364.8125041653,5.474891861488144,2.713973376811085
2460364.8194487668,-2.6035862580483946,2.711589331581141
2460364.826393368,-2.1367113932196045,2.708551596540057
2460364.8333379696,1.2772537257282304,2.712074539013734
2460364.840282571,-4.542805946648329,2.708846452366544
2460364.847227173,-2.761319739299173,2.7107725658017245
2460364.854171774,0.5938919331940671,2.7128596327105132
2460364.8611163762,6.069113713750401,2.712772438275603
2460364.868060978,3.4357057962297333,2.712853411967932
2460364.87500558,-2.501405348121584,2.7096482339011057
2460364.881950182,-3.853591745253042,2.7084021692050353
2460364.8888947843,-1.3956269978484288,2.7094341888403033
2460364.895839386,-2.8940772494215845,2.708417496021399
2460364.9027839885,0.6515221948941913,2.708259095861052
2460364.9097285913,-4.1457497514730335,2.7078459730401687
2460364.9166731937,4.007687897557911,2.70837092040346
2460364.9236177965,-1.4831411986089802,2.7081638146077154
2460364.930562399,1.9725410652351303,2.7080945932062943
2460364.9375070017,3.082009082309585,2.7081736601610173
2460364.9444516045,2.078413496020464,2.7089313544971905
2460364.951396208,-2.9852682187967567,2.7077785437186033
2460364.9583408106,-1.9264935411001374,2.707048903642199
2460364.9652854134,-2.3453370096349135,2.708843521890003
2460364.972230017,-4.45212204037421,2.706371534000238
2460364.97917462,2.6603408242902478,2.710667014006227
2460364.9861192238,5.793878961955974,2.7134393996503303
2460364.9930638275,2.9110642519959735,2.7128982112739415
2460365.000008431,2.7802953456941624,2.7101313050101816
2460365.0069530345,1.614784959996413,2.711347326267264
2460365.0138976383,-1.4010138939605028,2.7098333150518528
2460365.0208422425,-3.19486207034206,2.709911313561598
2460365.027786846,0.4090593349811371,2.7103697604042813
2460365.03473145,-5.895409073206988,2.7096045376650832
2460365.0416760542,-1.7364366876973003,2.711793644064858
2460365.0486206585,-1.3954795407802107,2.710090300370131
2460365.0555652627,-1.785410018881965,2.7105625026481044
2460365.062509867,-3.98151542907657,2.7109465591010102
2460365.069454472,3.2883786717415218,2.7129804227288967
2460365.0763990763,0.04557962765853474,2.712125284157446
2460365.083343681,-4.968768571099542,2.7111737148060313
2460365.0902882856,1.501481031716955,2.7127676012471085
2460365.097232891,5.302425826167897,2.713460715479856
2460365.1041774955,0.15221459690693934,2.7114958762050754
2460365.1111221006,2.5744219974508864,2.7135583654882534
2460365.1180667058,-1.8707325278298315,2.7114996179853006
2460365.125011311,-5.642941734405924,2.710914306090387
2460365.131955916,-1.7112534021038561,2.712264092549329
2460365.1389005217,-5.893924297382404,2.7085462182722773
2460365.145845127,-1.1024316183292817,2.7111218175483924
2460365.152789733,5.751754244778272,2.7149677446927964
2460365.159734338,5.595493294265287,2.716094322164349
2460365.166678944,7.326240002083436,2.7138974249936516
2460365.17362355,7.798387979188245,2.7153411061718766
2460365.1805681563,0.9982920743593942,2.7145240023726385
2460365.1875127624,1.3425530150767495,2.7138085210482075
2460365.1944573685,0.43395468458086406,2.7132951960375338
2460365.2014019745,-1.4932280810064467,2.712291711562358
2460365.2083465806,-0.6520137663142958,2.7109886847383553
2460365.215291187,0.7846984859734509,2.7138368220719395
2460365.2222357937,4.43345131628037,2.7136847995587616
2460365.2291804,5.974599553375521,2.7134312154844196
2460365.236125007,2.0916552827222112,2.7134206789425233
2460365.243069614,-3.3652847290355146,2.7150383567952674
2460365.2500142204,-5.911115157572922,2.711348537053849
2460365.256958828,-9.61336026388453,2.7090999426561955
2460365.2639034344,-3.163758502294105,2.715273342641277
2460365.2708480414,-1.2730378018909074,2.7101708692872712
2460365.2777926493,0.11221485319545033,2.712707619621717
2460365.284737256,-1.8137348555156507,2.7119927738481766
2460365.291681864,-2.0295749273127535,2.7107938306099997
2460365.2986264713,0.8668228827840884,2.713530566396416
2460365.305571079,0.9840208171785942,2.713285895945433
2460365.3125156863,0.7010642711524879,2.7108708685422624
2460365.319460294,0.905357644481565,2.7115428454577493
2460365.326404902,-1.6621370696840665,2.710582514781875
2460365.33334951,5.075026192198845,2.712183451570057
2460365.340294118,-3.859646000624791,2.7098145324234597
2460365.3472387264,-1.9044174853487532,2.7129816771188477
2460365.3541833344,-1.0986081768198468,2.710502316482073
2460365.361127943,-1.784620570602942,2.709972192225157
2460365.368072551,-4.613652178938542,2.7097211184181624
2460365.37501716,-3.024091830561101,2.7103021251118133
2460365.3819617685,-2.633899463346832,2.7128730325105708
2460365.388906377,1.008961224815135,2.712026721906435
2460365.395850986,8.96645935548947,2.71748129757788
2460365.4027955947,2.98131498020578,2.7128173591935916
2460365.4097402035,5.766586221216159,2.7163645711747275
2460365.4166848133,2.3546790181511708,2.7130123544771063
2460365.4236294217,-3.6494224267943025,2.7109291743005404
2460365.430574031,-0.963972021663396,2.712282659209299
2460365.437518641,-0.10078604482767162,2.7126893226633406
2460365.4444632498,-1.2538089185732004,2.7112372779273692
2460365.4514078596,-3.705008744138167,2.7117107726149015
2460365.458352469,0.6720970270725464,2.713346769185492
2460365.4652970787,2.18767118553625,2.714055077445457
2460365.4722416885,4.534336015783076,2.7130358097048517
2460365.4791862983,3.9541256424801468,2.7118741878039323
2460365.4861309086,-1.409935618998735,2.7106687288946265
2460365.4930755184,2.9406591077134916,2.713035453503665
2460365.500020128,-1.0359227917961236,2.7116436573193883
2460365.506964739,2.5076153593867065,2.711920289061155
2460365.513909349,-3.5717786346056273,2.7086064747607437
2460365.5208539595,-3.764196781692199,2.7095966667095723
2460365.52779857,-5.440226380406228,2.7082400929626007
2460365.5347431805,-2.953242318819236,2.7092266529678546
2460365.5416877912,-0.1626071993648246,2.7139148378444733
2460365.548632402,0.45679795365261233,2.7136046943817878
2460365.555577013,-0.04445342254151141,2.7152464565357763
2460365.562521624,5.169717892652594,2.715249126257136
2460365.5694662347,5.09435136420924,2.714662617137723
2460365.5764108463,2.714426397697453,2.713281298505418
2460365.583355457,-0.026071055793091463,2.7128421413022683
2460365.5903000687,1.6153074352001446,2.7146097509131315
2460365.5972446795,0.45311557413386006,2.7154979214957358
2460365.604189291,1.8751706510990436,2.715669931056178
2460365.611133903,-6.029899466830736,2.7143422614793384
2460365.6180785145,-1.2887956217961856,2.7151849920574858
2460365.625023126,-1.6079925665613213,2.7163642545827
2460365.631967738,-2.545931829244021,2.714619966550854
2460365.63891235,-3.652183531483054,2.714989714410556
2460365.645856962,1.3804027181462715,2.7156317104894367
2460365.6528015737,-2.618702097973025,2.7150468419152314
2460365.6597461863,-2.135378271566256,2.712363175300401
2460365.6666907985,3.677965850590777,2.717769760265162
2460365.6736354106,4.005503869098156,2.716301141187849
2460365.6805800237,1.861552286422441,2.716628834706842
2460365.687524636,1.4206090453203561,2.714240773688342
2460365.694469251,-3.2371890094136515,2.7106340776088484
2460365.7014138643,0.41422555412916706,2.7113659036764006
2460365.708358477,1.0945069719232272,2.7116499651932346
2460365.71530309,-3.2634899584443575,2.7095372552830654
2460365.722247703,-1.1980007866269302,2.7100268755222996
2460365.729192316,-1.9135307833348434,2.708470316476711
2460365.736136929,1.4566942271595669,2.711333222288911
2460365.743081542,0.7504771643875707,2.710497093275979
2460365.7500261557,-1.4312473777003611,2.7110386714620343
2460365.7569707693,-2.0223242250600704,2.709892522923608
2460365.763915383,-2.4999373130388802,2.7098754852492797
2460365.7708599963,-1.1421476241202073,2.70942325554493
2460365.77780461,3.1736597336918067,2.711270277299636
2460365.784749224,1.091933355604548,2.711091743337578
2460365.791693838,6.099659909559779,2.7125731845361236
2460365.798638452,3.3330616339521617,2.7125133358118503
2460365.8055830654,4.786096040543118,2.7133719108287533
2460365.81252768,-1.766528889983992,2.7119813736321707
2460365.819472294,5.077409886357172,2.714080491610579
2460365.8264169083,-3.3675312824879686,2.7112778916678306
2460365.8333615228,1.5283943275070175,2.711112012439429
2460365.8403061368,-1.0678757771346756,2.7128232394524203
2460365.8472507517,-3.702023549535456,2.709075689498853
2460365.854195366,-0.12296863545631398,2.710179251118768
2460365.861139981,-2.748769271159865,2.7082978272966827
2460365.868084596,0.8294335434227513,2.7121794112603186
2460365.8750292105,2.721286054987174,2.711663049648076
2460365.8819738254,3.8976852479512942,2.711989445973213
2460365.8889184403,3.627663646127821,2.7150494061681747
2460365.8958630557,-2.2901656378435256,2.708982319866903
2460365.902807671,-2.098010775703944,2.7086967300719107
2460365.9097522865,-4.907784662553371,2.709038003933371
2460365.916696902,-0.6788865478040886,2.708880915927978
2460365.9236415173,-6.118551502260464,2.70642105865779
2460365.9305861327,-3.697472169053742,2.708437257618
2460365.937530748,-0.452949535206967,2.7096380540278187
2460365.944475364,-3.5077791212286704,2.7081523794212923
2460365.95141998,-1.843082722575287,2.7101094264145935
2460365.958364595,-1.619296943992008,2.7098156227514085
2460365.9653092115,-1.5224488443588882,2.7091332046972827
2460365.9722538274,2.249549214486678,2.7121594921384666
2460365.9791984437,0.23206623430229104,2.7099140827273103
2460365.9861430596,3.5319811211002943,2.711634718194732
2460365.993087676,4.99553194768431,2.71290182121241
2460366.000032292,-1.561795122108168,2.7107075797609537
2460366.006976909,-1.5659642767002915,2.7095233114970116
2460366.0139215253,-3.7025599483587692,2.7078418894863563
2460366.020866142,-3.3042445344534146,2.708023642352705
2460366.0278107584,1.5398804818850556,2.7097387641322026
2460366.0347553752,3.886033244263813,2.7109527268162132
2460366.041699992,0.4080097154196709,2.708548467259852
2460366.0486446093,0.41221315830849736,2.710103635815712
2460366.055589226,6.7076421216450255,2.7112027377754764
2460366.062533843,5.362831367598849,2.711640887505233
2460366.06947846,0.9355912698159534,2.707334110962583
2460366.0764230774,4.093953151974987,2.7090059085585794
2460366.0833676946,1.1604667972061757,2.706267403766393
2460366.090312312,-0.26841816756951925,2.7065557140773415
2460366.097256929,0.048375994332344074,2.7052778859148776
2460366.1042015473,-2.3010258872450584,2.7044162554068176
2460366.1111461646,0.8247912473852612,2.7046068901284794
2460366.1180907823,-0.5011086523708217,2.705806573450198
2460366.1250354,-3.5125470494352222,2.7033780255633073
2460366.1319800173,-0.299306115450539,2.704768923504196
2460366.138924636,2.5016430845097744,2.705038889409147
2460366.1458692537,-1.1037903469137071,2.7044046694480417
2460366.152813872,1.7748981573115765,2.704641280153028
2460366.1597584896,-3.000090948274834,2.7041548498942602
2460366.166703108,0.3597700462247677,2.705578776819588
2460366.173647726,-3.8346825100811075,2.704262930792739
2460366.1805923446,-0.38007840973939916,2.7083546415368596
2460366.187536963,-0.5904466527238537,2.705285160696105
2460366.1944815814,-2.0482627260128767,2.706055887165908
2460366.2014262,-1.0352417705321668,2.703714540391211
2460366.2083708183,4.219992673470805,2.708810962026845
2460366.2153154374,1.0826829680280468,2.705169035945797
2460366.222260056,2.9365404263607133,2.7070648355359483
2460366.2292046747,2.8124009642775647,2.707622249244567
2460366.2361492934,0.6805543193659407,2.7073999243909967
2460366.2430939125,-1.2584415241199376,2.703811318272215
2460366.2500385316,-1.5527727668515352,2.703218478702676
2460366.2569831507,-5.886872484977905,2.700319613926455
2460366.26392777,-3.4974390731251916,2.702340539476941
2460366.270872389,-2.329437589200027,2.701555069005066
2460366.277817008,-5.101187105263223,2.699999825328503
2460366.2847616277,4.611756434504837,2.7022435527387567
2460366.2917062473,1.777327448114223,2.7017479700441065
2460366.2986508664,-3.0169319324960995,2.6996550368324423
2460366.3055954855,3.9713345328722895,2.702124189383427
2460366.3125401055,0.8514909217577686,2.7008788779354247
2460366.319484725,-0.18704639438011972,2.7011055880137484
2460366.3264293447,-2.857364360764884,2.6977797191652564
2460366.333373965,-2.4456408771438682,2.6974894766734625
2460366.340318585,-2.23808077417794,2.6985028156781827
2460366.347263204,-2.146801606245624,2.6985731250548626
2460366.3542078244,5.026080061071096,2.700682931712828
2460366.361152444,6.595806642337024,2.7006262076105894
2460366.3680970646,5.686881834259767,2.7015538931874263
2460366.3750416846,3.665867574173864,2.699761715533459
2460366.3819863047,0.5556658072224717,2.7013010057648117
2460366.3889309256,-0.3733709243449982,2.700609438718731
2460366.395875545,-3.6538206640012088,2.697050652115038
2460366.4028201657,-0.05463712002605492,2.699390906066856
2460366.4097647867,-0.09386265922075188,2.6994579075431155
2460366.4167094068,-0.19390053657290274,2.7004568510436773
2460366.4236540273,7.353389304767526,2.7019002790553817
2460366.430598648,-2.3534662598612357,2.6982165464364942
2460366.437543269,-2.6429335112091605,2.6975442806857415
2460366.444487889,-2.72995181347502,2.698540870851726
2460366.45143251,-4.538459090601633,2.6970267439573665
2460366.458377131,-3.0611149007181577,2.698717580434432
2460366.465321752,-2.376249362761862,2.6969084108444186
2460366.4722663723,-1.527545123471276,2.697136814331745
2460366.4792109933,-2.999800035096285,2.696746493532142
2460366.4861556143,-1.9767685778975521,2.697801193295955
2460366.4931002352,0.045181750648615376,2.698278209831109
2460366.5000448567,1.9793374202429876,2.699572874152338
2460366.5069894777,0.8772016470120658,2.6971856506743905
2460366.5139340986,4.409292099084029,2.7013664110987072
2460366.5208787196,0.6196453093362471,2.697902867734758
2460366.527823341,-0.37055821366953046,2.695066167587186
2460366.5347679625,0.9923398025014629,2.6955679660651746
2460366.541712584,1.8155336132219033,2.6975563714641875
2460366.5486572054,-2.228094195997927,2.6946246392076625
2460366.5556018264,-2.7687050084760596,2.6957524727894513
2460366.5625464483,-0.9622397262404447,2.6956761238746125
2460366.5694910693,3.1549349687504966,2.6979551505339483
2460366.576435691,0.03047419354573444,2.697313414911118
2460366.5833803127,0.24308690697159419,2.6961197470000644
2460366.590324934,-5.5295523121618135,2.6927225409610425
2460366.597269556,4.122053816191343,2.698065111465638
2460366.604214178,5.244767758589818,2.698249213622655
2460366.6111587994,-0.5602894433702674,2.6962454425649587
2460366.6181034213,6.727678846852507,2.6984853344460777
2460366.625048043,0.13240496954408743,2.6968856720351257
2460366.6319926647,6.936572274369737,2.699762158094863
2460366.6389372866,6.371600091655344,2.697318986986911
2460366.6458819085,0.3464584427755093,2.695703734178029
2460366.6528265304,-1.552871740699139,2.6951559194016106
2460366.659771153,4.90593913523824,2.6971611075568993
2460366.6667157747,-0.316257797467135,2.695060759058603
2460366.6736603966,-0.11571829821112245,2.6946399378110577
2460366.6806050185,-4.63582990774126,2.6934066272404587
2460366.687549641,-0.039557890716270194,2.6944805844183524
2460366.694494263,-3.1781129900874747,2.6941483205565118
2460366.7014388847,-2.659860525310456,2.692809180452865
2460366.708383507,-6.3402539131620195,2.6930755448413666
2460366.715328129,-8.794796489488458,2.6901939049674746
2460366.7222727514,-7.826213846811404,2.6902911832525906
2460366.7292173738,-5.237691707234047,2.6920750700764784
2460366.736161996,1.3258210775595907,2.693004796928561
2460366.743106618,-0.7480615335638663,2.693341789466866
2460366.750051241,3.2894340041476355,2.6962310801995866
2460366.756995863,1.0623725468986942,2.695441835068255
2460366.763940485,1.0058668309377237,2.69572832823695
2460366.7708851076,0.8528465537705187,2.693649301368851
2460366.7778297304,1.7364348456946839,2.695474869069901
2460366.7847743523,-0.6404953346493915,2.6940845730847323
2460366.7917189747,-4.54317345696081,2.6958224552702474
2460366.798663597,-0.1564950100715774,2.6974097079226937
2460366.8056082195,-0.18801939517128252,2.698495925803016
2460366.812552842,3.63598799545696,2.696782266740311
2460366.819497464,2.9389849160519215,2.695893675509307
2460366.8264420866,-0.6543716279789367,2.69543243891671
2460366.8333867094,-2.496059999393825,2.695097353296605
2460366.8403313314,3.3110597761328053,2.696276317197117
2460366.847275954,1.791294661869256,2.6979495593931015
2460366.8542205766,3.3436156518683955,2.6966153031596303
2460366.861165199,2.2386943715689505,2.6982457936846274
2460366.868109822,3.0288682156396836,2.6961327675526
2460366.8750544437,0.9696708160226881,2.695493700904357
2460366.8819990666,-1.0040793801558756,2.6961147739503435
2460366.888943689,1.3495645983361833,2.697510301789231
2460366.895888312,0.24135436727949466,2.6944995400690925
2460366.902832934,-3.849851356215452,2.695665442810093
2460366.909777557,-1.5347332027354597,2.695552610189234
2460366.916722179,6.002478147272316,2.6966271598666034
2460366.923666802,1.0085259223073488,2.6940414935575983
2460366.930611424,-2.1756671533033867,2.693333512251374
2460366.9375560465,0.7661762199627846,2.6940333783807993
2460366.9445006694,3.8024916847652825,2.6958372485153634
2460366.9514452913,2.0757710302899963,2.6939343444698767
2460366.958389914,-3.7611152566704957,2.694236600595899
2460366.9653345365,-0.6822890899291097,2.6937130416451875
2460366.972279159,1.9060738155129267,2.6944228715112257
2460366.9792237817,-5.268960801584012,2.6944383298632477
2460366.9861684036,-6.479431947666127,2.6936472253743466
2460366.9931130265,6.287551753034243,2.6986261065013237
2460367.0000576484,-3.0084646630348764,2.693615104917525
2460367.0070022712,4.024231045661524,2.698926424038896
2460367.013946893,3.5117277979536974,2.697424977759553
2460367.020891516,2.799273559005414,2.7003452654847275
2460367.0278361384,-2.9722830071290267,2.6974555764500288
2460367.0347807608,-2.875250417437254,2.697165540699524
2460367.0417253827,-0.5349138334785994,2.696958773154794
2460367.048670005,-6.157720500848521,2.695195806379285
2460367.0556146274,-4.060105861850305,2.692320360584502
2460367.06255925,-8.24596342960222,2.6911334884586346
2460367.069503872,0.21835968288858765,2.694867771194492
2460367.076448494,6.7132261569811975,2.696880462110423
2460367.083393116,3.720061938981569,2.6952777095482516
2460367.0903377384,-2.74852947341169,2.69337989518003
2460367.097282361,-2.7565163831631483,2.6925319315671126
2460367.1042269827,2.2260434297225853,2.6944977858795447
2460367.1111716046,-9.233576605929532,2.687009358419832
2460367.118116227,-2.664686298798663,2.6906705850951558
2460367.125060849,1.698633337377855,2.6914167209365534
2460367.1320054713,4.702079780086706,2.693126649561773
2460367.138950093,3.8323354258663316,2.6952316140421604
2460367.145894715,4.093271549941318,2.6926883947463107
2460367.152839337,4.965818296810372,2.693701397736627
2460367.159783959,0.7758920352873266,2.6918683216500248
2460367.166728581,1.8888013012266422,2.692158545799744
2460367.1736732023,3.236998138659145,2.693815152949733
2460367.180617824,0.6314642167133422,2.692321419996304
2460367.1875624456,-5.8051722858479256,2.6921606343152824
2460367.1945070676,1.9767555866003441,2.6933373636524593
2460367.2014516895,2.5648172658092903,2.6920553928787565
2460367.208396311,-2.6682154553682156,2.6914389031306336
2460367.2153409324,1.2489535191412275,2.6938743957556444
2460367.2222855543,2.047870533925658,2.6952495844858952
2460367.2292301753,1.2311114708028073,2.694397711081592
2460367.236174797,-1.1391956757619166,2.693202011259172
2460367.2431194186,4.44993422229693,2.6958769924856196
2460367.25006404,-0.6280899490538843,2.693785569689398
2460367.257008661,2.517771227965908,2.692785701307892
2460367.263953282,-0.17744203706007888,2.693082947916441
2460367.270897904,-2.3369873536380377,2.69250447033065
2460367.277842525,-2.9395885645065594,2.6910022490501615
2460367.284787146,-1.030062356121866,2.6926515802779982
2460367.291731767,0.5876729352158039,2.6941692992282387
2460367.298676388,-3.570042006020711,2.691088102015428
2460367.3056210093,1.1122100294852,2.6925817840093083
2460367.31256563,-2.7951007924489972,2.690241530316193
2460367.319510251,-6.930717657711867,2.6881427055915914
2460367.326454872,-1.520728470462636,2.6913570977489605
2460367.333399493,-4.275452673816039,2.691860497584651
2460367.3403441138,-2.17247373518299,2.6898728922450075
2460367.347288734,0.46686422736914546,2.6920747323457
2460367.354233355,-4.124555924277403,2.6896177092824853
2460367.3611779753,4.196025468670717,2.693280311794219
2460367.368122596,1.8926448362898287,2.6935771851565122
2460367.375067217,2.209227622993785,2.693253308790035
2460367.382011837,4.3625231084600085,2.6943794984677853
2460367.3889564574,-1.2253106847203625,2.691989585307677
2460367.395901078,4.27414874949893,2.6958932980585395
2460367.4028456975,7.076516902936007,2.695158618519022
2460367.409790318,-2.108151073671562,2.6934388235988203
2460367.416734938,-1.5200284441510616,2.6951054485563914
2460367.423679558,-6.147395119393673,2.6915852185882714
2460367.430624178,-1.297444859603134,2.6939044553093137
2460367.437568798,0.5530845549020107,2.693474773333858
2460367.444513418,3.284253921537139,2.6947778994106577
2460367.4514580383,0.26491400217861805,2.6943091663945236
2460367.4584026574,0.1608039635926617,2.693670159877076
2460367.4653472775,-0.3307043449524847,2.6934499659994153
2460367.472291897,-2.051696366545232,2.693061277045899
