time,flux,flux_err
2460339.785682982,-3.817059743356653,2.359271623359132
2460339.7937848098,-5.568419777718851,2.723970447826021
2460339.8007292333,-1.7643445340497994,2.7222494058783755
2460339.8076736573,0.515436564756659,2.7239519274180566
2460339.814618081,2.8658790058002706,2.7242555167097646
2460339.8215625044,-6.812663996722577,2.720381669443977
2460339.8285069284,0.03432682153420075,2.7217010873238614
2460339.835451352,-3.382488000950644,2.720342012698786
2460339.842395775,3.6906106295128245,2.7229519526548134
2460339.8493401986,6.778117841700643,2.724717757804853
2460339.856284622,2.3576680265189998,2.722619575083859
2460339.863229045,1.190967363221052,2.720508115904401
2460339.8701734683,-1.6531529562960667,2.7216338625296896
2460339.8771178913,1.8316255302800561,2.721520477427161
2460339.8840623144,6.209624546175132,2.721679630795012
2460339.891006738,1.8282815335409999,2.720401523638909
2460339.89795116,5.473076254722945,2.7219477696033536
2460339.904895583,-1.5639998294934498,2.7200712086820853
2460339.911840006,-6.91398937329942,2.7183849526491954
2460339.9187844284,1.449555424231076,2.721355574092197
2460339.925728851,-3.79334403874275,2.719796936000149
2460339.9326732736,3.5534016332164127,2.725222951190099
2460339.9396176958,-3.8713915646190706,2.7213123983975525
2460339.9465621184,-2.0906706642405557,2.722643854916827
2460339.953506541,-0.9564693884305935,2.7211579159034778
2460339.9604509627,-0.5615606815787828,2.7217669976468617
2460339.9673953853,-0.7172044697366655,2.7215223001377553
2460339.974339807,-5.542390026780355,2.7209718157473493
2460339.981284229,-0.6964312543858031,2.726063988441922
2460339.988228651,1.772663810757067,2.7270938762702635
2460339.995173073,0.7359914588353687,2.7236502068342126
2460340.0021174946,0.5468867037563063,2.723725595297932
2460340.0090619163,5.549151035239644,2.7240305082680885
2460340.016006338,-0.29004951496583575,2.722063551260312
2460340.0229507596,5.669408409702726,2.726058027355507
2460340.0298951813,-2.067118984994175,2.722811140617814
2460340.0368396025,-2.0214218408154774,2.7216573011332237
2460340.0437840237,2.0673976272437518,2.723137387745027
2460340.0507284454,4.2887025751050665,2.7229072695197165
2460340.057672866,0.7710462233883093,2.724892940664916
2460340.0646172874,1.8317077273083653,2.7224547873203035
2460340.0715617086,-3.332956693519144,2.721470851609817
2460340.0785061293,1.093828905782992,2.7235718530062787
2460340.08545055,-6.08659874760113,2.7193630920888077
2460340.092394971,0.7812687641740172,2.721657358628928
2460340.099339392,-3.1645553848588426,2.720299740758659
2460340.1062838123,-0.44691799812646815,2.7222527724315975
2460340.113228233,2.502743344668409,2.726374575364913
2460340.120172654,1.5738054330014062,2.7228184362078984
2460340.127117074,0.4444122050630795,2.7221186427887285
2460340.1340614944,-3.3798227289670417,2.720691939237344
2460340.1410059147,-0.5205289191205631,2.72473371352744
2460340.147950335,-0.3585901137922559,2.7218221271694674
2460340.154894755,-2.3807844214225593,2.722800249732691
2460340.1618391755,1.637311282071857,2.7230284768949393
2460340.1687835953,-2.4290631177466304,2.722298891754495
2460340.175728015,1.5390651710275454,2.7229704577931346
2460340.182672435,0.8583708179347149,2.7240632938217506
2460340.1896168552,-6.3947545047463885,2.720826818803731
2460340.1965612746,-4.026685768165305,2.7214757839509685
2460340.2035056944,3.222454867022837,2.7235173857612853
2460340.210450114,0.9251204813153422,2.7224057414896823
2460340.217394534,0.9526880248214655,2.72431296997806
2460340.224338953,2.2006350656459968,2.7233873202983165
2460340.2312833723,-2.0306756828089507,2.724969535419479
2460340.2382277916,-1.5944701357970992,2.721958064597487
2460340.2451722114,4.375343444197551,2.72458442117437
2460340.25211663,1.291531238737682,2.7237536091415415
2460340.259061049,-3.8417974860735473,2.7206022593596355
2460340.266005468,0.9591938112301097,2.7220497135289166
2460340.2729498874,-0.026210440115683742,2.721563666226045
2460340.279894306,3.2440900291870127,2.722816201353401
2460340.286838725,1.2935368423109672,2.7237594797536775
2460340.2937831436,-2.050157267225277,2.72068136432901
2460340.3007275625,6.530817790960264,2.7248346528787253
2460340.307671981,3.4629226474528716,2.7229603928511597
2460340.3146164003,1.185025586104508,2.7218591433523707
2460340.3215608182,-6.836527324052747,2.7197741540720557
2460340.3285052367,0.4213435013882022,2.722564956535763
2460340.335449655,2.294869034771781,2.7245127150766777
2460340.3423940735,-1.208493981212937,2.7229385284771532
2460340.349338492,-1.3729866250600762,2.7246544605542957
2460340.35628291,-3.0436050181763106,2.7226454781215037
2460340.3632273283,1.2030130523729867,2.7262406591062196
2460340.3701717462,1.3249498059083322,2.725154556319648
2460340.377116164,-2.8932744364256613,2.7241944729654897
2460340.384060582,-1.2985289228799757,2.726901554292924
2460340.391005,-1.515386752948828,2.724625865815083
2460340.397949418,-0.10749733535967465,2.723915234747281
2460340.404893836,-3.8347228170885135,2.723144573684958
2460340.411838254,0.5870455064444788,2.724622340737417
2460340.4187826714,-4.363717390023294,2.723328969768651
2460340.425727089,6.167637695145776,2.728401368256245
2460340.4326715064,2.035451477674687,2.724485666592813
2460340.439615924,-0.9231730368955049,2.72704651429772
2460340.446560342,0.6786379308171403,2.7240162256665776
2460340.453504759,-0.23094007635325786,2.726630012699427
2460340.4604491764,-4.66382054611684,2.721762867297773
2460340.467393594,-1.467698210359544,2.721800696394491
2460340.4743380104,3.3168719196751812,2.7243521287029417
2460340.481282428,4.799504480924837,2.7246894109606177
2460340.4882268454,3.5349611200810314,2.7250748921045704
2460340.495171262,-1.7085318518012738,2.7241461254435335
2460340.502115679,-2.114766351443714,2.721734556152778
2460340.509060096,1.7979497921232515,2.726584394229819
2460340.5160045126,2.300799328031723,2.725041714075564
2460340.52294893,-1.1137118047275816,2.7253387791729544
2460340.5298933466,0.7916143148001252,2.725100715257566
2460340.5368377636,-3.7751431197373595,2.7250748518702395
2460340.54378218,-1.6887768732493762,2.7260440712401235
2460340.5507265967,2.7577081438385758,2.728013059916653
2460340.5576710138,0.9968246160249166,2.727991520271067
2460340.5646154303,-1.7271664149166681,2.72605975585304
2460340.571559847,0.02671054094473302,2.7270955759305266
2460340.578504263,-1.0011376778926184,2.727262095392204
2460340.58544868,0.5728095175191297,2.7272294383193505
2460340.592393096,-3.1945628588682613,2.725379370580678
2460340.599337512,-0.9669432201444539,2.7264346746209647
2460340.6062819287,-3.055222270590329,2.725815703477872
2460340.613226345,-0.30051991983712845,2.726312655235269
2460340.6201707614,1.6370382649383013,2.7296123156649084
2460340.6271151775,-3.1370193900343106,2.727595490279328
2460340.6340595935,1.7647036479396743,2.7269602770565817
2460340.6410040096,1.898855209068135,2.727558130789323
2460340.6479484257,3.137926936021629,2.7314179401042207
2460340.654892842,3.630011326365341,2.7363545850689905
2460340.661837258,1.2294954558108186,2.75396460069153
2460340.6687816735,-1.501099133579138,2.773911146052544
2460340.675726089,0.4198124561453578,2.7998545311118455
2460340.6826705053,2.751172748993052,2.8288579524126134
2460340.6896149213,3.406053526974586,2.8655240634911743
2460340.696559337,4.9498075359530675,2.9091787079252662
2460340.7035037526,-5.611207941442661,2.9557835959844954
2460340.710448168,0.5817984990437077,3.0234055394688686
2460340.717392584,-2.3325551797248467,3.0975726288635204
2460340.724337,2.9078634799419554,3.185708381468693
2460340.731281415,0.9324066504103774,3.278769394173549
2460340.7382258307,-3.3903777032152944,3.3786754351794825
2460340.7451702463,-1.5817238653280867,3.4900452569288145
2460340.7521146615,-0.6551789090358586,3.6060821405656323
2460340.7590590776,-0.30770695551777805,3.725139828898365
2460340.7660034928,-7.4048392252300275,3.84214131611078
2460340.772947908,0.7078696281852079,3.958675832962123
2460340.7798923235,0.11605512989785494,4.0737121931381575
2460340.786836739,7.8545024837104895,4.190034852413581
2460340.7937811543,-2.876580773555859,4.30059072121099
2460340.8007255695,-1.9918655213441585,4.410921545974955
2460340.8076699846,-1.4831288432190157,4.518472806264396
2460340.8146144,-0.6788929693578885,4.6211613833034635
2460340.8215588154,-3.051413723816329,4.71864731541096
2460340.82850323,-2.338625950888242,4.810356037442724
2460340.8354476453,2.489579613357397,4.898607093977391
2460340.8423920604,5.109026025509916,4.982748826872942
2460340.8493364756,1.142169312496673,5.060733396771041
2460340.8562808908,-1.2077724381802204,5.135879667145968
2460340.863225306,2.7533083544606334,5.2107003463712465
2460340.870169721,2.5305267003305945,5.284496943416209
2460340.877114136,3.8002148758635754,5.353496509988648
2460340.884058551,1.473404919902113,5.418839907461205
2460340.8910029656,4.210141686417421,5.485038732986804
2460340.897947381,-5.7225249531982225,5.543953864316795
2460340.9187806253,-8.772192625515348,5.708734397755111
2460340.92572504,2.095247729624541,5.760140102796396
2460340.932669455,-3.4444753071403467,5.808538805528726
2460340.9465582846,0.01555742930494497,5.8945538572589085
2460340.9535026993,5.017020332899058,5.934604269645024
2460340.960447114,1.705428942932261,5.9674828793225485
2460340.9673915287,-3.984977529951634,5.998490962316239
2460340.9743359433,3.232973752375829,6.026852712647667
2460340.981280358,-0.7964015647325753,6.050150231671292
2460340.9882247727,3.2570867544115325,6.074676494048842
2460340.9951691874,-6.058568745853515,6.095428012917804
2460341.0021136017,-2.60249951668965,6.11767686870376
2460341.009058017,-7.29066913274844,6.1420388049401895
2460341.0160024315,5.795316066641006,6.165907184570577
2460341.022946846,-2.6951799339378013,6.191637161758146
2460341.0298912604,4.266441222138717,6.221612797596318
2460341.036835675,6.469108716188013,6.247764529958818
2460341.04378009,-4.1836801438648035,6.269019975932463
2460341.057668919,-6.99310212774908,6.324425002447838
2460341.0646133334,6.624613308617484,6.354875317076952
2460341.0715577477,0.9315227571895579,6.382435957668839
2460341.078502163,7.540484135753081,6.414880424350876
2460341.085446577,0.6311846819652809,6.447356576745253
2460341.0923909913,-0.2758764641781979,6.480062666066736
2460341.1062798207,8.763511558379559,6.545355695093119
2460341.120168649,1.98670033466108,6.605854002635223
2460341.1271130634,1.4195369730032377,6.635320102855637
2460341.1340574785,-8.129812067552555,6.66193156882921
2460341.1410018927,2.2936395512854393,6.690836132917707
2460341.147946307,-8.124282785003398,6.716373561649558
2460341.1548907217,-3.545713626744738,6.743345476663161
2460341.161835136,-4.17803279346135,6.769551519054985
2460341.1687795506,-4.872995191974104,6.793381101632175
2460341.175723965,-7.041751572329517,6.816790564682371
2460341.182668379,4.82202225512711,6.8373906051644395
2460341.196557208,1.3139654652523616,6.867754852646065
2460341.210446037,5.948573609590253,6.884997729361671
2460341.2243348653,2.416125844504185,6.890204105020874
2460341.23127928,2.0473345625370607,6.888921527701901
2460341.2382236947,-0.8234493592470551,6.888224972474507
2460341.245168109,1.0170370579015282,6.887029576187683
2460341.2590569374,-7.731459689223751,6.878695421426393
2460341.2660013526,-5.3790781464167665,6.871302298739283
2460341.272945767,5.540274090669412,6.861290105437803
2460341.2868345953,7.322268279660298,6.834210400020575
2460341.29377901,7.237403859925984,6.814151359603543
2460341.300723424,7.480573541073731,6.791921447696315
2460341.307667839,-7.033052984309812,6.771473581306913
2460341.314612253,-4.002177095454093,6.7540525366192705
2460341.3285010816,0.4373517821818275,6.722118374809789
2460341.3354454967,-6.011607778043125,6.709146816005004
2460341.342389911,1.1968584870620624,6.698432117762638
2460341.349334325,-5.943592708860009,6.689660910854967
2460341.35627874,1.2706318320955408,6.68219670738026
2460341.3632231546,-0.2407773093877581,6.6746380520411135
2460341.370167569,-0.403496364243598,6.668645223499617
2460341.3771119816,-5.8650426606944475,6.663494104581358
2460341.3840563954,1.6358813652522302,6.660439330481897
2460341.3910008096,-0.8480794731684926,6.657371580266427
2460341.404889639,-2.409241582974917,6.652498004287517
2460341.4118340537,4.926065844672325,6.652034460298669
2460341.418778468,3.316959382740155,6.649643328090268
2460341.432667297,4.746456905909899,6.650424339489999
2460341.439611712,2.220312547474264,6.651061975952904
2460341.4465561262,-3.388274065970052,6.650744940504428
2460341.4535005414,8.433863153429954,6.655338336262576
2460341.4604449556,0.21817364734411804,6.65531154127324
2460341.46738937,-3.669210003850873,6.654037492236093
2460341.474333785,-1.5942429466042913,6.654519023210855
2460341.4812781997,0.4862734763732437,6.655086677231613
2460341.4882226144,5.72890265178451,6.654693067529538
2460341.4951670286,0.4445801312825197,6.652728829322096
2460341.502111444,-7.081054674735364,6.650346359939722
2460341.509055858,-2.273431612087246,6.64412299804239
2460341.5229446874,1.2914728507750028,6.626525633797471
2460341.5298891026,-2.546631894924149,6.6171640135036505
2460341.5368335173,-1.3799717683210577,6.608322937700579
2460341.543777932,0.3565433439107064,6.600299954253461
2460341.5507223466,-0.6786443619289348,6.5883424853456285
2460341.5576667613,-5.865022835728974,6.57548995531382
2460341.5646111765,-0.21895199220854655,6.561596976881916
2460341.5715555907,-5.818639039703843,6.5475888282123265
2460341.578500006,7.724736869499967,6.535125314855545
2460341.5923888357,-1.549274587586539,6.500205448767929
2460341.599333251,2.7100889994277613,6.485002221234037
2460341.6062776656,-2.422027545349994,6.467276238481997
2460341.6132220807,0.21082230023549853,6.45254813328476
2460341.6201664954,-8.987696906774119,6.435991761411054
2460341.6271109106,7.932147686114587,6.422751527052861
2460341.6340553253,4.5304989807628715,6.4028535845512815
2460341.6409997405,7.532514319513851,6.387936922471657
2460341.6479441556,0.7309549482939821,6.37270610704289
2460341.654888571,-4.377458051368946,6.353968641122266
2460341.661832986,1.0164154684216289,6.337940025728109
2460341.6687774006,7.780611657453534,6.322928127600761
2460341.6757218163,-4.675016648713283,6.306968155167816
2460341.6896106466,-3.6509634959679333,6.272414287581686
2460341.6965550617,2.305510653805455,6.256696936955486
2460341.703499477,0.11041667870881255,6.241453585565977
2460341.717388307,-3.092554078183697,6.2088896412597
2460341.724332723,-4.442068157270581,6.192562690427951
2460341.731277138,-8.605796101423266,6.175367271251807
2460341.738221553,-2.5534545248199803,6.16023842126114
2460341.745165969,2.8479783843225475,6.141842483152999
2460341.752110384,-0.8920465083396654,6.123614027273775
2460341.7590547996,4.567221857016127,6.1076088822352155
2460341.765999215,0.7551609272309565,6.089863882295329
2460341.7729436303,-5.011735439932874,6.074330403190384
2460341.7868324616,4.019183762577107,6.042938034950879
2460341.7937768768,8.866982689831099,6.027535802509317
2460341.800721293,7.832635086844588,6.013999606348424
2460341.807665708,-4.949622220777883,5.997672341026695
2460341.8146101236,2.262226434546388,5.983069410444229
2460341.8215545393,-6.11342457643131,5.966502023358758
2460341.8284989554,-7.169145959926331,5.951222939055829
2460341.8354433705,7.585775045282583,5.940282520321493
2460341.842387786,2.9410128782937934,5.925465405624497
2460341.856276618,3.976645323332154,5.89533801126101
2460341.863221034,8.0352764358754,5.88209617668094
2460341.87016545,0.3174157781686935,5.866360746620607
2460341.8840542813,1.113499998097148,5.838538490023729
2460341.8909986974,-0.5966464255561013,5.8238068985999725
2460341.8979431135,-3.6165122731567547,5.810859526957514
2460341.911831945,1.1665633036909129,5.779441911022508
2460341.9187763613,1.6509779885455356,5.763307206517833
2460341.9257207774,-8.106014637627169,5.748087300211161
2460341.9326651935,-3.2710623665071727,5.731721425163783
2460341.9396096095,-6.750957859936646,5.715889960274654
2460341.946554026,1.0054654754389845,5.701148482978269
2460341.953498442,-8.105848755982827,5.682104609673202
2460341.9604428583,3.326108745182064,5.66968186541149
2460341.9673872744,0.8633654883008668,5.653523017713247
2460341.9743316905,1.6029319730697522,5.639489365112628
2460341.9812761075,4.289701679402166,5.6229008497877935
2460341.9882205236,0.013576385091723875,5.605502908745312
2460341.9951649397,1.5121789894379165,5.587784850634016
2460342.002109356,0.6236613671743132,5.571054100613037
2460342.009053773,0.07110134051998673,5.5525099936359545
2460342.015998189,8.836024718667467,5.533529432900083
2460342.022942606,2.873657775287044,5.5133339745464705
2460342.0298870225,0.018104674730699044,5.495092202303817
2460342.036831439,-6.4054358791879045,5.473716386721844
2460342.043775855,6.6129794299499185,5.456827962851425
2460342.0507202726,8.681754623595394,5.437378125374889
2460342.057664689,1.2278752280798395,5.4185280683967045
2460342.0646091057,0.5943845628671682,5.399978285635567
2460342.0715535227,0.7871875184221842,5.380475148443426
2460342.0854423563,-4.701230328817705,5.346548874921413
2460342.092386773,1.9181659994622877,5.329761640792012
2460342.09933119,-5.324468133764918,5.31093394825535
2460342.1132200235,-5.581403452112002,5.276396761955428
2460342.120164441,4.7870477259243565,5.262327213527179
2460342.134053275,-8.843803280323803,5.229405999979922
2460342.140997692,1.465035901934792,5.214619470790263
2460342.1479421095,1.77214565235616,5.202278581750119
2460342.1548865265,3.2452108001879703,5.18765615609385
2460342.1618309435,5.182324861759471,5.170871850457298
2460342.168775361,-6.413218095316055,5.153784062587503
2460342.1757197785,-2.5309308352955795,5.138535850424046
2460342.196553031,-2.3419942187135128,5.095188939408734
2460342.203497448,-2.6621663947545358,5.082773204043505
2460342.2104418655,5.181021577616463,5.073647175007877
2460342.217386283,-1.138678699288048,5.060736412200176
2460342.224330701,-1.4806400383131466,5.049143161854399
2460342.2312751184,4.768500749752464,5.039408417588149
2460342.238219536,-1.7381173870294497,5.026703579509778
2460342.2451639534,-1.078153066357681,5.016804229252316
2460342.2521083714,5.31096662167152,5.006277863288505
2460342.2590527893,-3.7853878221510526,4.986574834792338
2460342.265997207,2.406639427075191,4.971717167114806
2460342.2798860427,-0.9102746890448339,4.934856770998758
2460342.2868304607,0.07596635092563586,4.919026959153201
2460342.2937748786,0.7484818923932344,4.903717246008904
2460342.3007192966,-0.7529940511065483,4.886060271051071
2460342.307663715,6.249460967584041,4.86864260355043
2460342.314608133,2.190769713497517,4.84987960288304
2460342.321552551,-1.081084551627014,4.832581947319849
2460342.3284969693,-6.19129715620371,4.814614449236889
2460342.3354413877,-7.183323147467385,4.791685690202981
2460342.3423858057,-0.20002036192627992,4.77660915666845
2460342.349330224,-0.11417849745067543,4.756399311889391
2460342.356274642,-5.257305311100434,4.738318814154178
2460342.3632190605,1.630188928218474,4.721799577285524
2460342.3701634794,1.8523474427706628,4.70725708671655
2460342.3771078973,8.02475069109757,4.6946883613258334
2460342.384052316,-2.7318811586268974,4.678874790720851
2460342.3909967346,-1.5299214235798142,4.666923577480445
2460342.3979411535,0.7836596107898348,4.656269619934526
2460342.404885572,6.772637540163132,4.648931646082707
2460342.411829991,0.6031099075950839,4.6397282995180165
2460342.418774409,-9.373711776734003,4.631188483016195
2460342.4257188286,2.445038138225077,4.627537885277483
2460342.432663247,-8.064947349289419,4.620865649401386
2460342.439607666,6.920919065340072,4.620299873616517
2460342.4465520848,0.6238215120718289,4.619762204537216
2460342.453496504,-1.2716411383032216,4.613514052894517
2460342.4604409225,-4.338145966536718,4.612405383637324
2460342.467385342,3.3477772201298768,4.609536379005936
2460342.4743297608,-3.954374603300415,4.610677141046376
2460342.48127418,-0.8812568986790978,4.607370736942
2460342.4882185995,-3.6045180993375885,4.605777748949413
2460342.4951630183,-0.4710349737767556,4.603539421504853
2460342.5021074377,-2.7684622523626596,4.60262672548583
2460342.509051857,2.019940080410886,4.602638433351482
2460342.515996276,0.9466042430746127,4.5988467891646225
2460342.5229406958,5.834638275568827,4.596366708198347
2460342.529885115,-4.813834074722088,4.590628063132261
2460342.5368295345,0.436269550312138,4.586981720716955
2460342.5437739543,-1.8260565163925546,4.581436554374139
2460342.550718374,4.872082425194843,4.57909555605753
2460342.557662794,5.955610257828623,4.575524523881429
2460342.564607213,-4.4460908270295665,4.569955335676766
2460342.5715516326,-1.537746361535893,4.564575803534442
2460342.5784960524,-5.158027948368608,4.558039151500009
2460342.5854404722,-1.5560801828742359,4.5545985483242655
2460342.592384892,-0.2894987375925755,4.548985812000574
2460342.599329312,0.46579960312943336,4.541972065310138
2460342.6062737317,1.4976575130381222,4.535660133222084
2460342.6132181515,4.590658727198153,4.527337346298011
2460342.6201625722,-2.8988831779733024,4.521218380680508
2460342.627106992,7.908525447682235,4.514030371665032
2460342.6340514123,2.6076729710713904,4.5060349195761455
2460342.6409958326,-2.3221820124976214,4.5001507059968775
2460342.6479402524,-0.7703191963055991,4.493795941169281
2460342.654884673,6.74440757353697,4.489332484351247
2460342.661829093,4.55050692689978,4.482732374553501
2460342.6757179336,-2.402494073880093,4.468062625997205
2460342.6826623543,-7.244184594525047,4.462048743047242
2460342.689606775,2.000212454328448,4.455883055106843
2460342.6965511953,-2.73641761421456,4.44740761207425
2460342.703495616,-6.926593082286757,4.440257080773811
2460342.7104400364,-2.0537295582961894,4.432977069860928
2460342.7173844576,1.5131870432015886,4.426920640154904
2460342.724328878,-4.93571541240677,4.420015508061309
2460342.731273299,-1.8893439233183744,4.411470586696571
2460342.73821772,-5.563659128079344,4.4024214972060705
2460342.7451621406,0.4505781598756069,4.398430431593361
2460342.752106562,1.7606780687504195,4.391813634263864
2460342.7590509825,2.409988716902599,4.3835882103407355
2460342.7659954038,-3.9580606673517797,4.375033175339628
2460342.772939825,3.2817274873109286,4.367740398550679
2460342.7798842457,5.668258985858903,4.360204969432361
2460342.786828667,-3.3662086071929562,4.351948349010897
2460342.793773088,1.3168583180970146,4.345792287364271
2460342.80071751,1.8435047454242348,4.339386790705466
2460342.8076619306,-3.00307623886755,4.33067686417333
2460342.8146063522,-0.44006779688947406,4.326782455342212
2460342.8215507735,-3.194178335357422,4.322594603346246
2460342.828495195,-2.436746000775319,4.314558008962442
2460342.835439617,1.4898506702605046,4.312423102299097
2460342.842384038,-6.5505235940902775,4.305198238947785
2460342.8493284597,-4.692367900576456,4.300050198566711
2460342.856272882,1.0989172589493803,4.297063270113489
2460342.8632173035,4.897236325086572,4.293183064819245
2460342.870161725,1.3728645439178004,4.288178916759895
2460342.8771061474,0.4255712849148061,4.2821019452331255
2460342.8909949907,2.2771645751684186,4.27595897872906
2460342.8979394124,0.3674786888194461,4.270959123127309
2460342.904883835,2.429690930771645,4.268826074463877
2460342.911828257,-0.37234946631684784,4.263368122137663
2460342.9187726793,0.2839444925205383,4.257975737119555
2460342.925717101,-0.12687352434232957,4.2536673111009025
2460342.932661524,2.5727004940367486,4.250214538403449
2460342.939605946,-5.675454224847049,4.239827845104014
2460342.946550368,-2.29725521679885,4.234462148171622
2460342.953494791,6.204230883481854,4.2302102364149095
2460342.960439213,-4.128983856636229,4.221814078362578
2460342.9673836357,0.8813226108518561,4.213290495865994
2460342.9743280564,-3.8158267296088866,4.20580704982292
2460342.981272476,3.029827628693793,4.19984801506224
2460342.9882168984,0.06514306407026949,4.192476590345415
2460342.995161321,-6.377828693224874,4.1812739503015015
2460343.002105744,-3.452668347332712,4.174548444242775
2460343.0090501667,1.2383641329162693,4.165906153983107
2460343.01599459,2.3886441034745545,4.15893999782499
2460343.0229390124,-2.1901973884357977,4.149020996205531
2460343.0298834355,0.8079222382596241,4.141278553792867
2460343.0368278585,2.6878755318069816,4.133895108771998
2460343.043772282,1.3853896561364805,4.126381805368237
2460343.0507167047,-7.240726137672153,4.114357818993595
2460343.057661128,8.302114592477253,4.111081374482663
2460343.0646055513,-3.3329457922947863,4.094013507106307
2460343.0715499744,-1.8057606919023832,4.082230693674023
2460343.078494398,-1.232339484182512,4.0717824585897056
2460343.0854388215,4.54276873213162,4.061705818816579
2460343.092383245,-0.06614085931876756,4.0504874311472205
2460343.0993276685,2.1372172404139667,4.0418643697159595
2460343.106272092,3.6092336425684994,4.03534455015047
2460343.1132165156,-1.1343287061782654,4.024021929016965
2460343.120160939,-4.998103013187376,4.017329234260935
2460343.1271053627,-2.061909658629525,4.008970501257044
2460343.1340497867,5.604790691845178,4.006317795949076
2460343.1409942107,0.01596542508714771,3.995392812088349
2460343.1479386343,0.7886221418001118,3.9850942117521755
2460343.1548830583,-0.0051576332299259064,3.9777956400259455
2460343.1618274823,-3.049479873947279,3.970235914922336
2460343.1687719063,-3.873545236003415,3.96276647200944
2460343.1757163308,0.6009779588106232,3.9559806299255773
2460343.182660755,0.8915314023489853,3.94761511578765
2460343.189605179,0.8396387661741911,3.940104320973879
2460343.1965496032,1.0854302779280605,3.9306074006669838
2460343.2034940273,-2.905473819122058,3.9222657907669767
2460343.210438452,1.6446783934725673,3.9159985692849433
2460343.217382876,3.074720583978904,3.9078471200164873
2460343.224327301,-1.7558496714944025,3.9008991476873995
2460343.23821615,4.502167555641699,3.890357031514189
2460343.2451605746,2.3266476171278114,3.885080914869793
2460343.2521049995,5.3816526735755605,3.8826821408808807
2460343.2590494244,-2.211342263693128,3.8757111501949773
2460343.265993849,2.4802243697066997,3.870956886004692
2460343.272938274,-2.4217897815891076,3.8664765582108704
2460343.279882699,6.073620852778484,3.864116359284345
2460343.286827124,1.9962536482978814,3.859780604155002
2460343.2937715487,3.3065408069261575,3.851395935130047
2460343.3007159736,-1.1032950061394615,3.8439906079989634
2460343.307660399,-1.3928411351739927,3.8326061767459314
2460343.314604824,-0.8945158165456174,3.8224131014186598
2460343.3215492493,0.8543338951762585,3.8122835096531085
2460343.3284936748,-3.6532736212176538,3.7972510128578283
2460343.3354381,-5.418173584902551,3.7858702652385254
2460343.3423825256,0.8817938243684769,3.7757334211578417
2460343.349326951,-2.4457765777845326,3.7632125182182627
2460343.3562713764,-6.6870097365481564,3.7509142176192825
2460343.3632158022,-3.138133514760983,3.739972458835181
2460343.3701602276,1.8318932464612545,3.731401392821574
2460343.3771046535,2.250837356129938,3.722044492157979
2460343.384049079,1.6257158612699256,3.713595032945715
2460343.3909935053,3.274168501576816,3.7045009989805098
2460343.3979379307,-0.9697550974918465,3.695314813948414
2460343.404882357,-1.1525222990846353,3.6879381895643966
2460343.411826783,2.313318619468786,3.6834660626582356
2460343.4187712087,3.4702129728082576,3.679629186164199
2460343.425715635,1.261852152252087,3.673929312210061
2460343.432660061,-1.0227966055656053,3.669059596301523
2460343.4396044873,2.42105532186322,3.666647536230027
2460343.4465489136,2.3072590373126607,3.663396606321719
2460343.45349334,-4.856515688853933,3.659516897708095
2460343.4604377663,-1.8167695163865343,3.6574552161832865
2460343.4673821926,1.4890159768755535,3.6567516460634875
2460343.4743266194,1.029927389736676,3.6547622804325086
2460343.4812710457,0.4875417321593436,3.656985173494938
2460343.4882154725,-5.181481008196986,3.6556942195907087
2460343.495159899,-0.06847926175333852,3.657862169361373
2460343.5021043257,-0.3678073032111322,3.6575698950379016
2460343.5090487525,-3.7955456736169237,3.65986262295452
2460343.5159931793,4.31882785922227,3.658921569881493
2460343.5229376066,4.761258356976236,3.6588250272148746
2460343.529882033,-2.0919925252495046,3.6579271201754686
2460343.53682646,-3.3202346135847614,3.6522223078263534
2460343.5437708874,1.8626577582885984,3.651003756568299
2460343.5507153147,-1.9409880477729184,3.644919052491742
2460343.5576597415,7.494283156416799,3.6451483818117847
2460343.5646041688,0.6398098066908173,3.6396069503213333
2460343.571548596,0.2343233956011268,3.632787349084571
2460343.5784930233,-1.5709687197611455,3.6295550878133045
2460343.585437451,3.060808339920187,3.628244220477548
2460343.5923818783,7.341353136786971,3.625917770671873
2460343.5993263056,-1.8807969971044363,3.6189383761584852
2460343.6062707338,0.6712733572278187,3.6169866119350136
2460343.613215161,-2.605151085070162,3.6117621990586852
2460343.6201595888,-5.1257258862652515,3.6089823076799425
2460343.6271040165,0.9207705227127608,3.6076293630855845
2460343.6340484447,0.9101963261089796,3.604124548826667
2460343.6409928724,-0.29617759090300044,3.59835152580725
2460343.6479373,-3.2089430828628474,3.595143514272847
2460343.6548817283,-0.3271169684877133,3.592374914892646
2460343.6618261565,-4.294931341724924,3.588782339903735
2460343.6687705843,-3.8760404873186616,3.584910385492161
2460343.675715013,-2.5012172606280996,3.582898858085071
2460343.6826594407,2.489983840504419,3.581099313902071
2460343.689603869,1.2790825788445206,3.579064820323081
2460343.6965482975,0.7562502134438169,3.579026258364839
2460343.7034927257,-0.1031538431419865,3.5744135619402972
2460343.7104371544,-2.332738425232642,3.5676659721182484
2460343.717381583,0.9329914778273495,3.564125276461505
2460343.7243260113,3.611699119023315,3.5620629001176014
2460343.7312704404,-2.4725850726589256,3.555485096861352
2460343.738214869,0.8503948553692477,3.5551115386105194
2460343.7451592977,-0.8057078913411071,3.5496104946569678
2460343.7521037264,-3.9322528848084097,3.5457882692071663
2460343.7590481555,0.9694556533424139,3.541914231959458
2460343.765992584,-3.695093665462102,3.5374114847968805
2460343.7729370133,4.282601698467745,3.5340004731393293
2460343.7798814424,1.764650410705241,3.5305239841115363
2460343.7868258716,-1.7360691677678508,3.5239285771634496
2460343.7937703007,4.577791925544599,3.522260918807037
2460343.80071473,-3.5615581227898994,3.514171583642455
2460343.8076591594,1.9337284867598274,3.5112384761345576
2460343.8146035885,2.372776462752574,3.507892821614185
2460343.821548018,-1.5492178037252828,3.5030553354585408
2460343.8284924473,3.815441937288423,3.5009508168081154
2460343.835436877,-0.01303427094666021,3.4946921612611637
2460343.8423813065,0.95608499053139,3.490180098598693
2460343.8493257365,3.3976584265033334,3.4861262030065965
2460343.856270166,1.9380434631532921,3.4843419791901895
2460343.8632145957,3.9436797759394997,3.482872900994042
2460343.870159026,-6.857962292584248,3.4773115849229614
2460343.8771034554,-1.6665447728677072,3.4774490075655238
2460343.884047886,3.8277831552540817,3.478432616014293
2460343.8909923155,-0.31761964243322605,3.477584938061938
2460343.897936746,1.487360072927345,3.4737432779432376
2460343.9048811756,0.7628543689843634,3.473224990709053
2460343.911825606,-2.79669640243261,3.469416337836367
2460343.918770036,1.895331665430012,3.4697963846263633
2460343.9257144663,-4.582109735266404,3.4661031690846236
2460343.9326588972,-3.7784721424742242,3.467297929034931
2460343.9396033273,-2.4996894258730644,3.467295481413741
2460343.946547758,1.6911556878974783,3.4655982423021903
2460343.9534921884,-2.069816920592965,3.4615132284704555
2460343.9604366194,4.900258410802714,3.4622929978147794
2460343.9673810494,1.0074329128604638,3.457858081917324
2460343.9743254804,0.2634808754959663,3.4559291499417686
2460343.9812699114,-1.7340727112794991,3.4508449826456276
2460343.9882143424,4.6308289399260225,3.453652664120186
2460343.995158773,1.653665936581516,3.4485313182970443
2460344.002103204,-1.637830439831438,3.4451339628545536
2460344.0090476354,-2.360284273934198,3.441022427879965
2460344.0159920664,-0.957856225701851,3.4399112950175463
2460344.0229364973,1.8451748662216443,3.4393515116633715
2460344.0298809283,-1.1136801706901904,3.435538063978879
2460344.03682536,-4.670507124714529,3.431583655203158
2460344.0437697913,-0.8566921836087196,3.430484434242018
2460344.0507142222,-3.5404512308573013,3.426416741968975
2460344.057658654,5.029635831179048,3.426431474523391
2460344.064603085,-7.297729715584599,3.4180054880253703
2460344.071547517,2.023502454416766,3.4174190109527847
2460344.078491949,-2.267207984225614,3.4124197917531336
2460344.0854363805,-4.844446110483092,3.4076666830917492
2460344.0923808124,-2.8741619523488993,3.4029701243944372
2460344.099325244,2.1386697708402593,3.3997309117958934
2460344.1062696762,2.449405441767977,3.394882187198986
2460344.1132141077,3.2251354091006714,3.3896708302592633
2460344.12015854,2.8109477934511107,3.3874427982470885
2460344.127102972,6.547934442064674,3.3842454757287506
2460344.1340474044,-2.1835975021916987,3.3783232357347237
2460344.1409918363,2.60811774765042,3.3768917369054043
2460344.1479362682,0.9718515215170789,3.373043078043309
2460344.154880701,-1.4586642409042527,3.369290013053669
2460344.161825133,2.5128407192054545,3.368426685355558
2460344.168769566,-0.07631267804447539,3.366505473978125
2460344.1757139983,3.779022820158223,3.3648806452748694
2460344.1826584307,-2.5849272418265956,3.360057869440157
2460344.1896028635,-1.6512855822140633,3.3576215215561835
2460344.1965472964,1.3962098270406806,3.3547809681699974
2460344.203491729,-2.3111326598769155,3.3541092995062467
2460344.210436162,2.22313925099184,3.351473359910425
2460344.217380595,0.8371116393843556,3.3491835135337937
2460344.224325028,-1.365300478401473,3.3459804745953465
2460344.2312694606,-3.191653970179129,3.3440838901204213
2460344.2382138935,0.2142186577117875,3.3457241877912387
2460344.2451583273,-1.3540471473124231,3.342015239092109
2460344.25210276,-0.5336112855071624,3.3407715873663553
2460344.2590471935,2.3220029169382763,3.3408294638434923
2460344.265991627,-5.101466880398751,3.337544481804773
2460344.2729360596,2.8314065781438282,3.3395064065387774
2460344.2798804934,-1.892334832189944,3.338338702552407
2460344.2868249267,-1.2433609131150676,3.3373710722973695
2460344.29376936,6.758002521755203,3.3370462511200842
2460344.3007137943,3.3471574850289567,3.3370502237380166
2460344.3076582276,-1.694733799088913,3.3350747911373513
2460344.314602662,-0.5843645800086009,3.331714943604732
2460344.321547095,-3.483338881494289,3.3288051273314188
2460344.3284915294,-1.1465953185890547,3.3228466104900725
2460344.3354359632,6.231137130026816,3.3215685688859815
2460344.3423803975,1.5714186053998282,3.3142655955603497
2460344.3493248317,0.15443893988600976,3.3088483457144053
2460344.3562692655,-4.138853087362337,3.30180360511096
2460344.3632137,-2.944915418762289,3.2963915891947404
2460344.370158134,-3.1746219287143016,3.2886793085633705
2460344.3771025683,-2.136917937247218,3.2832484374921034
2460344.3840470025,-4.803015245170575,3.274960107710624
2460344.3909914372,5.823511450623712,3.2726061789471235
2460344.3979358715,0.778124280811463,3.266374806174568
2460344.404880306,4.508086961312548,3.2624282988286457
2460344.411824741,-4.341638422174369,3.255050872034006
2460344.4187691757,-1.4002585203526907,3.2510595021363264
2460344.4257136104,3.3572513898572645,3.2486195330039407
2460344.432658045,2.310428644456592,3.2454935367094233
2460344.43960248,5.836538084646652,3.2427181512368275
2460344.446546915,-3.3725805624264207,3.2390981614246717
2460344.45349135,-2.2170794306263653,3.2370690923236416
2460344.460435785,-3.3705418502444284,3.2352972306447803
2460344.46738022,1.2963902591234198,3.2354228602174024
2460344.4743246553,-3.751660827904079,3.2345747900296757
2460344.481269091,3.993243938322281,3.234418299617266
2460344.488213526,-3.1323974046648537,3.2355047609804886
2460344.4951579613,0.9601671231010498,3.2354285372962663
2460344.502102397,2.035411497859168,3.234216585376663
2460344.509046832,0.28021236461623095,3.2351213727209154
2460344.515991268,-1.9182389012278898,3.2335243784084167
2460344.5229357034,0.20222475721350042,3.2341327278473737
2460344.5298801395,0.43127504900632974,3.2348282965773936
2460344.5368245747,-2.6763862607536364,3.2350207721386632
2460344.543769011,7.246777446379477,3.2369781709333
2460344.5507134474,3.5244305432859635,3.235327806233048
2460344.557657883,4.819330312896444,3.236712160431687
2460344.5646023187,-7.283436341530301,3.234065339558951
2460344.5715467553,0.02498674591453165,3.2349952313653607
2460344.5784911863,5.025060600198793,3.2337349046665556
2460344.585435623,-2.8430616870073804,3.2317100886419445
2460344.5923800594,-2.5240112636615777,3.229981216692488
2460344.599324495,-0.07358505141364802,3.229531421791212
2460344.6062689316,-2.1158736238762823,3.2272335956046745
2460344.613213368,1.4991851924172859,3.2275776056449175
2460344.620157805,2.23121609314414,3.226381556037192
2460344.6271022414,-3.686651272965908,3.224957310371846
2460344.634046678,0.07052524252224002,3.225163074249643
2460344.6409911145,-3.761148148526118,3.2220807815581014
2460344.647935551,2.7434496890473143,3.2226823368792736
2460344.6548799886,3.0266065234520974,3.222069901854658
2460344.661824425,-3.426375322361826,3.220185466822198
2460344.6687688623,-1.816476993591313,3.2203443238355796
2460344.6757132993,-1.7779253474786971,3.2170198324968933
2460344.682657736,-2.0606416553694435,3.217627600536456
2460344.6896021734,0.6691626991172028,3.21804146207329
2460344.6965466104,3.390897345563977,3.2176479471850867
2460344.703491048,-4.586506879385766,3.214204943679759
2460344.7104354855,-6.956312298924422,3.213286985731551
2460344.7173799225,8.190593155404779,3.219156566257466
2460344.72432436,0.8368535767640778,3.214151433527372
2460344.7312687975,-1.5549758274135876,3.2120910441170305
2460344.7382132355,-1.865126061234232,3.211766672868406
2460344.7451576735,3.8236792410329006,3.213449220401585
2460344.752102111,-1.6659643601926701,3.2086276155505176
2460344.7590465485,-0.327316217477263,3.208586059164696
2460344.765990987,-3.345533545590401,3.2081192113719084
2460344.7729354245,3.118174906909282,3.206842633723301
2460344.7798798624,5.63102993085661,3.204517072547258
2460344.7868243004,-0.24770886041031326,3.201949576912417
2460344.793768739,1.0653646574582603,3.1987636503825616
2460344.8007131773,-1.1414139513342423,3.195773786758114
2460344.807657615,2.729981630662061,3.1935261107350077
2460344.8146020533,4.365100193535971,3.1910712909973107
2460344.8215464917,-2.389966421201195,3.18701826613955
2460344.82849093,1.686071007821364,3.1861457791179073
2460344.8354353686,-1.6950180337370953,3.1816464879675546
2460344.842379807,-0.7367859619406265,3.1781908658049596
2460344.8493242464,2.9252268860137884,3.177347982054639
2460344.856268685,-2.638075139985794,3.1757965687374283
2460344.8632131238,2.2201049681634513,3.171271981978879
2460344.8701575627,1.606308853644566,3.1687718496477886
2460344.877102001,-1.5352109441839663,3.1668272566111013
2460344.8840464405,-0.19846728362496702,3.166560445556557
2460344.8909908794,1.4523697497888923,3.1659964675083003
2460344.8979353183,-0.7749071745504611,3.16659285576881
2460344.904879758,-1.8994577863462836,3.1651379186833926
2460344.911824197,-1.9484523818412696,3.1649670036922557
2460344.9187686364,-3.077326144653434,3.165295235186047
2460344.925713076,-2.334658060000903,3.1649830181123693
2460344.932657515,-0.9790181620294671,3.168168452849963
2460344.9396019545,3.642917825403653,3.1683209883636985
2460344.9465463944,1.1482377691741772,3.1668607128720336
2460344.9534908338,0.6540354276002955,3.1665898702913675
2460344.9604352736,-0.09374661011594387,3.166536010177517
2460344.9673797134,0.20820381620049888,3.1681232662558956
2460344.9743241533,-4.619958744703996,3.1653591716477454
2460344.9812685926,-1.1137387862497774,3.1689390492805916
2460344.988213033,3.9363781737584915,3.1700395058787705
2460344.995157473,-2.99795202657654,3.1690577935751274
2460345.002101913,-2.713450356536151,3.1700785179267386
2460345.0090463534,1.861724684916509,3.170434250425693
2460345.0159907937,1.2241373594744727,3.8847754566956816
2460345.022935234,-4.4484645296156735,3.169656987194616
2460345.029879674,-2.7064335080802335,3.1696160104235367
2460345.0368241146,3.337539155876943,3.1736334337206675
2460345.043768555,2.3986688031566703,3.1714814781456035
2460345.0507129957,1.450814118763533,3.1707512194390013
2460345.057657436,0.8600412676568356,3.1712813058220664
2460345.0646018772,5.300791163828736,3.170562754814462
2460345.0715463175,-3.379184201210289,3.1669420770688146
2460345.0784907583,1.8618138175593102,3.1692354787490777
2460345.085435199,-1.129158389714756,3.1653145980664985
2460345.0923796403,1.8408946783492937,3.1616173492895476
2460345.099324081,-1.1847327561856755,3.157818183506247
2460345.1062685223,0.904000266267815,3.153899207591543
2460345.1132129636,-0.7094635027538136,3.1503397986891755
2460345.120157405,-3.703257194588528,3.1457267927345245
2460345.127101846,-2.0759510346072316,3.14392328391707
2460345.1340462877,-0.7907769017893709,3.1399856248610116
2460345.1409907285,0.6146006327973432,3.1366364087133007
2460345.14793517,3.533087268951774,3.1335535591663977
2460345.1548796115,-0.5863235402201603,3.129658857312746
2460345.161824053,0.19254100170618704,3.1273182722975146
2460345.168768495,-2.4708550294766316,3.1244469193589777
2460345.175712937,4.661885456376162,3.1243977144541124
2460345.1826573783,-3.6476218195949075,3.120450786754411
2460345.1896018204,0.09631593342762645,3.1199639300049498
2460345.196546262,5.560459048982557,3.1200374733531273
2460345.2034907043,-0.5287680507062167,3.117812464570853
2460345.2104351465,1.9589558233089759,3.1175418465641562
2460345.217379588,-0.6231720971584055,3.116656256286214
2460345.224324031,-0.6649135726160151,3.118130457551482
2460345.231268473,-1.7432758207827854,3.1155097707923205
2460345.238212915,8.044530736499471,3.1202668645825065
2460345.245157358,-0.7896159390543405,3.1165676435348213
2460345.2521018,-1.7060897708663876,3.1172556104982623
2460345.259046243,-1.0801514736450826,3.1180091941457975
2460345.265990685,-0.69844086811255,3.1195709219261794
2460345.272935128,-2.0521007649126504,3.1199868725998985
2460345.2798795705,-5.681118384942982,3.1206190674175125
2460345.2868240136,0.4800439556964644,3.122175912064607
2460345.293768456,-0.5283786339261154,3.122532604523837
2460345.3007128993,0.9066445990051515,3.1245246016782766
2460345.307657342,-2.10383167236937,3.1213573065392914
2460345.314601785,-5.255760799229262,3.1207774569106506
2460345.321546228,0.9932667069791555,3.121264083181568
2460345.3284906712,-0.015775671642250577,3.119378338596318
2460345.335435115,0.7988628081234375,3.1179142721470594
2460345.342379558,4.152640469033184,3.1164762152836065
2460345.3493240015,-2.1812770637873387,3.1134779470908485
2460345.356268445,-0.8668793398454593,3.10875727151733
2460345.3632128886,2.4815691765865493,3.1064781018918803
2460345.3701573317,2.617702381202223,3.100143857989167
2460345.3771017757,-0.3869414449978692,3.095135037585211
2460345.3840462193,6.735639827715879,3.092814532251875
2460345.390990663,-0.551431279930404,3.08531160860428
2460345.397935107,-1.9640622722096897,3.080115729852609
2460345.404879551,-0.00045248214467263903,3.0771569044612193
2460345.411823995,-0.11717603072450988,3.072381601990504
2460345.418768439,-1.3009354200189862,3.0698387822422575
2460345.425712883,-5.192096843261316,3.064999179323781
2460345.432657327,3.29534921552602,3.0650096182970317
2460345.4396017715,0.6549482713004613,3.0631331826412764
2460345.446546216,-0.27338280976203233,3.0608368871660723
2460345.45349066,-0.11306089004698539,3.061783401887388
2460345.460435105,2.227664386673746,3.0602759000087905
2460345.467379549,0.836204949658192,3.0617148884767946
2460345.474323994,0.10602216361545436,3.0623476304667907
2460345.481268438,-2.128214445726159,3.0612090532418805
2460345.4882128835,1.6540746553938623,3.064269556517672
2460345.495157328,0.6051155272956462,3.0665048869208316
2460345.502101773,-2.22413134505074,3.06867815606541
2460345.509046218,0.2546001669186756,3.0701551599585883
2460345.515990663,-3.808804464743071,3.0704106905648696
2460345.522935108,2.2896909267355268,3.0757484656302263
2460345.5298795532,-4.197730531242511,3.073601246823174
2460345.536823998,-5.292577783609763,3.073578032345471
2460345.5437684436,-0.049482241088129264,3.07562663671179
2460345.550712889,-0.02946583544196546,3.077378793147219
2460345.557657334,0.8075580374624982,3.0784652248974296
2460345.5646017794,2.3366987466705056,3.0799202546132958
2460345.5715462253,8.645593637986408,3.081097564441249
2460345.578490671,1.0042462689069942,3.08007329338967
2460345.5854351167,0.4648099601620175,3.0786261721323904
2460345.592379562,-1.297884937189348,3.0803642926801746
2460345.599324008,-1.8634425605412073,3.076291533682093
2460345.606268454,5.055827704472784,3.078782914255902
2460345.6132129,1.039005187833153,3.0762591119404274
2460345.6201573457,-2.6847073193426647,3.0738023066117375
2460345.6271017916,4.104909212247726,3.0780241885019364
2460345.634046238,-0.7902035899220243,3.0729697694320817
2460345.6409906843,-0.50767575182571,3.070825698678542
2460345.646777723,-1.503676322152507,3.761632992804894
2460345.654879577,-2.8670428073802228,3.0699675306031167
2460345.661824023,-0.3347797283321228,3.06970057250542
2460345.6687684697,1.8788541805041952,3.0725408622709165
2460345.6757129165,-5.181298604246793,3.0684663109363317
2460345.682657363,-5.747796475628618,3.0683248165105645
2460345.6896018093,1.2075755003951185,3.070376506204823
2460345.6965462565,0.004791649682394095,3.070229626333561
2460345.703490703,3.7318284857430966,3.0714786757586943
2460345.71043515,5.191930895819434,3.072059845119163
2460345.717379597,0.7438584993495622,3.071818138594626
2460345.724324044,0.425933781400301,3.0702239266824107
2460345.731268491,-2.7365325669290828,3.072269736976338
2460345.738212938,-2.7680484718147187,3.071156674337111
2460345.7451573852,4.598625920457659,3.0749488527917404
2460345.7509444244,-6.432182947510179,3.7598049943707834
2460345.7590462803,3.135726753981889,3.072665934068963
2460345.765990728,0.49854894924782656,3.072388771649333
2460345.772935175,-3.963973059724493,3.070199409339224
2460345.7798796226,-0.06956061968790861,3.0700893646269365
2460345.78682407,0.7097043257486138,3.7566247546981795
2460345.794925926,-7.6123318841193806,3.7494984208549877
2460345.8007129654,5.109787840491937,3.0638991352022207
2460345.8076574137,-2.1195871040944674,3.0598640635731886
2460345.8146018614,0.7762425709048293,3.056650836153782
2460345.821546309,-0.5191930754953007,3.054974048802958
2460345.828490757,-2.9137552652525582,3.049507551325662
2460345.8354352056,1.703831460424686,3.046697486883456
2460345.8423796534,4.863872707299013,3.0450801052264125
2460345.849324102,4.417194117535549,3.043391885493092
2460345.85626855,0.0075040206666270315,3.03840261701565
2460345.8632129985,-1.5871877413770643,3.0382957322079154
2460345.870157447,-0.669184022565505,3.034348873280772
2460345.8771018954,-0.05459424642385091,3.0316365881996785
2460345.884046344,-2.275298737505252,3.029808673411638
2460345.890990793,-0.7744125036041569,3.0300496223490594
2460345.8979352415,2.654276196856995,3.0289846405409757
2460345.90487969,-2.881914607119904,3.0277787212357836
2460345.911824139,-0.8136644453685374,3.0277106288874793
2460345.918768588,1.016498097025017,3.030147431358913
2460345.9257130367,-1.9361163306357445,3.0282336739893423
2460345.9326574863,-1.1561219104442018,3.0310277709979196
2460345.939601935,-3.598106274909074,3.0321349783174636
2460345.9465463846,-1.0409040414728552,3.0328226979638497
2460345.9534908333,2.5630807900569383,3.033958702802781
2460345.960435283,-2.087930996774025,3.033141677742801
2460345.9673797325,-1.376521889419895,3.03572779676095
2460345.9743241817,2.9391054303842385,3.035898009360098
2460345.9812686313,1.3307796521135031,3.0363238198615714
2460345.988213081,4.452876589433009,3.039445323391844
2460345.9951575305,3.479979556105766,3.0404285221620913
2460346.00210198,-2.4376628113172165,3.039709870269727
2460346.0090464302,-1.568674816323314,3.041054480191331
2460346.01599088,-3.852678568232304,3.0419232339075464
2460346.0229353295,-0.6805092796068883,3.0454492642833184
2460346.02987978,-3.2199516173668643,3.0437346011659687
2460346.03682423,5.694376886208906,3.0466379354135746
2460346.04376868,-3.1652910805114196,3.0425458700768484
2460346.05071313,-1.8522770429076183,3.0425677395658393
2460346.057657581,5.6860120801849074,3.0470749282104728
2460346.064602031,2.6300063076391154,3.0454483410605775
2460346.071546482,-0.0785500875885603,3.0435271789560367
2460346.078490932,2.598958649818404,3.042663363114709
2460346.0854353826,0.3185147480711581,3.042453885146747
2460346.092379833,1.1869183081495522,3.0404155003735074
2460346.099324284,3.4860330101396624,3.0393408434566145
2460346.1062687347,-1.495161101924114,3.0349218328279393
2460346.1132131857,-4.47914358752171,3.032671496140565
2460346.1201576367,0.7065799240349526,3.0298439834490143
2460346.1271020877,0.2734804302360272,3.029504756493464
2460346.1340465387,1.5589207624422707,3.0241103072633546
2460346.1409909897,-2.902333625925734,3.021318451430393
2460346.1479354408,3.0756038956228835,3.0173005436733646
2460346.1548798922,-1.5140683286862822,3.012676089437457
2460346.1618243437,-4.756725957338294,3.0097006046573207
2460346.1687687947,-6.968746300887238,3.0087391886289283
2460346.39214868,2.1874591269036596,3.6715404821872233
2460346.3979357244,0.4600038048618603,2.995713225403838
2460346.4048801786,-3.1889578856465493,2.9909511788010916
2460346.4118246324,2.233966596016209,2.99284760362818
2460346.4187690862,-1.6862106347870154,2.9888605244310313
2460346.4257135405,-1.9204786754576748,2.987457694341671
2460346.4326579943,-0.20984168612712706,2.986198145397429
2460346.439602448,4.341100333665734,2.9863791828194794
2460346.4465469024,5.95826479229845,2.9866082703527383
2460346.4534913567,4.572271954368304,2.9872079460571723
2460346.460435811,-0.0698426217979593,2.9873206329295647
2460346.4673802652,1.9361744471001634,2.988809042761664
2460346.47432472,-2.032259236559745,2.992876515229428
2460346.4812691743,3.9079823820970514,2.991850431645481
2460346.488213629,-1.532376419280193,2.991974516078636
2460346.4951580837,-0.7843294893861867,2.99422648770815
2460346.5021025385,2.1601209724868737,2.9972952269452886
2460346.509046993,4.994765296131428,2.9985850576855277
2460346.515991448,0.34910622186136586,2.998541063314258
2460346.522935903,-3.2246104745371187,3.001001000180923
2460346.529880358,-2.73558447482255,3.0004273808803403
2460346.536824813,0.25655784361273914,3.004244342164236
2460346.543769268,3.4379610696733867,3.004218373865689
2460346.5507137235,-3.017779812166364,3.004193399445637
2460346.5576581787,-3.382404608074116,3.0017413813608793
2460346.5646026344,-2.23874489438766,3.002550768014844
2460346.5715470896,-0.4632465962320711,3.00323940706825
2460346.578491545,0.303963268969359,3.0047443376909286
2460346.585436001,2.4702495069116654,3.0043503104876934
2460346.5923804566,-2.748895132530928,3.001706390036104
2460346.5993249123,-3.164018579694879,3.000448891255506
2460346.6062693675,0.5548686087084079,2.999338862612071
2460346.613213824,0.1067342926935822,2.998469923998181
2460346.62015828,3.188389160614578,2.998982008860182
2460346.627102736,-5.281496026631392,2.994089258241695
2460346.634047192,0.6638194685010497,2.9960100279710127
2460346.6409916477,-3.548692843100228,2.9945245734630386
2460346.6479361043,3.288989339425583,2.9939161318340095
2460346.6548805605,-2.287796457692869,2.9954531703679628
2460346.6618250166,-1.5188270049650652,2.9925436273534234
2460346.668769473,1.8590207349733325,2.994439298124552
2460346.6757139303,3.0437768001111136,2.9932063494207366
2460346.682658386,-3.525660286506504,2.9944407948955494
2460346.689602843,-0.5865612456607269,2.99452264315417
2460346.6965472996,-0.7406160647380438,2.991777624414036
2460346.7034917567,1.4231424701114652,2.994795567982507
2460346.7104362133,1.2448070800722282,2.993578912216643
2460346.7173806704,-0.9906799885851509,2.9925898635232087
2460346.7243251274,-1.042029274466801,2.993077960695898
2460346.7312695845,5.2664896459431745,2.995922379784171
2460346.7382140416,1.682155930597538,2.993481383431277
2460346.7451584986,3.1646536734207427,2.994160755751105
2460346.7521029557,0.7631174703609145,2.994793399354425
2460346.7590474132,2.6487888561090482,2.998534992152971
2460346.765991871,-1.8404118029362728,2.99279732776001
2460346.7729363283,-3.83593367828016,2.9914729627720966
2460346.779880786,1.4638294064725823,2.994020386022987
2460346.7868252434,-0.5036670772282408,2.9906601829555086
2460346.793769701,-2.0797182232118265,2.9892397048862023
2460346.800714159,2.493108709660777,2.9891944894091185
2460346.8076586165,-0.0810764376645935,2.9883265639625893
2460346.814603075,-3.1929876427373935,2.986750618538707
2460346.8215475325,-3.055217806013438,2.98120539440395
2460346.828491991,0.6941453242785398,2.980816013793671
2460346.835436449,-1.3184689591783108,2.976002920396233
2460346.842380907,4.206508490913818,2.975431180914484
2460346.849325366,-4.915018344388903,2.968964650202252
2460346.856269824,-0.12047995481979257,2.9681145894364587
2460346.8632142823,-0.9216009136696535,2.9652422332697093
2460346.870158741,0.4385063246685492,2.9646032755293223
2460346.8771031997,-1.1381155804867817,2.9625911216805574
2460346.8840476577,-0.17300335110969778,2.9601133615414668
2460346.8909921166,0.18801758537400617,2.958969826011053
2460346.8979365756,0.9307391400725031,2.95646887710905
2460346.904881034,-0.761804670587767,2.957046905603679
2460346.9118254934,3.7126805963724636,2.9561299823951948
2460346.9187699524,1.9206619246815226,2.9549856035394573
2460346.9257144113,0.7605466938050498,2.95513364840251
2460346.9326588702,-2.3257032694498365,2.9539331867978103
2460346.939603329,-7.339845630918349,2.95321115347368
2460346.946547789,-0.638371906990729,2.9587781380370433
2460346.953492248,3.238828943231282,2.9578138262016043
2460346.960436708,0.3641661372589704,2.956527430144806
2460346.9673811668,-0.002692304750529839,2.957430169823729
2460346.9743256266,4.324592620361285,2.9599558315772505
2460346.9812700865,-1.9805284677639987,2.9604833667433197
2460346.988214546,0.12936779760488748,2.9626971404974545
2460346.9951590057,-0.5673692871294598,2.965477285403104
2460347.0021034656,-0.12194264740245503,2.964548369030664
2460347.0090479255,5.203223890571049,2.968836986188572
2460347.0159923853,-3.2860862987379953,2.9674414186405875
2460347.0229368457,1.5609489132386682,2.972310533588972
2460347.0298813055,2.1114110404979423,2.9716303661096575
2460347.036825766,3.045403726002687,2.972387755309022
2460347.043770226,5.485694479220003,2.975380356391701
2460347.0507146865,-2.365297577450872,2.97177375947453
2460347.057659147,-3.7272418848895277,2.9701011029035325
2460347.0646036076,0.214582337521402,2.974272304355441
2460347.0715480684,-2.0564398278364626,2.9688537498830807
2460347.0784925283,-4.015977905173785,2.9710646546485293
2460347.085436989,-1.9248660755287923,2.9721517110566347
2460347.09238145,0.22238885763679717,2.9702091015118284
2460347.0993259107,-0.4941755565882124,2.970877646833532
2460347.1062703715,4.223877436361259,2.968064460301831
2460347.1132148323,-3.7963556146720485,2.9655683843596172
2460347.120159294,-2.404660371414526,2.964009956234962
2460347.127103755,0.612832292734129,2.962870627193919
2460347.1340482165,2.7981246526311323,2.9611113957624724
2460347.1409926773,-3.988013680073137,2.9561161733494283
2460347.147937139,3.6191691739713794,2.95715125603127
2460347.1548816003,0.2288251475526364,2.9559390159292853
2460347.1618260616,1.8978636586973439,2.952688387454476
2460347.1687705237,-4.60426447814742,2.9473183231217974
2460347.175714985,-1.4409144538838188,2.9477970738992307
2460347.182659447,2.5471116000798695,2.9447594868534
2460347.1896039085,0.6634256244550775,2.943211747931606
2460347.1965483706,2.486859982579202,2.9419030514617
2460347.2034928324,0.7367247237792146,2.9417651526768522
2460347.2104372946,0.44192333468140754,2.940082525559768
2460347.2173817568,3.0819516545562458,2.9402455225888295
2460347.2243262185,0.7972747507798528,2.9409456518968367
2460347.2312706807,1.8449626173787843,2.9418673998964127
2460347.2382151433,1.857107508464853,2.944076491274784
2460347.2451596055,-4.114089487207327,2.9431000837613186
2460347.252104068,-1.8834382022472194,2.947132689149523
2460347.259048531,1.9819021330230506,2.9492779034329737
2460347.265992993,-3.2870498415846967,2.9539626760131124
2460347.2729374557,-0.964035460314739,2.95401166504549
2460347.279881919,-1.4367147178891486,2.957372206752961
2460347.2868263815,0.1124863082228742,2.958777017965563
2460347.293770844,0.6725527396754061,2.9624573358568114
2460347.3007153072,1.9651815290162822,2.9627328725006534
2460347.3076597704,0.061084039983021254,2.9650264456646287
2460347.3146042335,-7.044223654464176,2.9632718895467165
2460347.3215486966,1.3715619213706147,2.967563065932558
2460347.3284931597,0.3819378716660191,2.968426545682833
2460347.3354376233,0.47159438838963696,2.966744331399322
2460347.3423820864,-2.1697511196459383,2.965103212427788
2460347.34932655,-1.7507018729258736,2.9649561562544107
2460347.3562710136,-0.03825375890087068,2.963189786766565
2460347.363215477,7.424037634509017,2.961700750914787
2460347.370159941,1.744684860456123,2.9571661493949595
2460347.377104405,0.42037917335038055,2.9543196804956504
2460347.3840488684,-1.6880723564776616,2.9516209645929483
2460347.3909933325,-3.374489702775452,2.949331402939562
2460347.3979377965,-4.43087277136993,2.9463493560428815
2460347.4048822606,0.9146293332829416,2.9480972624745188
2460347.411826724,5.494862998516243,2.947663884896155
2460347.4187711887,-6.580103540468313,2.941645296705486
2460347.4257156528,0.09577491489601364,2.9420003817895597
2460347.4326601173,1.9925346328436553,2.9414753344879685
2460347.439604582,1.5648705378528076,2.939067745527266
2460347.4465490463,0.4802556573964569,2.9390159515058
2460347.453493511,3.405571051549481,2.9383290863817284
2460347.4604379754,4.104524605070525,2.9419673562750646
2460347.4673824403,-0.0516425981653863,2.939387154838522
2460347.474326905,-2.6251699009033693,2.9414965665850166
2460347.48127137,-1.4593100180120429,2.94173922404014
2460347.4882158344,2.0453907903133572,2.9445559968702066
2460347.4951603,5.364740755705534,2.947585395835047
2460347.502104765,-1.9627977914311652,2.947347702822739
2460347.50904923,-5.794749410790374,2.9469623038364383
2460347.5159936952,-2.8961734451333876,2.9500008776202002
2460347.52293816,1.8913664155650842,2.953100301916381
2460347.5298826257,-3.5882108525293077,2.9524833821892
2460347.536827091,3.968845916817392,2.9549408981266567
2460347.543771557,-2.740117950736666,2.9571710965730422
2460347.5507160225,2.526229173607735,2.9586602520682947
2460347.557660488,0.5512016223634695,2.9572467527403012
2460347.564604954,2.29065508294379,2.955256550505402
2460347.5715494193,-1.364888393703668,2.9564592116963357
2460347.578493885,-0.9957192638613324,2.9566005564027233
2460347.5854383516,-1.1955976462732998,2.952581312615148
2460347.5923828175,-0.6231762067301484,2.9489140069226534
2460347.5993272834,3.5780594596023634,2.949801785341642
2460347.60627175,-0.06924221496744731,2.9460806590873383
2460347.6132162157,-1.7233327936238054,2.942641338514971
2460347.620160682,-2.0286567274274976,2.939783630251839
2460347.6271051485,3.939634734674523,2.9399626174139946
2460347.634049615,-3.4729039172521845,2.934731297146787
2460347.6409940817,-0.44160573403688375,2.9355402184929655
2460347.647938548,0.1638462111463741,2.9349729658102675
2460347.6548830145,-4.145950563096001,2.9326401778026283
2460347.661827482,0.9129698082808635,2.9320612822108476
2460347.6687719487,2.2176165213930608,2.931278282630768
2460347.6757164155,-3.28456651651564,2.931483369582199
2460347.6826608824,1.2395384369385958,2.93149373460766
2460347.6896053497,1.960654163849389,2.9319727005664444
2460347.6965498165,0.2646183659589352,2.9335196844949714
2460347.7034942843,2.3654723963490514,2.9311463187033833
2460347.710438751,0.6857725787238205,2.932152023088884
2460347.717383219,4.453530828748026,2.935773594530868
2460347.724327686,0.09936955762273358,2.934300730114057
2460347.7312721536,3.5867896261879877,2.935884028921865
2460347.7382166213,-5.3392624142101806,2.9332023705730097
2460347.7451610886,-0.8630712165880285,2.9336511062618036
2460347.7521055564,4.03190227660434,2.9361858731950297
2460347.7590500247,-5.9596816468822675,2.935405934464345
2460347.7659944925,1.1058633608965096,2.9344331945453166
2460347.77293896,-2.213030062976629,2.933816498425832
2460347.7798834285,0.42553308002990153,2.9356358921415815
2460347.7868278963,0.3764283216903328,2.933792249791951
2460347.7937723645,-3.130275579671468,2.932876432035712
2460347.8007168327,-1.7381959927460522,2.9311982086469883
2460347.807661301,0.7133680059634093,2.9327097246156413
2460347.8146057697,2.932905445160747,2.932165897733072
2460347.821550238,1.6624125332972821,2.92916541589117
2460347.8284947067,3.7858093729994375,2.9274076737378203
2460347.8354391754,-4.577097454573187,2.9229433240620426
2460347.8423836436,0.259973311415421,2.9197214779192464
2460347.849328113,-0.8219085111601045,2.91736080132065
2460347.8562725815,1.7838725290479869,2.915401609633591
2460347.86321705,5.1368800661522265,2.914158871420143
2460347.87016152,0.7268958240401713,2.9084553241377655
2460347.8771059886,-3.650650035858816,2.9056211093337025
2460347.884050458,-3.0566863520092236,2.9043571689924668
2460347.890994927,-1.0568039533390674,2.9036618760276105
2460347.8979393966,-2.8381464762408166,2.9038322943631276
2460347.9048838657,-0.5148910385608758,2.9004031094059157
2460347.911828335,-0.836146046199892,2.9000666386714755
2460347.918772805,2.7381988985858916,2.9004786896275427
2460347.925717274,-1.7772148382088715,2.8974531904119023
2460347.932661744,-0.9789146755148814,2.899021768203068
2460347.939606214,-1.5803252247312862,2.898858107908089
2460347.9465506836,0.5943982541945108,2.8978612833498834
2460347.9534951537,2.508535676272682,2.897566084235065
2460347.960439624,4.077987636610955,2.899790902773914
2460347.967384094,0.31119144821004663,2.8993518844871975
2460347.974328564,-4.212739142689067,2.898817848001354
2460347.981273034,-2.010579354668634,2.9003325658837062
2460347.988217504,-0.2843783738736495,2.9009276225400207
2460347.9951619743,2.962175390735852,2.9043737992472134
2460348.002106445,1.3766532007220191,2.903825363098722
2460348.0090509155,1.4248650913534182,2.9059757466399745
2460348.015995386,-1.5935816782432377,2.9041549954844226
2460348.0229398566,0.2873357829761103,2.906434594975894
2460348.029884327,4.336430766931777,2.9091427336574864
2460348.0368287982,1.559542659602537,2.9107692268574823
2460348.043773269,0.09520943366230306,2.9088467557351123
2460348.05071774,-3.3727893829433335,2.908099497582605
2460348.057662211,-1.3481960196639489,2.909007904893221
2460348.064606682,1.213284324708582,2.90649312027165
2460348.0715511534,2.7503001193759866,2.906957875268437
2460348.078495625,-2.4604833054703614,2.905308729830893
2460348.085440096,5.019103741954851,2.907931164295326
2460348.092384567,-1.19624181677052,2.9063061791566653
2460348.099329039,-4.2823341631379295,2.905034780073827
2460348.113217982,-9.389758473252229,2.905680416557354
2460348.1201624535,-2.3978051292358997,2.9086530606749363
2460348.1271069255,-3.1436477858206966,2.905516725158622
2460348.134051397,-1.3115275590684652,2.9056936844992545
2460348.1409958694,-1.4289525163811123,2.904371494250284
2460348.1479403414,-3.893170620130602,2.902127296867345
2460348.1548848134,1.5691414261390473,2.9010458435784603
2460348.161829286,3.3379645937640996,2.9000450299156575
2460348.1687737578,1.149234439110916,2.8961351857782867
2460348.175718229,2.066102545175786,2.8941495695973765
2460348.182662698,-1.4616335675420469,2.891705269638054
2460348.18960717,-1.0355508104262945,2.8913574835381777
2460348.196551643,3.2754324770475924,2.891472546209133
2460348.2034961153,-0.5519710981760357,2.888215281544499
2460348.2104405877,-1.22014156940762,2.8876141310866483
2460348.217385061,-0.6484369484545138,2.8862943397217737
2460348.2243295335,0.758234943910383,2.8872036625561424
2460348.231274007,0.026208974105439875,2.8867229824704723
2460348.23821848,2.1399558184101166,2.889591245243229
2460348.245162953,1.1581340147341077,2.8907958724019074
2460348.252107426,1.5563657344694466,2.8918346686204774
2460348.259051899,2.925364888326418,2.892589306678086
2460348.265996373,0.8212139694053695,2.895268097494778
2460348.272940846,0.9914582181817027,2.8966103045163654
2460348.2798853195,-1.7205080229152987,2.8975712432567176
2460348.2868297934,0.6664341332463187,2.89816449954141
2460348.2937742667,-0.23288793717940126,2.9018318736577906
2460348.3007187406,-2.235866056243907,2.8992109795212055
2460348.307663214,4.980599165077372,2.902720608602031
2460348.3146076878,-3.6245560603668734,2.899069215342777
2460348.321552162,-0.6598704368259698,2.9019712957474937
2460348.328496636,0.8267922149548181,2.903074676497637
2460348.33544111,-3.265564987511272,2.8987202260487717
2460348.342385584,1.1287474338489027,2.8994795581972213
2460348.3493300583,1.2592420683186223,2.900584354171573
2460348.3562745326,-1.4495724454476564,2.8965573819022494
2460348.3632190074,0.21889042903997846,2.893617984444907
2460348.3701634817,-0.7830772764314402,2.896151655474848
2460348.377107956,-1.4708191101357573,2.892108463113251
2460348.3840524307,1.0479833006238857,2.889296405215489
2460348.390996905,-3.144286117691432,2.8858757624493503
2460348.3979413803,2.1249586760734567,2.8870083429457396
2460348.404885855,-0.16884845022944306,2.8815740034554396
2460348.41183033,2.2462858888922765,2.884309387768763
2460348.4187748055,-0.5078582790110193,2.8802737976096577
2460348.4257192803,-2.051570347557922,2.877021406091702
2460348.4326637555,-4.344563524406411,2.877572022636477
2460348.4396082307,-1.6393927921924356,2.878755358693224
2460348.4465527064,-1.2636446576805613,2.8787492810407334
2460348.453497181,-3.4752496594796507,2.8776802870411866
2460348.460441657,2.508352404636309,2.8803380500189024
2460348.467386132,-0.13663384731992378,2.8798875777442645
2460348.4743306083,1.668822356518668,2.883259516763623
2460348.4812750835,0.7509804399511463,2.8819888945909393
2460348.4882195597,-7.187349354560195,2.8813511040739157
2460348.4951640354,-1.7086737757111599,2.884847233115695
2460348.502108511,-0.14783341783816073,2.884832203672183
2460348.5090529867,6.34801677971722,2.888838923697955
2460348.5159974634,2.3371563517119465,2.8853315960157357
2460348.5229419395,3.766714796283003,2.886250266591808
2460348.5298864157,0.48717743360973254,2.8854049654861313
2460348.536830892,-0.3030757426502695,2.8858034504435026
2460348.5437753685,4.046046423380324,2.8875570691025794
2460348.5507198446,3.1025334705864647,2.8869906709869397
2460348.5576643213,3.038118113031455,2.884994146957404
2460348.564608798,0.8798660661138322,2.8834445401621145
2460348.5715532745,1.6690616811280399,2.8832530136546413
2460348.5784977516,0.25866341385498504,2.8808892961877945
2460348.5854422282,-1.4461758841082462,2.878481909914138
2460348.5923867053,1.325851689125269,2.875849264611137
2460348.599331182,-2.648553779371238,2.8749757054966523
2460348.6062756595,0.5994837245033795,2.872838035394454
2460348.613220136,-4.056322430984595,2.8703817813824615
2460348.6201646137,0.13074811501855477,2.8703799147139097
2460348.6271090913,-0.8573754060601138,2.8696614374982516
2460348.634053569,-1.9355002478332222,2.869175079045235
2460348.6409980464,-3.895627129023074,2.86772048942375
2460348.647942524,0.6726550024004752,2.868535000316496
2460348.6548870015,5.9355596783219315,2.869958816529273
2460348.661831479,-5.6687364446146145,2.867074656063996
2460348.6687759566,-0.4212323090657082,2.87011073118315
2460348.6757204346,-1.5512162504738591,2.869891799578824
2460348.6826649127,-2.650742865912211,2.8696309589048083
2460348.68960939,-4.895929534841486,2.870759074785949
2460348.6965538687,-1.5514171088646558,2.8719374234286317
2460348.703498347,-1.9908678733803842,2.8706163437493104
2460348.7104428248,5.270185344591427,2.873464902309237
2460348.7173873037,3.9275533117207084,2.8730825711063175
2460348.7243317817,0.5158007291551439,2.8723772156974223
2460348.7312762607,-0.03234214829341875,2.8738653280046726
2460348.7382207387,-1.6954579667600367,2.871433321444146
2460348.7451652177,5.569071461525477,2.8727044918526516
2460348.7521096966,4.498366954725753,2.8740909955155565
2460348.759054175,-1.4760261358249847,2.868362310441191
2460348.765998654,2.3498015929131038,2.8694269714261353
2460348.7729431335,1.3985466828355984,2.8670910858778105
2460348.7798876124,-1.1474251012175745,2.8645238882698956
2460348.7868320914,2.165459460082505,2.8642570678223276
2460348.793776571,0.07565981727664198,2.8612909271543026
2460348.80072105,4.258060175449466,2.860511355424857
2460348.807665529,1.3249583306993844,2.8564246599250875
2460348.8146100086,0.08480670265666834,2.857111809844049
2460348.8215544885,-3.8194261393191655,2.852631216259861
2460348.828498968,-3.6573447419454674,2.850820345401191
2460348.835443448,-0.7695201404307941,2.8476189887829793
2460348.842387927,-5.395750880685824,2.84580720231529
2460348.849332407,-0.1149946633431922,2.8464362102767544
2460348.856276887,1.5660071270506557,2.8463057569955716
2460348.8632213674,-1.102057506378582,2.8446534305830418
2460348.8701658472,-0.547234339821784,2.843294820998303
2460348.8771103276,0.30913914388158187,2.8458563178799934
2460348.8840548075,-2.9698726392053945,2.8448879682564137
2460348.890999288,-0.36045419355420094,2.841858434522241
2460348.897943768,-3.969197136035954,2.840423006279932
2460348.9048882495,0.7796495178140501,2.841641329497999
2460348.9118327294,-0.7169692947623245,2.840911597342425
2460348.91877721,-2.7506400842864567,2.8411397229213904
2460348.925721691,-0.28006202185461904,2.8431461560206817
2460348.932666172,-1.1066321434224675,2.8414301778406674
2460348.9396106526,1.3124005353619559,2.843283348711982
2460348.9465551334,2.854786162448234,2.8432598381030068
2460348.9534996147,3.488547930744324,2.844350566984767
2460348.960444096,0.002481485052571175,2.841555983353611
2460348.9673885773,-1.545919094548546,2.839940334542266
2460348.9743330586,1.2683400037085384,2.8415885715374016
2460348.9812775394,4.483256225560804,2.842548916783001
2460348.988222021,5.8977712991280145,2.8428405624698647
2460348.9951665024,-2.9038518944452987,2.8393029319021093
2460349.002110984,0.5020823357143558,2.838243060555291
2460349.009055466,-1.567286780873357,2.8371073391794517
2460349.015999947,3.168367576337794,2.841017216061273
2460349.0229444294,3.6215381331452043,2.841291493758721
2460349.029888911,0.6623849885401354,2.838426358358051
2460349.036833393,1.516421348615539,2.837827659365899
2460349.043777875,-3.9004633741290693,2.837439723802411
2460349.0507223574,-3.675932673671633,2.8341176003281467
2460349.0576668396,1.3613625631486896,2.83338891447063
2460349.064611322,-3.775728509628498,2.8333057865307754
2460349.0715558045,-0.4382624079793771,2.835608990357777
2460349.078500287,-2.801802839795351,2.833026485367205
2460349.0854447694,-1.567567630537046,2.8335128886867946
2460349.092389252,0.8478335187894853,2.8324673150959767
2460349.0993337347,-1.6184414090417834,2.8320333679758445
2460349.106278218,-1.573568967119347,2.8317206356921876
2460349.1132227,0.7555970551255258,2.833962325299894
2460349.120167183,-2.3503711911313037,2.8318865797717625
2460349.1271116664,0.6110743581469089,2.835099739183939
2460349.1340561495,4.411951002455526,2.833660023461883
2460349.1410006327,1.5978096792760206,2.832760571786046
2460349.147945116,-0.08633626269771044,2.8315176604947787
2460349.154889599,3.134311020317463,2.831560045232736
2460349.161834083,2.278603543072014,2.8307364598436404
2460349.1687785666,-2.294096268530497,2.8299639009147532
2460349.1757230503,-0.8934834320933143,2.8263992786619063
2460349.1826675334,-0.5236592455118056,2.826204491665884
2460349.1896120175,-0.40908906913101484,2.8238007005157004
2460349.196556501,-1.8549409559116246,2.8248450825537126
2460349.203500985,5.692137416641343,2.824186381113505
2460349.2104454692,1.4443624139737081,2.825930729034623
2460349.2173899533,1.1162160902757865,2.820570372959894
2460349.2243344374,-1.9205716924038763,2.8203255270444134
2460349.231278922,1.9930174541735681,2.820749455918998
2460349.238223406,-0.8678011485115049,2.822583083587689
2460349.2451678906,-5.718584475815241,2.821458848980912
2460349.2521123756,-0.37908239713065717,2.823484935988921
2460349.2590568596,4.848906027028964,2.824202656967461
2460349.266001344,0.6973444860126272,2.824169517457223
2460349.272945829,-1.5158054745080192,2.825887075108786
2460349.2798903137,-3.26099610757662,2.8261362036818074
2460349.2868347988,-2.7426918445301647,2.82644265638629
2460349.2937792838,0.5680590252304111,2.828474688509028
2460349.300723769,-1.7359097182602445,2.8281377239457757
2460349.307668254,-0.7839801459847573,2.830103551985664
2460349.3146127393,-5.409596254748843,2.82687883760893
2460349.3215572247,1.316035117550678,2.82848905482073
2460349.32850171,1.9990137105554537,2.8286122282171315
2460349.3354461957,-2.4907916901341367,2.8278580577712904
2460349.3423906807,0.8671500999280197,2.8260738203423705
2460349.349335167,0.5383204339635168,2.824480090755964
2460349.356279652,0.18503473267703252,2.8240010104827267
2460349.363224138,1.6274049070589165,2.8222866218503664
2460349.370168624,2.725090691583672,2.8216378892632217
2460349.3771131104,2.083741295663312,2.8205587575863844
2460349.3840575963,4.449874113777788,2.8202621596723714
2460349.3910020827,-0.8506190675144845,2.817719155918081
2460349.397946568,-0.49491798134649123,2.81784482912605
2460349.4048910546,0.06420542920545547,2.8161696923363375
2460349.4118355415,-3.0685216777879116,2.8146243542896987
2460349.4187800274,-0.29153017990762864,2.8146577829054658
2460349.4257245143,2.327745303081384,2.8150188044736058
2460349.4326690007,1.9567066627964769,2.8122386343001615
2460349.4396134876,1.646783307596364,2.813730322111138
2460349.4465579744,1.1917192538245325,2.813486553015062
2460349.4535024613,-2.4059333277409403,2.8129616711039556
2460349.460446948,-1.8173184265992208,2.811647959564505
2460349.4673914355,2.5489156156003743,2.8148790605685323
2460349.4743359224,-3.2758151136360474,2.8150711747881867
2460349.4812804093,-2.6704034118525004,2.8157707460895662
2460349.488224897,4.892843272674476,2.81839599026785
2460349.495169384,1.485369258234088,2.8178795452347756
2460349.5021138717,-0.4382394901833935,2.818440836162679
2460349.509058359,-1.1575892578860196,2.8189187127414077
2460349.516002847,-0.09771527086096699,2.818953947009519
2460349.5229473347,0.6162869096062527,2.818320414141391
2460349.529891822,-2.540280440187894,2.8163893510630746
2460349.5368363103,0.9986350053307551,2.8167961331417533
2460349.543780798,3.3135349317339498,2.818610973067139
2460349.5507252864,-4.817592159364868,2.8132997371080735
2460349.557669774,-1.1584485247228766,2.8123392089005343
2460349.5646142624,1.4366347664429284,2.8141828479689113
2460349.5715587507,-1.8390091884555144,2.8100650418927384
2460349.5785032394,-2.27478391216479,2.8103200760711355
2460349.5854477272,0.9737694741701718,2.808054368736327
2460349.592392216,-4.890923164251483,2.80611477733264
2460349.5993367047,-2.6218875340332244,2.8039682458454496
2460349.6062811934,1.6545838567597138,2.80512663338491
2460349.613225682,3.1233853735129604,2.803796117960085
2460349.620170171,-3.8121828672086306,2.7992434206737378
2460349.6271146596,3.789839621695084,2.801411161868224
2460349.6340591493,6.214204350447476,2.8016154047973507
2460349.6410036385,-3.9931469345569384,2.7972317172470036
2460349.6479481272,1.712320551637295,2.7991189408930457
2460349.6548926164,1.6618612394580956,2.7996421302498593
2460349.661837106,-2.2694590857039625,2.798062193132099
2460349.6687815953,1.851898332767688,2.7999586350390344
2460349.675726085,-5.1594801192242015,2.800032545808099
2460349.6826705746,4.027408079330145,2.8018788709424336
2460349.6896150643,2.593837896958117,2.802136753460678
2460349.696559554,-0.0339972507279116,2.800373947579491
2460349.703504044,1.2900078952450986,2.8007793927340945
2460349.7104485338,0.02882862667691244,2.801533849210665
2460349.717393024,2.078641384015839,2.8015528815994073
2460349.7243375145,-0.9951659583278953,2.800275258786998
2460349.731282004,-0.35057758191899024,2.801615649299878
2460349.7382264948,-2.5698521967929135,2.801454215151273
2460349.745170985,-1.0305226135270504,2.798650703450352
2460349.7521154755,0.5257549020276449,2.8006383744063967
2460349.759059966,-2.3750327549828647,2.7963593305231367
2460349.7660044567,2.110939934339209,2.7985821914729683
2460349.7729489473,-0.9433230134818746,2.794242347766312
2460349.7798934383,0.024829076738088207,2.7953373894223645
2460349.7868379294,-5.285695502192889,2.7908020092494747
2460349.79378242,3.867869338220016,2.792051177335146
2460349.800726911,-1.4091534992923342,2.7888159547804956
2460349.807671402,1.5703072003697067,2.7888666651692393
2460349.8146158936,-2.72456110121067,2.7849681588573323
2460349.8215603847,-0.848013905262833,2.784045209614709
2460349.8285048762,-0.08716046246850251,2.784237963846665
2460349.8354493678,1.5099855085310203,2.783065635518163
2460349.8423938593,-0.1920360084665762,2.783085614294345
2460349.849338351,1.1833300043258927,2.782967110565732
2460349.856282843,2.912468270234534,2.7824252566781773
2460349.8632273343,5.0748089287856635,2.7840790342043555
2460349.8701718263,1.5636545667069865,2.7810092058667197
2460349.8771163183,-2.1275859445465266,2.7799188959701677
2460349.884060811,-3.5868482109639843,2.7792586885404806
2460349.8910053023,-1.469093635840165,2.782923260103083
2460349.897949795,2.2386723968898226,2.7828253802482767
2460349.904894287,2.2983062820642814,2.779722285522281
2460349.9118387797,-4.187226295391758,2.776617118401083
2460349.918783272,-2.59816530359526,2.7762582115859575
2460349.9257277646,-1.4817499309600004,2.776670827203988
2460349.932672257,2.1037764292020906,2.7778838733575193
2460349.9396167495,2.3948321914963353,2.7772211499997805
2460349.946561243,-0.04832658761426423,2.7754935126364693
2460349.953505736,-1.0808780520953838,2.7765146032637684
2460349.960450229,-1.2849698015265898,2.7763553921311384
2460349.9673947203,-0.0010814472067444125,2.774267924364162
2460349.974339211,-0.2793784777450248,2.7754027040425573
2460349.9812837043,0.9896494404267191,2.772820104376402
2460349.9882281977,4.127397605087331,2.77506670232856
2460349.995172691,3.6252980011463616,2.774130727963776
2460350.0021171845,-1.3077467503382871,2.7713456657381155
2460350.0090616783,1.4681073028006586,2.7718529948323245
2460350.016006172,-2.2446994056956933,2.768893942160009
2460350.0229506656,2.1536098950137874,2.769213104046226
2460350.02989516,-3.284607812648046,2.76622612754338
2460350.0368396533,-1.2075550838970681,2.7698005028637773
2460350.0437841476,-0.31571212166511664,2.767522730701988
2460350.0507286415,-4.506988145333194,2.7666976292623873
2460350.057673136,0.8001269876259005,2.7660468536627385
2460350.06461763,-4.542125087363409,2.7670867887307735
2460350.0715621244,4.729518009905181,2.7678931489517855
2460350.078506619,-3.1357702865720083,2.7637571372742595
2460350.0854511135,-0.1331183219974138,2.7673092860534663
2460350.092395608,6.295024635934807,2.7686064976013802
2460350.099340103,2.333349093969896,2.764684198669873
2460350.106284598,-2.321983018188297,2.763670669028038
2460350.1132290927,-2.986217443931845,2.7616093625380826
2460350.120173588,-1.1358175961887742,2.7625146408720798
2460350.1271180827,-1.173844276659822,2.7626262216944166
2460350.1340625775,-2.3662611299267966,2.762215880602191
2460350.139849657,-1.0177691895941599,3.385896723440497
2460350.145636737,-1.3794519685422477,2.761095282984044
2460350.152581232,1.70695942711703,2.7622724432000467
2460350.159525728,4.964249163137184,2.76040283433305
2460350.166470223,-2.1423225223439015,2.7569634230973517
2460350.173414719,2.374616451522378,2.763485275439436
2460350.1803592145,-0.2929295198772752,2.757240083387717
2460350.1873037107,0.6130629339686038,2.7563062350506073
2460350.1942482064,-0.7434084232086536,2.754312909784645
2460350.201192702,-0.6953040041514713,2.754170010109009
2460350.2081371984,3.7570070082418727,2.752873637158809
2460350.2150816945,-2.1055127681830363,2.7507513950451536
2460350.2220261907,-0.5687184704506985,2.750535839717552
2460350.2289706874,1.926376157453901,2.7505045945405375
2460350.2359151836,5.165235745143038,2.7513797505591775
2460350.24285968,0.7426109970288999,2.7501545931752243
2460350.249804177,-0.43547023778848626,2.7488283303523176
2460350.2567486735,-0.7615040659297032,2.7493287589607722
2460350.26369317,-1.4421021769394553,2.748908666477103
2460350.270637667,-2.378661696713016,2.747155386000678
2460350.2775821644,0.620038570304992,2.7480079754770883
2460350.284526661,1.7070398994519302,2.7473457179174
2460350.2914711586,-0.9071151803347589,2.7455108043137906
2460350.2984156553,-4.1628129258386375,2.744840247830934
2460350.305360153,-2.759962257777211,2.7443113187523487
2460350.3123046504,2.643553395678848,2.7476271239133094
2460350.3192491475,0.14412260305882807,2.748255349987083
2460350.326193645,0.6582593906956204,2.743490179042272
2460350.333138143,-0.4561865647606962,2.7425921078084072
2460350.3400826403,-2.917207214399638,2.7410399486543136
2460350.3470271383,0.7643201467325733,2.7418447505954497
2460350.3539716364,-1.3622916838660974,2.7420243253475998
2460350.3609161344,2.2371104689699566,2.7403092110581966
2460350.3678606325,-0.3310027333889711,2.7382010587386696
2460350.3748051305,1.2543700468074936,2.7391633844685894
2460350.3817496286,2.5861451656376366,2.736726215768908
2460350.3886941276,-1.3131407166999283,2.735284550034722
2460350.3956386256,0.5584008254289495,2.7344665256137897
2460350.4025831246,-0.804929241498846,2.7353924565886243
2460350.409527623,0.17054393007650237,2.734496050478642
2460350.4164721216,1.8343234172886747,2.734878301194618
2460350.4234166206,-2.596200862336601,2.7333535384322842
2460350.4303611196,-0.506941778980154,2.7313581187213365
2460350.4373056185,0.03493383266295691,2.7318333943658595
2460350.4442501175,1.0418632392127516,2.7327126834229722
2460350.4511946165,0.32799776145442516,2.731508642410361
2460350.458139116,-3.0126614815167105,2.7304881133148284
2460350.4650836154,0.4103962651006511,2.7328636783256433
2460350.4720281144,0.11335755712572734,2.7329654229060565
2460350.4789726143,1.8585349125095179,2.7326840196224658
2460350.4859171137,1.0498732058211397,2.732593741109804
2460350.492861613,0.8411101526316556,2.730355793611148
2460350.499806113,0.22161442205118287,2.732404031924362
2460350.506750613,0.3240044337203898,2.732085371993548
2460350.513695113,-1.7667350336757761,2.7328269166695662
2460350.5206396133,-2.4224665181475347,2.731082309047831
2460350.527584113,-2.2480574383616156,2.7337775390827956
2460350.5345286136,3.4677307489373517,2.733261903373076
2460350.5414731135,0.6142095399470615,2.7340918319063525
2460350.5484176143,-1.211745912649278,2.732861543010795
2460350.5553621147,3.379815290845703,2.735999381434653
2460350.562306615,1.5800569910178037,2.7314275533743166
2460350.569251116,-1.7817065796343057,2.7319295389302525
2460350.5761956167,-0.7155084758253993,2.7317460048219
2460350.5831401176,0.06028360169839464,2.7323031146727845
2460350.5900846184,0.7580558766030618,2.7316203411738704
2460350.5970291197,-1.706257866224212,2.731670917941736
2460350.6039736206,1.827609269027092,2.7315583232683625
2460350.610918122,-0.8055266417798235,2.731573173275633
2460350.617862623,-2.2974361348816985,2.7289269477755975
2460350.624807125,-1.5494562226584487,2.7315915637635446
2460350.6317516263,-1.5672532233514325,2.7309330577581163
2460350.6386961276,1.2336133325848522,2.730961022223815
2460350.6456406293,2.3081183551476836,2.730080976054319
2460350.652585131,-0.8675576403610246,2.7335600885909863
2460350.659529633,-2.379189590984364,2.731368611683331
2460350.6664741347,0.9025356456557794,2.731384204594782
2460350.673418637,-3.1575131218334898,2.7315428546875906
2460350.680363139,-2.68762266457042,2.7299946030111317
2460350.687307641,5.322694894772101,2.7337206729771424
2460350.6942521436,3.2216778261830727,2.733347350991481
2460350.701196646,-1.7520477487812902,2.7345591558110485
2460350.708141148,-0.37871434715967167,2.732327120367851
2460350.7150856513,-3.205998762613537,2.7334137454165632
2460350.7220301535,0.40550266862444584,2.7333386897089427
2460350.7289746567,2.3020124925477985,2.736246297594027
2460350.735919159,3.487326053935999,2.733276696642004
2460350.742863662,0.47760394846234666,2.7314479780717407
2460350.749808165,3.1998798984768655,2.733001896916002
2460350.756752668,-0.5265137607135182,2.7343291269684635
2460350.763697171,-2.525696689007041,2.733046759120614
2460350.7706416748,6.40694084638107,2.735245738240256
2460350.7775861784,-0.5847878879523944,2.734161893032286
2460350.784530682,3.825038356067858,2.7337718442632926
2460350.7914751847,4.436945540662318,2.733740478863698
2460350.7984196884,-3.1753824402111435,2.7302212215350874
2460350.805364192,-6.084804474360439,2.7289842109115336
2460350.812308696,1.3070300871037013,2.7311665804529484
2460350.8192532,-4.191497035500368,2.729944957142053
2460350.826197704,-4.33018640062239,2.731116310633577
2460350.8331422084,-2.544275185640305,2.7312325432821414
2460350.840086712,-0.13231891181392852,2.7324081299317715
2460350.8470312166,1.105856879418686,2.731617772701505
2460350.853975721,0.1826804108590121,2.7338022277508798
2460350.8609202257,1.0359559852392095,2.732193465802704
2460350.86786473,-1.734410262200723,2.7320848383961707
2460350.874809235,-3.3524611862238953,2.7315524433555765
2460350.8817537394,1.537196267512249,2.7327886509055026
2460350.888698244,-1.2019554579265495,2.7310457922763334
2460350.895642749,-2.209031456508662,2.7320811994683916
2460350.902587254,2.1374121656989375,2.7341085410391663
2460350.909531759,-5.705074801045772,2.732788147209965
2460350.916476264,1.5491394387658333,2.736300438489426
2460350.9234207696,0.9383779630548066,2.736517715689907
2460350.930365275,2.32240336049155,2.7341938695560226
2460350.9373097806,2.549187046828241,2.7337131023592165
2460350.944254286,0.2795707842598334,2.734673246716724
2460350.9511987916,3.088504550756099,2.7349359856357487
2460350.9581432976,5.871193005019599,2.7365398146743662
2460350.965087803,-1.4483733970637016,2.7345499322136173
2460350.972032309,-1.0964958775089246,2.7331005764192273
2460350.9789768145,2.5810040517660697,2.7313964063034177
2460350.9859213214,-1.3276529653421076,2.7310204569202785
2460350.9928658274,1.3584931416356254,2.7317886598142516
2460350.999810334,1.3974256357924821,2.7314989521819233
2460351.0067548403,6.051660176487655,2.7331638705916905
2460351.013699346,1.556337970645028,2.7312184044659085
2460351.020643853,-1.157972268459269,2.73091805041277
2460351.02758836,-2.8395433174628013,2.731433193853651
2460351.0345328664,-4.790573515910651,2.729833370455152
2460351.0414773733,0.1573438279731869,2.7309972403589913
2460351.04842188,-2.094112387787608,2.7325684469326927
2460351.055366387,1.918082571015535,2.7311456385569746
2460351.062310894,-8.55827221282778,2.728709229110875
2460351.0692554014,-2.5885769791834123,2.7317604140834395
2460351.0761999087,-0.4876787565345522,2.7309599301151035
2460351.083144416,-5.172093147202376,2.728613389560921
2460351.0900889235,1.9464564164516642,2.733733657318247
2460351.0970334313,-1.4168007933347384,2.730245057001314
2460351.1039779386,2.5100663858712116,2.736357321948596
2460351.1109224465,1.2167482057040875,2.7319215935179364
2460351.1178669543,3.488508189092424,2.7317869752187787
2460351.1248114626,-2.6276154479479192,2.7309372023492275
2460351.1317559704,-2.160325456742628,2.7321596290676573
2460351.1387004782,2.2161378015563655,2.734446208648217
2460351.1456449865,1.2974345084221004,2.7321766061762482
2460351.152589495,3.441955256848968,2.733860871118189
2460351.159534003,2.230032508848984,2.7319392560697433
2460351.166478512,1.484238152176673,2.7311472546318676
2460351.17342302,3.746599656312607,2.731574186531702
2460351.180367529,3.1692630433948454,2.7347652081152645
2460351.187312038,0.046382213291472296,2.7299158761640303
2460351.1942565464,-0.0767418707289842,2.7300917214617293
2460351.2012010557,1.7230537117656732,2.7283411836895257
2460351.2081455644,-4.0418972585601995,2.729058370313593
2460351.2150900736,-0.3328436310064933,2.7304368927101685
2460351.222034583,-3.942822343958314,2.73079336129023
2460351.228979092,0.6037307631573312,2.7292630807881975
2460351.235923602,-1.8980774983984792,2.7287860476217065
2460351.242868111,0.8169121701455784,2.7299616571150285
2460351.24981262,-0.7671964523948915,2.7328881962191036
2460351.2567571304,1.1492172881930842,2.730049133874557
2460351.26370164,-0.6686717015876988,2.7299105502474625
2460351.2706461498,0.6828997928652156,2.7311250152100097
2460351.27759066,4.944351389098891,2.7337536783016336
2460351.2845351696,0.8499026289464954,2.73126491844581
2460351.2914796798,0.17144630860585242,2.731088274893013
2460351.29842419,-3.6310359831967847,2.7314511629651546
2460351.3053687005,-2.4867522342710435,2.7322728544876482
2460351.3123132107,-1.6043430433923498,2.7313762507330472
2460351.319257721,-5.161807184488705,2.733735305879209
2460351.326202232,0.21743586936046055,2.733402084181415
2460351.333146742,-1.31894668912931,2.733328207771764
2460351.340091253,-1.5523994964196326,2.731611809463372
2460351.347035764,0.558817096978657,2.7321665996014857
2460351.353980275,2.761872694916483,2.7344086853706657
2460351.360924786,-2.8076716293723196,2.7312017952392833
2460351.367869297,-2.688425826162085,2.7298910081257746
2460351.374813808,-3.136966952206731,2.7318364782032716
2460351.3817583197,0.5720838658454912,2.73309430006259
2460351.3887028308,-1.6954118942763197,2.7312609522167244
2460351.3956473423,-0.9480076446427737,2.7318338667245032
2460351.4025918543,-0.22136793638925933,2.733057879738491
2460351.409536366,6.620634494551362,2.7358164366492743
2460351.4164808774,4.0204478760702145,2.7343473624548658
2460351.4234253895,0.9846529042110728,2.73281580057178
2460351.430369901,3.7235304701482788,2.732894589289884
2460351.4373144135,2.3009796896657333,2.7336616804141785
2460351.4442589255,1.6396472260287585,2.7334701651583555
2460351.451203438,-4.7095037473721675,2.7310269230241144
2460351.45814795,-1.7536042573594592,2.7339056368814876
2460351.4650924625,0.4350734896212992,2.7339187995493037
2460351.472036975,1.5270164245887998,2.7341304564242974
2460351.4789814875,4.553297217015433,2.7350493361299404
2460351.4859260004,0.8383081759429376,2.7323418057824402
2460351.492870513,-1.9445269391510334,2.7321055365133504
2460351.499815026,-2.5649421458555595,2.7346950434831165
2460351.506759539,2.3070566799284338,2.7347304888923216
2460351.5137040517,-2.5374191482837705,2.736167360430368
2460351.5206485647,4.0078923157081245,2.7341769363458273
2460351.527593078,1.9475159914194164,2.733140411326213
2460351.5345375915,2.0957124314596998,2.7330474169230077
2460351.541482105,2.7065619513351784,2.7339167247423504
2460351.5484266183,-0.7224562109776311,2.7319055665763163
2460351.5553711317,-1.9470712729584772,2.7329943343226266
2460351.5623156456,2.7365126333240406,2.7321008462744545
2460351.5692601595,-0.5705129561912193,2.731323541964009
2460351.5762046734,1.3048462689359974,2.732344444698598
2460351.5831491873,3.14060466623784,2.7311767144254833
2460351.5900937016,-2.1956299598571403,2.730000575586508
2460351.597038215,-0.6558136660976841,2.729630871009529
2460351.6039827294,-3.7379080312067456,2.7289100316370867
2460351.610927244,-1.193809626662301,2.7295454534918906
2460351.617871758,-5.846585022215502,2.7287400987071773
2460351.624816273,-1.2820392014323332,2.7290496901725976
2460351.631760787,1.8614955156567659,2.72973944512074
2460351.638705302,-5.6808049251641215,2.727714176369527
2460351.645649817,-5.775242893577316,2.728776672275431
2460351.6525943317,-1.155910100501164,2.7303756854932484
2460351.6595388465,-7.534070975256897,2.7278441258468398
2460351.6664833617,-4.030039731407747,2.730709045431341
2460351.6734278766,-0.7940002544911252,2.732608200944273
2460351.680372392,3.977468611735614,2.7354740559415247
2460351.687316907,4.007582858712901,2.731628206588739
2460351.6942614224,1.2140884782531949,2.7330186048846574
2460351.7012059377,1.9085499011622904,2.7335452095969113
2460351.7081504534,4.037156554301069,2.732778474289976
2460351.715094969,-0.018112749515839077,2.7343865701467593
2460351.722039485,0.5009644562661046,2.732735811685226
2460351.7289840006,2.2490473002257687,2.7326253547862933
2460351.7359285164,3.6282111393165186,2.732093300054283
2460351.7428730326,-2.7203048324624675,2.731611307853502
2460351.749817549,-1.31692676970023,2.7323935595391515
2460351.7567620645,3.4887160834693134,2.7331831684179893
2460351.763706583,7.74057981178763,2.734311184054332
2460351.7706510997,0.8802822508826011,2.7309581638578675
2460351.7775956155,-1.393421876660546,2.7308205953683946
2460351.784540132,4.1398260770392605,2.7320831920211917
2460351.791484649,-0.4597761811748655,2.7290035477687478
2460351.7984291655,-1.367784417075657,2.728136342928925
2460351.805373682,-0.7710288817837001,2.7284346011818505
2460351.8123182,-0.9698759256784117,2.7279643500755313
2460351.8192627165,-1.6167817209041133,2.731418234468459
2460351.8262072336,0.008356368994286267,2.7290118539789474
2460351.8331517507,3.960504802870496,2.728963490952976
2460351.8400962674,-0.31518753568430125,2.729640803206919
2460351.847040785,-2.379446749060765,2.729418873075364
2460351.8539853026,1.40199587410498,2.730739178991374
2460351.86092982,-0.18929054823894464,2.7289514847470073
2460351.8678743374,-0.014613585577402749,2.7297784176033026
2460351.8748188554,-4.520403443683632,2.7292628893720425
2460351.881763373,1.5448424041888167,2.7298495167453627
2460351.888707891,-4.592424438854467,2.7305772058592503
2460351.8956524082,0.2449121413027262,2.729794474664766
2460351.902596927,1.9980341650976077,2.7308617419745693
2460351.909541445,-3.246352311688403,2.731740208376769
2460351.916485963,1.4611616658439557,2.729593169483561
2460351.9234304815,-1.7128485539933327,2.7294554136398492
2460351.9303749995,-0.4218837596051648,2.7305357490009907
2460351.937319518,0.7368501559624263,2.7303645277099604
2460351.9442640366,-0.8700981866986459,2.731136928658243
2460351.951208555,-1.7032149078785106,2.72903655155126
2460351.9581530737,1.272994569290659,2.730132043322692
2460351.9650975927,-5.3619311595252155,2.7269397760006924
2460351.972042111,0.5582035356888051,2.729978800508121
2460351.97898663,-2.3841832170352366,2.729405019180374
2460351.985931149,1.5536352147978802,2.7293459861897644
2460351.992875668,1.9309370804881114,2.729418027719817
2460351.9998201877,1.4059455748034368,2.7294677617003704
2460352.0067647067,3.3727523734235167,2.729353952839787
2460352.013709226,4.648029275971834,2.730448500818475
2460352.020653745,1.8073834504154047,2.7304969960957695
2460352.027598265,-4.277289100251131,2.726487977188469
2460352.0345427846,-1.9345143652057981,2.728731295941195
2460352.041487304,-3.3755015177689582,2.728646046282327
2460352.0484318244,3.195679743748986,2.728600237290539
2460352.055376344,-5.435570267926798,2.7276352637322163
2460352.062320864,0.5255084151068249,2.7318951156004125
2460352.0692653838,5.3564099213145235,2.7323224161405144
2460352.076209904,3.97868973318654,2.7314460602329045
2460352.0831544246,1.6514398079344057,2.732176532049928
2460352.090098944,0.2594526216869921,2.7309094815938963
2460352.0970434644,4.404304386443787,2.7338049526687076
2460352.103987985,0.759265494441753,2.733169445632575
2460352.110932505,-4.864695202390109,2.7295614220324818
2460352.1178770256,1.593598450649956,2.7334011260525233
2460352.1248215465,-0.8522746709556048,2.731114605635445
2460352.1317660674,-1.8414791966278585,2.7316930794643466
2460352.1387105878,-7.114033261832288,2.7303398324712895
2460352.145655109,-2.2406406812253667,2.7289710661485373
2460352.1525996295,0.14515882322263485,2.731056649058606
2460352.159544151,3.447765603973238,2.733243630944388
2460352.166488672,5.205868108121144,2.732224451774494
2460352.173433193,-0.7807195665863202,2.7309462287526336
2460352.1803777143,0.17443158326975733,2.7296426123952524
2460352.1873222357,-2.35765241911062,2.7294700026293284
2460352.194266757,-6.820294758100477,2.725488112988277
2460352.2012112783,0.3039605339947613,2.7304579199393686
2460352.2081558,-0.21845836407179187,2.728778509127704
2460352.2151003215,2.8454955150389742,2.730132799304465
2460352.2220448437,1.153608767161805,2.731083157212069
2460352.2289893655,-1.59182260635834,3.3419425092733657
2460352.2359338873,-1.8693816564975099,2.7317381565156005
2460352.242878409,-1.6589913341116207,2.728586033613841
2460352.249822931,1.0228745083076793,2.7317052273604987
2460352.256767453,4.753987690090876,2.731069526848582
2460352.2637119754,3.831511921390064,2.7312484757246622
2460352.2706564977,0.027884790717999042,2.7300771068151417
2460352.27760102,-2.392032381995093,2.729582226660167
2460352.284545542,1.0902802466008377,2.730934763973675
2460352.2914900645,1.9009194601339976,2.7319889564265742
2460352.298434587,0.48625506539415,2.730425908605474
2460352.30537911,-1.937960382801406,2.7315820715919377
2460352.312323632,3.7968499448021187,2.731647412179503
2460352.3192681544,-3.003295599634682,2.7296328463046167
2460352.3262126776,-1.9970980066196402,2.730868274779524
2460352.333157201,-4.1114558610345355,2.7295219755380926
2460352.340101723,4.634234010665359,2.7319510894738266
2460352.3470462468,0.691410834227834,2.7307543948329727
2460352.3539907695,-0.4782680636571688,2.731181221252561
2460352.360935293,3.702973307815365,2.733708174604501
2460352.367879816,-1.11716462930977,2.7310865370581703
2460352.3748243395,0.9903613998293895,2.7327873297290197
2460352.3817688623,-2.499445190219762,2.729122401588049
2460352.388713386,-4.562014652131651,2.727926823820056
2460352.3956579096,2.8693358032093057,2.731392169034296
2460352.4026024328,4.552737526891558,2.7312502275840487
2460352.409546957,-0.8664063283684729,2.7292280196736534
2460352.4164914805,-4.152859006648285,2.728159115103614
2460352.423436004,0.9348844242587826,2.729975296627215
2460352.430380528,3.687510576261728,2.73086512949314
2460352.4373250515,-1.3141617758208,2.7292676007960197
2460352.4442695756,5.4081247696078725,2.7326783591624864
2460352.4512141,-2.7427465519796814,2.728487777703982
2460352.4581586234,-2.7747963008513725,2.731340958507063
2460352.4651031476,-2.7500052025603265,2.7305650345320465
2460352.4720476717,2.4078047252895685,2.732191907344143
2460352.4789921963,0.1517174261998857,2.7322502324492777
2460352.4859367204,-1.1967230467844718,2.7305294147917345
2460352.492881245,-6.0922901338057525,2.731775724276366
2460352.499825769,-7.099977523209224,2.730234312489957
2460352.5067702937,-1.4134972894798499,2.730551092340948
2460352.5137148183,1.4335701390882392,2.7314186992518867
2460352.5206593424,2.288013990632892,2.7343114437037603
2460352.5276038675,-0.3869937514252122,2.7324240375769624
2460352.534548392,0.7070379542970167,2.731482421874688
2460352.5414929166,2.309492242595632,2.7329744111361864
2460352.5484374417,1.369269931755413,2.7304735283820594
2460352.5553819668,2.519346678174802,2.734218097935008
2460352.5623264913,-2.02942610914175,2.730592456178521
2460352.5692710164,1.0694833081613395,2.7317035652719284
2460352.576215541,-1.98345666679073,2.72983505046791
2460352.5831600665,-1.1007442052487313,2.7312051246756894
2460352.5901045916,2.4081592682516506,2.730518693924339
2460352.5970491166,-0.09913479746621379,2.73191386777269
2460352.6039936426,1.504581095657446,2.72986946189742
2460352.610938167,2.9883826044149777,2.729929619302483
2460352.6178826927,3.433657515356971,2.7298989403701497
2460352.624827218,0.002479646180720607,2.729512749303199
2460352.6317717433,2.7200829434752984,2.731310076136245
2460352.638716269,2.837713776968414,2.7295647514812784
2460352.645660795,-1.917574484033119,2.730331046204414
2460352.65260532,0.9838012206432042,2.730365535145023
2460352.6595498454,-1.7739262591966807,2.7301443344912055
2460352.6664943714,1.4013671954887081,2.7308785772570325
2460352.673438897,-1.6535622763087785,2.7294285128134494
2460352.680383423,-3.0957112822196233,2.7291566258812483
2460352.687327949,1.2421924207520265,2.7304899808985206
2460352.694272475,-2.410051747764976,2.730809324936331
2460352.701217001,0.06823168140798286,2.7296660169371947
2460352.708161526,2.6574426040902814,2.7324151379838906
2460352.715106053,-1.438065180693033,2.7299150267951284
2460352.722050578,-3.535246717627445,2.7301723758072747
2460352.728995105,1.8508918313101006,2.7302115235400404
2460352.735939631,-3.5210580834542613,2.727735163353937
2460352.7428841568,2.9453837333701918,2.7299718660080465
2460352.7498286827,1.6715325523473896,2.729902897357832
2460352.7567732087,-1.1733001428680168,2.729876470205845
2460352.763717735,-4.643519928199195,2.7276488182978564
2460352.7706622616,1.5642165432411712,2.732399562284995
2460352.7776067876,1.6502013520665455,2.731082794546806
2460352.7845513136,-3.0462482518883736,2.7278954674195295
2460352.7914958405,1.459978732897792,2.7287594982425474
2460352.798440367,-2.332578657486309,2.727162437770286
2460352.8053848934,-0.3667241974886415,2.728334784846871
2460352.8123294194,3.426876110701951,2.7282659481753533
2460352.8192739463,2.3382201206327955,2.7283916772638634
2460352.8262184733,2.0307974626047174,2.727838833852711
2460352.8331629992,-0.007935094091501504,2.7269286753005466
2460352.840107526,-3.663564598597871,2.728347930355232
2460352.8470520526,3.685623179913641,2.729401589390184
2460352.8539965795,-3.4314371376697146,2.728762592320114
2460352.860941106,-1.7470307481282974,2.728797994437581
2460352.867885633,0.05024948333392776,2.7289091657646085
2460352.87483016,-0.3835038549899351,2.730654782178885
2460352.8817746863,-2.2751411186350845,2.7317219772054138
2460352.888719213,-1.7704304798709376,2.728505828095429
2460352.8956637396,-3.982540240281697,2.7316544064681545
2460352.9026082666,6.369133631003665,2.7324010010706297
2460352.9095527935,1.098349475815401,2.732808707497665
2460352.9164973204,-2.4572710514244114,2.7311661096923725
2460352.9234418473,3.829776066791481,2.732334019685334
2460352.9303863742,-2.558682133272688,2.7279530834490875
2460352.937330901,-1.460667437280992,2.7297312162485707
2460352.944275428,-1.4374392897246493,2.729010145231317
2460352.951219955,1.9848139202619715,2.730286422561099
2460352.958164482,4.038440126217006,2.7311816685411068
2460352.9651090093,4.36263282016939,2.7322965700644133
2460352.972053536,0.39462352399332346,2.7310791173853204
2460352.978998063,-4.292590066935027,2.727316599388981
2460352.9859425905,-5.45495025158789,2.7278156142974237
2460352.9928871174,0.6041798092839539,2.727832947656626
2460352.9998316444,-3.0017472686305435,2.7283047177375637
2460353.0067761713,2.5627296559193637,2.7291627450557208
2460353.0137206987,7.441134818409184,2.731275784608281
2460353.0206652256,2.770422775723588,2.73005890419941
2460353.027609753,-0.8091252287379884,2.7275182514070444
2460353.03455428,1.494612199165962,2.7294220136325826
2460353.041498807,-6.378926258396806,2.729010064916968
2460353.048443334,-0.12798051352357476,2.728550160948948
2460353.0553878616,0.2206495477796773,2.7292511214733124
2460353.0623323885,1.477131103768659,2.730279420436311
2460353.0692769154,3.612301640925072,2.73187388876238
2460353.076221443,-0.11767049999336177,2.7299108600487045
2460353.08316597,-1.1754637590118204,2.7294567140894492
2460353.090110497,2.2131512125040196,2.7310632476357157
2460353.0970550245,-5.369093109923259,2.729944702370855
2460353.1039995514,-2.754603405469012,2.729394371776335
2460353.110944079,0.7944233182351086,2.730076378215733
2460353.1178886057,5.5885722625064105,2.73455244317031
2460353.124833133,5.782319120545244,2.7331625348518807
2460353.13177766,3.635761579019362,2.732550429970914
2460353.1387221874,-1.507117633248359,2.728516943632899
2460353.1456667143,-4.597283640431851,2.729187871616549
2460353.152611241,-2.7722601840214,2.7301127956415194
2460353.1595557686,-3.384298401335832,2.7289329860372114
2460353.166500296,-2.516674562032271,2.7288901573098188
2460353.173444823,-3.496904737133683,2.7274721963050363
2460353.18038935,-1.1634114851356954,2.7286136305475464
2460353.187333877,-0.138854593627604,2.7289432953063044
2460353.194278404,3.534793607922617,2.7294431325252653
2460353.2012229315,0.4102324439434075,2.728635914157522
2460353.2081674584,4.05900040987918,2.7299392691124478
2460353.2151119853,-0.41097514885723685,2.7274350903669826
2460353.2220565127,-4.828625941964853,2.7284019958662165
2460353.2290010396,1.594818355716031,2.7288899818534555
2460353.2359455666,1.556296505935859,2.7296543197513685
2460353.2428900935,-3.4942220951699587,2.7281233857107625
2460353.2498346204,-6.186465491273821,2.7277481865304094
2460353.2567791473,-1.313818311626008,2.727743775009813
2460353.2637236747,-2.2120734650199214,2.7287867352073345
2460353.270668201,7.591809842512401,2.731105146848403
2460353.2776127285,2.7070941111236944,2.729643285739011
2460353.284557255,5.467696879292554,2.7308038009635727
2460353.291501782,3.1510204149319714,2.7306766939805764
2460353.298446309,1.312270403890377,2.7296671431794057
2460353.3053908357,-2.5546856386910974,2.729795718048393
2460353.312335362,-3.7862789251861004,2.7313809653108856
2460353.319279889,-0.2792039962951258,2.729574477378955
2460353.326224416,1.5886939596122143,2.730885708828169
2460353.333168943,0.006198073736870979,2.72947714799602
2460353.3401134694,5.794019442364704,2.732751104444431
2460353.3470579963,1.3811426576304486,2.730706909753186
2460353.354002523,-2.654644694974484,2.7273630943416154
2460353.3609470497,-0.7755461121131532,2.7301942812805273
2460353.3678915757,-1.9245726153896288,2.728004367897464
2460353.3748361026,1.7400472478116935,2.7308585086498405
2460353.3817806286,-4.147306478865371,2.7281247087799265
2460353.3887251555,-1.7886459927871345,2.726932096123845
2460353.395669682,-0.10638853584772079,2.7278536147185917
2460353.4026142084,2.251105050061822,2.7305211448058846
2460353.4095587344,-3.125835655400164,2.7262481873526685
2460353.4165032613,3.2387845514893137,2.7283360884023495
2460353.4234477873,-6.622450269840741,2.726193034916203
2460353.4303923137,1.1461319606278235,2.727935520705129
2460353.43733684,2.2810596987897576,2.733028320920891
2460353.444281366,-5.013616901938935,2.7278769545049943
2460353.451225892,4.7269878745427985,2.732964613114131
2460353.458170418,3.3843837251520004,2.731736296540418
2460353.465114944,-4.559463723121705,2.727256875359831
2460353.472059471,-2.9731540569774757,2.7304908374676597
2460353.479003997,2.2156274508789737,2.7305323436713134
2460353.485948523,0.6023180057180366,2.7310742044423555
2460353.492893049,5.497119416656963,2.7333783198149715
2460353.499837574,1.3801300966887906,2.730789803442811
2460353.5067821,0.7936379318822402,2.732660924044426
2460353.513726626,-3.292186021789558,2.7305032933235682
2460353.520671152,-1.906860641262547,2.730327548477749
2460353.5276156776,0.8789918262375591,2.7316639730862544
2460353.5345602036,3.47848522626753,2.731585841668304
2460353.541504729,-8.492292493491197,2.728917247675666
2460353.548449255,-6.985253535114892,2.72833022506989
2460353.770674061,-1.0017639969386294,2.7303944528559327
2460353.777618585,3.522104270698938,2.7314892040327927
2460353.784563109,4.06874333525568,2.732053380864094
2460353.7915076325,6.784869601809804,2.73268226651542
2460353.798452156,-0.15706791129561193,2.729854128430969
2460353.80539668,0.9803994461721746,2.731389383644702
2460353.812341203,-0.07551264148081538,2.731418215768942
2460353.8192857266,3.167088163170486,2.7321109083931643
2460353.8262302503,2.6973004352493675,2.7324262916415574
2460353.8331747735,-4.044719835467045,2.7294452887778955
2460353.8401192967,3.7893104107039255,2.735019736532786
2460353.84706382,1.6033157074170505,2.731636389006889
2460353.854008343,1.5407760696293986,2.7344482372964003
2460353.860952866,-3.0738162145555954,2.729828087983877
2460353.8678973895,0.08380664097005952,2.7332215952951144
2460353.874841912,-7.2251656353327895,2.7293913081069197
2460353.8817864354,-1.202584205625351,2.7313767276110426
2460353.888730958,-1.6567252971094328,2.7335901036065766
2460353.895675481,-1.0970374543594352,2.7323118339651664
2460353.902620003,-0.44769339360002425,2.7326775645687316
2460353.9095645263,1.0671330405108876,2.732349651095193
2460353.916509049,-1.1282385941449369,2.732590088229251
2460353.9234535717,-1.8061530777831263,2.731549739574221
2460353.930398094,2.651797792439374,2.732970058954487
2460353.9373426163,4.126087022538758,2.7343611323246413
2460353.9442871385,0.2233104956880072,2.733392972201593
2460353.951231661,0.21580405728762608,2.7328107182707644
2460353.958176183,-1.0049980242566692,2.731594691065108
2460353.9651207053,0.5274496808283353,2.733636878605223
2460353.9720652276,-4.967934892622639,2.7313966333572623
2460353.97900975,3.34999865849562,2.734529887296422
2460353.9859542716,7.472455246819745,2.7339964826168646
2460353.9928987934,-0.2648730737099094,2.7325992469364206
2460353.9998433157,2.479695398889059,2.734422227935717
2460354.006787837,-3.0326517862010594,2.73211657806495
2460354.0137323593,-2.8911953514694457,2.7331051247912566
2460354.0206768806,2.179716832197134,2.7327060831417938
2460354.027621403,-2.8473375430426526,2.732151925683953
2460354.034565924,-3.362181611093212,2.7326286358933474
2460354.0415104455,0.35698776982956926,2.7347260833829634
2460354.048454967,-0.5014473503897192,2.7330888584334896
2460354.055399488,-3.6570920820222224,2.733236235491366
2460354.06234401,-2.8127723374611717,2.731801375459494
2460354.069288531,0.15555464401902952,2.7350698410746817
2460354.076233052,-5.219487978494085,2.732808143684512
2460354.0831775735,-3.7410019761127846,2.7332403809787658
2460354.090122095,-0.6299890543074778,2.7348343148223413
2460354.0970666152,5.531677842208191,2.7375615771932726
2460354.1040111366,2.8340794114875725,2.7364806169490996
2460354.1109556574,6.031483116077345,2.738712780819934
2460354.1179001783,4.162649484255624,2.7366017930022384
2460354.1248446987,0.0956529816811933,2.7345980264072995
2460354.13178922,1.4392330229618746,2.7378300934784523
2460354.1387337404,-0.48214765310704366,2.7349523250484347
2460354.145678261,2.1270033726151136,2.735537907691272
2460354.1526227817,8.636895903271432,2.7375921237562753
2460354.159567302,4.221866448293157,2.7365336120228267
2460354.166511823,0.3138099876149117,2.7363998676829726
2460354.173456343,-1.9934235331980494,2.7344610780592014
2460354.1804008633,-6.257836962121017,2.7315122070635183
2460354.1942899036,-2.8719949464323573,2.732683031768232
2460354.201234424,-3.6593734231730544,2.734912118776981
2460354.2081789444,2.941420254543735,2.735205315212062
2460354.215123464,3.6032121349814465,2.7370132668452367
2460354.222067984,2.017656826156918,2.734616634353825
2460354.2290125038,-1.1695879516740852,2.735512881284292
2460354.235957024,1.2061101909809735,2.734403787720348
2460354.2429015436,0.951547681629062,2.734413828573258
2460354.2498460636,-0.06319747650913744,2.7346917478755217
2460354.2567905835,-3.058003841099792,2.7355884678039746
2460354.2637351025,-2.107171996576081,2.732885275567451
2460354.2706796224,0.9319844649538245,2.735485477534418
2460354.277624142,6.4169065246366905,2.7383639112850275
2460354.2845686614,1.8662872503280847,2.7365532551520815
2460354.291513181,0.4533584075390791,2.734399316718974
2460354.2984577003,0.41145843096927326,2.735623677148835
2460354.3054022193,1.1209841845335848,2.734109122834869
2460354.3123467388,0.8876214746878004,2.7366550456090533
2460354.3192912578,-4.739035889198735,2.733412788214952
2460354.3262357768,-1.9685984133786034,2.7338922798580003
2460354.3331802962,-2.1989236181188927,2.7339329916761876
2460354.3401248152,-1.8603309422988132,2.733884945676166
2460354.3470693342,-2.098078084432826,2.735085016322009
2460354.3540138532,-3.3284595597525293,2.732764588389763
2460354.3609583722,-5.3301191875394975,2.7307155071094944
2460354.367902891,4.064877599576116,2.7367902577701244
2460354.37484741,-1.7698802975082393,2.732036128907611
2460354.3817919283,7.80613505620126,2.733956544357129
2460354.3887364473,-1.1038034135565096,2.733565733689899
2460354.395680966,2.0439372511816467,2.7333555869718342
2460354.4026254844,3.315249832913208,2.7319009151953697
2460354.4095700034,2.6571964722803343,2.7321305821826836
2460354.4165145215,0.1975163109018756,2.732066651920093
2460354.42345904,-1.0442883071690456,2.7308118117125555
2460354.4304035585,0.65805689711501,2.7320013667003846
2460354.437348077,-1.631326547522424,2.7350984886388354
2460354.4442925956,2.3841892873743697,2.7340164165455594
2460354.4512371137,-2.0786872172363067,2.7322093543380883
2460354.4581816318,2.620593834860486,2.7346884121130284
2460354.4651261503,-2.1249049946871534,2.7316588050804573
2460354.4720706684,-1.209943879630515,2.731882434747927
2460354.4790151864,1.8258446920661227,2.7334133248223353
2460354.4859597045,0.7102077742895281,2.7326969150675917
2460354.492904222,5.137043849775431,2.7370547467038544
2460354.4998487406,-1.3168984184960904,2.7346206757906706
2460354.5067932587,-6.7101934283910225,2.731030357263466
2460354.5137377763,-1.9119624885935247,2.7359973809094917
2460354.5206822944,3.8221699284470696,2.7353336604716936
2460354.527626812,-2.4969811350054476,2.7316952281824913
2460354.5345713296,0.7076564007858654,2.73386933333823
2460354.5415158477,-1.1788278926358164,2.73235311065206
2460354.548460365,-0.13614322836645532,2.734497117443236
2460354.555404883,0.6897976161236479,2.734564766778398
2460354.5623494005,0.24479216408198606,2.7328603297176524
2460354.569293918,-5.522758595748769,2.7298947707115375
2460354.576238435,-0.5894037250411961,2.7322626832860077
2460354.5831829533,1.4383987278912915,2.7325368799510614
2460354.5901274704,1.973058220027716,2.7318272998602775
2460354.597071988,-1.1634699188462738,2.7318249998646835
2460354.6040165056,-5.769397737058027,2.730675702050107
2460354.6109610223,-1.1772632503421807,2.730950316771192
2460354.6179055404,2.1085808605169434,2.7329589528254306
2460354.6248500575,-5.69924417091666,2.732101879086709
2460354.631794574,1.016349041779492,2.7338900920037634
2460354.6387390923,0.7792570756379825,2.7343370931514173
2460354.6456836094,-5.767928857139729,2.732439370543222
2460354.652628126,1.6409922410458628,2.735154052364026
2460354.6595726437,1.450243592027559,2.7376494681638355
2460354.6665171604,8.615784271337713,2.745869063695022
2460354.673461678,0.8956672874072722,2.754669551083851
2460354.6804061946,1.1549714023018542,2.7705851189569373
2460354.6873507113,-2.1330752476904906,2.7857612678757526
2460354.694295229,4.786178713011524,2.80657947892481
2460354.7012397456,1.0838091176058149,2.8317233458926907
2460354.7081842623,3.3771664164842723,2.8650072091993013
2460354.7151287794,1.4920809939320718,2.9025847329467216
2460354.7220732966,5.021226036764214,2.9497072319948043
2460354.729017813,-1.5110280740825244,2.997963496290039
2460354.73596233,1.0867739136823824,3.0554094024577583
2460354.7429068466,2.152103463207516,3.120341265624979
2460354.7498513632,1.571005577175866,3.193810460314513
2460354.75679588,3.8244059846508405,3.2750520354490127
2460354.7637403966,-2.278559751649306,3.360229036035534
2460354.7706849133,1.2524667877707358,3.4474715146921286
2460354.77762943,-0.9838211945639255,3.5364201902297574
2460354.7845739466,-1.65342875683449,3.619736103601529
2460354.7915184633,-7.582856355088456,3.702800245050479
2460354.79846298,2.1209498638340794,3.7882555372140594
2460354.8054074966,-0.6742334755516239,3.870480057014312
2460354.812352013,-6.680533326320363,3.954445198723939
2460354.819296529,-5.015152683271236,4.037419502849351
2460354.8262410457,0.40189456001060764,4.117383431314355
2460354.8331855624,2.2741877030530437,4.195097971039682
2460354.840130079,-0.9705673062435799,4.266130248985309
2460354.847074595,-0.1725506788466168,4.329890820991252
2460354.8540191115,-0.4463498220987264,4.3927870225040335
2460354.860963628,4.207291881856188,4.453126496253633
2460354.8679081444,1.7083186815454876,4.509369969158645
2460354.8748526606,-0.4406581672006631,4.563368598572465
2460354.8817971773,-2.3466725005624274,4.61678158455151
2460354.888741693,-0.6945539779811245,4.670197591001686
2460354.8956862097,-1.28777310289062,4.718843343467889
2460354.9026307254,3.016378990070195,4.7667744798903735
2460354.909575242,-1.6858408061331271,4.811857309085256
2460354.9165197583,-5.389141579215297,4.855594375456818
2460354.9234642745,0.5501119621458186,4.900975833856125
2460354.9304087907,-5.363786332134399,4.941253563994326
2460354.937353307,-0.18021194155489195,4.981792938580883
2460354.9442978227,0.8866815632878973,5.0239847187672355
2460354.951242339,-2.876560078346814,5.063458997168971
2460354.958186855,-1.1557867201376815,5.10261008013909
2460354.9651313713,3.086571338347487,5.142395854519019
2460354.9720758875,2.2736265803893105,5.1808984287688835
2460354.979020403,-2.7660197131420583,5.217434293188014
2460354.98596492,2.118593855491852,5.256206638889834
2460354.9929094356,2.6588203904112704,5.292175318560903
2460354.9998539514,1.9462309518563279,5.329864498712123
2460355.0067984676,4.023873241201497,5.365598832005198
2460355.013742984,-0.20168653464624509,5.397661964271123
2460355.0206874995,2.825994591345907,5.430367662771392
2460355.0276320158,-3.5824408112809136,5.4569186977124575
2460355.0345765315,4.118172044288493,5.487195154893303
2460355.0415210477,-0.6401756075252243,5.514003247423009
2460355.0484655635,-6.011539630737794,5.542463290712128
2460355.0623545954,-5.478593957852774,5.6048796485989065
2460355.0692991116,-4.595117095903564,5.639786963172351
2460355.0762436274,-0.621204042456035,5.675672122312388
2460355.083188143,6.114686798327958,5.713989102840951
2460355.0901326593,5.806739636138909,5.751483890762077
2460355.0970771755,3.1018167083376964,5.789033845088017
2460355.110966207,3.5288324744525266,5.866333316232043
2460355.1179107227,0.49808932846923715,5.904032118568257
2460355.124855239,2.6789663309023948,5.943044259965803
2460355.1317997547,-5.5776971027158515,5.979693751417233
2460355.1387442704,-4.413459611230377,6.013544778654112
2460355.1526333024,1.3088848516182547,6.077893012225612
2460355.159577818,-5.041003669092511,6.102367838666184
2460355.1665223343,-1.0324701507016019,6.127230467933869
2460355.180411366,-3.342155356799583,6.166804548068781
2460355.1873558816,-0.6905692261819016,6.180568720651053
2460355.1943003978,1.2088320764260714,6.191668312603397
2460355.2012449135,3.343664316826094,6.2013869080963495
2460355.2081894292,-5.535909784329849,6.208888138340305
2460355.215133945,-3.3485004098701796,6.217429545399057
2460355.2220784607,3.6730844963197757,6.221688426504312
2460355.229022977,6.944028490735642,6.227080582453507
2460355.2359674927,-1.4212194454654654,6.22423994398896
2460355.2429120084,3.975893884931637,6.221914279765444
2460355.249856524,0.48636409327927926,6.217965944024613
2460355.2568010404,7.81930707731725,6.211051186152106
2460355.263745556,0.023443953951902685,6.202351864186599
2460355.270690072,-2.7621745060256404,6.195339937579408
2460355.284579104,-0.7013980915023832,6.1824980965689535
2460355.2915236196,-1.2784704964967255,6.176142568805172
2460355.2984681353,-0.13483785387492064,6.171299273882577
2460355.3054126515,-6.139220086958209,6.166292539505215
2460355.3123571672,0.007367713186849034,6.159990900989819
2460355.319301683,5.123810567682785,6.157114491794893
2460355.326246199,0.3883462809875666,6.152940206934961
2460355.340135231,0.9522105325948518,6.14563777493215
2460355.347079747,1.6571703618278364,6.144073740283275
2460355.3540242617,-2.0701918956096996,6.140180425211452
2460355.3609687774,2.3491991550047313,6.140681513821508
2460355.367913293,4.664670709007405,6.140251618434832
2460355.3748578094,-2.207265850751537,6.13824516740731
2460355.3818023256,4.193373188742223,6.141447616295203
2460355.3887468413,2.9917237488720345,6.141520184231201
2460355.395691357,5.473076499127728,6.143926784470158
2460355.4026358733,1.6205245516544613,6.145356506496154
2460355.409580389,0.8841752264651399,6.1442549710184835
2460355.4165249052,2.8995070166422603,6.146094568835477
2460355.430413937,-4.548437816870504,6.14338030569062
2460355.4373584534,-1.764635135582484,6.145747290753179
2460355.444302969,0.9201976393675079,6.146168575378517
2460355.4512474854,-4.3902287514250045,6.145784593571926
2460355.4581920016,0.562525590573264,6.146784871689264
2460355.4651365173,-2.630737297137105,6.146327683475614
2460355.4720810335,-0.9996519946617843,6.1477762382321215
2460355.4790255497,1.5370869583989841,6.148832639595568
2460355.4859700655,-6.185897905704051,6.1472869725346735
2460355.4929145817,5.25659152408544,6.1500802746454175
2460355.506803614,4.401554166237951,6.14490130573116
2460355.5137481303,8.341196547778958,6.141909665795942
2460355.5206926465,7.651641624756239,6.137117690522094
2460355.534581679,-4.4352934877032055,6.120193052731217
2460355.541526195,-1.9481002474793279,6.111669776219877
2460355.5484707113,1.2709739120289245,6.102293470869807
2460355.5554152275,2.510038691448416,6.090833525150664
2460355.5623597438,0.6721752003515145,6.080023632667271
2460355.56930426,-0.840538822352592,6.068660118306624
2460355.576248776,0.11271144192992777,6.05886639583581
2460355.5831932924,-1.7733912749084904,6.0483661237894575
2460355.6040268415,-3.8141088328920323,6.018559103922782
2460355.610971358,-0.6131444411156841,6.010627339998041
2460355.617915874,1.6795079183605366,5.999614594910695
2460355.631804907,2.71866526424147,5.98045746004819
2460355.638749424,-1.5488541832581504,5.969828591204173
2460355.6526384563,0.21092686903024904,5.955649621385867
2460355.659582973,6.948307167932956,5.948547677279019
2460355.666527489,-0.9838282201279369,5.939288242777813
2460355.673472006,-1.458024061395306,5.9335950213899435
2460355.680416522,-4.852486929465423,5.927905042678931
2460355.6873610388,-3.9800090918721494,5.923946050360246
2460355.701250072,5.724462188903689,5.917654111668671
2460355.7151391055,9.525301174169819,5.914294324642569
2460355.722083622,-1.4268931218232976,5.910966082034517
2460355.729028139,0.018265271644465564,5.910567725695052
2460355.7359726555,-5.211730690311699,5.909075753767777
2460355.742917172,-5.029199736888858,5.907165601894927
2460355.7498616893,1.034306689873655,5.905273242504193
2460355.756806206,2.7949353013322957,5.905572701431956
2460355.7637507226,5.428139365469242,5.907329466110795
2460355.77069524,4.601205227650771,5.906980099647899
2460355.7776397564,-4.663717532209684,5.9068085688034415
2460355.784584273,2.36070466133052,5.909905448715398
2460355.79152879,4.561764071310314,5.911204970617507
2460355.7984733074,0.038158386545080525,5.912419124587221
2460355.805417824,2.609718273309835,5.916492967066193
2460355.812362341,4.946226429244261,5.916528223750077
2460355.826251375,-5.270319957541941,5.91693306648214
2460355.8331958917,-0.1068004112625709,5.91677708617267
2460355.8401404093,-4.1668506777113326,5.9146621997438515
2460355.847084926,-3.701252371383411,5.911190468485575
2460355.854029443,-2.310212019937399,5.9077112428452905
2460355.8609739603,4.632561180301745,5.904245947472354
2460355.867918477,2.5521818878304354,5.896118860119718
2460355.874862995,-2.4471034357170307,5.890357469865247
2460355.881807512,-6.774166797631583,5.8795727776272555
2460355.888752029,0.6397511263438043,5.873436799632841
2460355.8956965464,-2.7442718031876354,5.859840176328725
2460355.9026410636,0.4496109036844542,5.8493881417666325
2460355.9165300983,-4.051158524710943,5.819220481379644
2460355.923474616,2.0409395772448993,5.807540683327919
2460355.9304191335,-3.2090027782752646,5.7923790292855
2460355.9373636506,1.0741070931387922,5.777492465385827
2460355.944308168,7.0751025738022815,5.7616260170905305
2460355.951252686,7.599781972255104,5.744926860641442
2460355.958197203,-0.9514882735629207,5.724791908219113
2460355.9651417206,-1.102794173940079,5.707338878618283
2460355.972086238,-1.2649293016487155,5.689671082356334
2460355.9790307563,-3.246332688637702,5.669031437979995
2460355.9929197915,3.4840836758247176,5.636085543980131
2460355.9998643086,2.355668581229106,5.617315405767619
2460356.0068088267,1.7206800336499701,5.598269299527414
2460356.0137533443,-1.3413151132917207,5.5821659133046415
2460356.0206978624,0.02912611955617228,5.565325528115706
2460356.02764238,-6.532307627543524,5.546529076775865
2460356.0415314157,6.349959300563296,5.5185803487339955
2460356.0484759337,-2.4416571744069864,5.502831064471202
2460356.0554204513,1.0116201353374827,5.486033672144436
2460356.0623649694,-2.6712887410840755,5.468275437345366
2460356.069309488,0.791685949570565,5.450435405577164
2460356.0762540055,3.181558412343293,5.435598329008538
2460356.0901430417,1.3602474024310451,5.407051187501
2460356.09708756,-4.229572369496276,5.392922635762485
2460356.1040320783,3.784202668184322,5.381758024829758
2460356.1179211144,5.076045924226873,5.3570720423452345
2460356.131810151,5.087186087477676,5.331977258883245
2460356.1387546696,-1.9710731457116126,5.315709965705278
2460356.145699188,-0.37390019918215733,5.300586439898287
2460356.152643706,1.7628556337061005,5.28819400757792
2460356.1595882247,0.971472198557037,5.271905367662247
2460356.1665327433,1.3781418232140712,5.255734980722747
2460356.173477262,-1.3902779895599457,5.238455576361694
2460356.1873662984,1.9454481768226022,5.208487771118876
2460356.1943108174,-1.2929487512485083,5.192543473355955
2460356.201255336,-0.06094267243513629,5.177088928086861
2460356.2151443735,-7.1018245469655135,5.147967530886845
2460356.222088892,-0.9820052418706715,5.1373363143406765
2460356.2290334105,1.7078894652919319,5.120200568361658
2460356.2359779296,-4.673861262760383,5.100250161438672
2460356.2429224486,3.159341188663976,5.082935710222643
2460356.2498669676,-4.613587096694557,5.063225897970535
2460356.256811486,-3.276858985283137,5.044731877903039
2460356.263756005,4.977790491510226,5.027941528766931
2460356.270700524,1.1750945444828742,5.010202311922618
2460356.284589562,-9.131746269714007,4.972216880788152
2460356.291534081,0.13004060312087384,4.954125389448487
2460356.2984786006,-1.9627785300292833,4.936113970331235
2460356.3054231196,6.086316562308522,4.919527516900863
2460356.3123676386,1.3310260576619901,4.903186576794201
2460356.3193121585,7.4932965548496675,4.88349061679612
2460356.3262566775,-0.7417520658274654,4.865407177243307
2460356.333201197,-8.915855787290404,4.849345218806228
2460356.340145716,-3.627986374390516,4.834026554674186
2460356.3470902354,6.1199182615820655,4.816666610178853
2460356.354034755,3.166834723679046,4.802756205200347
2460356.3609792744,-5.219952912212106,4.786047713482675
2460356.367923794,3.2941759194565443,4.772992240711534
2460356.3748683133,-0.11708739227169707,4.7594691110991585
2460356.3818128332,3.9399503388209247,4.748583887292039
2460356.388757353,9.473915043930395,4.738418215705365
2460356.3957018727,1.3717480869171745,4.725526566210667
2460356.4095909116,0.1900018791371929,4.704205879873228
2460356.4165354315,-4.306961415499968,4.693909617447948
2460356.4234799515,-2.684038205867099,4.687729915316713
2460356.430424472,-2.5839839320417273,4.679322328855239
2460356.4373689913,-3.6580573669101923,4.672165313690052
2460356.4443135113,2.1704492531970483,4.6667150986485995
2460356.451258031,3.3402225517320803,4.6610147230848975
2460356.4582025516,3.919773785352045,4.656989573806803
2460356.465147072,0.5765196296846955,4.651157376067861
2460356.4720915915,-2.4621623697425403,4.644708244711918
2460356.479036112,1.669408109257363,4.640484088969026
2460356.485980632,-3.2333247373398173,4.6362996307916795
2460356.492925152,2.072533937648464,4.631745871333348
2460356.499869672,-2.8816714244333603,4.627795625358735
2460356.5068141925,1.9588283707087237,4.622988378611527
2460356.5207032333,1.2602918114578876,4.614874204394767
2460356.5276477537,-3.4601466756852295,4.610066932224236
2460356.534592274,3.8432147167960293,4.606811348573155
2460356.541536795,-3.5796641600903714,4.5989717815738755
2460356.5484813154,4.442309799407661,4.596576196165705
2460356.5554258362,7.379629208776066,4.592580060171554
2460356.5623703566,4.348065041741769,4.586199068240848
2460356.569314877,-2.137587808924991,4.579409890607593
2460356.5762593984,-2.7889760926691247,4.573701356564441
2460356.5832039188,0.3319126098783083,4.5687630055530075
2460356.5901484396,-2.076252049780574,4.563514102560718
2460356.5970929605,6.14835563783887,4.560343445465402
2460356.6040374814,-3.8030490146764606,4.553378508563844
2460356.610982002,1.3101035030009354,4.551262222602736
2460356.6179265236,-3.2707403445572467,4.5455445181333936
2460356.624871044,0.9673183191321177,4.544161607436284
2460356.6318155653,-2.0165569400688437,4.538360080404112
2460356.6387600866,1.7515847297120024,4.536030736410024
2460356.6457046075,0.7622702903297188,4.530493834583136
2460356.652649129,4.33436247204454,4.528401926502176
2460356.65959365,-6.138249882597645,4.523761382451128
2460356.6665381715,5.121252676670959,4.519108193465202
2460356.673482693,-6.620136690601539,4.513404003855149
2460356.680427214,2.1724865820230086,4.509919237153229
2460356.6873717355,3.3197784530375776,4.506514903144162
2460356.694316257,-8.25127665665401,4.501491528148594
2460356.7012607786,5.717913721825415,4.500812875787629
2460356.7082053,-1.3317159338476139,4.494634247284464
2460356.7151498217,-1.364179299699189,4.491725375659675
2460356.7220943435,0.30155245799108865,4.489175796756557
2460356.729038865,-1.0300456927994077,4.484953317781483
2460356.7359833866,-0.6981744350234957,4.48308827221443
2460356.7429279084,-3.665146027406319,4.481203409118693
2460356.74987243,-6.243728202316229,4.476040835324019
2460356.756816952,-1.6636032195065573,4.473484861973511
2460356.7637614743,5.732055849414742,4.47217779511117
2460356.7707059956,2.884774821384195,4.467454503765415
2460356.777650518,0.00907989948170762,4.464747960610544
2460356.78459504,2.5191679308056525,4.463090545900015
2460356.7915395624,2.601593364937057,4.459526663358085
2460356.7984840847,-5.172291859049556,4.456718665875047
2460356.805428606,1.9404800614282052,4.456603370912567
2460356.8123731283,-2.116620286467112,4.455651960113993
2460356.8193176505,3.279861608406848,4.453404984694949
2460356.8262621737,5.547856891039716,4.452648923883363
2460356.833206696,-2.478883175666119,4.447511405528915
2460356.8470957405,1.6555581185811525,4.4434349988659365
2460356.854040263,-3.630524359156631,4.438569037593952
2460356.8609847855,-0.4646814038976774,4.432969575916234
2460356.867929308,4.384757444462714,4.429507199639857
2460356.8748738305,4.8812608250503375,4.425023370173107
2460356.8818183537,-0.4883288122130862,4.418694168457503
2460356.8887628764,-0.7146890131153767,4.414497045474754
2460356.895707399,0.3148321890177068,4.40774469310098
2460356.9026519214,0.949577501975504,4.399889672562554
2460356.909596445,2.936819610076603,4.394051497582558
2460356.9165409678,7.369405772316741,4.388689522178292
2460356.923485491,-4.613607921899499,4.376736983404556
2460356.9304300137,3.7780519407723014,4.369425442717695
2460356.944319055,-3.8576977370406498,4.351603620104538
2460356.9512635786,1.7885079792695184,4.345046257890014
2460356.958208102,-7.009251471480208,4.335731519183874
2460356.965152625,4.238274820232232,4.330784887008133
2460356.9720971487,-0.6690237680409554,4.321133810081071
2460356.979041672,2.967503742665684,4.315825407940911
2460356.9859861955,0.10972482124292338,4.306523050926508
2460356.992930718,1.0823497801654498,4.2998715955067395
2460356.9998752424,-4.8395263623581295,4.290167886859714
2460357.006819766,-0.012129017350841487,4.283999116046436
2460357.0137642897,-1.0447141182159845,4.274715438547523
2460357.020708813,-2.8509774466497557,4.266446919501144
2460357.0276533365,1.150509185971174,4.262072140476435
2460357.0345978606,-2.918651762922174,4.251933590703376
2460357.0415423843,0.2548281361509229,4.244443158111786
2460357.048486908,-4.573092522469689,4.239565228961818
2460357.055431432,-4.670408262443029,4.2346251684721095
2460357.0623759557,9.086041543749907,4.2331207560033945
2460357.06932048,-1.4812867077049985,4.224681619703309
2460357.076265004,-0.7586635673848101,4.221776631371934
2460357.083209528,6.533020132080363,4.217919799422084
2460357.0901540522,3.6833987387595455,4.214143483900724
2460357.0970985764,-2.105549894604181,4.206180202389066
2460357.1040431005,6.27749277995293,4.201491261947118
2460357.110987625,0.4420511734785353,4.1973561167961
2460357.117932149,-3.8909977479495352,4.190557527271366
2460357.124876674,2.7534110836417978,4.187083529251789
2460357.131821198,-0.8718804029658966,4.183147670151814
2460357.1387657225,0.24880280982258307,4.177665393620507
2460357.145710247,-2.0886444825009858,4.173589511394535
2460357.1526547717,-7.7537799754110655,4.166804719354381
2460357.1595992963,3.368360466061481,4.166384281932073
2460357.166543821,-6.540494783836844,4.158930281109637
2460357.173488346,-1.668055696066499,4.152203785719365
2460357.1804328705,-3.6912999808589295,4.14984913595298
2460357.187377395,-3.5348508151240194,4.1445289975362725
2460357.1943219206,8.276409651352253,4.144143122742752
2460357.201266445,0.6874091562063986,4.138364362996351
2460357.2082109707,-0.4870496674870517,4.134748280075212
2460357.2151554953,2.176151116569645,4.132509083202422
2460357.222100021,1.2460364128721118,4.129171381417472
2460357.235989071,0.1345901811494336,4.121642206677489
2460357.242933596,-3.5735458072115938,4.117520347858709
2460357.249878121,4.036960670800061,4.114584417255076
2460357.256822647,-9.57424494925316,4.105464855039787
2460357.2637671717,-4.377656175114985,4.100999617198126
2460357.2707116976,3.295863140572727,4.095503051411337
2460357.277656223,2.004108263728217,4.087662808131219
2460357.284600748,0.2673204372401381,4.078974659706532
2460357.291545274,-0.8875571759887086,4.067813676733473
2460357.2984897997,6.162205577463702,4.061232329439578
2460357.3054343252,1.0339740282555145,4.049014647800584
2460357.312378851,-2.239489958878441,4.0373479363836635
2460357.319323377,-6.3247846933142995,4.024496974138613
2460357.326267903,-4.722179304615024,4.014381184843707
2460357.333212429,-4.5294723367049246,4.00337042708332
2460357.340156955,2.417251602011209,3.993068326968972
2460357.347101481,-0.9416802467360567,3.981279731214734
2460357.354046007,4.637385080302634,3.972399855933092
2460357.360990533,-0.4229205899713522,3.961084721834298
2460357.367935059,4.284135775901723,3.9510892373286843
2460357.374879585,-2.2004203716472746,3.939366868177665
2460357.381824112,4.774685405129906,3.931271865655378
2460357.388768638,0.08671787426960975,3.9215630089910527
2460357.3957131645,2.3009062030525134,3.912673186074953
2460357.402657691,2.6757884228186137,3.9035047219048984
2460357.4096022174,-0.4352495990276939,3.8964136195840844
2460357.416546744,-1.8014678908923372,3.886086567921384
2460357.4234912703,0.08037161435695772,3.8794515062667436
2460357.430435797,-0.9335710781615492,3.873212333630263
2460357.4373803237,-5.058634388654027,3.864603300420409
2460357.4443248506,-2.9230760918043646,3.8592891279045216
2460357.4512693775,2.283625742074446,3.853078843321858
2460357.4582139044,2.1521062449490094,3.8473179836335945
2460357.4651584313,3.617241557414053,3.8431015965367603
2460357.4721029582,-0.7798650062332717,3.8358278775972043
2460357.479047485,-0.09474452861527372,3.831269407285122
2460357.485992012,-0.249832525870322,3.8290037981320104
2460357.4929365395,0.6099235091616664,3.825338279558908
2460357.4998810664,2.3547800203022233,3.8205657631441556
2460357.5068255938,-0.21613379980361658,3.8176919089542065
2460357.5137701207,-1.941002078604811,3.8132607905972478
2460357.5207146485,-4.338577250380383,3.8094742207369134
2460357.5276591755,-3.953983117402376,3.805825888244161
2460357.5346037033,-2.1624257336198807,3.807618180925948
2460357.5415482307,1.471797875976694,3.8031412344505493
2460357.548492758,1.4634899764094866,3.797719974712704
2460357.555437286,8.67009184234917,3.797423398277774
2460357.5623818133,3.060556517257506,3.791780846691864
2460357.569326341,-3.657984352943234,3.78685481448365
2460357.5762708685,-3.699506512477106,3.7831699424888234
2460357.583215397,0.9863591955563806,3.780034227330457
2460357.5901599247,1.5961870231821331,3.7791751248075514
2460357.5971044526,2.328952174119158,3.776491948660434
2460357.604048981,-2.697774759022273,3.7700325173131133
2460357.6109935087,-2.7662771023856054,3.766492410426254
2460357.6179380366,-3.6622964865144256,3.76303030244627
2460357.6248825644,1.4697826109316394,3.760955825322624
2460357.631827093,0.3922628904806874,3.756655174144233
2460357.6387716215,-3.849971537660886,3.7515684317261067
2460357.6457161494,0.3088965185598327,3.748303752806947
2460357.6526606777,3.3295564349299545,3.7458487239839573
2460357.6596052065,0.09738571217603575,3.7417936928713664
2460357.666549735,-0.44424400824176,3.7380534051483125
2460357.673494263,2.4923500708940574,3.7343677318136823
2460357.6804387923,-7.702057950963097,3.729003015951475
2460357.6873833206,2.289494665289838,3.7276022550303964
2460357.6943278494,-3.278788170301803,3.722176656710978
2460357.701272378,0.9490431837234086,3.7180780589440405
2460357.708216907,5.751817582572136,3.713701508294299
2460357.715161436,0.5737022623097416,3.708834231131212
2460357.722105965,-2.660675495812278,3.7032318630215566
2460357.7290504933,7.404584195377134,3.7016272864909734
2460357.7359950226,1.7636662493426412,3.6966251510834294
2460357.742939552,-1.7752234466044488,3.690266205406351
2460357.7498840806,-5.988162057260676,3.6850113129009436
2460357.75682861,0.5505733178180341,3.6819156180891848
2460357.7637731396,0.4238548535975881,3.676099567410086
2460357.770717669,2.2913748203065905,3.676426021541106
2460357.777662198,5.791668388814568,3.670705665067842
2460357.7846067273,-0.730097933523238,3.6628549094300467
2460357.791551257,-0.7334506733541688,3.659013419640015
2460357.7984957863,-2.1841188092475425,3.655602217629355
2460357.805440316,-3.168618346165992,3.6531924855236917
2460357.8123848457,6.122606293503537,3.654765814159217
2460357.8193293754,-0.9810898869638053,3.6512335735213415
2460357.826273905,-2.8121452994560228,3.6486932684090285
2460357.833218435,1.700158446033731,3.649531027349839
2460357.840162965,-9.441342631741062,3.646035093111991
2460357.8471074947,1.061490934405903,3.6454023528638264
2460357.854052025,-0.9714134562383809,3.6450513822868764
2460357.8609965546,2.901899923779883,3.6446411029243646
2460357.867941085,1.0847551450253605,3.6421182222906583
2460357.874885615,8.464889240271493,3.641627667203395
2460357.8818301447,2.390214220432244,3.6402051759434624
2460357.888774676,5.8141905526399995,3.638200006866091
2460357.8957192055,-4.111636744963155,3.6356059966446193
2460357.902663736,-8.668382757663647,3.6303971348962367
2460357.909608267,-2.799580648250301,3.630974987401826
2460357.916552797,-2.0225057305879237,3.6288716118193727
2460357.9234973276,0.3673973127134731,3.624594058859513
2460357.930441858,4.13732621205705,3.623759582770101
2460357.937386389,4.037675218789803,3.621227576505852
2460357.9443309195,-1.293608641516513,3.6156355380529432
2460357.9512754506,-1.5531299492866488,3.6129798810770306
2460357.958219981,-2.1369992799419926,3.6071986690626257
2460357.965164512,0.04673559319943932,3.6031693695852307
2460357.9721090426,-2.9597035483225818,3.5972522408335053
2460357.9790535737,1.392808026839143,3.5958734616945596
2460357.985998105,-2.45991097281561,3.591335152859644
2460357.9929426364,-7.236572616915463,3.586486948987868
2460357.999887167,-0.453910374030853,3.5835396385358274
2460358.006831698,3.8339595743325474,3.583402969172784
2460358.0137762297,3.101268403537355,3.5795255020133143
2460358.020720761,4.825939617803151,3.5762267547277093
2460358.0276652924,1.1936224632082337,3.5739708174995237
2460358.034609824,-2.782070579591682,3.5682844243159892
2460358.0415543555,1.7948907807022474,3.565053604402243
2460358.048498887,-7.5859148832845404,3.5594008118153826
2460358.0554434187,-2.870143937902445,3.556347523132168
2460358.0623879503,5.16725960404565,3.5540175170081523
2460358.069332482,0.8809853481999408,3.548479716916922
2460358.076277014,1.5091704903199785,3.544470817471883
2460358.083221546,-3.6590149204547897,3.5399123642783685
2460358.0901660775,1.9593990286217675,3.5390515593461855
2460358.097110609,0.4646420866772578,3.535519046858848
2460358.1040551416,4.516445773432966,3.533627878118995
2460358.1109996736,1.9412767734671252,3.529358067469889
2460358.1179442056,1.7077650958977004,3.524080409766101
2460358.124888738,2.5034502654600472,3.5196314153533272
2460358.13183327,-0.8292684970451675,3.5170715806436976
2460358.138777802,-1.660372258046094,3.5136909275534323
2460358.1457223347,-0.5657847230128333,3.507663621168146
2460358.1526668672,-1.7868540679524296,3.5051487304085165
2460358.1596113998,2.7003173043853543,3.5032171551874374
2460358.1665559323,1.1400163534008936,3.5010173990529236
2460358.1735004648,-3.0842259139352217,3.4984564564602287
2460358.1804449973,-0.8065768680997345,3.4946728101544866
2460358.18738953,-1.3805605392940112,3.4932338887464933
2460358.1943340627,-3.4815732430511748,3.4927152566932524
2460358.2082231287,-4.986044798825922,3.4900493537677346
2460358.2151676617,1.8681127769624608,3.4944198395914228
2460358.2221121946,2.6668009228591054,3.493848379977758
2460358.2290567276,3.1824003703750314,3.4942686018975047
2460358.2360012606,-3.7097401464086963,3.49275015194512
2460358.2429457936,3.77286329214137,3.494789657624633
2460358.249890327,3.7604664403390755,3.4937340066028395
2460358.2568348604,5.225584275052635,3.494687438375856
2460358.263779394,-0.2010688346215792,3.4904980485537767
2460358.2707239273,4.714657509882489,3.4935851187249587
2460358.2776684607,6.546403582773127,3.4889961109683316
2460358.284612994,1.327415184388823,3.4829201706042068
2460358.2915575276,3.450977268142766,3.4803253439614408
2460358.2985020615,0.41590161321994623,3.473816344506341
2460358.305446595,-5.754314088358195,3.4682508539379864
2460358.312391129,-3.073316287769843,3.461395231822013
2460358.3193356623,1.1206137407181063,3.4545189806701733
2460358.3262801967,-5.161978273474713,3.444687349743205
2460358.3332247306,1.608490196640789,3.4379488568891037
2460358.3401692645,0.48989090773597505,3.4295503782971912
2460358.347113799,-4.08341932311668,3.421566064915065
2460358.3540583327,-0.3181737216938261,3.4099421948750717
2460358.3610028666,0.6043826251021822,3.404187404505581
2460358.367947401,-0.8563719261408549,3.3937976368138596
2460358.3748919354,-3.8481370668662764,3.385024451505842
2460358.3818364698,1.6815368949650087,3.377722946325337
2460358.388781004,-5.483287818148407,3.3687777423474006
2460358.395725539,-4.732378986565494,3.3637416136379987
2460358.402670073,2.2534451851236432,3.357385353221746
2460358.4096146077,3.475028248587864,3.3497510701290785
2460358.4165591425,-1.5762023855601333,3.344114313886031
2460358.423503677,-0.646245569842028,3.338509388081252
2460358.4304482117,2.4997552019639047,3.334745188282254
2460358.437392747,-0.5347859415004708,3.329902172858782
2460358.444337282,-1.5923024441885205,3.3238136777800276
2460358.4512818162,0.9786142852457644,3.3220715591282413
2460358.4582263515,1.380109365225198,3.3185271021281637
2460358.4651708864,2.0142344663100173,3.3149361880456216
2460358.4721154217,-2.445953934089327,3.3115540371313883
2460358.479059957,2.1068844084159712,3.311324384769646
2460358.4860044923,7.346269497890798,3.31052980690129
2460358.4929490276,6.09563458365613,3.308405499549087
2460358.499893563,-1.6345105472266954,3.304857600879289
2460358.506838098,-2.4984153698635625,3.3038540522066775
2460358.5137826335,-1.0262156254894244,3.303799389745285
2460358.5207271692,0.3200624158762604,3.305565321276317
2460358.5276717036,-1.32755414140729,3.3069687935959315
2460358.534616236,-2.9025503023290997,3.305070615698783
2460358.541560772,-5.953694364977115,3.30463873040307
2460358.5485053076,0.5692421830387039,3.307720851424793
2460358.5554498434,3.3390445720965483,3.309785689728121
2460358.562394379,7.281929852008924,3.311194758930362
2460358.5693389154,1.6902979711926092,3.309540781950648
2460358.576283451,-5.060443098932345,3.3090616537429405
2460358.583227988,-1.2542954829537112,3.3116331209602023
2460358.5901725236,-1.4402358768043682,3.310993292216352
2460358.5971170603,-6.797494470624533,3.3100787312747397
2460358.604061596,2.7270233128498083,3.314035523034226
2460358.611006133,2.8537246983071713,3.3139740193774276
2460358.6179506686,-2.094517315944735,3.3118342924686353
2460358.6248952053,-3.659639008474284,3.3121909775513463
2460358.6318397424,-1.933552664587633,3.31236840930395
2460358.638784278,0.8670377489443041,3.3123129894992718
2460358.645728815,1.657652734100624,3.311303197534708
2460358.652673352,0.5755118164055719,3.3101305591674994
2460358.6596178883,2.7631314484191583,3.308985219795162
2460358.666562425,3.2459162121501297,3.3094252886501656
2460358.673506962,-2.308830038109794,3.307388837293553
2460358.687396036,0.3056738525613394,3.308525375510763
2460358.694340573,-2.8375549051179694,3.3055620755515123
2460358.7012851103,-1.6515836749613317,3.3048770568777353
2460358.7082296475,-3.3987353396730136,3.3036382257422248
2460358.7151741846,-0.13456553087743206,3.3051881096720535
2460358.722118722,-0.3327672146029603,3.3033148918922013
2460358.729063259,4.195536726173113,3.3034761002761415
2460358.7360077966,1.0652202460495492,3.3034454486403764
2460358.742952334,-2.034275707969119,3.3024834434792507
2460358.7498968714,-1.4298865575758972,3.303733944880484
2460358.756841409,-1.2283009361949424,3.3021033454037343
2460358.7637859466,-0.4471152638743576,3.303165443921938
2460358.7707304847,-4.994911327545455,3.300918911272863
2460358.7776750224,4.6846059105413485,3.3038071400457327
2460358.78461956,-7.744902056850693,3.300410211509457
2460358.791564098,-2.2458410288007773,3.3005035244417957
2460358.798508636,1.642837118921006,3.3021184656234346
2460358.8054531743,8.073861190032204,3.3020493879024646
2460358.812397712,1.339702119531518,3.2993194146261824
2460358.8193422505,2.9724302106042892,3.2970725657651063
2460358.8262867886,5.46636837447314,3.2963314153320016
2460358.8332313267,0.02981223099614494,3.2947000206423707
2460358.8401758648,-7.0973562611467,3.291531859997141
2460358.8471204033,-5.435476838064334,3.292127700421432
2460358.854064942,-3.7034076143922654,3.2892970326117776
2460358.86100948,1.7282248042017003,3.2895388606371045
2460358.867954019,2.83823270276448,3.2902301746426907
2460358.8748985576,-0.30221532447643096,3.287638862305503
2460358.881843096,-0.4768583962923425,3.2886039636478306
2460358.888787635,0.5223955763982269,3.2868519187454273
2460358.8957321737,3.9313179972592476,3.2878727763326636
2460358.9026767123,2.222990451068599,3.287714263447228
2460358.9096212513,-5.120356206026777,3.2832905991807118
2460358.9165657903,-2.9015268829086702,3.282937634171257
2460358.9235103293,-3.0541475474282924,3.2824899361119986
2460358.930454869,0.9611500050308908,3.2823490164232356
2460358.937399408,0.801041564744606,3.2827112345504914
2460358.9443439473,-3.62594149122641,3.278383001024203
2460358.9512884864,0.1704693634149821,3.279471239990134
2460358.9582330254,2.513715451262628,3.279082816447063
2460358.9651775653,4.0066011232063685,3.2760269571341794
2460358.972122105,0.13935473639282403,3.2721407721889406
2460358.9790666443,-4.412714363879768,3.270405068191596
2460358.9860111834,1.6741576539917014,3.2694198991109285
2460358.992955724,-2.8201026339400426,3.2667490968534483
2460358.9999002633,4.265049482542813,3.2701766767447453
2460359.006844803,3.9664456456279757,3.2665475206982584
2460359.013789343,3.787789193590693,3.264958025338668
2460359.0207338827,-0.48489171573295897,3.260565352350747
2460359.027678423,5.2004400606885435,3.261176478949294
2460359.034622963,1.368085487189433,3.259244141438393
2460359.041567503,0.7899232749053376,3.2572940674014674
2460359.0485120434,0.3533150224287178,3.256895200848897
2460359.0554565834,4.141854643047298,3.2565168964356004
2460359.062401124,0.34304404555180357,3.2539793566970605
2460359.0693456642,-2.2579420140735373,3.25269961153397
2460359.0762902047,0.2898510685466822,3.2508928149297596
2460359.0832347446,-5.840060568763141,3.2478105326367532
2460359.097123826,1.0863618812227398,3.2471478050589764
2460359.104068367,2.3174558113333,3.247576496491178
2460359.1110129077,-1.7465949426439276,3.2421761740502597
2460359.117957448,-0.6458897927706528,3.241862616169202
2460359.1249019895,-1.554095943075695,3.241098618559798
2460359.13184653,-4.082865764260992,3.2379179762449195
2460359.1387910713,-3.5381708505977847,3.2360580311247378
2460359.145735612,-1.618170965644867,3.2348837756427327
2460359.152680153,-2.692724965109356,3.2329436045072324
2460359.1596246944,3.0830613131200595,3.231737494156952
2460359.1665692357,1.5699501403723382,3.2296994109770716
2460359.173513777,0.6197978988324762,3.2286831370829545
2460359.180458318,4.098328778164774,3.2333810023402676
2460359.18740286,-0.578195583657795,3.228650275921357
2460359.194347401,-1.0600224493854227,3.229967282805933
2460359.201291943,2.549774657164086,3.232919400704748
2460359.208236484,-5.977350329628682,3.2313164051624574
2460359.215181026,-6.137283251572884,3.231523311941548
2460359.2221255675,0.27435120396375,3.2361914507938905
2460359.22907011,7.528050499157398,3.237870797947235
2460359.236014651,3.756655540002041,3.2388849769704677
2460359.2429591934,4.416929145929401,3.2416904070191266
2460359.2499037352,0.03039347639470691,3.237655354179461
2460359.256848277,-1.8129097431186367,3.2382067668743635
2460359.26379282,-2.373234295832732,3.2362691219595967
2460359.2707373616,-5.570175787118951,3.2344506974900713
2460359.277681904,-1.7483250540365645,3.235899211620346
2460359.284626446,4.848904412770261,3.234385389112394
2460359.291570989,2.306232015440228,3.2300101156016243
2460359.298515531,5.065475731458519,3.2286513888772816
2460359.3054600735,3.87500425845774,3.2244731570261034
2460359.312404616,5.984594068923025,3.2201180956897058
2460359.3193491586,-0.9349079173952032,3.2125583306093133
2460359.3262937013,-0.0777950672360721,3.2087212245043255
2460359.333238244,-0.5200179567190876,3.204860831022128
2460359.3401827863,1.7894030195394701,3.1979328305026353
2460359.3471273296,1.7879448250678593,3.1914446301900607
2460359.354071873,1.178433133789054,3.1843489072390416
2460359.3610164155,1.3186697923741546,3.1771997685146403
2460359.3679609583,1.1324676128535747,3.1720507906523276
2460359.3749055015,-1.2534461824660137,3.162602385460953
2460359.3818500447,-6.193859520330641,3.1556908190328685
2460359.388794588,-4.483116697290322,3.149586199963814
2460359.395739131,-3.9985382997443533,3.144300049664809
2460359.402683675,-2.8225318601956877,3.1391304953410195
2460359.409628218,-1.9221091808608242,3.1350409183832593
2460359.4165727613,3.225783886957895,3.1321347028660598
2460359.4235173054,-2.167718264051216,3.126666177566069
2460359.4304618486,1.804597447682627,3.12443828177401
2460359.4374063923,-0.8137354636839516,3.121079470551269
2460359.444350936,-2.8904326971709637,3.1163856134278074
2460359.4512954797,-2.249453912147877,3.112356385816716
2460359.458240024,0.35532564148507895,3.1107281367383
2460359.4651845675,1.149602578310073,3.110204302701955
2460359.4721291116,-1.858554594938877,3.108539856954081
2460359.479073656,6.4811356152860125,3.1101563263094367
2460359.4860182,-5.782375184268834,3.1050721862911828
2460359.492962744,-3.4153967862280084,3.1051440143026947
2460359.4999072882,1.5072588911055669,3.1080859903414613
2460359.506851833,-2.019472403584847,3.1093098091950875
2460359.5137963775,-1.0725698787812303,3.107140026618268
2460359.520740921,8.952115490012067,3.1135505610771315
2460359.5276854658,5.176185860118756,3.1105827850674985
2460359.5346300104,3.5496098662700986,3.1134326817240088
2460359.541574555,-0.1786474928643309,3.1139018216231036
2460359.5485190996,-3.9903613735195904,3.1128321704583737
2460359.555463644,-7.2767507544302426,3.1146345785618252
2460359.5624081898,-1.961312138960329,3.1164413059540084
2460359.5693527344,-2.275767768141585,3.1194745655546003
2460359.5762972794,-0.0801882965640548,3.121576665046819
2460359.5832418245,2.4562098244563266,3.1266934781923617
2460359.590186369,3.1891924796336726,3.1285822667187997
2460359.5971309147,3.011294496545139,3.129985672052303
2460359.6040754598,-1.6560466409216494,3.130066303096894
2460359.611020005,5.895098598292087,3.135969575602912
2460359.6179645504,0.7436973862647198,3.1350250313490293
2460359.624909096,3.73751088405248,3.1378710726620986
2460359.6318536415,0.9371284524016383,3.1377958709919027
2460359.6387981866,0.40677978130307024,3.1408308182181135
2460359.6457427326,-4.946071011947963,3.138850185115892
2460359.652687278,-0.9406121437127899,3.13973960210264
2460359.659631824,1.3221953987305222,3.1401152522894265
2460359.666576369,-7.592705996814193,3.138474023158483
2460359.673520915,-3.007964810407871,3.140243686194767
2460359.6804654617,-3.009757477848865,3.1404838448263406
2460359.687410007,1.9388948523277794,3.14244897445294
2460359.6943545532,1.0026517672036914,3.1408235149639427
2460359.7012990993,-0.16092437952359906,3.142515315442275
2460359.7082436457,-0.6896600184194437,3.1409885587116424
2460359.7151881917,2.5130639593015522,3.143291679474233
2460359.722132738,3.4001322846974444,3.144165560336552
2460359.7290772847,3.584300210002924,3.143661574915867
2460359.736021831,5.266503818474353,3.1461455904321807
2460359.7429663776,3.191360013403334,3.14466080181143
2460359.749910924,2.1485008480962255,3.145782527487651
2460359.7568554706,-3.752317689886198,3.143435080847132
2460359.763800017,-2.0208396651725806,3.1459382450930122
2460359.770744564,-3.479317148118342,3.1456152112465
2460359.777689111,-4.147055769611233,3.1438428446154636
2460359.7846336574,2.2462330983158507,3.148214867573142
2460359.791578205,-0.3803697140636655,3.1470258609366586
2460359.798522752,-3.383710855354157,3.146447922215081
2460359.8054672987,2.3555715798171173,3.148936964733847
2460359.812411846,5.00067833294119,3.149203899494107
2460359.819356393,1.444282300695917,3.144203751741138
2460359.8263009405,4.108151330416238,3.141095904409893
2460359.833245488,-4.833201749855666,3.136444153802021
2460359.840190035,-0.7674519736964529,3.134802823586232
2460359.8471345827,-1.5603614760804403,3.134970129503112
2460359.8540791306,-4.338536178836618,3.132567524474012
2460359.8610236775,5.082851247489217,3.132839816557784
2460359.8679682254,-6.017774256420752,3.1296682919502596
2460359.874912773,3.0474829784939965,3.1310992587503352
2460359.8818573207,-0.452579983278647,3.1300294546375294
2460359.8888018685,-4.547549132180135,3.127944001321812
2460359.895746417,-0.18757379433493226,3.1281063550898165
2460359.9026909643,-2.326304749021687,3.1273107551523545
2460359.9096355126,-3.985195824195057,3.1261293488046538
2460359.916580061,-2.2955819755926026,3.128069643712532
2460359.923524609,2.8439872546314495,3.1279665831739436
2460359.930469157,3.128788596535507,3.129995540616958
2460359.9374137055,7.605375464116227,3.132130929855576
2460359.944358254,2.0267818211231434,3.1302630201406365
2460359.951302802,-0.22340537572830677,3.127881775880331
2460359.958247351,2.242973564505963,3.128104276883795
2460359.9651918993,0.7492603819128232,3.128579084413182
2460359.9721364477,2.085151297500328,3.1266737426202718
2460359.979080997,0.7020938969229404,3.1243514310520037
2460359.9860255453,-4.560071009045197,3.1254754791489656
2460359.992970094,0.6273711543161538,3.124039883149702
2460359.999914643,2.113487776315683,3.122575046105741
2460360.006859192,1.0471128041585234,3.121528352310017
2460360.013803741,-7.893470398383142,3.118253292680221
2460360.02074829,0.889528334122021,3.119084600558318
2460360.027692839,3.206949844890091,3.1201801772993587
2460360.0346373883,2.7917174212786513,3.1198507442257744
2460360.0415819376,1.4552895926755216,3.118257235929534
2460360.048526487,-1.1249390695259782,3.118457828630444
2460360.055471036,-0.692079197198681,3.116173520620819
2460360.062415586,-1.858625765931281,3.116978656704679
2460360.0693601356,-4.039868484003619,3.1142223624147185
2460360.076304685,-0.6683327130342298,3.1161594442808536
2460360.0832492346,-2.135681683815,3.11242107044539
2460360.0901937843,0.6258174540017487,3.115796592696874
2460360.097138334,-2.58193393098158,3.111972606458813
2460360.104082884,-3.8874126671409694,3.112240010239258
2460360.111027434,-0.3611586523077859,3.1097444384812456
2460360.115657134,-2.5629535683679303,5.383133642990965
2460360.3355679126,-0.10171197762539208,5.3352383739700855
2460360.340197614,-0.19883986862808278,3.077475229938484
2460360.347142166,6.083238224998424,3.0761513704648142
2460360.354086718,7.291750219904979,3.072359183475139
2460360.3610312706,4.745516679977555,3.067083493255499
2460360.367975823,7.681378260727338,3.0625680173645
2460360.3749203756,0.06038309804671016,3.0544711523758235
2460360.3818649277,-1.5544930157279624,3.0522143782507816
2460360.3888094807,-2.945244723995599,3.046409859308198
2460360.3957540332,-9.04061834183865,3.041499647594346
2460360.4026985858,-2.5332958487482067,3.03847337569138
2460360.4096431388,1.8660003431102958,3.038999862692959
2460360.4165876913,-2.459793268569064,3.0323768349900018
2460360.4235322443,3.184606546481021,3.0305951560969633
2460360.4304767973,2.166110327138754,3.0295109103410063
2460360.4374213507,-4.927751390480864,3.023295234824648
2460360.4443659037,4.387537240492823,3.0274798336072632
2460360.451310457,1.100987609896444,3.0248036435305288
2460360.4582550097,2.5260737335464922,3.0264051716823306
2460360.465199563,5.176226842149349,3.0256960827817596
2460360.472144117,-2.124503754958509,3.020135940281637
2460360.47908867,-0.2380766723999379,3.0184452615014554
2460360.4860332236,-1.5382742848940132,3.01957365750055
2460360.492977777,0.37456769733212947,3.018853448159509
2460360.499922331,-8.999360451684417,3.019781979767845
2460360.506866885,-2.242400086159382,3.020165120499374
2460360.513811438,-3.6070361721855013,3.023257930259574
2460360.520755992,0.6718503971031303,3.0235131978131666
2460360.5277005457,-1.1440294942575722,3.0238677387829416
2460360.5346451006,-0.8693826699965672,3.0251314963902938
2460360.5415896545,-1.1286668988137158,3.0273288260447795
2460360.5485342084,0.7427741924816056,3.0295705739760064
2460360.5554787624,-2.6413249843478526,3.032079713901764
2460360.5624233168,0.3720587716333088,3.0331483895837263
2460360.569367871,3.8854798895845013,3.0349220061110675
2460360.576312425,9.079109082537645,3.0406480477359863
2460360.58325698,1.3552621871947146,3.0397205678121657
2460360.5902015343,0.17111227448234834,3.0423859387875662
2460360.5971460887,-3.1499895270073184,3.043125273877602
2460360.6040906436,0.7013836504189624,3.0469369207747383
2460360.6110351984,3.3705889966576494,3.050462319608299
2460360.617979753,0.0796592196763225,3.051328356328412
2460360.6249243077,3.2449991045618103,3.056241629682949
2460360.6318688625,-4.83310881711127,3.056307629199049
2460360.6388134174,4.787817643642282,3.0613489739993844
2460360.6457579727,5.259562858166057,3.0635262806868844
2460360.6527025276,1.0870735976582515,3.06491429482474
2460360.659647083,0.7795383981042114,3.064294367518423
2460360.6665916382,-4.124121140159591,3.0632486121406775
2460360.673536194,1.4031667438663806,3.0663650277768686
2460360.680480749,-1.2114695416442594,3.0657096462970923
2460360.687425304,-1.2160818321879157,3.0640679942443447
2460360.69436986,-2.684834065055325,3.064166164942945
2460360.7013144153,3.1977240886943616,3.064952415216201
2460360.708258971,-6.31217390290275,3.0623643165439387
2460360.715203527,1.3353139321349272,3.0644729188833537
2460360.7221480827,-1.244420877409991,3.0621971791133245
2460360.7290926385,0.7462344304336201,3.063404036330821
2460360.7360371943,-7.6755921438536445,3.059655112060478
2460360.7429817505,-1.2161772061367109,3.0613407428778543
2460360.749926307,-2.859752374496338,3.0594382137884133
2460360.7568708626,-3.4306236407906394,3.0623429111258598
2460360.7638154184,-2.175639483003133,3.059803673965861
2460360.770759975,7.73899223317596,3.064753420674339
2460360.7777045313,-4.663228633505971,3.0587859479533663
2460360.7846490876,-0.47435330833300693,3.059861618276846
2460360.7915936443,5.055971704066243,3.063513857079133
2460360.7985382006,-3.283733310366492,3.061407884378759
2460360.8054827573,-2.4990757553778065,3.060167596268774
2460360.812427314,1.8222034073984337,3.0619527956269685
2460360.8193718707,3.9502785747961506,3.0605218283837163
2460360.8263164274,-1.0929698261319825,3.060062826423007
2460360.8332609846,0.33322267762037705,3.0569190899057435
2460360.8402055413,0.41259820241817313,3.0535554926383734
2460360.8471500985,0.27632652707932603,3.0484944116144277
2460360.8540946557,-1.9063891799407293,3.0460258883461457
2460360.861039213,4.4374896792622955,3.0443407537937794
2460360.86798377,-3.9684709474626017,3.0417736942777402
2460360.8749283273,-0.2516253053380626,3.039367885289796
2460360.881872885,7.928614828231428,3.0393265901074797
2460360.888817442,0.8654984709241715,3.0360422011344608
2460360.8957619993,2.941799619541206,3.0370112099158106
2460360.902706557,-0.4738861750811356,3.032871631444717
2460360.9096511146,0.3367667774712251,3.034643773056043
2460360.9165956723,5.526266031753893,3.032253314746199
2460360.92354023,-0.3667741771704881,3.031279715563201
2460360.930484788,-6.95980987617142,3.0269700638985833
2460360.9374293457,-2.5472048744984956,3.0284051110111965
2460360.944373904,-1.0548053751737816,3.0283485513611716
2460360.951318462,-0.7510733240499547,3.0280425224547094
2460360.95826302,3.3620200836935843,3.0302426200458616
2460360.965207578,0.5018646448812696,3.028935309191546
2460360.9721521363,-3.108978678083126,3.0276365348378627
2460360.979096695,2.3681955493389166,3.0300573532126407
2460360.986041253,1.2424173299567651,3.0294545766211134
2460360.992985811,1.4499175072551793,3.0311597865640594
2460360.99993037,-1.9987143715223428,3.0308562235726235
2460361.0068749283,0.90195176320471,3.031259122041981
2460361.0138194873,0.6914427576543863,3.031460584019808
2460361.020764046,1.16891994710039,3.032956026808334
2460361.0277086045,-0.7811756389092239,3.0311302370317166
2460361.034653164,-2.7331521706635504,3.031490049922773
2460361.0415977226,4.190978890524043,3.0321631379483818
2460361.048542281,0.24909457543581492,3.032665836316925
2460361.0554868407,1.053674588857806,3.0338238254739305
2460361.0624314,-2.4555008843929444,3.033478303772774
2460361.0693759588,-2.7194259093475286,3.03410745382863
2460361.0763205183,-2.1677821253541336,3.038254630389995
2460361.083265078,0.9592425127396367,3.0360988250690304
2460361.090209637,0.5248330587454182,3.037397575335797
2460361.0971541964,-3.5782197002308607,3.036278170494983
2460361.104098756,-5.940595993115594,3.0352907932785915
2460361.1110433154,-4.946762542473288,3.0386575043403545
2460361.1179878754,-0.026836785383903328,3.038978722097257
2460361.124932435,0.6943259792273615,3.039762380645751
2460361.1318769944,3.3197825035421555,3.040089222343589
2460361.138821555,5.698278104027241,3.0420231794890102
2460361.1457661144,6.635510516038266,3.0416951232410905
2460361.152710675,4.604806875628862,3.042008587118407
2460361.1596552343,-0.49474712478324756,3.0395608835084595
2460361.1665997948,-5.106072732859863,3.038167926363201
2460361.173544355,-2.067165926199945,3.0395582228440503
2460361.180488915,-2.958117450130161,3.0404864514357466
2460361.1874334756,2.634593722293135,3.0417050166255026
2460361.194378036,2.934911346711491,3.042701539691603
2460361.2013225965,3.04457507657634,3.0440904416304324
2460361.208267157,2.704925941746576,3.0441402245896865
2460361.215211718,3.7784727693404148,3.0429249384427473
2460361.2221562783,-1.8338898367244134,3.0428669692821892
2460361.2291008397,-7.825692220046042,3.044395151054871
2460361.2360454,-0.7765537376858533,3.0440745973480623
2460361.242989961,-2.2219016305019483,3.0436406967599563
2460361.249934522,-0.3758407902253653,3.0451016229920076
2460361.2568790833,0.7718961412173799,3.044331288334565
2460361.2638236447,-3.1925033750307046,3.0417522479312566
2460361.270768205,2.758228070945294,3.043033986306149
2460361.2777127665,-4.846039486569689,3.039964776682065
2460361.284657328,0.5788231495640732,3.0386188172459416
2460361.2916018893,0.1999307850425467,3.038288628173292
2460361.2985464507,5.874210558469303,3.0371125471013642
2460361.305491012,-5.980429248692086,3.0308774319924296
2460361.3124355744,-1.5416673410148407,3.027905976311947
2460361.3193801357,-3.1953725122470944,3.0243671657415203
2460361.3263246976,-1.9287298386925391,3.0205201790446545
2460361.3332692594,0.1645396085467843,3.017577379447276
2460361.340213821,4.261808575978399,3.0149824856934
2460361.347158383,5.976567683872663,3.0115532529414932
2460361.3541029454,-2.5544925231426627,3.002960481527295
2460361.361047507,1.393006379808663,3.000592616748461
2460361.3679920696,2.9279346527583994,2.996258159813237
2460361.3749366314,-6.0988744151434915,2.9904544078254482
2460361.381881194,-2.7118162228726197,2.9874764347244303
2460361.388825756,-1.7107369655690245,2.9854468001719905
2460361.395770319,-2.42302432876709,2.982182741883768
2460361.4027148816,0.9297351181477732,2.979768305505066
2460361.409659444,5.705972387205068,2.977496979867263
2460361.4166040067,-0.3966932370933633,2.972923199626257
2460361.4235485694,3.5099472107502097,2.9732201516146985
2460361.430493132,4.2087857101830854,2.971184785723553
2460361.437437695,2.4951459994966187,2.966166851831694
2460361.444382258,8.446982784854361,2.968583472699858
2460361.451326821,7.551739253749124,2.964755260409893
2460361.4582713842,2.074256764890223,2.961872497734399
2460361.4652159475,3.0510064274776907,2.9618434828089995
2460361.4721605107,0.24799411344574374,2.9607407381117565
2460361.4791050735,-3.807154954643039,2.9579940726978684
2460361.486049637,-7.353199244867028,2.9572687335921546
2460361.4929942004,-8.93327686558509,2.9571516687513557
2460361.499938764,-4.174501225993048,2.960889689265267
2460361.506883328,-3.8759354079480146,2.9603213525267633
2460361.5138278916,1.6994559684266957,2.9630530226050165
2460361.5207724553,-1.7106909103175199,2.9609347628110334
2460361.5277170185,0.389719943833131,2.9623629457704737
2460361.5346615827,-0.456596925295345,2.9645735867985104
2460361.5416061464,-4.470344594182446,2.9632288587062114
2460361.5485507105,1.4033943507069848,2.9657043438118484
2460361.5554952747,2.3870213907605886,2.9661711252827754
2460361.562439839,0.9461039794583659,2.966345909686238
2460361.569384403,2.6689518587298573,2.9696512609000174
2460361.576328967,-0.9595654420696618,2.9691470209160253
2460361.5832735314,-8.280106310271503,2.968186207831993
2460361.5902180965,3.290008969249849,2.972777536530176
2460361.5971626607,3.2106853118799177,2.9752299661132136
2460361.604107225,0.33744212542280394,2.977796082826727
2460361.61105179,1.2849280088887347,2.980241681791954
2460361.617996355,1.0184439038525184,2.9820888656399642
2460361.624940919,6.50235083773704,2.9868079185614875
2460361.631885484,-4.121019145455338,2.983865707962609
2460361.638830049,-1.0000924811999428,2.9882681164478515
2460361.645774614,-5.170594308976568,2.9883896080600483
2460361.6527191787,-8.078205552029939,2.991247323355221
2460361.6596637443,-1.9327270508308483,2.9956036320624864
2460361.6666083094,-2.587653162348772,2.9980950103844983
2460361.673552875,5.846974575929275,2.9988982095531482
2460361.68049744,6.415673808131085,3.0010139829371845
2460361.687442005,0.1384490413778825,2.9968937031375398
2460361.694386571,-2.100059552338884,2.996234432825688
2460361.7013311363,-1.5797598282383165,2.9928334848648404
2460361.7082757023,0.05818251890930759,2.992046400609851
2460361.7152202674,-0.4939135683176526,2.9924776837329907
2460361.7221648335,6.254012665362154,2.9923855724855293
2460361.7291093995,5.59891557877983,2.9912000174523623
2460361.736053965,7.524012755259484,2.9910698544327405
2460361.742998531,-4.94137896724861,2.98741024180598
2460361.749943097,-1.6377269123496778,2.9871957946219516
2460361.756887663,0.7105245073595228,2.9857929454307466
2460361.7638322297,-5.305657814314884,2.9833740387664895
2460361.7707767957,-3.59115032377363,2.985908988905005
2460361.777721362,-2.4446046988060806,2.98382881328719
2460361.7846659287,2.884139781808542,2.9860332930379223
2460361.7916104947,-2.880939647726601,2.9820415549329486
2460361.7985550617,-0.6366462059448136,2.984159561920236
2460361.805499628,4.962059669873368,2.9863255886065097
2460361.8124441947,8.029121197964244,2.987781415559706
2460361.8193887617,4.718569766749176,2.983892176966202
2460361.8263333286,1.4466689427728907,2.98198352887535
2460361.8332778956,-2.404671065763993,2.9786281985305045
2460361.8402224625,-1.308356220184885,2.9774476317819834
2460361.8471670295,-8.027231036254747,2.9747601566558473
2460361.8541115965,-0.11549175853454052,2.9743609354175855
2460361.861056164,3.9619064745446946,2.9730880021700457
2460361.868000731,-1.9992705252043033,2.9695850909758224
2460361.8749452983,-3.911835865653273,2.967161256168118
2460361.8818898653,3.7664546353580706,2.967418844885861
2460361.888834433,-3.0284062456510124,2.962113566542989
2460361.8957790006,-0.8980255555544818,2.9618931250447473
2460361.902723568,4.338830693844024,2.9612886750310383
2460361.9096681364,-0.3339119544073331,2.9584512032039494
2460361.916612704,0.12163931190338606,2.9585533138643387
2460361.9235572717,-1.5674182241491126,2.9546183831485444
2460361.9305018396,1.894623226799582,2.955768076287541
2460361.9374464075,3.562935253832914,2.956276465697064
2460361.9443909754,-4.607789129639597,2.9520277444861396
2460361.9513355438,-5.236075124769625,2.950784501696237
2460361.958280112,-2.18020306404876,2.9508380447563174
2460361.96522468,1.0512333380958485,2.9529638796301234
2460361.9721692484,0.6929061241405043,2.952754493603195
2460361.979113817,1.2923074649939563,2.954372874301629
2460361.9860583856,0.7372624599110897,2.9582530532535505
2460361.993002954,1.8064475215496565,2.9574959964856653
2460361.9999475223,-2.53192355126541,2.9567873712921204
2460362.006892091,-3.815429040273685,2.9585362013321266
2460362.01383666,1.1287960971566426,2.961642596294133
2460362.0207812293,-3.9682808524599666,2.9611117537577702
2460362.027725798,-0.05568114992763484,2.9628639800863237
2460362.034670367,4.949737665757558,2.9663593127269388
2460362.041614936,4.432228280970533,2.9701249546633064
2460362.048559505,-2.4663633896793766,2.967294496812313
2460362.0555040743,-0.670161086066928,2.9699948083164496
2460362.0624486436,-4.304386279398431,2.969274900100192
2460362.0693932134,-0.6386812534297772,2.9725358932452006
2460362.076337782,0.9015279236688292,2.9745057838888744
2460362.0832823515,-6.484122743942754,2.973724784950861
2460362.0902269217,4.4881751541450186,2.9791263929985004
2460362.097171491,2.694134692836988,2.9792377831987493
2460362.1041160612,1.9596353939052693,2.979692198203178
2460362.1110606305,0.2934373242733231,2.9796667478116983
2460362.118005198,3.915783699385805,2.9812482341235955
2460362.124949766,-2.3104481764277014,2.978253513688863
2460362.1318943365,3.1962018398011134,2.9808050997953774
2460362.138838906,1.0951627331465268,2.9791730209920892
2460362.145783476,1.1261217245600856,2.978901099704817
2460362.1527280468,0.5010675696451803,2.977959034185465
2460362.1596726165,-2.404129756643016,2.977232968621293
2460362.166617187,0.14331522591656443,2.9794525581553883
2460362.1735617574,-2.755045116061477,2.9755342949862698
2460362.180506328,2.3180485859569147,2.979821822599901
2460362.187450899,1.6601042439599645,2.9798694367653726
2460362.1943954695,0.5402117353470299,2.9754833989779246
2460362.20134004,1.7880001901135971,2.9768692279655635
2460362.208284611,1.4706383155903866,2.974060198051527
2460362.215229182,-2.394600277607852,2.973421980705314
2460362.2221737527,-1.2793001645324598,2.973157546946492
2460362.2291183234,0.9420906362171617,2.9749223529403337
2460362.236062895,-2.533325402707142,2.9720878473556773
2460362.243007466,0.08256103640102497,2.9710805756621963
2460362.2499520374,2.11538262687287,2.971431299660774
2460362.2568966085,3.3764203932830132,2.9706325656115595
2460362.26384118,-4.1307901917532215,2.9692855393093116
2460362.2707857513,1.1647290897491334,2.9697512307059366
2460362.277730323,4.360247880286105,2.9664518827020783
2460362.2846748945,2.52489836178754,2.9645841168564036
2460362.291619466,-3.70304896912986,2.9607229629471554
2460362.2985640382,-3.7130975536070743,2.9591763452620143
2460362.30550861,-1.782086712159176,2.9571099707586295
2460362.312453182,-2.5920143664722737,2.951989122017513
2460362.3193977536,0.8473189166572973,2.9539403241624242
2460362.326342326,-2.6196872187565017,2.94896445532617
2460362.3332868977,1.408617958495462,2.9473989169063004
2460362.3402314703,-1.4401902431642917,2.9418906602973744
2460362.347176043,3.283640483698427,2.9405096321430495
2460362.3541206145,-4.2064370785626455,2.9339575528700688
2460362.361065187,-4.051093573153706,2.9317416985552263
2460362.3680097596,2.7259957480215244,2.930865256613167
2460362.374954332,1.4965360538537356,2.927270300137151
2460362.3818989047,-0.833582826659824,2.924623670372269
2460362.388843478,1.1168341931246994,2.9224889266363707
2460362.3957880507,1.3553959079125697,2.919316314592893
2460362.4027326233,-4.809220039425352,2.9144205485533043
2460362.4096771963,3.4013963921787114,2.916675185395999
2460362.4166217693,-0.28541195949670717,2.9150076837871635
2460362.423566342,6.884378146585671,2.9146445988785197
2460362.430510916,2.056404589322933,2.9112446500653397
2460362.437455489,0.7872241372844617,2.9114281189209046
2460362.4444000623,-5.463187584878485,2.9070149316342833
2460362.451344636,-1.9686447899911985,2.906936986001878
2460362.4582892093,-6.752447568985076,2.90449799862812
2460362.465233783,-6.857572925225856,2.9029488100015293
2460362.4721783563,2.164022366583608,2.905831518316407
2460362.4791229297,-1.7141043793341526,2.905690164632066
2460362.4860675037,0.229053782194498,2.902864430487926
2460362.4930120776,-0.898376920320533,2.9032851309347336
2460362.4999566516,2.2823205002155764,2.9053123864386414
2460362.5069012255,6.762501222145596,2.905156152686113
2460362.5138457995,3.272423955041362,2.9056213241878903
2460362.520790374,-2.6406422135804153,2.9028251350933805
2460362.527734948,1.5035361005342835,2.905679211863678
2460362.5346795223,0.5929028457581609,2.90686766929249
2460362.5416240967,5.38284705762858,2.906846433153522
2460362.548568671,2.501687843969184,2.907352421700221
2460362.5555132455,0.9132417013798046,2.9071939193889675
2460362.5624578204,-1.1086573923089733,2.9053777121175783
2460362.569402395,2.1542198007060858,2.9064240233741914
2460362.576346969,4.434897762631855,2.90854569079355
2460362.583291544,0.563398861969876,2.908462455959265
2460362.5902361195,-0.38989848959431606,2.9089727532082477
2460362.5971806943,-1.7669921051938835,2.9079549879226185
2460362.6041252688,-1.4954863054066034,2.9103890692056056
2460362.6110698446,-4.591085040141681,2.9119430501225048
2460362.6180144195,-2.3718320054164126,2.911614205164019
2460362.6249589953,0.9619665282199013,2.9149544251182373
2460362.63190357,-3.028637181877488,2.914746137029816
2460362.638848146,0.7412887790658482,2.91676917612001
2460362.645792721,2.7347229395394215,2.917791905038042
2460362.6527372967,3.5746402996385434,2.921128487920706
2460362.6596818725,0.01485277497124482,2.9188271803483974
2460362.666626448,0.0016320572990466964,2.9207810232018736
2460362.6735710236,-1.6034197845734626,2.91776969766801
2460362.6805156,-0.24409696119830038,2.9205146212623116
2460362.6874601752,-2.212227097620204,2.915948331039406
2460362.6944047515,-2.636613807960652,2.9158955214121747
2460362.701349328,-3.783021203124903,2.9142835609799804
2460362.708293904,-0.7142370296389373,2.914272853989514
2460362.7152384804,-6.3526375069210514,2.9118379918419097
2460362.7221830566,1.5256625531531292,2.9130364467089396
2460362.729127633,-0.7599168082565884,2.91327430693563
2460362.736072209,1.2000193349250323,2.9115454780046726
2460362.7430167855,3.3585477684569462,2.9113741034372445
2460362.7499613627,0.6598594285114556,2.909044095740797
2460362.756905939,1.053296959621739,2.908961012548579
2460362.763850516,-1.6551257693162245,2.9101741079463914
2460362.7707950925,0.4558857642498162,2.9078237670125016
2460362.7777396697,0.4365192763338599,2.908544893279432
2460362.784684247,-2.0471972631844397,2.907800742723747
2460362.7916288236,1.5713090309350006,2.904557833197547
2460362.798573401,3.268620008669624,2.904668329489233
2460362.805517978,3.0853884473783095,2.903363442662318
2460362.8124625552,-1.943965167549548,2.8990712763354822
2460362.819407133,1.3989233206918672,2.900155124698969
2460362.82635171,-2.7931892415145043,2.896785544720075
2460362.833296288,3.815395725158298,2.8976393055367495
2460362.8402408655,-2.863598973092736,2.8978404520909606
2460362.8471854436,1.9834936828417722,2.8972975518556052
2460362.854130021,4.685075871965735,2.8946690158345967
2460362.861074599,2.942410777076907,2.894158620274784
2460362.8680191766,-0.44765960908823077,2.8926736985887618
2460362.874963755,-6.544612129343379,2.886309819501537
2460362.8819083325,0.8346907759372779,2.887205873880294
2460362.8888529106,1.0172695186118765,2.886079165567111
2460362.895797489,3.055347285332995,2.883503461062545
2460362.9027420674,-0.0822869070776705,2.8822301211350347
2460362.909686646,1.8231011436439628,2.8807333291186894
2460362.916631224,2.417828143326265,2.8775961327314885
2460362.9235758022,4.431821133642456,2.8783259007991426
2460362.9305203813,-3.5698520127772118,2.8717477284404507
2460362.93746496,-1.2510744691445437,2.8711168643292755
2460362.9444095385,-5.22002556380572,2.870968932036053
2460362.9513541176,-7.603976050898339,2.868707179128448
2460362.9582986967,-5.709755788040834,2.8699719989495396
2460362.9652432757,-3.127464380854168,2.8718303101886065
2460362.972187855,1.7016093379876343,2.873529879659699
2460362.979132434,6.804758333310065,2.8768152276576497
2460362.986077013,4.032862563980771,2.876950921774677
2460362.9930215925,3.0521023689902265,2.8774514219763563
2460362.9999661716,-1.3533918719769218,2.87770951227974
2460363.006910751,-0.22074828854408296,2.879921318627637
2460363.0138553306,-2.606325041353089,2.881340995525674
2460363.0207999106,-5.3487551691918584,2.8832963987305527
2460363.02774449,-4.878464588607143,2.8845140429580494
2460363.0346890697,-1.0547377443218644,2.8867919906084825
2460363.0416336497,0.1424593181840832,2.889578830993188
2460363.0485782297,3.049627168172919,2.8932179714324424
2460363.0555228097,3.0641325058151985,2.894983715331995
2460363.0624673897,7.012042071381581,2.897904102767042
2460363.0694119697,1.9292167622394758,2.895886338248555
2460363.07635655,-3.275048822409004,2.8977777845513693
2460363.0833011307,1.8822882686533633,2.8984267829703705
2460363.0902457107,-4.481343992499025,2.896065611565913
2460363.097190291,-7.897549960899889,2.892978378761766
2460363.104134872,-0.778195307204774,2.8972727640396254
2460363.1110794526,2.942858237885187,2.8933009458659984
2460363.118024033,4.709412038869057,2.894630753256017
2460363.124968614,0.24261355193563383,2.890005576751444
2460363.1319131944,-0.8193506974675746,2.889136110782596
2460363.138857776,2.0104618710181925,2.8884365724863534
2460363.145802357,-2.5635813200569664,2.883135743885602
2460363.1527469377,0.26872416900994045,2.88223166781844
2460363.1596915196,0.3379034417717035,2.8806903516034166
2460363.1666361,3.7892428011852504,2.88004688076912
2460363.1735806814,2.8980740709419037,2.8775370995371436
2460363.1805252633,-1.11076343139815,2.8756676581130827
2460363.1874698442,0.7347757759518214,2.8770357100600954
2460363.194414426,0.18496331923817733,2.8736229935751454
2460363.2013590075,3.421174077110726,2.873665752510522
2460363.2083035894,1.1480524648869983,2.8712986082654344
2460363.2152481712,-0.49491296486902414,2.8728633642113874
2460363.222192753,-1.9531500291200306,2.8704731075643957
2460363.229137335,-1.4706098016155364,2.8707644834502624
2460363.2360819173,0.38982567514201705,2.8716168270949436
2460363.243026499,1.2499076287649529,2.8727086756762836
2460363.249971081,-2.2963655761300723,2.8711443756111223
2460363.256915664,1.6066062899512628,2.868578869509298
2460363.2638602457,0.23190780521359056,2.868971182217523
2460363.2708048285,0.321434659742865,2.8673370942782324
2460363.277749411,-1.047068842784739,2.8652307727960378
2460363.284693993,-1.7047762687455772,2.8626986421058427
2460363.291638576,-2.9353583969462527,2.861075227387731
2460363.2985831588,1.2087032836982918,2.8603535548393957
2460363.3055277416,1.3150767238061187,2.859151406514012
2460363.3124723244,-1.6092962935008088,2.855633719821478
2460363.3194169076,-2.733419730371491,2.8527859029658216
2460363.3263614904,-0.9518308993766444,2.8504325030229585
2460363.3333060737,-1.1237255350338975,2.8465059525052054
2460363.340250657,1.8919632682724559,2.845251095328796
2460363.34719524,3.9666266082691477,2.846557040256069
2460363.354139824,4.394913256255009,2.8401326233277895
2460363.3610844067,3.3644027116350204,2.839843931523625
2460363.3680289905,-2.3073133826206553,2.833180011835138
2460363.374973574,0.01270074709054736,2.832344567862909
2460363.381918158,-7.413432475680727,2.8288196713445117
2460363.3888627416,-4.751749478928673,2.8295703492397575
2460363.3958073254,-4.604362812929305,2.826910262832463
2460363.4027519096,-2.1823281776202252,2.829278297395209
2460363.4096964933,-0.9923899884437203,2.8269448612883488
2460363.4166410775,1.5135569694397812,2.8259040122714514
2460363.423585661,0.8482551535466474,2.826134240158837
2460363.4305302463,2.005314438658278,2.826434975805632
2460363.4374748305,3.2239738026427944,2.8252364720906775
2460363.4444194143,-0.12365908117648194,2.824005792214262
2460363.4513639994,3.256116325498632,2.8246192678886834
2460363.4583085836,1.2918949961508455,2.8245363069776857
2460363.4652531687,7.241109982684077,2.8257734645376615
2460363.472197753,-0.4916367519620717,2.8209125941536075
2460363.479142338,3.5502607917337636,2.8249065079056694
2460363.486086923,-0.9711395752590828,2.8234607406127563
2460363.493031508,-3.1831594521877866,2.8206171245102656
2460363.499976093,4.1362459563295175,2.825914887189011
2460363.506920678,0.24771083504586808,2.8251403335200087
2460363.513865263,1.3376152340346108,2.8239909331703497
2460363.5208098483,-2.405032434936543,2.821183049418222
2460363.527754434,-3.6435669263252386,2.8206494674946327
2460363.5346990195,-6.0673228796266265,2.8200045881556544
2460363.541643605,-3.442594733076769,2.8183559499348796
2460363.5485881907,-0.21608358225637936,2.8189848666841173
2460363.5555327763,-2.149955416133445,2.818327057092061
2460363.5624773623,-1.7907360823694884,2.8191663157051945
2460363.569421948,1.1348405292456158,2.8203888875722654
2460363.576366534,-1.9849167980186018,2.8183574781931626
2460363.58331112,2.3445788127133884,2.8208601177765256
2460363.5902557056,1.68877939083781,2.8212577792440783
2460363.5972002926,2.5095803383471984,2.821534629001014
2460363.604144878,3.3973992884286712,2.822379003792499
2460363.6110894647,-2.1525350844223228,2.8202762875686616
2460363.6180340513,-1.7568797782720085,2.82114947209933
2460363.624978638,1.9946046814511558,2.8228255990955673
2460363.6319232243,0.751652817924914,2.822541761254156
2460363.6388678113,-3.103667797775621,2.8215426673786723
2460363.645812398,1.1964590977236536,2.824041629148949
2460363.652756985,0.9425624945471562,2.8229189165475415
2460363.6597015723,1.1463071211771232,2.826291122175602
2460363.6666461583,0.15982365890759453,2.8229990773533813
2460363.673590746,-0.9776534839479261,2.821648834623424
2460363.6805353328,-1.8445910121484554,2.8209824453590655
2460363.68747992,-1.091706629845892,2.8196992466930015
2460363.6944245077,-5.194929900470772,2.8211492601739714
2460363.701369095,3.3842508876501127,2.8213180643286453
2460363.7083136826,-0.14814299314761495,2.8182366458217305
2460363.71525827,5.019553106948144,2.821071131332131
2460363.7222028575,4.535562641323069,2.8198630801782874
2460363.7291474454,1.6005304122709685,2.8196738737770577
2460363.7360920333,0.44590442394600016,2.8176050772680874
2460363.743036621,4.0243899992919765,2.817256342470236
2460363.749981209,0.12059230979725255,2.815284999186876
2460363.756925797,0.42258125327722773,2.8140473101085504
2460363.763870385,-1.5382071776672475,2.814877612271324
2460363.7708149734,0.4335537443989237,2.813588949787482
2460363.777759562,5.32072859849991,2.815001348801648
2460363.78470415,0.9015962960401341,2.813410578550514
2460363.7916487386,-4.3166111452631215,2.8111299647379973
2460363.7985933274,-1.877615342174886,2.811985938242403
2460363.805537916,-4.65996827780074,2.810075141736909
2460363.8124825046,-7.991234583865737,2.8069602869160843
2460363.819427093,-4.776628222340454,2.8088262344926
2460363.8263716823,-0.07056758330151736,2.80927841168308
2460363.833316271,3.414400411172111,2.807865386984902
2460363.84026086,4.942175077706978,2.806086035870413
2460363.8472054494,1.245666090931317,2.8046719289882986
2460363.8541500387,-2.2188518024021024,2.8031356252500097
2460363.861094628,-1.6163578014145288,2.800717425683916
2460363.8680392173,3.4284256373439463,2.7997504752550455
2460363.8749838066,0.43497788712372865,2.7982088924575668
2460363.881928396,2.7136961730970377,2.7973807740183507
2460363.8888729857,1.3212433156137318,2.798100528918287
2460363.8958175755,-3.6611781734394273,2.791936042024062
2460363.902762164,-0.6656294638594294,2.7914188098301866
2460363.9097067514,1.6602553510707232,2.7916030276687125
2460363.9166513416,-1.2456455161037456,2.7916976280983206
2460363.923595932,-0.01608354410493118,2.7881450660880573
2460363.930540521,-8.310865708852337,2.7845101837270207
2460363.937485112,2.5994205935747785,2.7878051153459587
2460363.944429702,-4.750229887352378,2.7846487203990247
2460363.9513742924,0.1508305166059496,2.783640134827962
2460363.9583188836,2.0622775787082293,2.786372970090428
2460363.9652634733,4.80964520615252,2.7827425053535713
2460363.9722080645,0.8708943264632572,2.7838597503762252
2460363.979152655,-2.649394076110771,2.7830073921489613
2460363.986097246,0.8801730561344815,2.7845253951176807
2460363.9930418367,2.5158703092304058,2.782287381826975
2460363.999986428,-0.9831680928214945,2.783005676513827
2460364.0069310185,-3.877641426700234,2.7805645043385887
2460364.0138756097,-2.555978422966411,2.782305483034342
2460364.0208202014,-1.4762815568680114,2.7848051956729734
2460364.0277647926,-1.965534495932237,2.782560896338657
2460364.0347093837,3.507062080052156,2.785189247336076
2460364.0416539754,2.672281847987086,2.7860888550625327
2460364.0485985666,5.292741390746659,2.78992224697822
2460364.055543158,0.41879672048145267,2.7857735811748072
2460364.0624877503,0.636965821001386,2.7863270483371108
2460364.069432342,2.911256698101234,2.786466500685458
2460364.0763769336,1.909382615587927,2.7860199610711818
2460364.083321526,2.438813244126461,2.785218799155478
2460364.090266118,0.6444397495473354,2.786185996950153
2460364.0972107104,-2.237450423249904,2.7831520487294026
2460364.1041553025,-2.4105931176584967,2.780951479166884
2460364.1110998946,-6.079164873338503,2.7797811785872213
2460364.1180444877,-5.4855227901625945,2.777786272054859
2460364.1249890793,2.021147675922932,2.779167507316443
2460364.1319336724,-0.4443494799552141,2.777062191297547
2460364.138878265,2.797421968982875,2.7764278821757102
2460364.145822858,4.543800647476883,2.773226524650933
2460364.152767451,4.2606295083004,2.7730116984130597
2460364.159712043,-1.0742216538957603,2.769064960764205
2460364.166656636,-1.1056285169926392,2.767935062744508
2460364.173601229,5.90124633728086,2.7675106095767483
2460364.180545823,-0.38222913604824993,2.7661412960510194
2460364.187490416,-1.2316487017579902,2.7672269256226607
2460364.1944350093,-0.6021401092433414,2.763938139811747
2460364.201379603,0.2299759808433044,2.761431629354858
2460364.2083241963,1.5123760455283985,2.7617934670978816
2460364.21526879,1.9802448383183897,2.7615690746989823
2460364.2222133833,-2.250217820463429,2.7579074149056275
2460364.2291579773,-1.258847105896593,2.7600075659340164
2460364.2361025712,-0.01923182112378896,2.7566718634262077
2460364.243047165,-5.591322800721221,2.7532902709597593
2460364.249991759,-3.6238664755383514,2.7528894800975703
2460364.256936353,-5.57706303593452,2.7509519770379605
2460364.2638809476,-1.2937569727732776,2.753394683601622
2460364.270825542,-0.8381387317751781,2.7515882955792494
2460364.277770136,2.853043812074872,2.752572509089552
2460364.2847147305,0.04877096674057668,2.750444080090197
2460364.291659325,2.9095362044196644,2.7487856833979527
2460364.29860392,-1.6478297684509533,2.746349316259123
2460364.3055485147,-0.2065315587835323,2.7454862123742036
2460364.3124931096,-0.7074703090148889,2.745042499746304
2460364.3194377036,-2.8315419718709514,2.74029429224027
2460364.3263822994,1.2325590622796256,2.740256984948036
2460364.3333268943,-0.41997984679531797,2.7389266797694947
2460364.340271489,-0.4274170299420099,2.7401687916847326
2460364.3472160846,2.3407974726691276,2.7391392430849386
2460364.35416068,0.42380766376619405,2.7327078385984804
2460364.361105275,2.2788098275036415,2.736792331867557
2460364.368049871,1.299384537274486,2.7333201329669774
2460364.3749944665,2.7986046263830837,2.732158700306394
2460364.381939062,-0.06345907141061347,2.729527720745091
2460364.3888836578,-2.37856855493001,2.7279885824731873
2460364.395828253,-1.5982119217312263,2.7288137002382364
2460364.40277285,0.5675776863914401,2.727076387136836
2460364.4097174457,-0.32942115854157517,2.7265542941146568
2460364.4166620416,0.29851278333553544,2.724529961167527
2460364.423606638,1.7964967331406567,2.7251779341918088
2460364.430551234,0.7113387549451633,2.725707240917817
2460364.4374958305,3.8412278249472336,2.7239185608022165
2460364.4444404272,3.332248500827128,2.7220200657735494
2460364.4513850235,1.3339872625340252,2.721749309302165
2460364.4583296203,-6.5614088183905865,2.7180535408312756
2460364.465274217,-0.4530038688316369,2.7208441876789586
2460364.472218814,0.10281704499642852,2.719889749946667
2460364.4791634106,1.8219432150383692,2.7196224439501626
2460364.486108008,2.800600340342871,2.718309470118673
2460364.493052605,3.111966950736255,2.720185738746389
2460364.499997202,-4.969493557002594,2.716461586189111
2460364.506941799,-2.2460637370278413,2.7134577620908655
2460364.5138863963,-1.2661544150907464,2.712541920011471
2460364.520830994,-0.39202785068408663,2.714779904785678
2460364.5277755912,1.7112403068153577,2.7150027425453014
2460364.5347201894,-3.0413323362869935,2.712406015917948
2460364.5416647866,-0.36731483101102924,2.7114702390293437
2460364.548609385,1.8444599547653104,2.7124056682535223
2460364.5555539825,-0.5351100615384734,2.710473863805271
2460364.56249858,-4.422588579419937,2.71094194352462
2460364.569443179,-2.7631510246316573,2.7100370837429892
2460364.5763877765,-1.223778866118136,2.7110979194043026
2460364.5833323747,8.471974169259287,2.7164754411319336
2460364.590276973,3.439647997787849,2.7138947788437733
2460364.5972215715,-0.757934713660793,2.712464466039805
2460364.60416617,3.5230390716258255,2.7129915443447854
2460364.6111107687,0.9900603090335414,2.7131354362734874
2460364.6180553674,3.3617130637700505,2.7158704455101064
2460364.624999966,-1.4075133984396802,2.7135793135684154
2460364.6319445646,-0.05239245494048106,2.713719354205519
2460364.6388891637,-0.7657441306853627,2.7132386471765386
2460364.645833763,-0.4869178625136872,2.7125286411373835
2460364.6527783615,0.1978179108453566,2.7130406347466427
2460364.659722961,-3.499233987533708,2.711089686050794
2460364.66666756,-2.7983606279650113,2.711580669069163
2460364.673612159,-1.4995282138294177,2.711278630596935
2460364.680556759,-3.8635929064866943,2.7119347901417044
2460364.6875013583,-4.661828231186441,2.7108469160672897
2460364.694445958,-1.2699970890407046,2.7134454076619328
2460364.7013905575,-0.6846261952304201,2.7119880187205516
2460364.7083351575,-1.8065934537428627,2.709187757951433
2460364.7152797575,-2.1572773223376234,2.710409361664656
2460364.7222243575,1.953785574858019,2.7098414927365173
2460364.7291689576,-1.6442161407753586,2.709181439781702
2460364.7361135576,3.450329942889295,2.7099533756964314
2460364.7430581576,2.534704133268658,2.710114211047557
2460364.750002758,2.0653548688052217,2.7101197550613896
2460364.7569473586,0.14931664804883882,2.7105958523237716
2460364.763891959,1.9369397952334406,2.7107611090564334
2460364.77083656,-1.018862534976616,2.7098234909740824
2460364.7777811605,2.0070091248841866,2.7103283827461975
2460364.7847257615,2.545581618382421,2.711478327981645
2460364.791670362,1.036414527972278,2.711363620058909
2460364.7986149634,4.60692985481111,2.7133599026591724
2460364.8055595644,-0.8001704232658667,2.711461546440296
2460364.8125041653,5.474891861488144,2.713973376811085
2460364.8194487668,-2.6035862580483946,2.711589331581141
2460364.826393368,-2.1367113932196045,2.708551596540057
2460364.8333379696,1.2772537257282304,2.712074539013734
2460364.840282571,-4.542805946648329,2.708846452366544
2460364.847227173,-2.761319739299173,2.7107725658017245
2460364.854171774,0.5938919331940671,2.7128596327105132
2460364.8611163762,6.069113713750401,2.712772438275603
2460364.868060978,3.4357057962297333,2.712853411967932
2460364.87500558,-2.501405348121584,2.7096482339011057
2460364.881950182,-3.853591745253042,2.7084021692050353
2460364.8888947843,-1.3956269978484288,2.7094341888403033
2460364.895839386,-2.8940772494215845,2.708417496021399
2460364.9027839885,0.6515221948941913,2.708259095861052
2460364.9097285913,-4.1457497514730335,2.7078459730401687
2460364.9166731937,4.007687897557911,2.70837092040346
2460364.9236177965,-1.4831411986089802,2.7081638146077154
2460364.930562399,1.9725410652351303,2.7080945932062943
2460364.9375070017,3.082009082309585,2.7081736601610173
2460364.9444516045,2.078413496020464,2.7089313544971905
2460364.951396208,-2.9852682187967567,2.7077785437186033
2460364.9583408106,-1.9264935411001374,2.707048903642199
2460364.9652854134,-2.3453370096349135,2.708843521890003
2460364.972230017,-4.45212204037421,2.706371534000238
2460364.97917462,2.6603408242902478,2.710667014006227
2460364.9861192238,5.793878961955974,2.7134393996503303
2460364.9930638275,2.9110642519959735,2.7128982112739415
2460365.000008431,2.7802953456941624,2.7101313050101816
2460365.0069530345,1.614784959996413,2.711347326267264
2460365.0138976383,-1.4010138939605028,2.7098333150518528
2460365.0208422425,-3.19486207034206,2.709911313561598
2460365.027786846,0.4090593349811371,2.7103697604042813
2460365.03473145,-5.895409073206988,2.7096045376650832
2460365.0416760542,-1.7364366876973003,2.711793644064858
2460365.0486206585,-1.3954795407802107,2.710090300370131
2460365.0555652627,-1.785410018881965,2.7105625026481044
2460365.062509867,-3.98151542907657,2.7109465591010102
2460365.069454472,3.2883786717415218,2.7129804227288967
2460365.0763990763,0.04557962765853474,2.712125284157446
2460365.083343681,-4.968768571099542,2.7111737148060313
2460365.0902882856,1.501481031716955,2.7127676012471085
2460365.097232891,5.302425826167897,2.713460715479856
2460365.1041774955,0.15221459690693934,2.7114958762050754
2460365.1111221006,2.5744219974508864,2.7135583654882534
2460365.1180667058,-1.8707325278298315,2.7114996179853006
2460365.125011311,-5.642941734405924,2.710914306090387
2460365.131955916,-1.7112534021038561,2.712264092549329
2460365.1389005217,-5.893924297382404,2.7085462182722773
2460365.145845127,-1.1024316183292817,2.7111218175483924
2460365.152789733,5.751754244778272,2.7149677446927964
2460365.159734338,5.595493294265287,2.716094322164349
2460365.166678944,7.326240002083436,2.7138974249936516
2460365.17362355,7.798387979188245,2.7153411061718766
2460365.1805681563,0.9982920743593942,2.7145240023726385
2460365.1875127624,1.3425530150767495,2.7138085210482075
2460365.1944573685,0.43395468458086406,2.7132951960375338
2460365.2014019745,-1.4932280810064467,2.712291711562358
2460365.2083465806,-0.6520137663142958,2.7109886847383553
2460365.215291187,0.7846984859734509,2.7138368220719395
2460365.2222357937,4.43345131628037,2.7136847995587616
2460365.2291804,5.974599553375521,2.7134312154844196
2460365.236125007,2.0916552827222112,2.7134206789425233
2460365.243069614,-3.3652847290355146,2.7150383567952674
2460365.2500142204,-5.911115157572922,2.711348537053849
2460365.256958828,-9.61336026388453,2.7090999426561955
2460365.2639034344,-3.163758502294105,2.715273342641277
2460365.2708480414,-1.2730378018909074,2.7101708692872712
2460365.2777926493,0.11221485319545033,2.712707619621717
2460365.284737256,-1.8137348555156507,2.7119927738481766
2460365.291681864,-2.0295749273127535,2.7107938306099997
2460365.2986264713,0.8668228827840884,2.713530566396416
2460365.305571079,0.9840208171785942,2.713285895945433
2460365.3125156863,0.7010642711524879,2.7108708685422624
2460365.319460294,0.905357644481565,2.7115428454577493
2460365.326404902,-1.6621370696840665,2.710582514781875
2460365.33334951,5.075026192198845,2.712183451570057
2460365.340294118,-3.859646000624791,2.7098145324234597
2460365.3472387264,-1.9044174853487532,2.7129816771188477
2460365.3541833344,-1.0986081768198468,2.710502316482073
2460365.361127943,-1.784620570602942,2.709972192225157
2460365.368072551,-4.613652178938542,2.7097211184181624
2460365.37501716,-3.024091830561101,2.7103021251118133
2460365.3819617685,-2.633899463346832,2.7128730325105708
2460365.388906377,1.008961224815135,2.712026721906435
2460365.395850986,8.96645935548947,2.71748129757788
2460365.4027955947,2.98131498020578,2.7128173591935916
2460365.4097402035,5.766586221216159,2.7163645711747275
2460365.4166848133,2.3546790181511708,2.7130123544771063
2460365.4236294217,-3.6494224267943025,2.7109291743005404
2460365.430574031,-0.963972021663396,2.712282659209299
2460365.437518641,-0.10078604482767162,2.7126893226633406
2460365.4444632498,-1.2538089185732004,2.7112372779273692
2460365.4514078596,-3.705008744138167,2.7117107726149015
2460365.458352469,0.6720970270725464,2.713346769185492
2460365.4652970787,2.18767118553625,2.714055077445457
2460365.4722416885,4.534336015783076,2.7130358097048517
2460365.4791862983,3.9541256424801468,2.7118741878039323
2460365.4861309086,-1.409935618998735,2.7106687288946265
2460365.4930755184,2.9406591077134916,2.713035453503665
2460365.500020128,-1.0359227917961236,2.7116436573193883
2460365.506964739,2.5076153593867065,2.711920289061155
2460365.513909349,-3.5717786346056273,2.7086064747607437
2460365.5208539595,-3.764196781692199,2.7095966667095723
2460365.52779857,-5.440226380406228,2.7082400929626007
2460365.5347431805,-2.953242318819236,2.7092266529678546
2460365.5416877912,-0.1626071993648246,2.7139148378444733
2460365.548632402,0.45679795365261233,2.7136046943817878
2460365.555577013,-0.04445342254151141,2.7152464565357763
2460365.562521624,5.169717892652594,2.715249126257136
2460365.5694662347,5.09435136420924,2.714662617137723
2460365.5764108463,2.714426397697453,2.713281298505418
2460365.583355457,-0.026071055793091463,2.7128421413022683
2460365.5903000687,1.6153074352001446,2.7146097509131315
2460365.5972446795,0.45311557413386006,2.7154979214957358
2460365.604189291,1.8751706510990436,2.715669931056178
2460365.611133903,-6.029899466830736,2.7143422614793384
2460365.6180785145,-1.2887956217961856,2.7151849920574858
2460365.625023126,-1.6079925665613213,2.7163642545827
2460365.631967738,-2.545931829244021,2.714619966550854
2460365.63891235,-3.652183531483054,2.714989714410556
2460365.645856962,1.3804027181462715,2.7156317104894367
2460365.6528015737,-2.618702097973025,2.7150468419152314
2460365.6597461863,-2.135378271566256,2.712363175300401
2460365.6666907985,3.677965850590777,2.717769760265162
2460365.6736354106,4.005503869098156,2.716301141187849
2460365.6805800237,1.861552286422441,2.716628834706842
2460365.687524636,1.4206090453203561,2.714240773688342
2460365.694469251,-3.2371890094136515,2.7106340776088484
2460365.7014138643,0.41422555412916706,2.7113659036764006
2460365.708358477,1.0945069719232272,2.7116499651932346
2460365.71530309,-3.2634899584443575,2.7095372552830654
2460365.722247703,-1.1980007866269302,2.7100268755222996
2460365.729192316,-1.9135307833348434,2.708470316476711
2460365.736136929,1.4566942271595669,2.711333222288911
2460365.743081542,0.7504771643875707,2.710497093275979
2460365.7500261557,-1.4312473777003611,2.7110386714620343
2460365.7569707693,-2.0223242250600704,2.709892522923608
2460365.763915383,-2.4999373130388802,2.7098754852492797
2460365.7708599963,-1.1421476241202073,2.70942325554493
2460365.77780461,3.1736597336918067,2.711270277299636
2460365.784749224,1.091933355604548,2.711091743337578
2460365.791693838,6.099659909559779,2.7125731845361236
2460365.798638452,3.3330616339521617,2.7125133358118503
2460365.8055830654,4.786096040543118,2.7133719108287533
2460365.81252768,-1.766528889983992,2.7119813736321707
2460365.819472294,5.077409886357172,2.714080491610579
2460365.8264169083,-3.3675312824879686,2.7112778916678306
2460365.8333615228,1.5283943275070175,2.711112012439429
2460365.8403061368,-1.0678757771346756,2.7128232394524203
2460365.8472507517,-3.702023549535456,2.709075689498853
2460365.854195366,-0.12296863545631398,2.710179251118768
2460365.861139981,-2.748769271159865,2.7082978272966827
2460365.868084596,0.8294335434227513,2.7121794112603186
2460365.8750292105,2.721286054987174,2.711663049648076
2460365.8819738254,3.8976852479512942,2.711989445973213
2460365.8889184403,3.627663646127821,2.7150494061681747
2460365.8958630557,-2.2901656378435256,2.708982319866903
2460365.902807671,-2.098010775703944,2.7086967300719107
2460365.9097522865,-4.907784662553371,2.709038003933371
2460365.916696902,-0.6788865478040886,2.708880915927978
2460365.9236415173,-6.118551502260464,2.70642105865779
2460365.9305861327,-3.697472169053742,2.708437257618
2460365.937530748,-0.452949535206967,2.7096380540278187
2460365.944475364,-3.5077791212286704,2.7081523794212923
2460365.95141998,-1.843082722575287,2.7101094264145935
2460365.958364595,-1.619296943992008,2.7098156227514085
2460365.9653092115,-1.5224488443588882,2.7091332046972827
2460365.9722538274,2.249549214486678,2.7121594921384666
2460365.9791984437,0.23206623430229104,2.7099140827273103
2460365.9861430596,3.5319811211002943,2.711634718194732
2460365.993087676,4.99553194768431,2.71290182121241
2460366.000032292,-1.561795122108168,2.7107075797609537
2460366.006976909,-1.5659642767002915,2.7095233114970116
2460366.0139215253,-3.7025599483587692,2.7078418894863563
2460366.020866142,-3.3042445344534146,2.708023642352705
2460366.0278107584,1.5398804818850556,2.7097387641322026
2460366.0347553752,3.886033244263813,2.7109527268162132
2460366.041699992,0.4080097154196709,2.708548467259852
2460366.0486446093,0.41221315830849736,2.710103635815712
2460366.055589226,6.7076421216450255,2.7112027377754764
2460366.062533843,5.362831367598849,2.711640887505233
2460366.06947846,0.9355912698159534,2.707334110962583
2460366.0764230774,4.093953151974987,2.7090059085585794
2460366.0833676946,1.1604667972061757,2.706267403766393
2460366.090312312,-0.26841816756951925,2.7065557140773415
2460366.097256929,0.048375994332344074,2.7052778859148776
2460366.1042015473,-2.3010258872450584,2.7044162554068176
2460366.1111461646,0.8247912473852612,2.7046068901284794
2460366.1180907823,-0.5011086523708217,2.705806573450198
2460366.1250354,-3.5125470494352222,2.7033780255633073
2460366.1319800173,-0.299306115450539,2.704768923504196
2460366.138924636,2.5016430845097744,2.705038889409147
2460366.1458692537,-1.1037903469137071,2.7044046694480417
2460366.152813872,1.7748981573115765,2.704641280153028
2460366.1597584896,-3.000090948274834,2.7041548498942602
2460366.166703108,0.3597700462247677,2.705578776819588
2460366.173647726,-3.8346825100811075,2.704262930792739
2460366.1805923446,-0.38007840973939916,2.7083546415368596
2460366.187536963,-0.5904466527238537,2.705285160696105
2460366.1944815814,-2.0482627260128767,2.706055887165908
2460366.2014262,-1.0352417705321668,2.703714540391211
2460366.2083708183,4.219992673470805,2.708810962026845
2460366.2153154374,1.0826829680280468,2.705169035945797
2460366.222260056,2.9365404263607133,2.7070648355359483
2460366.2292046747,2.8124009642775647,2.707622249244567
2460366.2361492934,0.6805543193659407,2.7073999243909967
2460366.2430939125,-1.2584415241199376,2.703811318272215
2460366.2500385316,-1.5527727668515352,2.703218478702676
2460366.2569831507,-5.886872484977905,2.700319613926455
2460366.26392777,-3.4974390731251916,2.702340539476941
2460366.270872389,-2.329437589200027,2.701555069005066
2460366.277817008,-5.101187105263223,2.699999825328503
2460366.2847616277,4.611756434504837,2.7022435527387567
2460366.2917062473,1.777327448114223,2.7017479700441065
2460366.2986508664,-3.0169319324960995,2.6996550368324423
2460366.3055954855,3.9713345328722895,2.702124189383427
2460366.3125401055,0.8514909217577686,2.7008788779354247
2460366.319484725,-0.18704639438011972,2.7011055880137484
2460366.3264293447,-2.857364360764884,2.6977797191652564
2460366.333373965,-2.4456408771438682,2.6974894766734625
2460366.340318585,-2.23808077417794,2.6985028156781827
2460366.347263204,-2.146801606245624,2.6985731250548626
2460366.3542078244,5.026080061071096,2.700682931712828
2460366.361152444,6.595806642337024,2.7006262076105894
2460366.3680970646,5.686881834259767,2.7015538931874263
2460366.3750416846,3.665867574173864,2.699761715533459
2460366.3819863047,0.5556658072224717,2.7013010057648117
2460366.3889309256,-0.3733709243449982,2.700609438718731
2460366.395875545,-3.6538206640012088,2.697050652115038
2460366.4028201657,-0.05463712002605492,2.699390906066856
2460366.4097647867,-0.09386265922075188,2.6994579075431155
2460366.4167094068,-0.19390053657290274,2.7004568510436773
2460366.4236540273,7.353389304767526,2.7019002790553817
2460366.430598648,-2.3534662598612357,2.6982165464364942
2460366.437543269,-2.6429335112091605,2.6975442806857415
2460366.444487889,-2.72995181347502,2.698540870851726
2460366.45143251,-4.538459090601633,2.6970267439573665
2460366.458377131,-3.0611149007181577,2.698717580434432
2460366.465321752,-2.376249362761862,2.6969084108444186
2460366.4722663723,-1.527545123471276,2.697136814331745
2460366.4792109933,-2.999800035096285,2.696746493532142
2460366.4861556143,-1.9767685778975521,2.697801193295955
2460366.4931002352,0.045181750648615376,2.698278209831109
2460366.5000448567,1.9793374202429876,2.699572874152338
2460366.5069894777,0.8772016470120658,2.6971856506743905
2460366.5139340986,4.409292099084029,2.7013664110987072
2460366.5208787196,0.6196453093362471,2.697902867734758
2460366.527823341,-0.37055821366953046,2.695066167587186
2460366.5347679625,0.9923398025014629,2.6955679660651746
2460366.541712584,1.8155336132219033,2.6975563714641875
2460366.5486572054,-2.228094195997927,2.6946246392076625
2460366.5556018264,-2.7687050084760596,2.6957524727894513
2460366.5625464483,-0.9622397262404447,2.6956761238746125
2460366.5694910693,3.1549349687504966,2.6979551505339483
2460366.576435691,0.03047419354573444,2.697313414911118
2460366.5833803127,0.24308690697159419,2.6961197470000644
2460366.590324934,-5.5295523121618135,2.6927225409610425
2460366.597269556,4.122053816191343,2.698065111465638
2460366.604214178,5.244767758589818,2.698249213622655
2460366.6111587994,-0.5602894433702674,2.6962454425649587
2460366.6181034213,6.727678846852507,2.6984853344460777
2460366.625048043,0.13240496954408743,2.6968856720351257
2460366.6319926647,6.936572274369737,2.699762158094863
2460366.6389372866,6.371600091655344,2.697318986986911
2460366.6458819085,0.3464584427755093,2.695703734178029
2460366.6528265304,-1.552871740699139,2.6951559194016106
2460366.659771153,4.90593913523824,2.6971611075568993
2460366.6667157747,-0.316257797467135,2.695060759058603
2460366.6736603966,-0.11571829821112245,2.6946399378110577
2460366.6806050185,-4.63582990774126,2.6934066272404587
2460366.687549641,-0.039557890716270194,2.6944805844183524
2460366.694494263,-3.1781129900874747,2.6941483205565118
2460366.7014388847,-2.659860525310456,2.692809180452865
2460366.708383507,-6.3402539131620195,2.6930755448413666
2460366.715328129,-8.794796489488458,2.6901939049674746
2460366.7222727514,-7.826213846811404,2.6902911832525906
2460366.7292173738,-5.237691707234047,2.6920750700764784
2460366.736161996,1.3258210775595907,2.693004796928561
2460366.743106618,-0.7480615335638663,2.693341789466866
2460366.750051241,3.2894340041476355,2.6962310801995866
2460366.756995863,1.0623725468986942,2.695441835068255
2460366.763940485,1.0058668309377237,2.69572832823695
2460366.7708851076,0.8528465537705187,2.693649301368851
2460366.7778297304,1.7364348456946839,2.695474869069901
2460366.7847743523,-0.6404953346493915,2.6940845730847323
2460366.7917189747,-4.54317345696081,2.6958224552702474
2460366.798663597,-0.1564950100715774,2.6974097079226937
2460366.8056082195,-0.18801939517128252,2.698495925803016
2460366.812552842,3.63598799545696,2.696782266740311
2460366.819497464,2.9389849160519215,2.695893675509307
2460366.8264420866,-0.6543716279789367,2.69543243891671
2460366.8333867094,-2.496059999393825,2.695097353296605
2460366.8403313314,3.3110597761328053,2.696276317197117
2460366.847275954,1.791294661869256,2.6979495593931015
2460366.8542205766,3.3436156518683955,2.6966153031596303
2460366.861165199,2.2386943715689505,2.6982457936846274
2460366.868109822,3.0288682156396836,2.6961327675526
2460366.8750544437,0.9696708160226881,2.695493700904357
2460366.8819990666,-1.0040793801558756,2.6961147739503435
2460366.888943689,1.3495645983361833,2.697510301789231
2460366.895888312,0.24135436727949466,2.6944995400690925
2460366.902832934,-3.849851356215452,2.695665442810093
2460366.909777557,-1.5347332027354597,2.695552610189234
2460366.916722179,6.002478147272316,2.6966271598666034
2460366.923666802,1.0085259223073488,2.6940414935575983
2460366.930611424,-2.1756671533033867,2.693333512251374
2460366.9375560465,0.7661762199627846,2.6940333783807993
2460366.9445006694,3.8024916847652825,2.6958372485153634
2460366.9514452913,2.0757710302899963,2.6939343444698767
2460366.958389914,-3.7611152566704957,2.694236600595899
2460366.9653345365,-0.6822890899291097,2.6937130416451875
2460366.972279159,1.9060738155129267,2.6944228715112257
2460366.9792237817,-5.268960801584012,2.6944383298632477
2460366.9861684036,-6.479431947666127,2.6936472253743466
2460366.9931130265,6.287551753034243,2.6986261065013237
2460367.0000576484,-3.0084646630348764,2.693615104917525
2460367.0070022712,4.024231045661524,2.698926424038896
2460367.013946893,3.5117277979536974,2.697424977759553
2460367.020891516,2.799273559005414,2.7003452654847275
2460367.0278361384,-2.9722830071290267,2.6974555764500288
2460367.0347807608,-2.875250417437254,2.697165540699524
2460367.0417253827,-0.5349138334785994,2.696958773154794
2460367.048670005,-6.157720500848521,2.695195806379285
2460367.0556146274,-4.060105861850305,2.692320360584502
2460367.06255925,-8.24596342960222,2.6911334884586346
2460367.069503872,0.21835968288858765,2.694867771194492
2460367.076448494,6.7132261569811975,2.696880462110423
2460367.083393116,3.720061938981569,2.6952777095482516
2460367.0903377384,-2.74852947341169,2.69337989518003
2460367.097282361,-2.7565163831631483,2.6925319315671126
2460367.1042269827,2.2260434297225853,2.6944977858795447
2460367.1111716046,-9.233576605929532,2.687009358419832
2460367.118116227,-2.664686298798663,2.6906705850951558
2460367.125060849,1.698633337377855,2.6914167209365534
2460367.1320054713,4.702079780086706,2.693126649561773
2460367.138950093,3.8323354258663316,2.6952316140421604
2460367.145894715,4.093271549941318,2.6926883947463107
2460367.152839337,4.965818296810372,2.693701397736627
2460367.159783959,0.7758920352873266,2.6918683216500248
2460367.166728581,1.8888013012266422,2.692158545799744
2460367.1736732023,3.236998138659145,2.693815152949733
2460367.180617824,0.6314642167133422,2.692321419996304
2460367.1875624456,-5.8051722858479256,2.6921606343152824
2460367.1945070676,1.9767555866003441,2.6933373636524593
2460367.2014516895,2.5648172658092903,2.6920553928787565
2460367.208396311,-2.6682154553682156,2.6914389031306336
2460367.2153409324,1.2489535191412275,2.6938743957556444
2460367.2222855543,2.047870533925658,2.6952495844858952
2460367.2292301753,1.2311114708028073,2.694397711081592
2460367.236174797,-1.1391956757619166,2.693202011259172
2460367.2431194186,4.44993422229693,2.6958769924856196
2460367.25006404,-0.6280899490538843,2.693785569689398
2460367.257008661,2.517771227965908,2.692785701307892
2460367.263953282,-0.17744203706007888,2.693082947916441
2460367.270897904,-2.3369873536380377,2.69250447033065
2460367.277842525,-2.9395885645065594,2.6910022490501615
2460367.284787146,-1.030062356121866,2.6926515802779982
2460367.291731767,0.5876729352158039,2.6941692992282387
2460367.298676388,-3.570042006020711,2.691088102015428
2460367.3056210093,1.1122100294852,2.6925817840093083
2460367.31256563,-2.7951007924489972,2.690241530316193
2460367.319510251,-6.930717657711867,2.6881427055915914
2460367.326454872,-1.520728470462636,2.6913570977489605
2460367.333399493,-4.275452673816039,2.691860497584651
2460367.3403441138,-2.17247373518299,2.6898728922450075
2460367.347288734,0.46686422736914546,2.6920747323457
2460367.354233355,-4.124555924277403,2.6896177092824853
2460367.3611779753,4.196025468670717,2.693280311794219
2460367.368122596,1.8926448362898287,2.6935771851565122
2460367.375067217,2.209227622993785,2.693253308790035
2460367.382011837,4.3625231084600085,2.6943794984677853
2460367.3889564574,-1.2253106847203625,2.691989585307677
2460367.395901078,4.27414874949893,2.6958932980585395
2460367.4028456975,7.076516902936007,2.695158618519022
2460367.409790318,-2.108151073671562,2.6934388235988203
2460367.416734938,-1.5200284441510616,2.6951054485563914
2460367.423679558,-6.147395119393673,2.6915852185882714
2460367.430624178,-1.297444859603134,2.6939044553093137
2460367.437568798,0.5530845549020107,2.693474773333858
2460367.444513418,3.284253921537139,2.6947778994106577
2460367.4514580383,0.26491400217861805,2.6943091663945236
2460367.4584026574,0.1608039635926617,2.693670159877076
2460367.4653472775,-0.3307043449524847,2.6934499659994153
2460367.472291897,-2.051696366545232,2.693061277045899
