time,flux,flux_err
2460312.8670129837,105.56213378906239,2.2926438078096907
2460312.875114638,100.54587890624998,2.6467858343210904
2460312.8820589134,106.08361653645836,2.6475683461958774
2460312.889003188,103.86846354166649,2.6462245482051765
2460312.8959474624,103.21944661458322,2.6461065025350403
2460312.902891738,102.9559830729166,2.6466155079462914
2460312.9098360124,104.88674153645827,2.6468845514131583
2460312.916780287,106.76334309895826,2.647563411602549
2460312.9237245615,109.27423177083317,2.6490811915518115
2460312.930668835,106.75016276041652,2.646601620156886
2460312.937613109,108.39104492187487,2.6473369746225663
2460312.944557383,107.54153971354147,2.648494687690258
2460312.9515016573,102.7716731770832,2.645995009482973
2460312.957288552,101.91365722656224,3.2422539408141122
2460312.965390205,109.97979817708317,2.649896528844864
2460312.972334478,103.20751627604159,2.6457020013727024
2460312.979278752,108.55745442708319,2.6483278167268915
2460312.9862230252,107.46270833333331,2.646498759127264
2460312.9931672984,103.48287109374996,2.6468447272743183
2460313.0001115715,105.79726562499991,2.6463395854994958
2460313.0070558446,103.32279296874988,2.6460419259714354
2460313.0140001173,107.27699544270824,2.647605288918704
2460313.0209443904,106.38127929687501,2.646114990994805
2460313.027888663,105.59407552083319,2.6469062007185573
2460313.034832936,107.06386067708324,2.647366561737571
2460313.041777208,99.61291015624995,2.6436849070254884
2460313.04872148,107.70366210937482,2.648225653272799
2460313.0556657524,107.3546907552083,2.647674040096502
2460313.062610025,104.82308268229174,2.6452669768403334
2460313.0695542973,99.8691699218748,2.6452064135405826
2460313.076498569,105.66332031249992,2.647013651613722
2460313.0834428407,106.53185872395822,2.647578858439878
2460313.0903871125,103.07401041666662,2.6462368568129766
2460313.097331384,101.82115559895828,2.645582842483743
2460313.1042756555,105.24617187499992,2.6470094015683383
2460313.1112199277,108.02885742187497,2.647607714276192
2460313.118164199,105.82942382812507,2.6484111883877905
2460313.1251084697,107.76353841145828,2.6468055729839732
2460313.1320527415,112.06474283854156,2.6492667850244587
2460313.1389970123,109.05962565104149,2.6496763247863555
2460313.145941283,112.52994791666667,2.6498631743829395
2460313.152885554,110.76599609375005,2.649028625180898
2460313.1598298247,107.42141276041669,2.6480013859577114
2460313.1667740955,106.96348307291662,2.6487063676975877
2460313.1737183663,105.31197591145822,2.646330914019291
2460313.180662637,105.91783528645813,2.6474412482572096
2460313.187606907,107.76664713541656,2.6492346065173207
2460313.1945511773,106.80994140625005,2.648844457071251
2460313.2014954477,108.92831380208327,2.650786500352637
2460313.208439718,109.58926432291658,2.6501472174708085
2460313.2153839883,107.25425130208335,2.6509077264927603
2460313.222328258,105.0130143229165,2.649436745483578
2460313.229272528,98.90599283854165,2.6466409394845383
2460313.236216798,100.91336263020837,2.646402380233793
2460313.243161068,105.90916992187492,2.647411782531815
2460313.2501053377,102.6587369791667,2.64764814679477
2460313.2570496066,104.26769205729154,2.6486871320390493
2460313.2639938765,104.39520507812495,2.6502180063864667
2460313.2709381455,108.11252278645831,2.6486642545919783
2460313.2778824153,106.27770833333322,2.649069950365472
2460313.2848266843,110.86136067708337,2.651649151104023
2460313.2917709537,105.91158854166649,2.64968568293986
2460313.298715223,107.16507486979162,2.6525249268717297
2460313.305659492,111.65767903645808,2.6555745037965592
2460313.3126037605,107.18933268229164,2.657917784865918
2460313.3195480295,108.21239583333333,2.6608926244857747
2460313.3264922984,106.57774414062487,2.6630301926108566
2460313.333436567,107.10665039062496,2.6689809345989137
2460313.340380836,101.84660156249993,2.6718919930462834
2460313.347325104,100.9851204427082,2.6815315587706947
2460313.3542693723,105.37991861979147,2.688135342079668
2460313.361213641,112.00765625000001,2.701048946064786
2460313.3681579097,110.43598307291661,2.711741033393127
2460313.3751021777,111.89394205729165,2.7237314051345902
2460313.3820464457,108.0616666666668,2.736896863280157
2460313.388990714,109.6884472656249,2.752063298853315
2460313.395934982,109.53922851562508,2.7661378174596134
2460313.4028792502,112.74458984374981,2.7820933793162617
2460313.409823518,107.67100260416692,2.7964886388260037
2460313.416767786,109.07527343750007,2.815283649694541
2460313.423712054,109.44885742187489,2.8355674545169123
2460313.4306563213,114.47974934895849,2.8567727667283016
2460313.4376005894,113.91916666666657,2.8757292451572365
2460313.444544857,110.04478515624987,2.8936723548387913
2460313.4514891244,110.13731445312487,2.913060083466343
2460313.4584333915,109.02855468750022,2.9308059102576176
2460313.4653776595,112.08236328125001,2.945178917046023
2460313.4723219266,114.67579101562508,2.9663462144447252
2460313.479266194,112.84460286458322,2.9815789064048306
2460313.4862104612,117.20089518229163,3.001551124553874
2460313.4931547283,109.01613281249986,3.0171191231509007
2460313.500098996,108.28728190104145,3.036901681622225
2460313.507043263,108.48580403645853,3.0559178055822103
2460313.51398753,110.02342447916665,3.076103978958136
2460313.520931797,104.12972981770827,3.097796409301074
2460313.5278760637,108.3276074218749,3.116003542612964
2460313.534820331,114.23708333333327,3.138208887984847
2460313.5417645974,116.08088867187492,3.1601521230528298
2460313.548708864,111.38640299479175,3.181086919549467
2460313.555653131,117.77684570312476,3.20435225637876
2460313.5625973977,115.26696614583322,3.2234135389713057
2460313.569541665,110.26602213541673,3.2444062274731844
2460313.5764859314,111.04027018229165,3.263986579960479
2460313.5834301976,120.208984375,3.2848821515042546
2460313.590374464,114.49708007812494,3.302346957519583
2460313.597318731,108.38889973958324,3.3166798796165975
2460313.604262997,108.42478841145824,3.3326602390994746
2460313.6112072635,110.6758951822917,3.348223239096285
2460313.61815153,111.27234049479148,3.3616486386509052
2460313.6250957963,111.37786132812487,3.3766361245500556
2460313.632040063,119.12775065104158,3.3921079537755436
2460313.6389843286,103.60726888020857,3.3972976534435158
2460313.645928595,114.24539062499964,3.4108893707555663
2460313.652872861,105.4688248697915,3.420521391179014
2460313.6598171275,109.78283854166664,3.4305146295640525
2460313.666761393,113.80936197916662,3.4428986966175827
2460313.67370566,111.59025716145818,3.449363044966219
2460313.6806499255,114.64689453125008,3.4587307379920884
2460313.6875941916,110.53521158854164,3.4657699692932766
2460313.6945384573,115.11416992187469,3.474907127566345
2460313.701482723,115.22060872395816,3.481325436241437
2460313.708426989,108.72037109375015,3.485549139485531
2460313.715371255,109.83469401041641,3.4912703013496635
2460313.7223155205,110.70896484374998,3.4981849663016895
2460313.7292597867,114.17044921874988,3.504012563487503
2460313.7362040523,113.68218098958339,3.510343722044792
2460313.743148318,113.91382812500008,3.516993606156227
2460313.7500925832,111.77225260416662,3.524759503496688
2460313.7570368494,111.35010416666653,3.5324567455977616
2460313.763981115,115.05741536458329,3.5418075331665695
2460313.7709253808,114.2730078124999,3.547560459865627
2460313.777869646,108.89031250000001,3.5537884576212924
2460313.784813912,111.07322265624953,3.560933761072828
2460313.791758178,114.38638671874985,3.570086407162279
2460313.798702443,115.21856770833317,3.5765930522751286
2460313.8056467087,114.38132161458331,3.582860939213741
2460313.812590974,113.26044921874988,3.588763734944152
2460313.819535239,113.80094401041636,3.5941547547991406
2460313.8264795053,115.04332031250003,3.6018581992860046
2460313.8334237705,110.18470052083315,3.6065534501549545
2460313.8403680357,109.06139322916654,3.6140879137862663
2460313.847312301,108.971653645833,3.6230094636465218
2460313.8542565666,103.9158463541665,3.6252682095582096
2460313.861200832,109.38039713541639,3.632895468643106
2460313.8681450975,97.2339713541666,3.6330349236397947
2460313.8750893627,111.45319010416642,3.6392547417134895
2460313.882033628,109.88642578124988,3.63995166655125
2460313.888977893,116.08581380208336,3.6454078618932884
2460313.8959221584,110.16548177083314,3.6480941643258653
2460313.9028664236,110.04531901041628,3.647280899381632
2460313.909810689,114.86828776041664,3.649606900553493
2460313.916754954,113.8166666666666,3.6509789711623672
2460313.9236992192,116.83885416666635,3.6518347718360453
2460313.9306434845,108.38027994791658,3.6531002551563088
2460313.9375877497,105.85752604166646,3.651959216245562
2460313.944532015,116.49225260416642,3.6568719204738476
2460313.95147628,118.88323567708328,3.6594725003116744
2460313.9584205453,109.18822916666643,3.6591509277837684
2460313.9653648105,113.84908854166649,3.661318126706064
2460313.9723090758,117.0600585937497,3.667084269791086
2460313.979253341,111.43618489583302,3.6667746730701953
2460313.986197606,113.90186848958335,3.67153402985257
2460313.9931418714,116.83457031249993,3.676563656579294
2460314.0000861366,114.86803385416654,3.678401789045043
2460314.007030402,111.64861328124971,3.678924991372368
2460314.013974667,110.95438151041647,3.681492292736739
2460314.0209189323,112.54634114583314,3.6846738768967415
2460314.027863197,114.18876953124982,3.6877198834221776
2460314.0348074622,112.90207031250004,3.6899357808379687
2460314.0417517275,111.55308593749972,3.690978857540952
2460314.048695992,109.29220052083322,3.690650094869136
2460314.0556402574,107.33412109374997,3.69045844856862
2460314.0625845226,106.94242187499974,3.692501578107279
2460314.069528788,110.87140624999999,3.6932293841648427
2460314.076473053,106.03485677083306,3.6931321444775453
2460314.0834173183,113.84269531249963,3.69548814856051
2460314.0903615835,104.74746093750007,3.6922025011408643
2460314.0973058487,113.1694921874999,3.693883037587268
2460314.104250114,107.87273437500001,3.690807099125573
2460314.111194379,116.35648437499974,3.6937167995869395
2460314.1181386434,114.7418424479165,3.6912299055631856
2460314.1250829087,103.06223307291627,3.687510079468085
2460314.132027174,115.91758463541676,3.689491389406818
2460314.138971439,115.22869791666653,3.687572830961372
2460314.1459157043,113.14220052083328,3.6857716841532855
2460314.1528599695,117.56681640624993,3.686370806592016
2460314.1598042347,117.80382161458299,3.6847555556983322
2460314.1667485,111.25888671874993,3.6803512935721194
2460314.173692765,112.73195312499986,3.6787088868149405
2460314.1806370304,120.86516276041645,3.6776516497560494
2460314.1875812956,112.05192708333318,3.6745070815357566
2460314.194525561,112.56021484374985,3.6711945357955007
2460314.201469826,107.73272135416664,3.6685595969238327
2460314.2084140913,113.01425130208311,3.66506310398865
2460314.2153583565,112.82962239583321,3.6628632652564996
2460314.2223026217,102.97568359374964,3.659977032756449
2460314.229246887,102.41821614583326,3.656853433711138
2460314.236191152,107.68297526041654,3.6575553506696123
2460314.2431354173,112.68788411458324,3.6579803169061513
2460314.2500796826,110.46475260416628,3.6527720834780815
2460314.257023948,110.34843750000012,3.651075204571917
2460314.263968213,104.71505859375004,3.648461906085281
2460314.270912478,107.3195638020831,3.643336462555096
2460314.2778567444,104.07080729166653,3.6380875247908855
2460314.2848010096,100.81360026041632,3.63239583984589
2460314.291745275,109.12468750000001,3.629640383498204
2460314.2986895405,109.881809895833,3.6251521700673095
2460314.3056338057,112.5042252604165,3.618633664321134
2460314.3125780714,113.73128255208303,3.6118291010854464
2460314.3195223366,123.03280598958311,3.606137957678376
2460314.326466602,113.17413411458317,3.5956538504610225
2460314.333410867,113.04057942708339,3.5884305879584115
2460314.340355133,110.14202473958328,3.57879169303435
2460314.3472993984,111.70123697916642,3.5715968985853945
2460314.354243664,114.92408203124978,3.5638344876238244
2460314.3611879293,107.31055989583304,3.5543898357683097
2460314.368132195,119.65388020833325,3.5501330781983302
2460314.37507646,120.07992838541638,3.5442664805966633
2460314.3820207263,116.00170572916659,3.5347285601895053
2460314.388964992,110.06403645833309,3.528274682192705
2460314.3959092577,110.72012369791658,3.5264524220914155
2460314.402853523,107.76361328124979,3.520125770279529
2460314.409797789,108.52685546875016,3.5177785754762856
2460314.4167420547,107.13570963541649,3.512425496833373
2460314.4236863204,107.74682942708311,3.512366877198105
2460314.4306305856,109.99027343750004,3.510362198434791
2460314.437574852,114.73076171874997,3.510061797609952
2460314.4445191175,104.77500651041646,3.510603332814302
2460314.451463383,105.46519531249987,3.5089172925146266
2460314.4584076456,106.28260416666672,3.509442427215715
2460314.4653519113,104.34203125000006,3.5104915993129233
2460314.472296177,111.41458984374988,3.5130979951533963
2460314.479240443,111.34980468749988,3.514145351440195
2460314.4861847092,111.11620442708302,3.5151318102332083
2460314.493128975,117.4471809895834,3.519401938145394
2460314.500073241,114.83764322916643,3.5172763776847975
2460314.5070175068,107.71716796875019,3.5165948925769333
2460314.5139617734,111.35385416666638,3.5182948065536395
2460314.520906039,114.15630208333307,3.5203394198681965
2460314.5278503057,110.2752213541665,3.5200780403918714
2460314.5347945713,118.56088541666652,3.5239194529993974
2460314.5417388375,113.0932161458333,3.523058895648975
2460314.5486831036,113.78360026041643,3.524416523818852
2460314.5556273703,115.28958333333321,3.52674468296169
2460314.562571636,115.95904947916642,3.52464314903637
2460314.5695159025,115.98473958333322,3.5242838115768156
2460314.5764601687,119.17618489583326,3.5262735067721866
2460314.5834044353,113.30166666666658,3.52537166767347
2460314.5903487015,106.65923177083339,3.5235801340975836
2460314.5972929676,115.66971354166633,3.5261992542196183
2460314.604237234,113.82246744791655,3.5295037055038776
2460314.611181501,108.17037109374981,3.5269317606880386
2460314.618125767,108.85733723958326,3.526972382964852
2460314.6250700336,113.39873046875027,3.527893899088911
2460314.6320143,110.59014973958331,3.527022103554583
2460314.6389585664,102.40695312499975,3.5240423663918263
2460314.6459028334,105.48018880208322,3.530033673579037
2460314.6528471,108.39132812499975,3.5277334444331347
2460314.6597913667,102.40691406249987,3.5245055406803885
2460314.666735633,108.12705729166662,3.5252724670886106
2460314.6736799,110.71742187499997,3.5263262113930725
2460314.6806241665,106.67792968749988,3.5266568358572017
2460314.6875684336,107.37996744791674,3.5269544096548615
2460314.6945127,112.15404947916659,3.5273393958058663
2460314.7014569673,112.01251953124968,3.52559247452767
2460314.708401234,110.85091796874956,3.527166317515172
2460314.715345501,114.45281901041669,3.528758686650612
2460314.722289768,115.14565104166665,3.530647638577937
2460314.7292340347,115.5553059895833,3.531451372745597
2460314.7361783017,108.8228124999999,3.5283825195411533
2460314.743122569,113.18910807291665,3.5314246520928863
2460314.750066836,119.9264583333332,3.5334207661755017
2460314.7570111034,120.26209635416642,3.533705948226627
2460314.7639553705,117.61801432291652,3.5344469669740004
2460314.7708996376,116.48280598958338,3.5327146677672423
2460314.7778439047,111.50935546874977,3.532514620372339
2460314.784788172,117.96113932291671,3.5334529718106253
2460314.7917324393,115.95708333333307,3.5350005721029163
2460314.798676707,111.07349609374963,3.5329267802580673
2460314.805620974,103.26067057291675,3.5332781388071157
2460314.8125652415,108.52793619791646,3.53494167019683
2460314.819509509,120.37974609375003,3.539989984726295
2460314.8264537766,112.9765625,3.537000615776119
2460314.833398044,115.33339192708324,3.5389509224306948
2460314.840342311,109.64179687499957,3.5392300533288257
2460314.847286579,110.52409505208318,3.5397092917857793
2460314.8542308467,112.23708333333313,3.5409057392706074
2460314.8611751143,104.74423177083311,3.541392730666035
2460314.8681193823,114.93874348958313,3.542638391609809
2460314.8750636503,105.01653645833328,3.5426588559250543
2460314.8820079174,115.9697851562499,3.545777329040725
2460314.888952186,113.67622395833314,3.5477071097271917
2460314.8958964534,114.55111979166668,3.549723368766632
2460314.902840722,108.99751302083344,3.55062979875577
2460314.9097849894,111.16946614583321,3.5518227664385704
2460314.916729258,113.20813151041664,3.5562225749781664
2460314.9236735255,113.33660156250001,3.555387814772627
2460314.930617794,111.71001302083307,3.5585920780338687
2460314.9375620615,114.89432291666678,3.56310603947786
2460314.94450633,114.50098958333304,3.5659953055927787
2460314.951450598,108.73733723958321,3.56384673425926
2460314.9583948664,114.04270182291657,3.568202654330065
2460314.965339135,113.45300130208336,3.5680886046412232
2460314.972283403,109.59572916666669,3.5684210897970203
2460314.9792276714,112.51378906249981,3.568417267167519
2460314.98617194,116.63240234374946,3.5699471116455754
2460314.993116209,113.73918619791645,3.5702337325814466
2460315.000060477,115.6760091145831,3.56988028688204
2460315.0070047453,111.10624999999982,3.568783439049612
2460315.013949014,116.35873697916638,3.5724410828948128
2460315.0208932827,106.67969401041621,3.571092807319159
2460315.0278375517,105.19413411458329,3.5697748368282514
2460315.0347818206,109.00470052083286,3.569977973408033
2460315.0417260886,107.10883463541661,3.5697384270448307
2460315.0486703576,104.3233854166665,3.568119321304996
2460315.0556146265,109.05774088541664,3.5690233223069394
2460315.0625588954,110.07267578124963,3.569076330567679
2460315.0695031644,110.59629557291646,3.5673631787301687
2460315.0764474333,110.58390624999993,3.5671508343417107
2460315.0833917023,114.03888020833317,3.567315823777585
2460315.090335971,106.01290364583322,3.567205742372488
2460315.09728024,108.58712890624975,3.567664803207501
2460315.1042245096,113.62744140625,3.565827376929427
2460315.111168779,113.0576757812499,3.5673430231830103
2460315.118113048,119.78002604166674,3.5670598541431953
2460315.125057318,116.75783854166669,3.567300404829845
2460315.1320015867,108.14778645833303,3.5630848182853874
2460315.138945856,112.0620963541666,3.565763002881852
2460315.1458901255,105.88989583333326,3.5631029902607785
2460315.1528343954,114.16077473958315,3.567226722804742
2460315.1597786644,103.07923828124997,3.564894025589376
2460315.166722934,112.20112630208314,3.5683294589578023
2460315.173667204,111.79496093750004,3.5670727988994924
2460315.1806114735,119.43945963541653,3.571003017361216
2460315.1875557434,113.04827473958328,3.5677877449764757
2460315.194500013,120.32302734374996,3.569890858639918
2460315.2014442827,111.7263346354166,3.5670623878674523
2460315.2083885525,110.84102864583322,3.5674154527123743
2460315.2153328224,106.22141276041657,3.5654667480679882
2460315.2222770923,105.77917317708336,3.563174940072002
2460315.2292213626,110.16624999999992,3.5651766462643213
2460315.236165633,111.56283854166668,3.5636540918895308
2460315.243109903,106.65607421874999,3.5603269101838664
2460315.2500541727,119.45924479166631,3.561664018153055
2460315.256998443,107.96079427083289,3.555252493069277
2460315.2639427134,109.00171875000008,3.5541656920476936
2460315.2708869837,110.38655598958333,3.5492742922871865
2460315.277831254,108.47985026041654,3.5450973249455227
2460315.284775524,113.8779296875,3.5416575196596747
2460315.2917197947,115.40570312500024,3.5364545071003604
2460315.298664065,118.96351562499983,3.5294520977026873
2460315.305608336,109.92984374999985,3.521736092939888
2460315.312552606,112.2898242187498,3.5139060254524375
2460315.319496877,125.72296223958331,3.509242018947907
2460315.326441148,104.97468098958325,3.495082377155027
2460315.3333854186,104.68094726562474,3.4860224123466517
2460315.3403296894,107.03357096354148,3.477302218761835
2460315.3472739602,111.25666992187492,3.4687294468222523
2460315.354218231,115.25035481770828,3.4608126401066333
2460315.361162502,109.75298177083307,3.4510850275173497
2460315.3681067727,118.33364908854158,3.448423657906691
2460315.375051044,116.56458984374997,3.4390394547005587
2460315.381995315,114.54674479166654,3.4331021200541194
2460315.388939586,109.7667610677084,3.4277055176378544
2460315.3958838577,112.75076822916662,3.423749046755034
2460315.4028281285,112.28588216145847,3.421439007033611
2460315.4097724,108.77730468749996,3.4189874205547413
2460315.416716671,113.99078450520801,3.4182373927372534
2460315.423660943,107.3691861979167,3.4177325449030778
2460315.4306052146,120.04493489583335,3.422563134619423
2460315.4375494854,116.42520507812485,3.418984922343935
2460315.4444937576,117.2908170572914,3.4172950900624017
2460315.451438029,118.46569335937481,3.420841894457029
2460315.458382301,109.10394205729153,3.4206036133201034
2460315.4653265723,111.31088541666668,3.4247823779197866
2460315.472270844,117.60669921874994,3.4309194462736836
2460315.479215116,112.8037825520834,3.4349237598076527
2460315.486159388,111.22812174479168,3.4378539994715407
2460315.4931036597,113.41552083333333,3.4419220289759047
2460315.500047932,115.6688313802083,3.4467059444838495
2460315.5069922036,122.19820638020822,3.452612121818268
2460315.5139364754,110.62015299479178,3.45244812301949
2460315.520880748,112.70258138020806,3.4563697598436836
2460315.5278250203,115.28486653645844,3.4615564589888455
2460315.5347692925,117.28870768229187,3.463657683550219
2460315.5417135647,116.30800130208324,3.464444889787252
2460315.548657837,118.32548177083329,3.467718648739263
2460315.5556021095,115.76680989583322,3.469151056096804
2460315.5625463817,115.0522460937497,3.4705910531504642
2460315.5694906544,115.93339518229156,3.4716637139958144
2460315.576434927,121.96412109374994,3.47536449857671
2460315.5833791997,110.77300130208339,3.47191577254605
2460315.5903234724,112.26032226562513,3.4735900774791273
2460315.597267745,109.17656575520839,3.4754186592009124
2460315.6042120177,117.23149739583339,3.4767714732111603
2460315.6111562904,114.23139322916677,3.4741778592404153
2460315.6181005635,114.31501953124992,3.4738396134813665
2460315.6250448367,116.24293619791645,3.4740973529963366
2460315.6319891093,111.36324544270822,3.474046831519449
2460315.6389333825,117.00757812499978,3.4722861607878426
2460315.6458776556,111.98997070312483,3.471741112981663
2460315.6528219287,104.89783203124989,3.468581741415969
2460315.659766202,103.95263671875,3.467321052459726
2460315.666710475,111.08629882812495,3.4697753143481584
2460315.6736547486,110.51201497395807,3.469292087294607
2460315.680599022,112.56779296874977,3.469819845466548
2460315.6875432953,110.75622395833307,3.4677124584726156
2460315.694487569,109.32893554687492,3.467318766469241
2460315.7014318425,108.46040039062488,3.468398262322801
2460315.7083761166,106.48473958333307,3.46748752621188
2460315.7153203897,110.6391894531248,3.4704366306994507
2460315.722264664,109.81374348958327,3.4709114902989384
2460315.729208937,105.14225260416681,3.4705308780716955
2460315.736153211,113.58347005208316,3.472911074800907
2460315.743097485,111.64893880208335,3.4742578863115607
2460315.7500417586,113.69479817708316,3.4754285657720856
2460315.7569860327,114.41609374999992,3.4779668558367995
2460315.7639303072,113.90828450520819,3.478996334991051
2460315.770874581,111.79832356770824,3.4794413249105642
2460315.777818855,110.90201497395826,3.478004372358759
2460315.7847631294,107.87008138020838,3.4790908416855904
2460315.7917074035,111.89342122395828,3.4793325848616514
2460315.798651678,114.56713541666674,3.480015398950505
2460315.8055959526,109.34415039062485,3.4783098673946675
2460315.812540227,116.58724283854144,3.48040247613808
2460315.8194845016,105.78774088541665,3.476273527299188
2460315.826428776,104.59877929687491,3.4762178989682524
2460315.8333730507,103.48204101562487,3.475785604122764
2460315.840317325,102.89547526041679,3.473524975260722
2460315.8472615997,108.75812499999984,3.47522248309358
2460315.8542058747,114.36942382812488,3.476047902774047
2460315.8611501497,114.81478515624985,3.473123815631865
2460315.8680944243,107.99123697916654,3.471116948155147
2460315.8750386992,110.30609700520806,3.468048793430873
2460315.8819829742,115.05535156250001,3.4711819299401863
2460315.8889272497,112.5033756510414,3.467563270779991
2460315.8958715247,118.2317187499998,3.467966604013837
2460315.9028157997,106.91606770833339,3.4653900101668627
2460315.909760075,111.01906575520843,3.4657926610228516
2460315.91670435,112.29410481770826,3.466594153063791
2460315.9236486256,108.30957031249984,3.467013350784676
2460315.930592901,106.75221679687486,3.4671120622524048
2460315.9375371765,120.74092447916655,3.4723697579792563
2460315.9444814525,121.00244791666667,3.474864601347903
2460315.951425728,120.74321289062512,3.474241833380546
2460315.9583700034,114.32958333333333,3.4758781316799703
2460315.965314279,113.5352148437499,3.474531998429567
2460315.972258555,107.77144531250012,3.474110563100109
2460315.9792028307,110.46198242187468,3.4747135438996293
2460315.986147106,111.48881835937512,3.4776195442971054
2460315.9930913826,108.05757812499996,3.473883749987855
2460316.0000356585,109.38082682291663,3.474659670696516
2460316.0069799344,116.15176757812469,3.475542169371
2460316.013924211,118.60108072916653,3.47582955664601
2460316.020868487,115.87841796874984,3.473307399635639
2460316.0278127627,107.12263997395833,3.469771239257222
2460316.034757039,106.69304687499987,3.4682443144390813
2460316.0417013154,107.58203124999984,3.4661199576899455
2460316.048645592,105.64180989583338,3.463673925230942
2460316.055589866,112.9857389322915,3.462962226731038
2460316.062534141,106.15658203125001,3.45868933560253
2460316.069478418,111.87008138020853,3.4580441124779555
2460316.0764226946,118.14773111979139,3.455845804485484
2460316.0833669715,112.34886718749976,3.450403068007971
2460316.0903112483,113.41256835937504,3.4476178057808418
2460316.0972555247,114.67191406250004,3.4460882566363034
2460316.104199802,120.30700195312495,3.445446750856325
2460316.111144079,112.41863932291638,3.437906528033814
2460316.1180883558,113.91185546874992,3.435134595536305
2460316.125032633,110.03438151041671,3.4318734282482874
2460316.1319769104,111.28539713541659,3.4304661330829718
2460316.138921187,115.0080696614582,3.4256636602811628
2460316.1458654646,116.25908854166649,3.423351515539958
2460316.152809742,112.9379720052084,3.419659617168118
2460316.159754019,109.60137044270839,3.417162999160493
2460316.1666982966,113.4950162760415,3.418321355958437
2460316.1736425743,116.80309570312465,3.418801568306281
2460316.1805868517,113.18849934895827,3.420088068228939
2460316.187531129,111.57405924479174,3.417216962123971
2460316.194475407,116.5503515624999,3.4204908082286565
2460316.201419685,112.37496093749981,3.4190250857660787
2460316.208363963,118.0386328124999,3.4196049756635123
2460316.21530824,117.06641276041667,3.42035527783911
2460316.2222525184,114.32721354166658,3.4196484835821255
2460316.229196796,105.68483723958327,3.4172420991002226
2460316.2361410744,109.56372721354167,3.419631550653205
2460316.2430853527,105.91972656249982,3.417413178939348
2460316.2500296305,107.95347656249987,3.4175922743179257
2460316.2569739087,113.0569596354165,3.416103036029679
2460316.263918187,114.02132486979144,3.4139293662727552
2460316.2708624653,108.75873046874995,3.4119792834640124
2460316.2778067435,112.67146484374977,3.4107698534663218
2460316.2847510222,110.5889811197917,3.4038441188562154
2460316.2916953005,109.2196809895833,3.401782723486967
2460316.298639579,110.69226888020846,3.3986134433901527
2460316.3055838584,113.84872721354152,3.39445551470356
2460316.3125281367,118.11836263020814,3.3908275346087913
2460316.3194724154,115.11116536458319,3.3835508335768036
2460316.3264166946,118.26586263020833,3.380640941702446
2460316.3333609733,110.03426432291674,3.3684324565517247
2460316.340305252,112.38890625000006,3.3627516548175933
2460316.3472495317,114.62180664062498,3.354434456165127
2460316.3541938104,111.09895507812492,3.3443335860980135
2460316.3611380896,112.00433268229169,3.3374959888054705
2460316.3680823687,118.30140624999967,3.3349940795009547
2460316.375026648,117.0928027343748,3.327434758119182
2460316.381970927,112.98254882812505,3.320998837009283
2460316.388915207,119.28012369791668,3.3189194313740793
2460316.395859486,112.8030794270832,3.3102758674533397
2460316.4028037656,111.09173177083312,3.307906695506015
2460316.4097480453,113.5029882812499,3.3070082409770123
2460316.4166923244,117.87845377604147,3.3056446358681124
2460316.4236366046,104.62755859375011,3.3007863817190617
2460316.430580884,114.80756835937488,3.3028812120975553
2460316.437525164,112.19648111979147,3.302069662159235
2460316.444469444,108.21300781250011,3.3014111481729542
2460316.451413724,114.58956054687512,3.3045851464140075
2460316.458358004,115.25722656250021,3.304219259440836
2460316.4653022843,117.95374999999983,3.3074204589990432
2460316.4722465635,114.8554394531249,3.3064428479911494
2460316.4791908446,110.97770182291636,3.304587385036694
2460316.4861351247,111.16381835937484,3.308163863306767
2460316.493079405,110.40180013020806,3.3086929935603764
2460316.500023685,107.78496093749997,3.3102565082405273
2460316.5069679655,111.67932291666648,3.3142250762842025
2460316.513912246,115.37449544270824,3.3182164694094527
2460316.520856526,113.94566406250003,3.3199286176240483
2460316.5278008073,117.13475585937476,3.3223268102237795
2460316.534745088,119.52470052083329,3.325316287765057
2460316.5416893684,117.19296223958327,3.325313086477849
2460316.5486336495,121.17971354166654,3.3275144290387093
2460316.5555779305,113.35557942708328,3.324665597351131
2460316.5625222116,114.71899739583311,3.323289719518536
2460316.569466492,110.86789388020831,3.3232317827884006
2460316.5764107737,111.8555143229167,3.3223021972487206
2460316.5833550547,115.88827473958327,3.325256181412073
2460316.590299336,113.11823893229166,3.324784120343932
2460316.597243617,116.2994889322913,3.32614921663837
2460316.6041878983,116.9492903645834,3.3269336234651044
2460316.61113218,109.12578776041664,3.324672747881381
2460316.618076461,111.2961002604164,3.328229744671726
2460316.625020743,113.09674479166642,3.329352060500653
2460316.631965024,111.04663411458326,3.331007958678376
2460316.638909306,109.40233723958333,3.3317119864357907
2460316.645853588,106.01435221354147,3.330592643146387
2460316.652797869,104.22335611979163,3.3326449698703047
2460316.659742151,115.43593424479165,3.3356760181598832
2460316.666686433,104.83208007812512,3.332598685306678
2460316.673630715,114.50527343749991,3.3375440061210484
2460316.680574997,109.2124869791666,3.3367164893597416
2460316.687519279,116.09600260416664,3.3389971016342095
2460316.694463561,111.8412923177084,3.3387245796192526
2460316.701407843,112.50641927083325,3.3385799930319973
2460316.7083521257,111.58353190104162,3.340931556530803
2460316.715296408,114.88562499999973,3.3423815711162828
2460316.7222406906,108.4238281249997,3.344056414173609
2460316.7291849726,120.9809440104168,3.349019297903993
2460316.7361292555,108.27831705729143,3.3459092942917183
2460316.743073538,115.2545930989583,3.3505403649421375
2460316.7500178204,109.64146809895828,3.350002328858078
2460316.756962104,112.49927408854153,3.352351005931643
2460316.763906386,112.95498697916658,3.357708676739634
2460316.770850669,113.95611653645831,3.3600225539623607
2460316.777794952,115.8537011718751,3.3618411450474954
2460316.7847392354,118.67709309895827,3.367231800196826
2460316.791683518,110.53430664062489,3.367697824374442
2460316.7986278012,113.04271158854165,3.3699863443592726
2460316.805572084,109.27020833333336,3.370560621370491
2460316.8125163675,108.81520833333327,3.3691062614829366
2460316.819460651,109.06457356770822,3.368200316650461
2460316.8264049343,105.3059374999998,3.366041447753574
2460316.8333492177,108.22534830729137,3.364470348951009
2460316.840293501,109.38135742187478,3.3640766333741965
2460316.8472377844,112.51237630208318,3.3612078599825232
2460316.8541820683,113.92811523437483,3.360245701368783
2460316.861126352,114.09936848958341,3.3576986502363813
2460316.8680706355,114.07735351562481,3.3548825892785277
2460316.87501492,112.24255859375005,3.353226553906827
2460316.8819592036,112.46068684895802,3.352382260086408
2460316.8889034875,115.26070963541663,3.3514709945980106
2460316.8958477713,111.65977864583313,3.348752617525582
2460316.902792055,113.97771484375001,3.349948255037487
2460316.9097363395,114.79666992187504,3.350812448218502
2460316.916680624,112.01513020833333,3.350194192490305
2460316.923624908,116.90485026041658,3.351190246548168
2460316.9305691924,115.59474283854145,3.3518024023789468
2460316.9375134767,123.66888346354153,3.3568807940729815
2460316.9444577615,119.01423502604166,3.355617611140087
2460316.951402046,111.4237825520833,3.355693205279891
2460316.95834633,115.38064127604169,3.3589442530786413
2460316.965290615,115.85662760416683,3.3612371213658285
2460316.9722348996,117.66227213541667,3.3630602403413707
2460316.9791791844,117.80552734374987,3.36636781211968
2460316.986123469,113.94639973958328,3.3664031172728497
2460316.9930677544,114.15986002604161,3.3676674608448773
2460317.0000120397,109.73929687499988,3.3681026785636914
2460317.0069563244,110.06586588541677,3.368458145784024
2460317.013900609,117.02619140624984,3.372830875817122
2460317.020844895,116.68082682291636,3.3729736755523057
2460317.0277891797,104.00157877604154,3.3691111980822477
2460317.034733465,106.99945312499995,3.368294631981114
2460317.04167775,111.16469726562491,3.3694699726811828
2460317.048622036,111.83560221354158,3.3698377397734016
2460317.0555663216,115.11789062499975,3.368125395036486
2460317.0625106073,109.60044596354162,3.3646313543324013
2460317.069454893,116.27729166666677,3.364332778415759
2460317.0763991787,114.06930989583316,3.361221360961014
2460317.0833434644,110.59754557291642,3.356646064018065
2460317.09028775,115.44082356770832,3.3544710544886347
2460317.097232036,114.97364908854145,3.348504157273284
2460317.1041763215,110.66342122395842,3.343250503545254
2460317.1111206077,114.24971679687496,3.3402908363151345
2460317.118064894,111.04146809895822,3.334309289721151
2460317.12500918,119.86243815104156,3.332920493252283
2460317.131953466,115.43544596354165,3.3264797442034735
2460317.1388977524,116.89751302083323,3.32255277161418
2460317.1458420386,119.31008138020827,3.3186533701297094
2460317.152786325,117.18756510416658,3.3151633651104047
2460317.159730612,111.88121419270813,3.3096660652436856
2460317.1666748985,118.3250097656249,3.310178233843482
2460317.173619185,120.54007486979162,3.3083675160236172
2460317.1805634717,119.35084960937456,3.3043779545953935
2460317.1875077584,121.50119791666673,3.3062662489369803
2460317.194452045,110.67203450520826,3.3022655775773004
2460317.201396332,116.66902343749977,3.305159589820558
2460317.208340619,110.36138997395831,3.3025533122967166
2460317.215284906,113.11684895833302,3.3061559552368505
2460317.222229193,120.62666992187481,3.309266179274306
2460317.22917348,115.00083333333335,3.308778821093469
2460317.236117767,104.91690429687485,3.307388003645443
2460317.2430620547,112.42895182291659,3.3104543892491214
2460317.250006342,114.06917968750015,3.311994260619348
2460317.2569506294,110.4969303385413,3.311083888937942
2460317.263894917,116.25570312500001,3.313051750218253
2460317.2708392045,118.32045572916665,3.3128509655012066
2460317.277783492,120.37103515624979,3.3128216041490948
2460317.2847277797,114.4829394531248,3.309757552423386
2460317.2916720673,113.87948893229138,3.309423631037579
2460317.2986163553,113.82836263020833,3.3037076596994717
2460317.3055606433,120.8959114583334,3.3026330614189967
2460317.312504931,112.62635416666656,3.295730876936084
2460317.3194492194,113.00624348958308,3.2909017926823636
2460317.3263935074,120.62099934895802,3.2898038982015305
2460317.3333377955,115.31902669270828,3.283851692352524
2460317.340282083,108.73173177083315,3.2782712773369713
2460317.347226372,111.82377929687497,3.2770294367102593
2460317.35417066,124.63307617187486,3.27592643124499
2460317.3611149485,117.64209309895826,3.2692559621743595
2460317.368059237,116.7152180989583,3.26602072714765
2460317.3750035255,107.86925130208313,3.2602585179149295
2460317.381947814,116.8277213541666,3.259213464133754
2460317.388892103,111.80873046874997,3.256594309001875
2460317.395836392,112.07928385416653,3.25222104317321
2460317.4027806805,120.35878906250007,3.251390077865129
2460317.4097249694,115.56685872395838,3.249317717530815
2460317.4166692584,114.79576497395813,3.2465975831890694
2460317.4236135473,110.90793619791657,3.244799407043288
2460317.4305578363,115.79642578125019,3.24564828930442
2460317.4375021253,120.42401041666669,3.246404155302008
2460317.4444464147,112.31925781249993,3.2458322732412443
2460317.451390704,114.85750976562485,3.2449965681856967
2460317.4583349936,111.79621093750013,3.2433997112816577
2460317.4652792825,113.34997070312511,3.2427449752315614
2460317.4722235724,115.14789713541661,3.242790836886
2460317.479167862,116.58124348958336,3.2457046258733597
2460317.4861121513,115.04776041666673,3.2433998340701655
2460317.493056441,111.9400846354165,3.2428464930418177
2460317.5000007306,129.49442382812472,3.2492363209315
2460317.5069450205,116.68778645833345,3.246315960883718
2460317.5138893104,119.73948893229165,3.245591643895272
2460317.5208336003,119.41995117187496,3.2451655836424877
2460317.52777789,120.54924153645804,3.2469163701229653
2460317.5347221806,124.17688802083346,3.247275702165771
2460317.5416664705,119.35725585937477,3.245537067760388
2460317.5486107613,120.68580403645835,3.2443740601854985
2460317.555555051,118.63443359374999,3.2423940835262965
2460317.5624993416,125.32086588541672,3.242164550960366
2460317.569443632,123.80041992187473,3.2413433020468054
2460317.5763879227,124.67347656249997,3.2409140863712325
2460317.583332213,114.6249837239584,3.2358719317068565
2460317.5902765035,119.3347298177082,3.2366605031748565
2460317.5972207948,118.96118815104153,3.236358788174877
2460317.604165085,115.00069661458338,3.2349156360671114
2460317.611109376,116.53194010416671,3.237579899723791
2460317.618053667,106.99853190104129,3.233376032489527
2460317.624997958,115.31501953124992,3.2384398327107635
2460317.6319422494,113.4688248697915,3.241564548439247
2460317.6388865397,117.61369140624977,3.243817575556029
2460317.645830831,113.50966796874991,3.242640154107321
2460317.6527751214,118.15542968749999,3.2482770597781605
2460317.659719411,118.55041666666648,3.247393809951067
2460317.666663702,122.04107096354149,3.2499754872805293
2460317.6736079934,115.67909179687497,3.2502309500152204
2460317.6805522847,116.44510416666633,3.249074264973533
2460317.687496576,116.26809244791654,3.2495274260056224
2460317.694440868,115.94616861979148,3.249072503178843
2460317.7013851595,116.37913085937514,3.252109090769423
2460317.7083294517,118.07880208333336,3.252438448320064
2460317.715273743,118.42648763020831,3.2521044005750572
2460317.7222180353,116.30844726562479,3.2526624562330597
2460317.729162327,125.18969075520833,3.2562476321437224
2460317.7361066192,118.2943326822915,3.255333857958919
2460317.743050911,116.30601562499972,3.255877058025254
2460317.749995203,114.03036783854168,3.2576697227631044
2460317.7569394954,119.27644531250007,3.260450207914472
2460317.7638837877,117.80428710937485,3.260723207504494
2460317.7708280804,121.44423177083338,3.262522410176162
2460317.7777723726,118.10416015625015,3.2632017627227277
2460317.7847166653,116.33529947916668,3.2635315938921923
2460317.791660958,113.42589843749981,3.262440920692999
2460317.79860525,112.52191731770836,3.262026263862396
2460317.805549543,114.16414713541644,3.261948990402422
2460317.812493836,122.48619466145828,3.2626887563853355
2460317.819438129,115.8846354166664,3.2601178087883302
2460317.8263824214,115.35312499999993,3.2571195751208637
2460317.8333267146,122.96332031249995,3.2582189477696186
2460317.8402710077,114.83901692708316,3.252498020166185
2460317.847215301,112.9161588541665,3.2500402740950296
2460317.854159594,115.9495345052084,3.2478643956861757
2460317.861103887,122.02231770833305,3.247829457257115
2460317.8680481804,113.08575520833331,3.24326406426156
2460317.8749924744,107.65866210937504,3.2428951452272354
2460317.8819367676,116.21073567708329,3.248682133721008
2460317.888881061,116.00873372395836,3.2461646488342555
2460317.895825355,117.61719726562494,3.245666105548794
2460317.902769648,120.4154134114583,3.2486431475936257
2460317.9097139426,121.40124348958336,3.248453709541407
2460317.916658236,128.39469401041666,3.253036163701617
2460317.9236025293,123.66826822916664,3.2498056926444203
2460317.930546824,118.81436523437485,3.247922117449683
2460317.9374911175,122.60859374999988,3.248154848457124
2460317.944435412,117.89213867187466,3.24716812125128
2460317.951379706,119.47836914062493,3.2477172993562267
2460317.9583240007,117.11288411458342,3.2474988859136347
2460317.965268295,117.24012695312497,3.2460474487911104
2460317.972212589,115.29295572916665,3.2475584124950743
2460317.9791568834,114.5099544270832,3.2462335278787595
2460317.986101178,114.17377929687503,3.2466275464171783
2460317.9930454725,118.10967122395839,3.248124769207626
2460317.999989767,116.94237955729159,3.248159462442995
2460318.006934062,117.60083658854153,3.2487428550106716
2460318.0138783567,115.9776106770834,3.248274647613632
2460318.0208226517,111.28804361979185,3.249640325203345
2460318.0277669467,106.20314453124986,3.2487275063415573
2460318.0347112417,111.47650065104153,3.250941508054614
2460318.0416555367,116.46306640624971,3.253150549780876
2460318.0485998318,115.12638020833326,3.255338266177002
2460318.055544127,121.45483398437484,3.2569492289418775
2460318.062488422,117.60951497395824,3.2576757067967965
2460318.0694327173,117.44278320312499,3.253378821438474
2460318.0763770128,115.0808235677082,3.2533274884150605
2460318.0833213083,117.90783528645822,3.2507196062514523
2460318.0902656037,117.90705078124999,3.249511125811082
2460318.097209899,123.17468098958336,3.2469282468815615
2460318.104154195,124.7572786458333,3.2440240494375505
2460318.1110984907,116.80798177083336,3.2369668247655903
2460318.1180427866,120.43998372395815,3.233216295294019
2460318.1249870826,117.4940950520833,3.226582807516701
2460318.131931379,115.69273111979176,3.2227745419919613
2460318.1388756745,117.17378255208344,3.2193416913162607
2460318.145819971,120.88817057291635,3.213003573559469
2460318.152764267,121.35499348958304,3.210332919561059
2460318.1597085632,115.3391959635416,3.2051247977765205
2460318.1666528597,126.41417643229154,3.2042865868198227
2460318.1735971556,121.53334960937507,3.19804312665064
2460318.180541452,119.63222981770802,3.1956761632707686
2460318.1874857484,117.1423925781249,3.1922156821181287
2460318.1944300453,121.2754069010416,3.190795016245071
2460318.201374342,110.9802832031249,3.1844286801590687
2460318.208318639,115.63873372395817,3.1845868796123207
2460318.215262935,113.04559244791653,3.18500263680616
2460318.222207232,107.57520507812478,3.182914939317986
2460318.229151529,104.87883789062501,3.1822879546138108
2460318.2360958257,110.23637044270845,3.1869744704359735
2460318.2430401235,118.81596028645815,3.189145558674921
2460318.2499844204,118.23004231770831,3.1896616434234226
2460318.2569287177,116.48209960937477,3.1907808248885505
2460318.263873015,116.09047200520838,3.1891376658862822
2460318.270817312,112.1675813802082,3.1903347743541635
2460318.2777616098,114.41360677083321,3.1895305607549775
2460318.284705907,115.53634765625004,3.1912457234477523
2460318.2916502045,124.38990234374978,3.193101012358916
2460318.2985945023,118.13047526041662,3.191685040084352
2460318.3055388,117.85183268229154,3.1883139977067874
2460318.3124830974,110.91795898437506,3.1844542269632043
2460318.3194273952,126.66268880208327,3.184688277697539
2460318.3263716935,116.72209960937501,3.1766370697776263
2460318.3333159913,119.44580403645826,3.1746283623281912
2460318.340260289,116.84977213541652,3.1707900469213843
2460318.3472045874,125.03483723958334,3.169136679991021
2460318.3541488857,119.9184114583333,3.1651432095775025
2460318.3610931835,119.13140950520847,3.1590692115759436
2460318.3680374823,114.40676432291669,3.1541113275371147
2460318.3749817805,121.51894205729134,3.15176191868046
2460318.381926079,114.04846679687489,3.1460098060231374
2460318.3888703776,114.2140657552083,3.1406423108140324
2460318.3958146763,115.35654622395835,3.137806153603581
2460318.402758975,122.53929361979165,3.1383121672158114
2460318.4097032733,113.94786783854124,3.1331698669487333
2460318.416647572,110.06679687500007,3.1318008540707414
2460318.4235918713,117.14972005208331,3.1302909295459957
2460318.43053617,117.97492513020825,3.130758675644833
2460318.437480469,113.52567057291678,3.127176150587126
2460318.4444247684,109.29867513020842,3.126759985425761
2460318.451369067,116.50543945312484,3.125913357792663
2460318.458313367,116.38699544270821,3.1251444565240853
2460318.4652576656,108.06382486979162,3.123675161161555
2460318.4722019653,115.079833984375,3.1271332332890776
2460318.479146265,111.29962890624984,3.1266069961064975
2460318.4860905637,116.82124674479155,3.130749345251236
2460318.493034864,123.07663736979157,3.131880362296141
2460318.499979163,121.63292317708328,3.131154785806857
2460318.506923463,115.56007812499986,3.1272521480097573
2460318.513867763,120.87311523437499,3.12874239427922
2460318.520812063,120.36782877604173,3.126135522516187
2460318.5277563627,120.36611328124975,3.1266829489071775
2460318.534700663,121.78716471354149,3.124619892727823
2460318.5416449625,115.17408528645835,3.122026968141079
2460318.548589263,115.41128255208316,3.1211628109518466
2460318.5555335633,118.24213867187488,3.120312902841269
2460318.5624778634,117.35543294270853,3.1179435463888563
2460318.569422164,120.08172526041669,3.1169891516519392
2460318.576366464,114.50373046875013,3.1141940797951393
2460318.5833107647,116.72800455729141,3.11443799977191
2460318.5902550654,117.97396484374985,3.114367742358432
2460318.597199366,118.90421223958326,3.1143828080458706
2460318.6041436666,116.42446940104143,3.113897262377407
2460318.611087967,114.46027994791666,3.113842547214824
2460318.6180322682,113.72500325520832,3.1142937531836883
2460318.6249765693,118.50050130208335,3.1156250652405935
2460318.63192087,115.88405598958298,3.115916693013815
2460318.638865171,123.5822298177083,3.1175075927214717
2460318.645809472,119.07127929687492,3.1204609952995117
2460318.6527537736,121.54553385416648,3.1223560428395936
2460318.6596980747,123.09897460937509,3.122014800281336
2460318.666642376,120.7663704427082,3.1239979963267834
2460318.6735866773,119.24083333333313,3.123733523367782
2460318.680530979,116.7737402343749,3.1250213057493226
2460318.6874752804,118.18613932291662,3.1247317584127465
2460318.6944195824,118.84531901041676,3.1247564437894204
2460318.701363884,121.46605143229165,3.1274071389360576
2460318.708308186,122.85969075520809,3.1290016724627177
2460318.7152524875,121.92699869791674,3.1297830743381607
2460318.723354173,122.95254882812492,3.8356025217025347
2460318.7291410915,120.15041341145827,3.1325033749310793
2460318.736085394,123.65903971354176,3.1362583076960617
2460318.7430296955,117.0342805989582,3.1375362830241786
2460318.7499739975,114.98340820312463,3.138879750192531
2460318.7569183,116.45551757812488,3.142508945293731
2460318.7638626024,121.99431640624987,3.144012538435426
2460318.770806905,121.93914062499971,3.1435076204168175
2460318.7777512074,120.03795572916654,3.1436174631934186
2460318.78469551,115.63449707031236,3.8506119926414994
2460318.7916398128,117.8968717447915,3.1418405680385146
2460318.798584115,116.26833007812502,3.1422826979825147
2460318.8055284177,121.5999121093749,3.1443048359348382
2460318.8124727206,128.88927083333314,3.143276916390965
2460318.8194170236,128.70052083333317,3.1420004016891325
2460318.8263613265,113.60372721354179,3.137226154022395
2460318.8333056294,113.09823242187485,3.1353383273088444
2460318.840249933,112.3197688802082,3.1324986924534843
2460318.847194236,113.28493489583327,3.131116116511605
2460318.854138539,116.70222005208325,3.128104003941671
2460318.8610828426,119.58016601562485,3.1287945748582646
2460318.868027146,119.52835611979147,3.128579736133957
2460318.8749714494,118.06031575520835,3.1267394355381306
2460318.881915753,120.70526041666669,3.1288337926604513
2460318.8888600566,118.80203450520806,3.124233621634758
2460318.89580436,118.19111002604147,3.1257298164300216
2460318.9027486644,115.07047526041667,3.1225121452502473
2460318.909692968,115.16398111979136,3.1229417126350483
2460318.9166372716,121.05158203124999,3.122693039184853
2460318.9235815755,129.00080729166666,3.1229788254135813
2460318.9316832637,125.13991699218718,3.821835802810948
2460318.937470184,125.73795572916652,3.119752145300565
2460318.9444144876,129.57430989583327,3.1187233374565544
2460318.951358792,126.67554036458311,3.115279285507871
2460318.9583030962,122.81747721354168,3.112511811736228
2460318.9652474006,125.82717122395813,3.1119717023092606
2460318.972191706,114.90806640624972,3.1068699469340473
2460318.97913601,120.09525065104162,3.1059555995067956
2460318.9860803145,110.29774739583324,3.1016930992420675
2460318.9930246193,114.99309895833342,3.102593448425706
2460318.999968924,122.08386393229148,3.1068570601213703
2460319.0069132284,116.80696940104144,3.1043045291287776
2460319.013857534,118.1201725260418,3.1056885657142366
2460319.020801839,116.65928385416662,3.1069559626624272
2460319.0277461433,107.459202473958,3.108712760050698
2460319.034690449,111.1832910156251,3.1100143003880056
2460319.041634754,111.84494466145831,3.109604097275653
2460319.0485790595,118.56794270833325,3.1108240267753637
2460319.0555233643,111.55364257812501,3.1114603342826364
2460319.06246767,112.44313476562486,3.1108422831449793
2460319.069411976,121.11057291666627,3.1128004686055952
2460319.076356281,120.17529622395826,3.1123281210442015
2460319.083300587,123.1027376302083,3.113266391902448
2460319.0902448925,122.68207682291661,3.1112529644743696
2460319.0971891982,120.022705078125,3.106675822523423
2460319.104133504,113.66514973958313,3.103416623803339
2460319.11107781,121.360813802083,3.101108319340872
2460319.118022116,113.65374999999995,3.097263067182642
2460319.124966422,116.65308268229153,3.096461453481924
2460319.1319107283,117.01644531249985,3.0916382027989275
2460319.1388550345,121.77797200520838,3.0913793995784364
2460319.1457993407,119.2927083333331,3.089152958217362
2460319.152743647,115.67988932291655,3.0867292312742927
2460319.1596879535,117.28207356770811,3.0844102822893285
2460319.1666322597,119.47140299479163,3.0828872820185222
2460319.173576567,117.29728841145818,3.0778957581387085
2460319.180520873,125.57675781249993,3.078749526817709
2460319.1874651797,119.1075065104166,3.0697694990221005
2460319.194409487,110.84789713541659,3.064841718780777
2460319.2013537935,110.73826171875014,3.0629550128806216
2460319.2082981,106.2263899739584,3.0560087670901717
2460319.2152424078,112.26754231770808,3.0564483877507276
2460319.2221867144,116.74631184895846,3.0574571252021325
2460319.229131022,119.84454427083331,3.057790917867521
2460319.2360753287,114.99219401041653,3.0552621662347885
2460319.2430196363,112.72979817708331,3.0581104361531692
2460319.2499639434,114.80574218750023,3.056432393658396
2460319.4721818143,109.74430013020826,3.0105387190068975
2460319.479126124,111.13605794270809,3.007566171475958
2460319.486070434,110.2739811197918,3.0061307193260567
2460319.493014744,114.14119140624992,3.005292716299859
2460319.499959054,115.19560872395823,3.0050028219130382
2460319.506903364,108.78302408854172,3.0008218783549445
2460319.513847674,110.12454752604162,3.000649346432887
2460319.5207919837,111.11672851562496,2.9988665764189992
2460319.5277362945,111.31940755208325,2.998124569574644
2460319.534680605,113.9322330729163,2.99923118073365
2460319.5416249153,112.6614615885416,2.9990565747423457
2460319.5485692252,116.45079752604154,3.000929537109513
2460319.5555135366,119.73044596354173,3.00073433730044
2460319.562457847,113.47859049479166,2.9981237592353356
2460319.569402158,109.95499023437485,2.9956468640688567
2460319.576346468,115.8722135416665,2.99643377196417
2460319.5832907795,105.99773763020812,2.9918292346189443
2460319.5902350903,107.8000944010417,2.993932569066377
2460319.5971794017,109.06987304687482,2.991542991170954
2460319.604123712,103.48233398437499,2.990849723138124
2460319.6110680234,112.75480143229167,2.9925479242271855
2460319.618012335,111.80209635416668,2.994430640448176
2460319.624956646,104.80823567708346,2.991494326965434
2460319.6319009573,114.56265625000015,2.994675203810971
2460319.638845269,112.60671223958313,2.9952323805837793
2460319.6457895804,110.13913411458331,2.9950329409306753
2460319.652733892,112.57068033854164,2.99868407276846
2460319.659678204,108.08772460937462,2.998955953813557
2460319.666622516,110.41044270833329,2.9986944704241263
2460319.6735668276,108.78988281249985,2.9984279752198884
2460319.6805111393,114.26417968749986,2.999361336851894
2460319.687455451,114.44471679687497,3.000822983516999
2460319.694399763,115.37489908854165,3.0023624811155787
2460319.7013440756,111.77374999999984,3.004233070624782
2460319.7082883874,116.50790690104152,3.004024617235173
2460319.7152326996,110.30517903645841,3.002799543030111
2460319.722177012,109.25511067708324,3.0003560829086102
2460319.7291213246,107.80751302083324,3.0035397733556675
2460319.7360656373,111.73115885416655,3.0050756646762107
2460319.7430099496,116.94738281249995,3.00552721252442
2460319.7499542623,109.80054036458341,3.0043753363745016
2460319.756898575,113.1568391927082,3.0029956843544743
2460319.7638428877,113.35446289062475,3.004430954924636
2460319.770787201,114.64851888020833,3.000516763804269
2460319.7777315136,106.84084635416669,2.99688249569415
2460319.784675827,115.6881608072916,2.9983779841753346
2460319.7916201395,114.4552766927083,2.999670596972497
2460319.7985644527,109.23041992187503,2.996231710723667
2460319.805508766,112.16396809895848,2.996642815605768
2460319.8124530795,109.76027343749986,2.9957919336242664
2460319.819397393,109.29943684895807,2.992213276323605
2460319.826341707,108.18804361979164,2.9882385855281175
2460319.8332860195,108.67171549479144,2.986137087407563
2460319.840230333,116.25026367187486,2.987734355900218
2460319.847174647,117.00667968750015,2.985015898892731
2460319.8541189604,114.63889648437483,2.985485956188942
2460319.861063275,115.19164388020818,2.981894414635912
2460319.8680075887,118.03506835937485,2.9819174310154453
2460319.8749519023,108.40571940104171,2.982017325612089
2460319.8818962164,111.47931966145825,2.9814484914939734
2460319.8888405305,106.03656249999995,2.9831177659827035
2460319.895784845,110.90760742187483,2.9868019067959914
2460319.902729159,117.11184895833337,2.990290902684743
2460319.9096734733,112.44127929687495,2.9898520737048018
2460319.916617788,118.92467122395828,2.9895390178190193
2460319.9235621025,117.80347330729167,2.9909946632988373
2460319.930506417,116.77643880208325,2.988253530960653
2460319.9374507316,111.99518229166642,2.9875012193120454
2460319.944395046,110.83108723958321,2.9852405560156607
2460319.951339361,113.8960253906248,2.984989861429717
2460319.9582836763,117.10812174479179,2.9843270031990605
2460319.965227991,105.33414062499985,2.976398132546626
2460319.972172306,115.17594726562493,2.9800097282200713
2460319.979116621,112.09600260416649,2.9770344388156986
2460319.986060936,111.58647135416686,2.9747465132698516
2460319.993005251,118.23059244791648,2.976150239707552
2460319.9999495666,112.2096744791664,2.973231624640274
2460320.006893882,113.76207356770813,2.971578668255834
2460320.0138381976,112.95909179687503,2.9711710467816737
2460320.020782513,110.87328450520833,2.970294150636054
2460320.0277268286,110.43821940104135,2.969980790572477
2460320.0346711446,107.62067057291672,2.97118833721152
2460320.04161546,108.75860677083317,2.9725847383033486
2460320.048559776,110.23925130208302,2.975458063265006
2460320.0555040915,110.83234700520825,2.9733915283684627
2460320.062448408,109.99058593749987,2.973597153922679
2460320.0693927244,110.85347656250012,2.9750952266609345
2460320.07633704,112.7923079427084,2.974194726179183
2460320.0832813564,112.93896158854159,2.973200459230503
2460320.090225673,116.52237955729136,2.973957502738628
2460320.0971699893,117.95124999999992,2.9721960343322826
2460320.1041143057,110.22916666666652,2.9683624493487453
2460320.111058622,118.67260416666643,2.9698333288463847
2460320.1180029386,117.62134114583341,2.969875854746116
2460320.1249472555,114.03265299479153,2.9675502922230277
2460320.131891572,118.33823893229176,2.96923566668805
2460320.138835889,118.02127278645821,2.9684600320298014
2460320.145780206,116.76745768229148,2.9679619866834432
2460320.152724523,116.1556770833331,2.965283285202707
2460320.15966884,115.20580729166643,2.964658360975849
2460320.166613157,108.86984700520831,2.9594216635800135
2460320.1735574743,110.57227213541653,2.9573654466614747
2460320.1805017916,108.44790690104158,2.953153344621995
2460320.187446109,111.04663411458311,2.949602080125114
2460320.1943904264,107.53946289062485,2.942073836028411
2460320.201334744,109.87988606770841,2.9367258451513814
2460320.2082790616,107.2640299479167,2.932626324589221
2460320.2152233794,113.99226888020833,2.931408182787368
2460320.222167697,115.66454427083333,2.9290372894562844
2460320.229112014,116.58360677083328,2.927792129508875
2460320.2360563325,118.58606119791648,2.926707151999917
2460320.2430006503,119.80133463541658,2.9288307538934926
2460320.249944968,113.35747395833323,2.9265856443832052
2460320.256889287,110.48459309895816,2.9275165767289537
2460320.2638336048,115.33865559895821,2.9292444127410704
2460320.2707779235,107.80350260416678,2.92744939676871
2460320.2777222414,114.17943684895818,2.932182500007609
2460320.28466656,116.49664062500005,2.936828128103727
2460320.2916108784,120.5849055989582,2.9428592956156012
2460320.2985551967,121.12951497395836,2.9437124838645645
2460320.305499516,115.14430338541676,2.9397648091877837
2460320.3124438343,119.58010091145813,2.93908281196789
2460320.319388153,119.28827799479177,2.9375705615377274
2460320.3263324723,116.63439453124995,2.938995616260811
2460320.333276791,119.0407161458332,2.9371299225765335
2460320.3402211103,119.08720052083315,2.9322716618819897
2460320.3471654295,115.6582486979167,2.9298455591352894
2460320.3541097487,105.31760091145831,2.925916026970702
2460320.361054068,112.09349934895818,2.929956118764675
2460320.367998387,116.97621419270824,2.9271823315070464
2460320.3749427064,116.14245768229148,2.9244323821146216
2460320.3818870257,115.9011067708334,2.9227018381209415
2460320.3888313454,114.81621093749982,2.9223031740935865
2460320.395775665,115.4017252604167,2.92249629397505
2460320.4027199848,112.73355468750015,2.92242072932371
2460320.4096643045,111.41363606770831,2.92133968017316
2460320.4166086246,111.72798828125012,2.918448445991054
2460320.4235529443,111.46107096354156,2.9175009430244283
2460320.430497264,111.03906901041637,2.915822535512584
2460320.437441584,113.37529622395823,2.9164908950123594
2460320.4443859044,108.51065429687485,2.912779604030869
2460320.4513302245,107.6991731770833,2.910162672248605
2460320.458274545,115.20811523437472,2.9106724105252866
2460320.465218866,114.55732421875003,2.9083022626272843
2460320.472163186,117.94685872395819,2.906690733155544
2460320.4791075066,111.25109700520822,2.9046084034101702
2460320.486051827,117.5268847656251,2.905253564915471
2460320.4929961483,117.02068359374971,2.9051408016758393
2460320.4999404685,119.06229817708315,2.9052911737972646
2460320.5068847896,121.73156249999995,2.9049270379339016
2460320.5138291107,123.82061848958301,2.9052672904683265
2460320.5207734318,122.51496744791682,2.9022091095677447
2460320.527717753,114.76877278645831,2.8971818091591097
2460320.534662074,121.83678059895813,2.897235699253558
2460320.541606395,111.4216601562498,2.893665222443851
2460320.548550716,109.40073893229146,2.8930380483469045
2460320.555495037,112.14786458333326,2.8928386678986997
2460320.5624393593,108.87382161458329,2.889295637686798
2460320.569383681,109.96794596354145,2.890230164039489
2460320.5763280024,109.84228190104174,2.8877702985325997
2460320.583272324,116.93672851562496,2.8924175795468123
2460320.590216646,117.2294628906249,2.8922979124906045
2460320.5971609675,111.73509440104151,2.8892460797048365
2460320.60410529,116.200970052083,2.890016631638241
2460320.6110496116,107.74583007812498,2.8865015710624906
2460320.617993934,108.99036783854142,2.886997470053769
2460320.624938256,107.35532877604162,2.8849430366006987
2460320.6318825786,109.73057617187503,2.8868443807340434
2460320.638826901,109.39071614583297,2.8852790404738866
2460320.645771223,115.40951171874985,2.8856229389070815
2460320.6527155456,116.78680013020812,2.8858328555179216
2460320.659659868,115.9643847656248,2.8854116273910635
2460320.666604191,117.68876627604156,2.884067143336344
2460320.6735485136,116.91208658854173,2.8842472891922166
2460320.6804928365,111.52882161458335,2.880968538110366
2460320.6874371595,113.06059570312482,2.8814646040905316
2460320.6943814824,119.95659830729149,2.8835111707638728
2460320.7013258054,119.01888671874985,2.8844423319539882
2460320.7082701284,119.57858398437475,2.8840531542745382
2460320.7152144513,121.6331575520832,2.8850025809784836
2460320.7221587747,121.16721679687498,2.8827004158466654
2460320.729103098,119.86444010416653,2.8822117184578087
2460320.7360474216,117.7943880208333,2.8807652459366637
2460320.742991745,115.41587239583305,2.8763093777942763
2460320.7499360684,115.66085611979163,2.8739346070727407
2460320.7568803923,112.035774739583,2.8723276829776054
2460320.7638247157,111.11205403645818,2.868106252905159
2460320.7707690396,116.93581380208343,2.867663014947046
2460320.777713364,112.76548828124972,2.8643781632585665
2460320.784657688,111.68388020833315,2.862711007285569
2460320.791602012,112.56673177083319,2.864161299525227
2460320.798546336,114.33088867187477,2.8614285923002023
2460320.80549066,110.31204752604162,2.860583188543236
2460320.8124349844,114.48160156249985,2.8618303095635658
2460320.8193793087,115.84882812500003,2.861471688254481
2460320.8263236335,109.82333658854138,2.8607055393255236
2460320.8332679574,115.00194661458333,2.8612215332925577
2460320.8402122823,109.40054361979173,2.857792895265231
2460320.847156607,113.2406510416666,2.8584634992094977
2460320.854100932,120.66946940104162,2.8604826785716404
2460320.8610452567,121.69756184895823,2.859952957742534
2460320.8679895815,116.57333658854168,2.858582291418644
2460320.8749339064,121.97006184895827,2.862077455765631
2460320.881878231,120.66304687499981,2.8607769191350862
2460320.888822557,122.96215494791643,2.8640759519756434
2460320.8957668818,123.94656901041662,2.8632523536874603
2460320.9027112075,118.79672200520827,2.8630408234375526
2460320.9096555323,125.94356770833322,2.870344314780357
2460320.916599858,118.8797981770834,2.8661067687976742
2460320.9235441834,117.92915039062488,2.8670245390813527
2460320.930488509,119.8752897135417,2.8659219360674637
2460320.937432835,121.93276692708316,2.8653182883851795
2460320.9443771606,116.29570963541664,2.8621054588851824
2460320.9513214864,116.0085156249999,2.8620063108146963
2460320.9582658126,113.7197558593748,2.8595796959971786
2460320.9652101384,118.91789062499993,2.85841096165989
2460320.9721544646,121.11518554687518,2.8569104107171177
2460320.979098791,114.96691731770822,2.8540245658364127
2460320.9860431165,119.22109700520832,2.855446362633934
2460320.992987443,111.28742513020809,2.8500025678417913
2460320.9999317694,122.70785481770842,2.8527022949908027
2460321.0068760957,119.78572916666644,2.847923105419359
2460321.0138204223,114.7630533854167,2.8451778951400075
2460321.020764749,120.98553385416653,2.8449330721633586
2460321.0277090757,119.2435514322918,2.844601780412127
2460321.034653403,117.88199869791652,2.8448207230430356
2460321.0415977295,117.86443359374971,2.843480468446723
2460321.0485420567,116.20139322916641,2.8417441295100407
2460321.0554863834,113.78591145833327,2.841665444998032
2460321.062430708,119.46126953124985,2.8428431598238864
2460321.069375035,118.76725911458318,2.8427774584803758
2460321.076319363,117.68601562499983,2.8403817092220933
2460321.08326369,123.39501627604159,2.841691221789432
2460321.0902080173,119.86359374999999,2.8388512995698227
2460321.097152345,115.80012695312477,2.8363244089162514
2460321.1040966725,120.39776692708331,2.8378733428716143
2460321.1110410006,126.78125,2.838163663102828
2460321.117985328,122.55273763020841,2.835515905164525
2460321.124929656,120.03668294270847,2.8321449503130958
2460321.131873984,117.17124023437509,2.830455404543487
2460321.1388183115,121.55075520833331,2.829574917467643
2460321.1457626396,118.23460611979165,2.8273376530137724
2460321.152706968,117.1225130208333,2.8267774260791714
2460321.159651296,120.84549804687504,2.8278996736044104
2460321.1665956248,113.57995117187481,2.825408956735131
2460321.173539953,111.99325520833327,2.825139547036589
2460321.1804842814,117.0541276041666,2.827991332810926
2460321.18742861,112.79869140625003,2.825100967017574
2460321.1943729385,113.06336588541642,2.824483828582174
2460321.2013172675,111.6783235677082,2.821759440643699
2460321.208261596,111.84483398437517,2.8229137182530892
2460321.2152059246,110.05579427083315,2.8198732619597813
2460321.222150254,116.03528971354172,2.8187361788097873
2460321.229094583,116.91198893229164,2.817425906854989
2460321.236038912,121.06233398437507,2.81735377427869
2460321.242983241,114.49906901041686,2.8166224804231543
2460321.2499275706,116.22792968749991,2.8135324701364866
2460321.2568718996,111.3847493489581,2.8125913756258814
2460321.2638162295,117.31720703125013,2.8153034752488764
2460321.2707605585,117.97263346354141,2.815294237809813
2460321.2777048885,113.7209016927083,2.8158164118092124
2460321.284649218,117.0029166666668,2.8171800216731744
2460321.291593548,116.61646158854167,2.8149455400969186
2460321.298537878,124.6463151041665,2.8152994545083465
2460321.3054822073,119.91832356770799,2.812484464503775
2460321.3124265373,112.62627929687476,2.8066983809280934
2460321.3193708677,109.06228190104154,2.804812155735173
2460321.3263151976,112.10886393229173,2.807461022302494
2460321.333259528,113.90575520833318,2.806340213627901
2460321.3402038584,110.02583984374996,2.800461269103525
2460321.347148189,112.03588216145818,2.7977312502362595
2460321.3540925193,115.56150716145824,2.7972489501723916
2460321.3610368497,114.25357096354158,2.796202503102238
2460321.3679811805,118.33549804687482,2.796096026655894
2460321.374925511,115.04459960937493,2.793859765953602
2460321.381869842,110.76500976562465,2.790313275785508
2460321.388814173,108.64975260416668,2.789039344579303
2460321.3957585036,109.74261393229153,2.791688128397461
2460321.402702835,109.33375976562486,2.789859955692607
2460321.409647166,115.40972005208339,2.7902460382517944
2460321.416591497,107.1226725260414,2.788084685397406
2460321.4235358285,108.63527669270827,2.791891551241163
2460321.43048016,113.32590820312498,2.7952453097530428
2460321.437424491,112.73893880208334,2.7911484791741024
2460321.444368823,111.77980794270827,2.7911961596316517
2460321.4513131543,107.36998372395828,2.7907292165200466
2460321.458257486,112.97867187499985,2.7930235196819453
2460321.465201818,108.11072265624989,2.7900678230556015
2460321.4721461493,105.16451822916649,2.7898059246012727
2460321.4790904815,109.88867187500016,2.789966450475474
2460321.486034814,105.38696614583326,2.7877116746919324
2460321.492979146,114.45711263020833,2.7882832393786683
2460321.4999234774,110.2890332031249,2.7879436863865643
2460321.5068678097,112.83528320312507,2.787877423001414
2460321.513812142,109.24844401041658,2.788059084530481
2460321.520756475,117.17531575520827,2.7896745297021543
2460321.5277008074,114.9703450520833,2.787134570439285
2460321.5346451397,115.16101888020846,2.785656201433057
2460321.541589473,115.21132161458308,2.7842886457860203
2460321.548533805,116.05704427083326,2.7829273492449644
2460321.5554781384,111.85861653645816,2.779467449136066
2460321.562422471,110.65265299479158,2.778057737100696
2460321.569366804,111.22296223958301,2.776712773786754
2460321.5763111375,112.16795898437492,2.776430644547931
2460321.5832554703,115.69583333333321,2.7781225749847884
2460321.590199804,111.51026041666653,2.776695712972677
2460321.5971441367,107.1754622395835,2.7711774554872917
2460321.6040884703,110.55039388020835,2.772717369834105
2460321.611032804,112.1599283854166,2.7718111385381685
2460321.617977137,106.98356119791652,2.7711980056058962
2460321.624921471,107.48136718749977,2.772131155288717
2460321.631865805,107.64491210937483,2.76867634677984
2460321.6388101387,106.23427083333324,2.7682947621633294
2460321.6457544724,105.91142252604156,2.7685912587920516
2460321.6526988065,113.51906901041654,2.7677903107476642
2460321.6596431406,116.52972005208312,2.7680103436073495
2460321.6665874748,114.48118815104165,2.768110979413732
2460321.673531809,109.4676595052083,2.765423000862352
2460321.6804761435,116.06567057291659,2.7669342031655204
2460321.6874204776,109.7559179687499,2.764106762273187
2460321.694364812,110.15638020833315,2.7657123681749596
2460321.7013091464,109.05228841145829,2.764449591147064
2460321.7082534814,116.45597656249977,2.765804526706034
2460321.715197816,119.88054036458334,2.7662056800342065
2460321.7221421506,113.40767252604171,2.7650844990154457
2460321.729086486,116.27693359374992,2.7631500311818464
2460321.7360308208,117.80074869791649,2.766075722126248
2460321.7429751563,111.2054524739583,2.761892398845669
2460321.749919491,108.70746093749995,2.758998115847574
2460321.7568638264,110.71172526041649,2.759268281952765
2460321.7638081615,114.0439453125,2.764382602618287
2460321.770752497,110.80975585937495,2.759708004115892
2460321.7776968325,110.48614908854172,2.7584037171827127
2460321.7846411676,107.01197265624994,2.756927077688213
2460321.7915855036,107.93980794270813,2.760515594026185
2460321.7985298396,108.577392578125,2.7556115899917017
2460321.805474175,109.36756835937497,2.7554672308170916
2460321.812418511,109.13836588541653,2.7541257780338966
2460321.819362847,107.67755533854172,2.7526311447424354
2460321.826307183,115.59823893229168,2.7566171324757396
2460321.833251519,108.48779622395826,2.7524279337779824
2460321.8401958556,113.95587890624999,2.7523673750492335
2460321.8471401916,114.39032552083336,2.753829695711497
2460321.854084528,113.93269856770819,2.754173481351734
2460321.8610288645,118.68690104166656,2.754285868192607
2460321.8679732014,108.10648437500004,2.750121959593191
2460321.8749175374,112.5059440104166,2.752003674385222
2460321.8818618744,114.41478515624992,2.7530126503959877
2460321.8888062113,116.60619791666659,2.752334021181481
2460321.895750548,119.24383463541653,2.755333586786954
2460321.902694885,115.35694661458335,2.752815237885672
2460321.909639222,114.3538606770832,2.753250668712854
2460321.916583559,111.84534505208315,2.752430601019824
2460321.9235278964,117.91633789062507,2.7556619945300613
2460321.930472234,116.21238281249998,2.7571627666197056
2460321.9374165707,112.90999348958319,2.7582765326645133
2460321.9443609086,119.87974283854162,2.7594274070509894
2460321.951305246,115.65970052083321,2.7589541888360674
2460321.958249584,114.00445638020817,2.7549250268208283
2460321.9651939212,112.32421549479159,2.7549608367391927
2460321.972138259,114.87840169270824,2.7552160373414742
2460321.979082597,110.71609700520837,2.7535004376220393
2460321.9860269353,107.12240559895811,2.7514029928128725
2460321.992971273,108.00226888020825,2.7524637469023703
2460321.9999156115,112.3501106770832,2.753865571271995
2460322.0068599493,111.27951497395816,2.751916102721476
2460322.013804288,110.53302408854172,2.752313896796521
2460322.0207486264,111.58453776041658,2.747153338425011
2460322.0276929648,111.23845703125001,2.745675956569944
2460322.0346373036,111.90441080729154,2.7437071943705753
2460322.0415816423,115.08038411458331,2.741862328913932
2460322.0485259807,116.83473958333313,2.7416700823308826
2460322.0554703195,116.92011718749988,2.740516885359392
2460322.0624146587,113.03253255208317,2.738393320765274
2460322.0693589975,113.72845703124995,2.73629524983112
2460322.076303337,112.33170898437493,2.7355962794578175
2460322.083247676,112.06136067708319,2.738737560748989
2460322.090192015,117.21181640625007,2.7384367214084246
2460322.0971363545,115.70782226562505,2.7389467212481033
2460322.104080694,114.13808268229165,2.736502240665819
2460322.1110250335,116.16552408854174,2.7344325029590375
2460322.117969373,116.62973958333335,2.7342997395275748
2460322.1249137125,115.48160807291652,2.7307822682048073
2460322.131858052,113.2729036458333,2.727300683587964
2460322.138802392,111.53071289062488,2.72515470615958
2460322.145746732,110.34071614583338,2.723309696005925
2460322.152691072,108.8389973958333,2.7220823033057546
2460322.159635412,113.54773763020815,2.7236578007071905
2460322.1665797527,113.56332682291652,2.7242889726154362
2460322.1735240924,115.60430338541664,2.7243182867360844
2460322.180468433,113.00755859374992,2.7245426243723774
2460322.1874127737,111.81817057291664,2.7248328556252024
2460322.194357114,112.12023437499995,2.7268089457169213
2460322.201301455,107.11441406249985,2.724605397732024
2460322.208245795,110.36382486979164,2.7280188848627565
2460322.2151901363,107.26459960937488,2.7255194604242727
2460322.222134477,110.57217773437499,2.7261425898445584
2460322.2290788176,114.12022460937487,2.727331848239333
2460322.236023159,109.08685221354153,2.7269935779495476
2460322.2429675,111.55239583333316,2.7269225568631974
2460322.2499118415,114.49456705729153,2.7276146343274212
2460322.2568561826,112.17002929687503,2.7270871155595713
2460322.263800524,109.34079752604141,2.7246819175310577
2460322.2707448653,110.9430696614583,2.728001705192913
2460322.277689207,116.02437825520822,2.725707282524439
2460322.2846335485,114.69260742187483,2.7251566509732563
2460322.29157789,118.25095377604173,2.726476078256453
2460322.298522232,117.642822265625,2.7259733959924866
2460322.305466574,110.10817382812486,2.7218524289404145
2460322.3124109157,108.90268229166652,2.719406296661847
2460322.3193552583,102.65085286458331,2.715692353595195
2460322.3262996003,109.91199544270815,2.718802835141956
2460322.3332439424,109.39243815104176,2.7158707209458477
2460322.340188285,112.45307617187473,2.71580673671782
2460322.3471326274,111.72126953124977,2.7134421742127945
2460322.35407697,110.50111002604156,2.71380705459165
2460322.3610213124,110.94331705729171,2.71258469370879
2460322.367965655,114.25069335937496,2.7142507850819872
2460322.3749099975,112.13712890624993,2.7108598464079363
2460322.3818543404,109.09857421874995,2.708428668657882
2460322.3887986834,102.18232096354161,2.7073023038171757
2460322.395743027,103.76906250000002,2.707466240997126
2460322.4026873694,109.6934342447915,2.7079657365444842
2460322.409631713,107.65904296875003,2.7078943794959245
2460322.4165760563,110.30637695312498,2.7083073698213007
2460322.4235203997,109.29170247395814,2.708234978977819
2460322.430464743,107.35500651041669,2.708216172150373
2460322.4374090866,109.031005859375,2.7082014789824616
2460322.44435343,112.92655598958329,2.7090689886086508
2460322.4512977735,110.0099088541665,2.7092019957653464
2460322.458242118,111.1450944010415,2.709331779111109
2460322.4651864613,111.64751302083323,2.7071539795069306
2460322.4721308057,112.03927408854149,2.707397393016586
2460322.479075149,112.32332356770819,2.707533480820531
2460322.486019494,111.56441406249981,2.7078005839533925
2460322.492963838,106.9424414062499,2.7057002176923746
2460322.4999081823,111.29359700520824,2.7072599158654866
2460322.5068525267,114.04445638020827,2.7072664231355983
2460322.5137968715,114.37827799479162,2.7089369728462107
2460322.5207412154,116.48778971354159,2.7095410085773346
2460322.5276855608,118.19494791666664,2.708073449009209
2460322.5346299056,111.1747753906249,2.7057706907242314
2460322.54157425,110.08620442708313,2.70423313170853
2460322.548518595,111.86977539062491,2.7064739004239233
2460322.55546294,103.53531249999999,2.700050299631654
2460322.562407285,108.58772135416666,2.7029627328795214
2460322.5693516303,108.77396158854147,2.703895064208424
2460322.5762959756,111.02762044270821,2.7017419828585827
2460322.583240321,113.59464843749993,2.7061804527927973
2460322.5901846667,111.61261718749999,2.7018745190864704
2460322.597129012,109.66103841145832,2.700266177134728
2460322.604073358,105.87624674479154,2.6999199271345034
2460322.6110177035,105.15079427083326,2.6992285240275806
2460322.6179620493,106.4480826822916,2.6988228174946394
2460322.624906395,107.86683268229156,2.7008757944289665
2460322.6318507413,113.80223958333333,2.7004990145303798
2460322.638795087,110.73412434895833,2.698859711736457
2460322.645739434,105.29674153645828,2.6982815316517126
2460322.652683779,116.050048828125,2.6999242265080956
2460322.6596281244,115.09917643229149,2.7004778037453554
2460322.6665724707,114.45219726562497,2.697487815638643
2460322.6735168174,112.62555338541658,2.6968213888230856
2460322.680461164,113.88201822916653,2.7001213474059416
2460322.687405511,113.55365559895836,2.6974406906357253
2460322.6943498575,112.06132812499982,2.6980923817767146
2460322.701294204,113.04730468749995,2.6992092714987717
2460322.7082385514,111.22812825520835,2.697251893934332
2460322.7151828986,114.74964843749997,2.697908305288534
2460322.7221272453,108.79434570312499,2.6949240602050533
2460322.7290715924,114.05381835937503,2.697729404861111
2460322.73601594,112.23374348958335,2.694978761111076
2460322.7429602877,116.15929687499995,2.6968337291738003
2460322.749904635,112.06870768229162,2.696739868011378
2460322.756848983,113.29390299479155,2.695249461429084
2460322.76379333,106.52647135416646,2.6928889001963903
2460322.7707376783,107.66348632812485,2.6926647316869237
2460322.777682026,109.27755208333322,2.6933798902166046
2460322.7846263736,107.34629557291662,2.6935010506687327
2460322.7915707217,110.42073242187492,2.694137491342012
2460322.7985150698,110.60320638020812,2.694276621780519
2460322.805459418,102.10093424479146,2.691890121935154
2460322.8124037664,104.86622070312508,2.6916127165077817
2460322.819348115,105.20257486979169,2.694870926347164
2460322.826292463,109.61718424479159,2.6940502605775407
2460322.8332368117,108.5152213541666,2.6933265251853737
2460322.8401811603,108.8244791666666,2.695070340475146
2460322.8471255093,112.74491536458315,2.694473610473129
2460322.8540698583,113.08435546874989,2.6963569999519623
2460322.8610142074,102.59650065104172,2.6930613827019023
2460322.8679585564,108.20414062499988,2.693665504674103
2460322.8749029054,114.00966145833324,2.69704969685181
2460322.8818472545,111.94067708333326,2.6954410603031547
2460322.8887916035,108.65822265624986,2.6929008837008546
2460322.895735953,110.38321940104167,2.6947321063897878
2460322.9026803025,113.05742187499997,2.6942125406856032
2460322.9096246515,112.64924479166666,2.6949562293445126
2460322.916569002,111.82814778645827,2.6951052614710242
2460322.9235133515,111.22831380208315,2.69618814654991
2460322.9304577014,109.76665039062497,2.6936189272479
2460322.9374020514,111.77801106770812,2.696072831305633
2460322.9443464014,114.4645279947916,2.695884492765123
2460322.9512907513,108.36398763020831,2.695150768573615
2460322.958235102,112.31874674479165,2.6963954522656963
2460322.9651794517,112.92263020833327,2.697373011270164
2460322.972123802,107.97125325520817,2.6950515196349705
2460322.9790681526,108.56911132812486,2.6959483427143347
2460322.9860125035,110.20742187499991,2.695141248344275
2460322.992956854,110.65989583333324,2.696474052207821
2460322.9999012044,114.6974381510416,2.695752717022328
2460323.0068455553,110.3123697916667,2.6948617324945876
2460323.013789906,107.47322265624992,2.694278837300555
2460323.020734257,111.3366145833332,2.696273393009335
2460323.0276786084,109.72210937499995,2.695335482194795
2460323.0346229593,108.04405273437487,2.6939992689649443
2460323.0415673107,106.61404296874996,2.6931148065535204
2460323.048511662,112.46464192708315,2.695103591267296
2460323.055456014,105.33088867187492,2.6930952075311976
2460323.0624003652,113.14838216145836,2.6971552156330296
2460323.0693447166,121.17978190104168,2.699269574913449
2460323.076289069,116.19667317708324,2.697659701783314
2460323.0832334203,114.25682291666665,2.6969183442292
2460323.0901777726,115.16288085937504,2.698425493396213
2460323.097122125,110.51792968750003,2.6964511002994196
2460323.104066476,114.57538411458336,2.696916060849268
2460323.1110108285,109.80322916666667,2.6962323056177655
2460323.1179551813,112.82939453124997,2.6965046902252143
2460323.124899533,112.15794596354165,2.6976043161859624
2460323.131843886,116.71937499999997,2.6991019214402443
2460323.1387882386,109.32268554687487,2.6971168726128822
2460323.145732591,109.85958333333322,2.6975879041042887
2460323.1526769437,103.42117187499996,2.6951387462502114
2460323.1596212965,112.1670670572915,2.6973942415780816
2460323.1665656497,107.1449641927082,2.695747779194944
2460323.1735100024,107.62849609375007,2.69563340205645
2460323.180454355,111.28723307291664,2.696011665913222
2460323.187398709,113.93963216145828,2.6972766294741355
2460323.194343062,108.41458658854178,2.694846810638749
2460323.2012874153,110.03980143229153,2.6979209570677534
2460323.208231769,108.51552734374991,2.6951909045370424
2460323.2151761223,105.65476236979157,2.6949462609501698
2460323.222120476,103.26189453125001,2.693623314988763
2460323.2290648296,110.45976562499997,2.6953952936993737
2460323.236009184,110.98945312499988,2.6963978319034765
2460323.2429535375,110.61729817708313,2.695687982169222
2460323.249897891,109.60170247395824,2.6966115790470497
2460323.256842246,115.9116048177084,2.698703581037556
2460323.2637865995,109.99914388020822,2.696731987386802
2460323.270730954,104.63021809895811,2.6952422268507052
2460323.2776753083,107.823974609375,2.697341151047306
2460323.284619663,106.47064453124995,2.6954807115868227
2460323.2915640175,111.73452473958316,2.6967948650505984
2460323.298508372,114.4988802083332,2.6976415585744586
2460323.305452727,110.75060221354154,2.698992245854614
2460323.312397082,111.99281249999997,2.6975114781843406
2460323.3193414365,114.41666015624999,2.6990271016163327
2460323.326285791,111.27695312499993,2.698653644164058
2460323.333230147,114.57841471354156,2.70046852165709
2460323.340174502,109.09864908854145,2.696625209807723
2460323.347118857,105.91668945312495,2.699183478650932
2460323.354063213,101.11735351562493,2.69373895017576
2460323.361007568,111.13797200520821,2.6991559679214188
2460323.367951924,113.2917610677082,2.7002391355808215
2460323.374896279,113.90290039062499,2.699846888209361
2460323.3818406356,110.24017578124979,2.6974893933533166
2460323.388784991,104.38001302083315,2.69440069221468
2460323.395729347,107.78753580729153,2.6972557109159077
2460323.402673703,108.55554361979164,2.6984314778661744
2460323.409618059,103.27412434895814,2.69619765622485
2460323.4165624157,109.39694986979157,2.6953647929133813
2460323.4235067717,104.48813476562479,2.695937391854731
2460323.430451128,111.33738606770824,2.696266975989909
2460323.4373954847,110.34983398437498,2.699261519550996
2460323.444339841,108.79629557291658,2.6986750609501287
2460323.451284198,114.97204101562495,2.697927373664595
2460323.4582285546,108.23844075520826,2.697452859409575
2460323.4651729115,111.1758658854166,2.6976932473791524
2460323.472117269,111.77694986979168,2.6976994787377713
2460323.4790616254,110.38129882812503,2.6964137397800343
2460323.486005983,114.2636881510416,2.69960098005065
2460323.4929503403,113.55315755208328,2.6997408174124735
2460323.499894697,116.7765559895832,2.6996515671929147
2460323.506839055,113.09319661458328,2.6979769418050257
2460323.5137834125,110.94140299479159,2.697763897782249
2460323.52072777,114.81119791666652,2.7002522865193517
2460323.5276721283,118.51119791666649,2.6996059362999127
2460323.5346164857,110.98099609374988,2.6992409153933288
2460323.5415608436,114.30329101562484,2.6981214159491054
2460323.5485052015,109.93119791666656,2.6976348920679647
2460323.55544956,112.44264648437502,2.69845157960766
2460323.562393918,105.7668001302083,2.6962321641765303
2460323.5693382765,107.43501953124996,2.696743316611283
2460323.576282635,108.01809244791654,2.6988046275805115
2460323.583226993,109.74933919270809,2.6984962265208776
2460323.5901713516,108.86013997395821,2.6983562509087093
2460323.5971157104,112.67858398437495,2.6991681515085726
2460323.6040600687,103.45426757812493,2.6965773589214326
2460323.6110044275,106.62130208333338,2.6961425134889168
2460323.617948787,109.20199869791668,2.696601448795707
2460323.6248931456,111.34731770833332,2.699389548192569
2460323.6318375045,103.4629036458332,2.6978193296532265
2460323.6387818637,110.02371093749996,2.7006956138983855
2460323.645726223,104.30422200520827,2.6958506125216046
2460323.6526705828,110.03714843749988,2.6978433792844716
2460323.6596149425,107.08768880208329,2.698191604791882
2460323.666559302,108.66623697916657,2.6979134334139037
2460323.673503661,107.9626009114583,2.6986760381733697
2460323.6804480213,113.8088085937499,2.700091133499408
2460323.687392381,113.8878678385416,2.7004508290031985
2460323.6943367408,108.66968749999994,2.6992444964137388
2460323.701281101,108.34988606770821,2.7001422843241
2460323.708225461,105.86369466145834,2.69728981739642
2460323.7151698214,111.16055013020816,2.699171049306834
2460323.7221141816,113.44996419270835,2.6998505383953684
2460323.729058542,110.9993522135416,2.7006120542706404
2460323.736002902,110.86346028645842,2.7012286420010674
2460323.742947263,109.08742187499986,2.699725419589022
2460323.749891624,110.23696614583316,2.7003485436171357
2460323.7568359845,106.52924804687488,2.6991914575447686
2460323.7637803457,108.78854817708316,2.7003945925827186
2460323.770724707,111.1837662760416,2.699268712744861
2460323.7776690675,104.03348632812488,2.697715711954117
2460323.784613429,105.81164388020822,2.698882156210496
2460323.7915577902,106.71667968750005,2.6982828575772095
2460323.7985021514,109.60537760416658,2.70088235592756
2460323.805446513,110.39606445312499,2.7020432331454995
2460323.8123908746,110.38361653645825,2.7002623289092544
2460323.819335236,110.37255208333333,2.7006517600789763
2460323.826279598,106.46472656250005,2.6981485239287344
2460323.83322396,109.26334960937493,2.7002682701440293
2460323.8401683215,109.19930989583327,2.700960589262199
2460323.8471126836,109.17909505208324,2.700558673347649
2460323.8540570457,116.86339843749995,2.703291976658504
2460323.8610014077,111.45950846354162,2.7027105941466605
2460323.86794577,118.16782877604176,2.7096539679547345
2460323.874890133,108.93194661458331,2.7028513551211586
2460323.8818344953,111.25121744791659,2.7020683578651923
2460323.8887788574,111.8225390624998,2.7039847366932612
2460323.89572322,113.7791959635415,2.7054302953115723
2460323.9026675834,107.19052734374993,2.7010798805143437
2460323.909611946,106.52938802083342,2.707631129922484
2460323.9165563094,116.57817382812497,2.703549215043493
2460323.923500672,115.48806315104154,2.7043055161636933
2460323.9304450355,114.76764648437484,2.7047682326813156
2460323.937389398,114.60270996093732,3.3124474109890802
2460323.9443337615,112.85710286458334,2.7031246900665615
2460323.9524355186,105.5667871093749,3.3109853615006313
2460323.9582224884,105.84809244791661,2.702803519856081
2460323.9651668523,110.62339518229162,2.7022868113088663
2460323.972111216,104.29201171874986,2.700249060158575
2460323.9790555798,107.7268815104165,2.7004959489077986
2460323.985999943,107.78755859374996,2.7021486645417667
2460323.992944307,99.4473665364582,2.6985989884300334
2460323.9998886716,111.81109700520831,2.7018170165104785
2460324.006833036,105.80544921874996,2.703610824588536
2460324.0137774,101.8478548177083,2.6986342933863674
2460324.020721764,106.88684570312489,2.7022734868258844
2460324.0276661287,106.58549479166656,2.7032165746508294
2460324.034610493,106.59006835937483,2.70291513043456
2460324.041554858,111.40425130208314,2.704645518332747
2460324.0484992224,111.17188802083335,2.7062046640089683
2460324.0554435872,111.08762369791657,2.7042573229263254
2460324.062387952,115.54852864583336,2.7046167726603545
2460324.069332317,114.49670898437505,2.703665767318213
2460324.0762766823,114.64492513020816,2.7041933642114557
2460324.0832210477,110.38045898437485,2.704786818378184
2460324.0901654125,109.84340169270824,2.705204658877003
2460324.097109778,107.91201171874991,2.702960439509479
2460324.104054143,111.83805338541652,2.707017640727693
2460324.110998509,111.9418652343749,2.705665209149202
2460324.117942875,112.76791341145827,2.7069687983590036
2460324.1248872406,112.17047526041658,2.703796194190875
2460324.1318316064,110.67532877604162,2.703581979172405
2460324.138775972,107.63930989583332,2.702406462938807
2460324.145720338,111.54407877604156,2.705365043512367
2460324.1526647042,112.30874348958332,2.7059767044745477
2460324.1596090705,113.38433268229149,2.7057589533481523
2460324.1665534363,107.75011067708328,2.7050054710933655
2460324.173497803,112.75105794270819,2.7043947592026742
2460324.1804421693,100.17559244791664,2.699749839901538
2460324.187386536,106.80427408854166,2.702008295247525
2460324.194330903,105.60516601562495,2.702475646434905
2460324.201275269,108.50532877604155,2.703886119213531
2460324.208219636,106.04824544270832,2.703293387431262
2460324.2151640034,112.72763020833327,2.7039987416260742
2460324.22210837,111.13191731770819,2.704386864751303
2460324.2290527374,112.5023274739583,2.704926755508049
2460324.2359971046,107.50353841145822,2.704581204632801
2460324.2429414717,109.91818033854163,2.7035233910466676
2460324.249885841,106.44439778645831,2.7013571390973943
2460324.256830209,106.98247070312497,2.701912882691223
2460324.263774576,105.13498372395831,2.7018532582536214
2460324.270718944,105.87457682291658,2.7017332386805637
2460324.277663312,110.93352539062487,2.7040897184138184
2460324.2846076796,116.4510123697916,2.7069522222554796
2460324.2915520477,111.72973307291674,2.7049434930349032
2460324.2984964154,117.75586914062494,2.7070653085573766
2460324.3054407835,113.10249674479155,2.7042489311822107
2460324.3123851516,114.28751953125008,2.7072417883693305
2460324.31932952,117.44609700520823,2.7056196454091204
2460324.3262738883,108.70522460937475,2.7037505427650044
2460324.3332182574,107.73448242187503,2.70660017388126
2460324.3401626255,115.56335937499989,2.7079282425641096
2460324.347106994,112.29491210937492,2.7062203465351247
2460324.3540513627,116.1535807291666,2.7055463411181857
2460324.360995732,111.11013997395821,2.703307523194619
2460324.3679401004,108.81691406250002,2.705668338351478
2460324.3748844694,106.94852539062504,2.703449458160159
2460324.3818288385,107.53398763020823,2.7028357314752713
2460324.388773208,106.73740559895835,2.703442715307702
2460324.3957175775,113.25946614583336,2.705864105794582
2460324.402661946,111.94973307291654,2.7036424422255494
2460324.4096063157,112.89763671874987,2.7053787289499436
2460324.416550685,113.2490397135416,2.705446554041977
2460324.4234950547,109.6849869791666,2.703585610638869
2460324.430439425,112.60212890624977,2.7048057615825756
2460324.4373837947,109.36257161458327,2.703338714074
2460324.444328164,107.4554654947915,2.7062967106297613
2460324.451272534,108.04013671874979,2.702724945202423
2460324.458216904,116.19803385416647,2.7057829235308053
2460324.4651612747,110.79198242187492,2.705463211578986
2460324.4721056446,112.52058593749992,2.7032285802315013
2460324.4790500146,114.7033821614582,2.705530076313248
2460324.485994385,117.63940429687484,2.7070479356807877
2460324.4929387555,111.62181640624992,2.7046909325083903
2460324.499883126,112.07401367187488,2.7046792253004486
2460324.506827497,112.88620442708316,2.706139290545599
2460324.513771868,113.1416764322915,2.70391489987006
2460324.5207162383,114.29324544270837,2.7051427214423907
2460324.5276606097,112.39464843749995,2.703654903001046
2460324.53460498,115.19651692708324,2.705178538023532
2460324.5415493515,108.53263346354152,2.7043949445312836
2460324.5484937225,107.98156249999981,2.7039717733624857
2460324.555438094,108.86385091145819,2.7028841712932827
2460324.562382465,108.32507161458322,2.705994572285657
2460324.5693268366,108.62160156249986,2.7040739971055228
2460324.576271208,110.63023763020828,2.7044505268311263
2460324.58321558,108.82345377604149,2.7038379454889605
2460324.5901599512,112.12053059895834,2.7043148876074583
2460324.5971043226,109.27423502604142,2.7039394306535893
2460324.604048695,106.01990885416656,2.7023793590669105
2460324.610993067,109.25184244791672,2.703929588024522
2460324.6179374387,112.01986002604174,2.7050883644396513
2460324.624881811,106.65775065104162,2.7026374546254317
2460324.6318261833,109.42304687499988,2.7067986153087364
2460324.6387705556,109.53653971354152,2.7051447656050907
2460324.645714928,104.86865559895826,2.7058001120798885
2460324.6526593002,109.80459635416643,2.7065813919805755
2460324.6596036726,108.69765624999991,2.7044552489278217
2460324.6665480454,112.0735709635416,2.707135269843409
2460324.673492418,117.65055989583334,2.7082300425179984
2460324.6804367905,111.96820963541661,2.707309476020962
2460324.6873811632,112.87260416666656,2.7088044615074955
2460324.6943255365,112.99573242187489,2.706719409818218
2460324.7012699093,114.40012695312483,2.7078855934212362
2460324.708214282,118.45256835937501,2.7099399209489117
2460324.7151586553,115.70131510416665,2.7094345340692527
2460324.7221030286,111.24080403645833,2.708453471851534
2460324.729047402,113.81820312500001,2.711370925100589
2460324.7359917755,115.23598307291665,2.710401506159655
2460324.742936149,109.94307942708322,2.7080343645707923
2460324.749880522,108.65881510416664,2.706837288557994
2460324.7568248957,106.89234700520835,2.706377069954655
2460324.7637692695,111.76968424479158,2.708995938178147
2460324.7707136436,111.5219010416666,2.7096975646735864
2460324.777658017,109.84532552083328,2.708010436918908
2460324.7846023906,110.34512695312499,2.7071907318028625
2460324.7915467652,109.57558268229165,2.7086465164110045
2460324.798491139,108.98214518229163,2.7071693928477836
2460324.805435513,107.11274414062503,2.706512827792079
2460324.812379887,108.52814778645825,2.7091043074415126
2460324.819324262,105.1688606770834,2.708462317415023
2460324.8262686357,108.51144205729163,2.7099986233557547
2460324.8332130103,116.43273437499995,2.7102320492096026
2460324.8401573845,114.21109049479158,2.709981565116159
2460324.847101759,117.9470507812501,2.7107227463754153
2460324.854046134,114.47140625000004,2.709758495872159
2460324.860990509,111.51309570312485,2.7100797462608743
2460324.867934883,114.05583007812493,2.7106663427162605
2460324.874879258,111.72913736979156,2.7079528564936486
2460324.8818236333,112.9005208333333,2.709949689995506
2460324.888768008,117.25963541666654,2.709328518378943
2460324.895712383,111.48483072916663,2.7095615646838254
2460324.902656758,109.91825195312488,2.7080797127476846
2460324.9096011333,116.83249999999998,2.709302301541783
2460324.916545509,111.83739257812492,2.7115227700278304
2460324.923489884,110.73500651041665,2.7074577301768414
2460324.930434259,104.11800781250001,2.7076683239344885
2460324.9373786347,109.0599576822915,2.706563195945863
2460324.9443230103,111.60414062499997,2.708297692498793
2460324.9512673863,108.57646158854156,2.7072635024397935
2460324.9582117614,108.65582682291642,2.708060401485843
2460324.9651561375,110.44797851562498,2.707657141487242
2460324.972100513,112.14891927083318,2.707854757253143
2460324.9790448886,109.29220052083322,2.706172690269305
2460324.9859892647,104.7142838541666,2.705356982139947
2460324.9929336407,106.74762695312484,2.706302257595787
2460324.9998780168,106.65352864583308,2.70702905148149
2460325.006822393,104.94043619791653,2.7062539844342592
2460325.013766769,110.68710286458327,2.7063633346041454
2460325.020711145,114.75446289062499,2.7087964324925458
2460325.0276555214,111.11965169270827,2.7077958788693617
2460325.034599898,110.27376302083319,2.7069755534674265
2460325.041544274,113.48171223958327,2.708608792749837
2460325.048488651,113.25312500000003,2.7091890647198054
2460325.055433027,111.67525390624996,2.707124460168663
2460325.062377404,111.79778645833328,2.7071400691321226
2460325.0693217805,111.31916015624984,2.705793171971805
2460325.076266157,118.23231770833324,2.710399006337307
2460325.083210534,112.82219401041675,2.709364592327894
2460325.0901549105,113.0825944010415,2.709100603403735
2460325.0970992874,114.69443359374993,2.7090528824678626
2460325.1040436644,111.32721028645817,2.7063033222056743
2460325.1109880414,108.47864908854156,2.707004335872495
2460325.1179324184,110.23897786458338,2.7080884743577704
2460325.1248767953,112.75663411458345,2.7075189801700166
2460325.1318211723,112.26412109374996,2.707748395491908
2460325.1387655498,110.75114257812493,2.7080234955632174
2460325.1457099267,104.11161783854156,2.704396558867327
2460325.1526543037,109.05343098958322,2.7065023881482055
2460325.1595986816,105.01513671874984,2.7052460518793704
2460325.1665430586,105.4283658854165,2.704086870175685
2460325.173487436,105.92129557291658,2.7052388496913053
2460325.1804318135,104.36073567708324,2.705568683624079
2460325.1873761914,104.14262695312482,2.70684824407418
2460325.194320569,108.65737304687491,2.705844224848269
2460325.2012649463,107.93087565104163,2.7074207647055633
2460325.208209324,107.27461588541655,2.7056815012821556
2460325.2151537016,110.54139973958308,2.7060804117272066
2460325.222098079,106.92308593749992,2.7053663590154273
2460325.2290424574,107.7459635416667,2.706715197649872
2460325.235986835,105.00763020833331,2.7061448416319807
2460325.2429312128,111.20869140625003,2.7071460188774554
2460325.2498755907,117.92118164062504,2.709363292491585
2460325.256819969,112.63236328124988,2.708387213754708
2460325.2637643465,117.06667317708313,2.709945077712328
2460325.270708725,114.85974283854164,2.7100687274345776
2460325.2776531023,115.84141927083328,2.7091923100778144
2460325.2845974807,110.44719726562501,2.7067277513813406
2460325.2915418586,115.32146809895812,2.711819994499175
2460325.298486237,114.60636067708326,2.7097615584902868
2460325.3054306153,109.35404947916656,2.707424884501844
2460325.312374993,114.31278971354156,2.708988740762519
2460325.3193193716,111.64299153645834,2.7076460908681086
2460325.32626375,122.65073242187479,2.712855452515786
2460325.333208128,114.83638671874996,2.7091247913033434
2460325.3401525063,113.84335611979152,2.7084002722360925
2460325.347096885,115.09510416666656,2.708425979968501
2460325.3540412635,110.30230794270831,2.7072015218511676
2460325.360985642,109.57674153645833,2.707257967441984
2460325.36793002,109.67957682291672,2.7090158266247184
2460325.3748743986,107.5091927083331,2.70783612624933
2460325.381818777,104.47484049479165,2.7071202844717637
2460325.388763156,109.95469726562487,2.7076865396972405
2460325.395707534,107.81862630208327,2.709625434013421
2460325.4026519125,113.37068684895833,2.709157803069701
2460325.4095962914,107.18381835937483,2.7069557925353247
2460325.4165406697,107.77136067708336,2.7076966732970065
2460325.4234850486,107.95265950520827,2.706359388735798
2460325.430429427,106.70395182291668,2.705634740656759
2460325.437373806,109.0363313802083,2.707891011228133
2460325.4443181846,114.91481770833313,2.711646372505465
2460325.4512625635,114.99160156249991,2.709849205636159
2460325.458206942,113.16910156249999,2.7093788209566187
2460325.4651513207,110.06158854166672,2.7098737823419055
2460325.4720956995,110.3440657552084,2.708703260835992
2460325.4790400784,115.46207031249985,2.7109820188129117
2460325.485984457,113.54263671874985,2.711254102758756
2460325.4929288356,117.91796223958318,2.711033493212725
2460325.4998732144,116.84446614583324,2.711313777916498
2460325.5068175932,118.53700520833338,2.71230908473356
2460325.513761972,115.1586360677082,2.71063628702599
2460325.520706351,109.57470377604159,2.708508219349674
2460325.5276507298,117.2443391927083,2.7105011736291
2460325.5345951086,115.4205403645833,2.7134900532303576
2460325.5415394874,106.38653971354158,2.707855360102705
2460325.5484838663,108.37340169270828,2.7085919906572715
2460325.555428245,107.34207356770821,2.706866302460792
2460325.562372624,108.8599479166666,2.708365501212555
2460325.569317003,109.09935221354165,2.709678412768959
2460325.5762613816,110.74037109374997,2.7085844843316162
2460325.5832057605,108.13180338541663,2.7102107457028866
2460325.5901501393,111.49307291666643,2.709897862681757
2460325.597094518,111.84946940104162,2.710010733505366
2460325.604038897,113.18269205729166,2.7102464827513626
2460325.6109832753,105.29310221354172,2.707814565448775
2460325.617927654,113.39199869791673,2.710207344910589
2460325.6248720335,113.63701822916649,2.7096680774352073
2460325.631816412,114.19208984374988,2.711002551510322
2460325.6387607907,113.47380859375001,2.709815679376218
2460325.6457051695,112.60594401041651,2.711366095437047
2460325.6526495484,113.62943033854162,2.709996787328661
2460325.659593927,110.50092773437488,2.7105524918676163
2460325.6665383056,108.78075846354174,2.7103300500204295
2460325.6734826844,111.69400716145826,2.7121469953094106
2460325.6804270633,114.4270182291666,2.710884423886434
2460325.6873714416,118.37658854166648,2.7134894091371886
2460325.6943158205,112.24740234375001,2.7130085569060713
2460325.7012601993,110.90039713541667,2.709919319950219
2460325.7082045777,114.96929036458323,2.7116287325906683
2460325.715148956,113.51443359374996,2.71101374602569
2460325.722093335,108.28538736979165,2.7093837181937794
2460325.7290377133,111.62883138020818,2.7104174125950777
2460325.735982092,111.34791015624994,2.711293680352913
2460325.7429264705,109.04105468749988,2.710897617276283
2460325.749870849,112.97637369791664,2.7111284036437273
2460325.756815227,110.12848958333325,2.7102487444091334
2460325.763759606,112.10621419270835,2.7092486862921255
2460325.7707039844,108.84418294270836,2.7094299774997097
2460325.7776483623,110.53604817708326,2.710231783226055
2460325.7845927407,110.70347981770828,2.710332914960683
2460325.791537119,113.94583658854162,2.712173528524609
2460325.7984814974,106.79924153645834,2.7094635717839055
2460325.8054258754,106.2686393229166,2.708194738674841
2460325.8123702537,115.36459960937509,2.710776251499872
2460325.819314632,111.4628352864582,2.710282326738916
2460325.82625901,104.49181966145822,2.70781281219913
2460325.8332033884,108.31194335937487,2.7084744754671513
2460325.840147766,110.23986328124995,2.711383300151
2460326.0623678486,113.35867838541662,2.711421674940772
2460326.0693122246,112.9019303385415,2.7135531160804742
2460326.0762566007,114.41916992187498,2.71315029000623
2460326.0832009767,111.98038085937485,2.7112186216225926
2460326.0901453528,111.7100065104167,2.7118020056247096
2460326.097089729,112.42815429687501,2.7116060674772626
2460326.104034105,110.58063802083325,2.7114668826255346
2460326.1109784804,113.1449186197915,2.713106961976914
2460326.117922856,112.08379557291649,2.711245989940005
2460326.124867232,113.4926464843749,2.711577798994504
2460326.1318116076,110.13190755208309,2.7116006201137535
2460326.138755983,110.46928059895845,2.7103513592818005
2460326.1457003583,105.67602213541643,2.7081253042732403
2460326.1526447334,108.98621093749989,2.712178054214929
2460326.1595891085,105.03139322916665,2.7109906654225555
2460326.1665334837,111.66880859375003,2.710630585612076
2460326.173477859,108.61783203124985,2.710112296882182
2460326.180422234,104.43884114583322,2.7083336455354465
2460326.187366609,109.73882486979164,2.710550283685741
2460326.194310984,113.57458007812495,2.712206304682635
2460326.2012553588,114.51133463541662,2.7113925625313375
2460326.2081997334,112.09182942708321,2.7126773457114353
2460326.2151441085,111.18049153645825,2.7127126941319144
2460326.2220884827,118.90540364583315,2.7141820018285343
2460326.229032857,113.87673828124996,2.7128575960936256
2460326.2359772315,113.23986979166664,2.7131343924627096
2460326.2429216057,112.91320312499981,2.714284808855903
2460326.24986598,111.44472330729165,2.71278890046965
2460326.2568103536,116.76646484375003,2.718588546656201
2460326.263754728,110.3899772135416,2.7123806019490697
2460326.270699102,111.53503580729164,2.713061730530283
2460326.2776434757,115.33624348958331,2.714203532864037
2460326.284587849,111.66980468749989,2.7131375187260915
2460326.291532223,116.6898697916666,2.7169924625080437
2460326.298476597,111.3660514322916,2.7159889479706845
2460326.30542097,113.28016276041656,2.7160870956781333
2460326.312365344,114.63966796875002,2.713872376026675
2460326.319309717,114.23781575520827,2.7151427518148044
2460326.3262540903,115.61742838541659,2.7155394231032353
2460326.333198463,114.4046842447915,2.7151208576979093
2460326.3401428363,105.50586263020811,2.713970582289836
2460326.347087209,111.08198893229171,2.715658304264874
2460326.354031582,111.46434570312492,2.713803462547531
2460326.3609759547,120.43497070312499,2.717224264526362
2460326.367920328,106.67991536458324,2.712248043419605
2460326.3748647,102.68761718749995,2.711587446917178
2460326.3818090726,112.00188151041675,2.715961453338224
2460326.3887534454,109.86433919270819,2.7142410657749227
2460326.395697817,113.8685970052082,2.7146017129945217
2460326.402642189,111.90867838541665,2.714316672995295
2460326.409586562,110.61034830729159,2.7138710896104556
2460326.4165309337,112.39648111979159,2.7149699215655403
2460326.423475306,111.08373372395833,2.713758616426309
2460326.4304196774,106.97999348958335,2.714951493485232
2460326.4373640493,110.51810872395815,2.713765301382937
2460326.444308421,112.5757552083334,2.7140101212027545
2460326.4512527925,111.23950195312484,2.717827883544231
2460326.458197164,116.42302408854145,2.7161862415703624
2460326.4651415353,115.59712890624996,2.7178393117843496
2460326.4720859067,117.49328124999995,2.719382002729341
2460326.479030278,116.46089518229155,2.716828104841977
2460326.4859746494,110.26352213541652,2.714789520978446
2460326.4929190204,108.60146158854165,2.714424949319735
2460326.4998633913,113.25898111979147,2.7150460318446856
2460326.506807762,100.97844075520818,2.711760568628574
2460326.513752133,103.70149414062507,2.7118688013132424
2460326.5206965036,103.43888997395818,2.711091031601232
2460326.527640874,106.39776041666664,2.7128035147550773
2460326.534585245,110.47420572916674,2.714937876984369
2460326.541529615,113.09030598958331,2.7183254674422437
2460326.5484739854,113.13097005208313,2.718001927483916
2460326.555418356,113.05507812499991,2.7153242315918287
2460326.562362726,109.14721679687484,2.7139505378838535
2460326.569307096,109.65188802083321,2.7143969817462916
2460326.576251466,103.97399088541654,2.7143730592776776
2460326.583195836,108.14460286458325,2.714532089811975
2460326.5901402053,110.62829752604148,2.715099768366335
2460326.597084575,113.63013997395835,2.7157197711279157
2460326.6040289453,99.41790690104153,2.7121733293706707
2460326.610973314,113.51737304687504,2.715878592727735
2460326.6179176834,108.88407552083329,2.7155721350673736
2460326.624862053,105.8629817708332,2.713365787943594
2460326.6318064225,113.5128255208333,2.714643652240993
2460326.6387507915,107.27442382812494,2.7142475345331385
2460326.6456951606,111.84521484375,2.718458456784466
2460326.65263953,113.79727539062499,2.717514875208567
2460326.6595838983,116.17188151041667,2.7174687093793115
2460326.6665282673,118.63010091145831,2.7210315600684987
2460326.673472636,116.23117513020831,2.717972685543373
2460326.6804170045,118.7391569010415,2.7206499816328944
2460326.687361373,109.58248697916663,2.7143547795872203
2460326.6943057417,116.9188444010415,2.7162154438535944
2460326.70125011,114.87388997395828,2.716342943024244
2460326.7081944784,109.91176757812491,2.7154277696656077
2460326.7151388465,112.82448567708313,2.7164333815775876
2460326.7220832147,109.11842773437486,2.715338713389585
2460326.7290275823,109.84639973958322,2.7149341046201307
2460326.7359719505,114.32237304687503,2.716701817295124
2460326.7429163186,108.61084635416653,2.7162753617544766
2460326.7498606863,110.56571940104156,2.716692835710099
2460326.756805054,105.9939680989584,2.7130027498416918
2460326.7637494216,110.34639322916655,2.7161859079535677
2460326.7706937892,110.90883789062491,2.7172010463997345
2460326.777638157,112.60278320312484,2.716803321843209
2460326.784582524,110.95726236979165,2.715415870296558
2460326.7915268913,108.34930338541638,2.715250285072394
2460326.7984712585,110.18567057291664,2.7148319684646958
2460326.8054156257,109.86622070312494,2.7144774903758573
2460326.812359993,111.07029622395824,2.7158264462130273
2460326.81930436,109.59223958333314,2.7150930136365417
2460326.8262487263,111.65309570312486,2.7173408910134085
2460326.8331930935,108.02160156249995,2.717907814131738
2460326.8401374603,103.47119791666667,2.713027284739495
2460326.847081827,113.15571940104155,2.716747088733923
2460326.8540261933,108.64777018229158,2.716617729507739
2460326.8609705605,115.04588867187492,2.717922024299845
2460326.8679149267,115.6791829427081,2.7178955741761803
2460326.8748592925,106.27573567708335,2.7142315525883487
2460326.8818036593,111.45214518229159,2.7179556566951644
2460326.888748026,111.09019205729146,2.7163197466043214
2460326.895692392,110.26532877604147,2.7169631576602327
2460326.9026367576,109.64087890624994,2.716008815064329
2460326.9095811243,107.31311197916664,2.7151053888866294
2460326.91652549,111.45780924479156,2.717241720585882
2460326.923469856,111.66635742187493,2.7169482124573965
2460326.9304142217,115.40079752604152,2.719494617102775
2460326.9373585875,108.34044270833328,2.7174656533152803
2460326.9443029533,105.00215820312496,2.714844615019081
2460326.951247319,106.21711263020825,2.7165541879168256
2460326.9581916844,105.2918489583332,2.713507975208078
2460326.96513605,103.73012369791665,2.7142834416832264
2460326.972080415,107.99447591145827,2.714972526971833
2460326.9790247804,103.5265266927084,2.7136139238632375
2460326.9859691462,109.8646321614583,2.7157883891950405
2460326.992913511,104.24557291666663,2.7131351006153257
2460326.9998578764,108.17015624999992,2.715825275486834
2460327.006802242,106.53513671874998,2.7147764771835576
2460327.0137466067,110.01296874999996,2.7159861029193753
2460327.0206909715,105.72917968749987,2.713536131759343
2460327.0276353364,107.74968098958334,2.7151444003445593
2460327.0345797013,108.20956705729168,2.7164455562167666
2460327.041524066,112.67732747395819,2.7182046290167086
2460327.048468431,110.85806966145826,2.718499157434888
2460327.055412796,111.04565104166659,2.721136450765433
2460327.0623571603,110.55448567708329,2.7226376335068565
2460327.0693015247,115.92856119791652,2.728834104768385
2460327.0762458895,111.91567057291665,2.7308236661241487
2460327.083190254,107.04898437499999,2.733034215020353
2460327.0901346183,108.42935872395826,2.7372060044364814
2460327.0970789827,112.2052506510416,2.7477781076361976
2460327.104023347,115.46852864583327,2.755066193525822
2460327.110967711,113.43518229166664,2.7624439122877438
2460327.117912075,113.37971028645825,2.771424000314165
2460327.12485644,114.66583007812476,2.7854045989284373
2460327.131800804,111.87536132812481,2.7980139612558594
2460327.1387451678,112.9074414062499,2.810665916970203
2460327.1456895317,112.17079101562467,2.8257741836626526
2460327.1526338956,108.7413411458333,2.837251996015329
2460327.1595782596,106.71451171874969,2.8519385039840652
2460327.1665226235,111.86113281249997,2.8652381046179323
2460327.1734669874,110.39553385416669,2.88161814428568
2460327.1804113514,106.88629557291672,2.8922321816850816
2460327.1873557153,113.47909830729168,2.9086387545507066
2460327.1943000783,113.61711263020834,2.922342800358827
2460327.2012444423,118.43422851562507,2.9359738792808696
2460327.2081888057,113.89282226562516,2.946208840345348
2460327.215133169,111.19961263020816,2.958882833414878
2460327.222077533,110.17100911458328,2.9664955654803076
2460327.229021896,109.73846028645812,2.9749905369343135
2460327.2359662596,107.96450520833316,2.9840699057982625
2460327.242910623,111.7065592447916,2.9942203097496165
2460327.249854986,111.27279296874985,3.0038661438112055
2460327.2567993496,115.19872395833333,3.016464144023214
2460327.263743713,112.06283528645827,3.023583523327759
2460327.270688076,114.0546712239584,3.033468889890688
2460327.277632439,116.76633463541687,3.04637219415404
2460327.284576802,108.18153645833338,3.049930793260456
2460327.2915211655,109.02054036458351,3.0583725066333636
2460327.298465529,108.64691080729169,3.067515340935428
2460327.3054098915,112.67135091145822,3.0767067375759223
2460327.3123542545,110.12966145833327,3.085509321252744
2460327.3192986175,116.14564127604156,3.096679910684074
2460327.32624298,111.7422460937499,3.105489274494643
2460327.333187343,117.34599283854156,3.114071148251742
2460327.340131706,111.63010416666641,3.1261386222529026
2460327.347076069,110.44171549479158,3.1319990273077707
2460327.3540204316,105.07899088541672,3.140674453165658
2460327.3609647946,111.87431315104156,3.154213515519072
2460327.367909157,107.61661783854167,3.1653719615514166
2460327.3748535197,113.28042968749999,3.1788268257146703
2460327.3817978823,110.76913085937501,3.1880999606234273
2460327.3887422453,113.53357421875005,3.2004361553599963
2460327.395686608,107.20842447916691,3.2105054124818797
2460327.4026309703,115.37652994791658,3.224303846869418
2460327.4095753334,119.5662467447916,3.2410104978705974
2460327.4165196954,117.47064778645806,3.2521339233983153
2460327.423464058,112.84251302083324,3.2633527510337488
2460327.4304084205,107.43126953124995,3.2760463394530253
2460327.437352783,110.48653971354149,3.291825231506563
2460327.4442971456,110.37665039062465,3.3070160855678448
2460327.4512415077,109.57189778645822,3.321688015284869
2460327.45818587,112.5380566406249,3.337116052898232
2460327.4651302323,112.93674153645846,3.351449432008918
2460327.472074595,120.13702148437505,3.3703472902441045
2460327.4790189574,121.80720703124992,3.3846822218068806
2460327.48596332,111.91653320312496,3.3972464669662803
2460327.492907682,111.3193359374997,3.411239555508606
2460327.4998520445,111.3133626302083,3.4288497511507363
2460327.5067964066,111.24726888020814,3.4416541117776647
2460327.5137407687,116.0277604166666,3.4569204429996354
2460327.5206851307,107.7225716145831,3.469634396021148
2460327.5276294933,113.42244791666644,3.484485406628524
2460327.5345738553,113.69062174479147,3.4999401874761404
2460327.5415182174,109.3943880208335,3.5123831065655757
2460327.5484625795,108.42232421874981,3.5252582836663096
2460327.5554069416,113.25957682291649,3.5396417265260127
2460327.562351304,108.03009114583317,3.550782801285969
2460327.569295666,107.15268229166668,3.5638580752218334
2460327.5762400283,108.22736328124999,3.5750433994083366
2460327.5831843903,113.59795572916664,3.5881589047393607
2460327.5901287524,106.51679036458306,3.59681314713689
2460327.5970731145,104.81201822916653,3.608213220161021
2460327.6040174766,107.32313151041672,3.620739611510295
2460327.6109618386,105.68563151041629,3.630781002681499
2460327.6179062007,106.33382161458303,3.643060830807453
2460327.624850563,108.03979166666674,3.6528549322303356
2460327.631794925,109.61129557291649,3.6605501781321568
2460327.638739287,109.6727083333332,3.6697737845022798
2460327.6456836485,120.5545442708332,3.6798206848596755
2460327.6526280106,112.92300781249985,3.6831731192071886
2460327.6595723727,107.00055989583325,3.68812041700398
2460327.6665167348,114.42404947916657,3.694025892954654
2460327.673461097,110.81195963541661,3.6954335616070306
2460327.6804054584,113.47578776041671,3.7015322185511574
2460327.6873498205,109.06045572916628,3.7014374637052843
2460327.6942941826,110.84401041666631,3.705217797713447
2460327.7012385447,113.40988932291627,3.7057874743620864
2460327.7081829067,106.33166666666664,3.7088047474696157
2460327.7151272683,115.90366536458289,3.711601692910067
2460327.7220716304,114.39965494791643,3.712681540954472
2460327.7290159925,110.95641276041624,3.7129820344523563
2460327.7359603546,108.624798177083,3.714288870032741
2460327.742904716,105.55471354166669,3.7114829906035323
2460327.7498490782,107.37873697916682,3.71253984296369
2460327.7567934403,109.31498697916656,3.716129661505295
2460327.763737802,107.60513671874985,3.716700707127941
2460327.770682164,105.40072265624985,3.715777228523589
2460327.777626524,110.4655598958334,3.7178419256937825
2460327.7845708854,104.76365885416665,3.719963115903743
2460327.7915152474,102.25470052083317,3.717983259726941
2460327.798459609,106.20986979166658,3.721330473596049
2460327.805403971,110.66257812499983,3.72339864761539
2460327.812348333,112.3792513020835,3.726090379305503
2460327.8192926953,106.90606119791664,3.7249009473212524
2460327.826237057,115.90457682291617,3.728550099427173
2460327.833181419,109.6736588541665,3.728445372717902
2460327.840125781,107.36886067708322,3.725269508737766
2460327.847070143,115.15325520833296,3.7272335272775385
2460327.854014505,113.53238932291667,3.7249528873583664
2460327.860958867,112.11184895833321,3.7251733766823887
2460327.867903229,117.45641927083336,3.726162558716341
2460327.874847591,115.2373046875,3.7218882737230543
2460327.881791953,103.88543619791653,3.719487834667429
2460327.888736315,109.16431640625008,3.7161598626282557
2460327.895680677,114.61947916666668,3.7169232884760324
2460327.902625039,110.38906901041689,3.712812241964364
2460327.9095694013,109.51899739583314,3.7093097827606383
2460327.9165137634,113.20884114583289,3.707001742915273
2460327.9234581254,111.09154296874992,3.7043975328662366
2460327.9304024875,100.53776692708318,3.69981493107955
2460327.9373468496,113.17631510416656,3.6999496072316487
2460327.9442912117,109.43578124999992,3.69520741878754
2460327.9512355737,101.63058593750004,3.6910132339675386
2460327.958179936,110.9196614583331,3.6902800754569647
2460327.9651242984,105.11376953125,3.685346136454527
2460327.9720686604,108.24154947916668,3.6836978903830535
2460327.9790130225,106.83546874999986,3.681179923133303
2460327.9859573846,108.44985677083332,3.6775524468641048
2460327.992901747,112.80210286458289,3.6754504090120736
2460327.999846109,107.57699218749985,3.672126228412807
2460328.0067904717,108.34628906249993,3.6694309320693494
2460328.013734834,108.50702473958336,3.6655910449515487
2460328.020679196,107.4365820312499,3.6615488181887064
2460328.0276235584,110.28087239583328,3.658739065221118
2460328.0345679205,107.21415364583329,3.654855376670318
2460328.0415122826,112.96793619791667,3.6529740513160083
2460328.048456645,113.90818359374983,3.6518082615408196
2460328.0554010076,118.02854166666627,3.6483895013709184
2460328.0623453697,112.29568359374964,3.646809457416691
2460328.0692897323,112.0285221354164,3.644948604298077
2460328.076234095,108.20350260416642,3.641809798659646
2460328.083178457,109.69730468749974,3.6428190739923316
2460328.0901228194,113.35110677083321,3.6423720087308364
2460328.097067182,107.92769531249967,3.6405781223538676
2460328.1040115445,101.99244140624978,3.6396298101582043
2460328.110955907,100.1626562499999,3.6369829891661443
2460328.117900269,110.59092447916646,3.638400329007643
2460328.124844632,104.09325520833318,3.636542267455932
2460328.1317889947,108.3741666666665,3.6357913077421298
2460328.138733357,105.35960937499992,3.6332940946023893
2460328.1456777197,104.36739583333322,3.6303618108303053
2460328.1526220827,103.24740234374985,3.6277915077863714
2460328.159566445,106.57164062499972,3.626863027598617
2460328.1665108074,99.8461914062497,3.622638003431614
2460328.1734551704,103.65576822916653,3.6186733638810114
2460328.1803995334,106.24367838541669,3.615419571330946
2460328.187343896,104.00749348958318,3.6124339568458157
2460328.194288259,104.92118489583329,3.606978470208151
2460328.2012326214,110.52029947916647,3.6052119479310334
2460328.2081769845,103.18496093750007,3.599124830976081
2460328.215121347,106.96627604166649,3.596427713419994
2460328.2220657095,109.55562499999996,3.5923354104307443
2460328.229010073,111.94068359374978,3.5889766832888674
2460328.2359544355,112.7483919270832,3.583705333160595
2460328.242898799,111.369140625,3.5803632031680745
2460328.2498431616,111.78628255208332,3.5748991829314822
2460328.256787525,105.90388020833325,3.5660958140113572
2460328.2637318876,112.69414062499982,3.562174961056193
2460328.270676251,113.82280598958307,3.5572953679561636
2460328.2776206136,110.54529296874959,3.5511891903729684
2460328.284564977,112.87055989583344,3.5453020064243237
2460328.29150934,116.56106770833321,3.539839398204286
2460328.298453703,113.2559895833333,3.5333950286106277
2460328.305398067,111.7306835937499,3.5256484949698286
2460328.3123424295,108.72452473958326,3.518580150137946
2460328.319286793,113.62128255208336,3.5139381948697923
2460328.326231156,104.7790690104166,3.5046256851735635
2460328.3331755195,106.75667968750015,3.497512581721365
2460328.340119883,105.71054036458327,3.4915769429453007
2460328.347064246,107.50449218749979,3.4899304535567723
2460328.3540086094,105.4235970052082,3.481362574608202
2460328.360952973,111.42736979166678,3.4766255605535115
2460328.367897337,107.72027343750021,3.4746580780361884
2460328.3748417,106.03029947916654,3.467908121400692
2460328.3817860633,111.90597005208338,3.4656787732726575
2460328.388730427,107.98759440104156,3.4644905828832697
2460328.3956747907,114.53575195312503,3.4640780089287
2460328.4026191547,112.05483072916665,3.463958617836848
2460328.4095635177,106.53863606770831,3.4618463790792138
2460328.4165078816,115.55090169270836,3.4682068011108296
2460328.4234522455,109.9939420572917,3.4684181270187717
2460328.430396609,117.6197591145833,3.475063672096633
2460328.437340973,112.35112955729164,3.476815295165997
2460328.4442853364,108.97103190104144,3.4798234437201008
2460328.4512297004,111.81395182291665,3.4873042956798965
2460328.4581740643,108.01366861979159,3.490900609839358
2460328.465118428,105.94979817708342,3.498133824381886
2460328.472062792,107.68248046875017,3.5050684314296006
2460328.479007156,104.03656901041661,3.5105750521612413
2460328.48595152,103.4344856770834,3.5175669471135076
2460328.4928958844,108.40649088541674,3.5262782689623076
2460328.499840249,115.82549479166634,3.53637363728026
2460328.506784613,109.01490234374978,3.5420659401067565
2460328.5137289767,108.83861979166643,3.5505360996066107
2460328.5206733407,108.39633463541638,3.558849181982391
2460328.5276177055,108.31078124999961,3.5659595599689062
2460328.5345620695,107.78397135416617,3.5748810144558605
2460328.541506434,101.25015625000015,3.581963942511971
2460328.5484507983,104.91671223958322,3.5904405966310744
2460328.555395162,106.22826171874992,3.598075915827542
2460328.562339527,105.83236328124985,3.606416545340613
2460328.5692838915,102.15778645833325,3.6152950620483657
2460328.576228256,103.14617187500001,3.6219112222156316
2460328.5831726203,103.64940104166635,3.6296525765776635
2460328.590116985,97.59664713541649,3.632347090356394
2460328.5970613495,100.43125651041646,3.6423697983777186
2460328.6040057144,104.39348958333328,3.647464713412221
2460328.610950079,105.68776692708282,3.6541863875823837
2460328.6178944437,107.56201171875,3.6586498021357134
2460328.6248388086,104.5030143229166,3.661829348282181
2460328.631783173,110.09302734375008,3.6662625376706406
2460328.638727538,111.27150390624986,3.6726930829785434
2460328.6456719027,109.41108723958314,3.6744023072026972
2460328.652616268,110.33305338541656,3.6772586172454296
2460328.659560633,110.79537760416679,3.6814543331817657
2460328.6665049978,107.98251953124964,3.685683018164244
2460328.673449363,108.2387695312497,3.6872984626328744
2460328.680393728,110.319622395833,3.6909742015271765
2460328.687338093,113.21247395833325,3.69533615274304
2460328.6942824586,111.3791666666666,3.6968029469881327
2460328.7012268235,106.85021484374981,3.6968813763937636
2460328.708171189,101.08516927083322,3.6974517710621693
2460328.715115554,106.58531901041654,3.7007767689399684
2460328.7220599195,105.12524739583296,3.702241158524719
2460328.729004285,105.75347005208339,3.7021692386251224
2460328.73594865,106.7198697916665,3.703606834453913
2460328.7428930155,111.01831380208296,3.705678595367069
2460328.7498373813,108.19990234374988,3.7053812010034743
2460328.756781747,106.74277343749993,3.705058939875008
2460328.763726112,102.2680078125001,3.704122374398743
2460328.7706704778,107.75608072916657,3.7040342928602477
2460328.7776148436,105.29427083333333,3.705909194360105
2460328.7845592094,103.90491536458346,3.703826534828599
2460328.791503575,102.44443359374993,3.7027259484599884
2460328.798447941,106.71699218749988,3.7051348690292527
2460328.8053923068,106.06936848958291,3.7037267074904823
2460328.8123366726,105.14234374999978,3.704467403099389
2460328.8192810384,103.65125651041672,3.7041137120253165
2460328.826225405,104.98761067708347,3.7071649839601117
2460328.833169771,105.02316406250004,3.705225164478501
2460328.8401141367,102.08779296874975,3.7066629290049904
2460328.847058503,106.83814453124978,3.7068178390145285
2460328.854002869,107.77273437499964,3.706563841787333
2460328.860947235,108.5162565104165,3.7071875764979954
2460328.8678916018,116.39420572916667,3.709560464916514
2460328.874835968,110.17065755208326,3.708159316353102
2460328.8817803343,106.03356119791654,3.707421375593906
2460328.888724701,101.9463476562499,3.7072945925318166
2460328.8956690673,111.48379557291628,3.707554329993963
2460328.9026134335,99.70346354166668,3.706661406374432
2460328.9095578003,113.14688151041628,3.707822664708798
2460328.916502167,106.93197916666668,3.7076724769086375
2460328.9234465337,109.35647786458321,3.7043944497677717
2460328.9303909,104.3681640624997,3.7037388971301106
2460328.9373352667,108.56098958333314,3.7044632485572606
2460328.9442796335,103.42951171874999,3.7003361125265593
2460328.9512240007,100.58445312499983,3.7003353391717906
2460328.9581683674,101.48835937499977,3.697028896491764
2460328.9651127346,94.02212890624985,3.692300624967754
2460328.9720571013,103.7373046874997,3.691568500796153
2460328.979001468,105.13434895833355,3.6895857339339195
2460328.9859458357,101.27560546874975,3.6853438127720968
2460328.9928902024,104.60507161458311,3.682830442720938
2460328.9998345696,97.67938802083306,3.6776654818196772
2460329.006778937,103.68684895833333,3.674250390703536
2460329.0137233045,100.63612630208324,3.673047739564377
2460329.020667671,100.66354166666679,3.6707525418086653
2460329.027612039,106.37063151041639,3.6654580299627977
2460329.034556406,106.5469335937499,3.663557274417771
2460329.0415007737,102.74536458333326,3.656700137370466
2460329.048445141,103.78282552083299,3.6504558490944663
2460329.0553895086,108.2917317708331,3.6470981653855
2460329.0623338763,104.95749348958331,3.6421628705358593
2460329.069278244,104.10393880208328,3.637956482952131
2460329.0762226116,107.31102213541665,3.631234440336341
2460329.0831669793,101.00147135416653,3.627055281279721
2460329.0901113474,105.19912760416628,3.6230758696296665
2460329.097055715,107.76030598958307,3.6210955927964643
2460329.104000083,102.99987630208336,3.615602411518019
2460329.110944451,107.45494140625003,3.6129644176413027
2460329.117888819,102.93537109374968,3.6079056057078187
2460329.124833187,103.62102864583328,3.6063832873871196
2460329.1317775548,103.60783854166645,3.6032417565489006
2460329.1387219233,102.80736979166643,3.598583702533647
2460329.1456662915,95.14508463541642,3.596558367037599
2460329.1526106596,101.78503255208336,3.5939775926007105
2460329.159555028,100.41835286458324,3.5915609836511315
2460329.1664993963,102.56059244791625,3.591429585710149
2460329.1734437644,101.56902994791653,3.589065041267407
2460329.1803881335,111.43800130208304,3.5922047581413312
2460329.1873325016,100.11518880208314,3.5904507273925965
2460329.1942768707,105.29341145833344,3.592046844549117
2460329.201221239,106.0747070312497,3.589339097531569
2460329.208165608,104.23105468749964,3.589081802760015
2460329.2151099765,109.38148437499997,3.58925390675992
2460329.222054345,109.43850911458321,3.588735581029594
2460329.228998714,111.19097005208307,3.5889122520890395
2460329.2359430827,108.54761718749978,3.587058163461873
2460329.242887452,111.52577473958324,3.5876206173951677
2460329.2498318213,108.0858528645834,3.5845930044081373
2460329.25677619,107.53749999999975,3.5846527911298973
2460329.263720559,110.43679036458282,3.581622325519237
2460329.270664928,109.73501302083332,3.5792385256255117
2460329.2776092975,119.04891276041629,3.578620014168974
2460329.284553667,111.69449869791636,3.574782058558134
2460329.2914980357,111.7880013020831,3.569606807339412
2460329.298442405,112.19509765624996,3.566146500837283
2460329.3053867747,111.63333984374974,3.562107653742975
2460329.312331144,111.33035807291647,3.558376654725894
2460329.3192755138,101.54289062499993,3.550229564022457
2460329.3262198833,106.7458658854166,3.550921424679394
2460329.333164253,112.14016927083321,3.543016295201775
2460329.3401086223,103.23918619791645,3.5352896926702653
2460329.347052993,100.24744140624989,3.527930180255456
2460329.3539973623,105.39084635416657,3.5251502118428886
2460329.360941732,109.76359374999993,3.5200742152710727
2460329.367886102,113.64882812500007,3.5150213726880994
2460329.374830472,113.13353515624992,3.5129197278353153
2460329.381774842,112.00106770833342,3.5053731103682035
2460329.388719212,104.02406249999997,3.498072880080759
2460329.3956635823,105.50908854166649,3.495740235494413
2460329.4026079522,101.22913736979172,3.489587887904928
2460329.4095523222,109.15030273437499,3.4907778730598213
2460329.4164966927,107.60051432291675,3.488106813903236
2460329.423441063,104.94180338541689,3.48700364658754
2460329.4303854336,110.50586263020811,3.486803301223311
2460329.437329804,110.28945963541643,3.4857110376265443
2460329.4442741745,113.62726562499999,3.4894851481784617
2460329.451218545,117.82153645833341,3.4920699700512103
2460329.4581629154,111.81545572916639,3.492252027583192
2460329.4651072863,110.8345182291667,3.4953503304690705
2460329.4720516573,111.66520182291667,3.4972414903337796
2460329.4789960277,106.54145833333314,3.4989223566899867
2460329.4859403986,101.79359375000013,3.5023286524327735
2460329.4928847696,110.36771484375004,3.5084157850949835
2460329.499829137,105.3322916666666,3.514504962412229
2460329.5067735068,102.68875651041662,3.519590542977827
2460329.513717877,109.5573177083332,3.525828544806061
2460329.5206622486,102.20097656249982,3.5286365135049453
2460329.52760662,104.22046223958326,3.5363941524384828
2460329.534550991,114.52494791666656,3.5449954184808825
2460329.5414953623,99.88013671874978,3.546525145306805
2460329.5484397337,104.54908854166631,3.5547860410059324
2460329.555384105,102.65392578125011,3.5595367712782875
2460329.5623284765,99.90785156249967,3.565385152190798
2460329.5692728483,104.01345052083313,3.571866864997455
2460329.5762172197,96.36947265624985,3.5766893527658703
2460329.583161591,104.92248697916664,3.5859086830723315
2460329.5901059625,104.59835286458322,3.593606375459617
2460329.597050335,103.24333984374971,3.601520463054104
2460329.6039947066,100.64209635416682,3.6067684973260903
2460329.6109390785,103.82557942708324,3.613424840345169
2460329.61788345,102.44612630208333,3.617221442612091
2460329.624827822,104.74156901041654,3.622109429946084
2460329.6317721945,103.5180078125001,3.625334167864471
2460329.638716566,102.36844401041678,3.6274913718975212
2460329.6456609387,104.97257812500023,3.6301278138478015
2460329.6526053105,111.0664648437496,3.632629724605197
2460329.6595496833,108.79270182291687,3.63469130914574
2460329.666494055,106.20958333333358,3.6351103456555163
2460329.673438428,97.50316406249961,3.6335338945156628
2460329.6803828003,111.29641276041669,3.6387528232876973
2460329.6873271726,104.18386718749996,3.638026010307302
2460329.694271546,104.20281901041653,3.638326817839703
2460329.7012159177,99.51132161458311,3.637625893417266
2460329.708160291,102.4261848958328,3.638662742079498
2460329.7151046637,113.04797526041664,3.6399178721887786
2460329.722049036,105.63538411458315,3.635198068953828
2460329.7289934093,103.15259765624978,3.6330370441655035
2460329.735937782,108.47637369791664,3.631547410560007
2460329.742882155,99.63597656249961,3.6263755377061595
2460329.749826528,98.30335937499967,3.623668695206647
2460329.7567709014,92.37339843749972,3.619271279417038
2460329.7637152746,95.13202473958336,3.6163012388137727
2460329.770659648,99.8865494791662,3.614285178250386
2460329.777604021,100.40512369791638,3.608370189634725
2460329.7845483944,101.02450520833342,3.606416714542403
2460329.7914927676,99.95248046874985,3.6003031775498258
2460329.798437141,105.40039713541653,3.5955972082874754
2460329.8053815146,103.02082031249999,3.5920378837312015
2460329.8123258883,97.62271484374985,3.5834577254582505
2460329.819270262,99.11482421874977,3.580414550971025
2460329.8262146357,107.77135416666654,3.580215198022811
2460329.833159009,107.0271744791665,3.5752092688834587
2460329.840103383,105.73389973958335,3.570239946458022
2460329.8470477574,110.92164713541631,3.56841342140307
2460329.8539921306,109.73399088541646,3.5648390837089763
2460329.8609365053,105.19242187499974,3.5628246484305546
2460329.867880879,105.44117187500008,3.559910687536782
2460329.8748252536,104.41680989583317,3.5583194478561455
2460329.8817696273,105.162884114583,3.5604134270987178
2460329.888714002,99.15016276041631,3.555348919979366
2460329.8956583757,102.15569010416675,3.5538723113497164
2460329.9026027503,106.41639973958324,3.557813522703544
2460329.9095471245,103.2370442708331,3.5559921117102147
2460329.916491499,94.58669270833282,3.554258599337054
2460329.923435874,101.38682291666646,3.5570025801585428
2460329.930380249,102.10907552083336,3.5569007845917695
2460329.937324623,95.51462890624983,3.553396269182004
2460329.9442689978,95.27488281249953,3.5566453679391343
2460329.9512133724,104.61391927083332,3.5602936446853097
2460329.9581577475,101.31903645833336,3.559266029081485
2460329.9651021226,107.5376562499996,3.5597662494638396
2460329.9720464977,101.04636067708331,3.5573900564984826
2460329.978990873,98.92840494791653,3.555318055165875
2460329.985935247,101.18974609374982,3.556158786904709
2460329.992879622,105.50018880208336,3.5561496195751725
2460329.9998239973,106.78500651041638,3.552245463253667
2460330.0067683733,112.1189973958332,3.549628218702063
2460330.0137127484,107.41350911458328,3.54490983160699
2460330.0206571235,98.8943880208332,3.5392592692807483
2460330.0276014996,96.9914388020834,3.5332175362129856
2460330.0345458747,100.10708333333332,3.5306537560186015
2460330.0414902507,100.85429687499982,3.5266371394280145
2460330.048434626,102.16078776041665,3.5248834257916006
2460330.055379002,110.00155598958311,3.5184040962924397
2460330.0623233775,103.20915364583334,3.512690287315222
2460330.0692677535,102.59141276041662,3.507052244467779
2460330.076212129,103.41484374999997,3.5032380682006212
2460330.083156505,97.87282552083313,3.4957681734902724
2460330.090100881,100.95373046875011,3.493842762276399
2460330.097045257,100.09309570312492,3.4875749449725344
2460330.1039896333,100.1649967447914,3.483894077452233
2460330.11093401,104.29865885416666,3.480702530634813
2460330.117878386,107.3316178385415,3.480971803347501
2460330.1248227623,103.87241210937509,3.4756200146708824
2460330.1317671384,102.88148763020824,3.4724417197131405
2460330.1387115153,101.33018554687487,3.468502093519973
2460330.1456558914,99.25188476562487,3.4669453826466525
2460330.1526002684,104.48573567708324,3.464528562064153
2460330.159544645,98.14981770833326,3.462057766080408
2460330.1664890214,100.46657552083313,3.4600825037284864
2460330.1734333984,94.67671549479155,3.459360967730934
2460330.1803777753,100.39394531249991,3.463371364095645
2460330.1873221523,98.56644205729162,3.46439496489003
2460330.1942665293,106.0367643229165,3.4693492645159005
2460330.2012109063,106.16494466145816,3.4721932796290527
2460330.2081552832,108.94731770833323,3.4748228257931024
2460330.21509966,103.73730468749984,3.4740244983212687
2460330.2220440377,104.36835611979161,3.480224570583271
2460330.228988415,104.34608072916642,3.4852305281079414
2460330.235932792,106.5270540364583,3.4857350930654554
2460330.242877169,104.94316080729156,3.4876802526876136
2460330.249821547,102.70576171874988,3.4883664278242104
2460330.256765925,102.96368815104172,3.488072699906285
2460330.263710302,112.46291015624986,3.490819780691009
2460330.2706546797,111.67642578124999,3.4924205897187175
2460330.2775990576,105.64451822916651,3.4901474380277304
2460330.2845434356,105.2459244791665,3.489173456456483
2460330.2914878135,102.99156249999987,3.4881820109297017
2460330.2984321914,101.94429361979155,3.4874180349125896
2460330.3053765693,106.04208007812501,3.487851252369305
2460330.3123209476,102.88411458333303,3.4824875921320353
2460330.319265325,105.86964192708304,3.483937062569156
2460330.3262097035,97.56970703125005,3.4770749338462443
2460330.333154082,103.45228190104156,3.476506516411948
2460330.3400984597,104.98964843750007,3.474415858376505
2460330.3470428386,105.296516927083,3.4718478063549565
2460330.353987217,99.09520507812492,3.4688800304906553
2460330.3609315953,101.84601888020825,3.4630463845075425
2460330.3678759737,99.6584635416666,3.458417530343509
2460330.3748203525,100.35641601562475,3.454763489751907
2460330.381764731,99.10350911458302,3.4516730147798698
2460330.38870911,101.14334635416662,3.4488550810889147
2460330.3956534886,111.40368815104164,3.448702026525323
2460330.402597868,101.72996093749998,3.441514481099732
2460330.4095422467,103.65374023437501,3.439751039414699
2460330.4164866256,102.01995442708328,3.438810501669487
2460330.423431005,103.79630208333326,3.4324179037281497
2460330.4303753837,97.43557942708321,3.430662214283379
2460330.437319763,101.3311002604164,3.427963568201665
2460330.444264142,103.29064778645836,3.427702208469873
2460330.4512085216,102.61061523437486,3.4255811807630905
2460330.458152901,95.89401367187475,3.42139712391332
2460330.46509728,105.91392252604162,3.423647978550741
2460330.4720416605,101.74987955729178,3.421659476105756
2460330.4789860398,106.08962239583313,3.4234476848748727
2460330.485930419,102.30207031249984,3.421531825694253
2460330.492874799,100.80468098958333,3.42517535780382
2460330.4998191786,106.03592122395837,3.425440447988775
2460330.5067635584,102.42897135416645,3.4283191351337883
2460330.513707939,99.67537109374992,3.4280734751876416
2460330.5206523184,102.409065755208,3.4339376016987857
2460330.5275966986,104.3255143229165,3.4368816751473408
2460330.5345410784,102.19441406249992,3.4384558907798026
2460330.541485459,102.4192610677084,3.44327553107699
2460330.5484298393,97.49709309895798,3.444302832598528
2460330.5553742195,103.11666015624996,3.4503232946433857
2460330.5623186002,101.88477213541667,3.4534158120915066
2460330.56926298,94.15739257812493,3.4558366514557908
2460330.5762073607,103.06773437499972,3.4630897865028483
2460330.5831517414,101.86870442708339,3.4638187229010384
2460330.590096122,100.1212532552081,3.467470050116079
2460330.597040503,98.87829427083322,3.473220228621717
2460330.6039848835,105.81929361979155,3.4785584111012313
2460330.610929264,104.99266927083302,3.4833874280313513
2460330.617873645,104.24748046874993,3.48402278406441
2460330.6248180256,109.76544921874968,3.491086173780307
2460330.6317624073,103.69700520833324,3.4947570546591584
2460330.638706788,104.46472656250005,3.496903056275272
2460330.6456511696,103.70399088541672,3.4995904960974404
2460330.6525955503,101.21936197916664,3.502606006182585
2460330.659539932,108.36932942708336,3.5073036653500242
2460330.666484313,110.17739583333332,3.5106224030187168
2460330.6734286947,101.14416015624995,3.5103220986283454
2460330.680373076,101.1156770833333,3.5111705162117617
2460330.6873174575,102.0476822916665,3.514140666907553
2460330.694261839,100.23225911458333,3.514373095626001
2460330.701206221,105.1000130208331,3.516861906155585
2460330.7081506024,107.64396484375008,3.5175343428330965
2460330.7150949845,108.98998046874976,3.519831235649703
2460330.7220393666,101.69742838541652,3.5176316797157186
2460330.7289837482,96.84668619791653,3.5152540555638008
2460330.735928131,100.92406250000006,3.5163903448147598
2460330.7428725124,94.61895182291664,3.511191320023857
2460330.7498168945,102.62152343749965,3.511758855495952
2460330.7567612766,97.66074869791676,3.5092799310767897
2460330.763705659,92.77785807291654,3.507600977087695
2460330.7706500418,99.69567057291654,3.5062645615826487
2460330.7775944243,101.27408203124985,3.5028384801165724
2460330.784538806,98.77466796874994,3.5021081855857292
2460330.7914831894,100.47840494791642,3.4985020213184597
2460330.798427572,101.03555338541658,3.496106272916165
2460330.8053719546,103.91121744791644,3.4912237595541016
2460330.812316337,107.3400748697918,3.488702994088241
2460330.8192607197,109.7753743489584,3.4863019235942097
2460330.8262051027,106.56556640625013,3.48031149373282
2460330.8331494858,104.54501953124979,3.476498269372449
2460330.8400938683,109.82810221354141,3.475395272188693
2460330.847038252,102.08832682291661,3.4681224753659863
2460330.853982635,111.34345052083336,3.4656992578379344
2460330.860927018,108.9248795572915,3.462435353899403
2460330.8678714014,107.91041992187502,3.4572150276249007
2460330.874815785,101.70921223958324,3.4556109356665416
2460330.8817601684,103.0500195312499,3.45325961996743
2460330.888704552,103.06802408854173,3.4498580877543237
2460330.8956489353,101.04230143229142,3.448711715388328
2460330.902593319,99.07850585937467,3.4451338571368084
2460330.909537703,102.92048502604136,3.447665736340221
2460330.9164820863,107.7804036458333,3.449461890879039
2460330.9234264703,97.73305013020793,3.44650559270111
2460330.930370854,99.44144856770815,3.4466299827579223
2460330.937315238,98.68978515624956,3.4479161815560295
2460330.944259622,98.80512044270836,3.4479279666022364
2460330.951204006,89.85217447916632,3.449261812340256
2460330.9581483905,104.25571289062479,3.4549968903409685
2460330.9650927745,103.23254882812489,3.45394187494974
2460330.972037159,103.39555338541656,3.453755706570828
2460330.9789815433,105.04669270833331,3.4586239575077506
2460330.9859259278,106.53121093749996,3.458554993620359
2460330.992870312,104.94408203124976,3.458747724790044
2460330.9998146966,96.55927408854161,3.4568921166648305
2460331.006759081,103.21236002604171,3.456918548884761
2460331.013703466,105.53776041666636,3.4571144132145695
2460331.0206478513,104.6453776041667,3.4554716149609295
2460331.0275922357,110.25094726562504,3.4553125995602882
2460331.0345366206,106.00356445312491,3.451620259828985
2460331.0414810055,105.37316406249995,3.4478869754376884
2460331.048425391,102.60589843749995,3.444630170006001
2460331.0553697757,102.04117187499985,3.441925915160921
2460331.0623141606,107.6982584635416,3.439901474123007
2460331.0692585465,100.98475585937497,3.4354517818858294
2460331.0762029313,100.87625651041678,3.4323876270103413
2460331.0831473167,105.49632486979151,3.432001576235439
2460331.090091702,101.26500976562481,3.4264998841641794
2460331.097036088,101.34607421874959,3.4217890138642466
2460331.1039804737,97.61729492187472,3.417509212840921
2460331.110924859,102.92993164062484,3.4166292387222668
2460331.117869245,99.89702473958339,3.4134659810107313
2460331.1248136307,96.7278678385416,3.4081382892584493
2460331.131758017,100.69198893229168,3.4067846961897073
2460331.1387024024,98.86721354166654,3.4038079647682413
2460331.1456467886,102.1630696614584,3.4000219069218587
2460331.1525911745,103.20531250000006,3.3968563980258426
2460331.1595355608,108.54999674479147,3.3973275147277575
2460331.1664799466,98.1178352864581,3.3924662166935313
2460331.173424333,100.31434895833324,3.3920155163255306
2460331.180368719,104.81861328124994,3.3933829822059773
2460331.187313106,98.19281249999995,3.3911412250522557
2460331.194257492,93.2871256510416,3.391745375074922
2460331.201201879,104.96362304687484,3.396365537162241
2460331.2081462652,106.43097005208331,3.3993074519627284
2460331.215090652,105.13306966145835,3.401165967661314
2460331.2220350355,104.42438802083309,3.4063541277188674
2460331.228979421,107.99489257812486,3.410549656942185
2460331.235923808,102.04891927083327,3.413117979518382
2460331.242868195,101.07612955729155,3.4146689722686294
2460331.249812582,96.6090559895835,3.4163995265132088
2460331.2567569693,108.8806705729168,3.422708131588785
2460331.263701356,107.14003906249991,3.4228222223624374
2460331.2706457432,105.08927083333326,3.425531505821272
2460331.277590131,105.70201497395828,3.424574246358413
2460331.284534518,99.0045930989583,3.421640336478671
2460331.2914789054,99.88864257812475,3.4212871355725434
2460331.2984232926,112.17539062499993,3.421752146186536
2460331.3053676807,101.8448697916665,3.4177149734612744
2460331.312312068,97.05379231770819,3.414784760226201
2460331.319256456,105.49448242187493,3.4134215651508737
2460331.3262008433,98.45098307291649,3.4104170698802854
2460331.3331452315,98.85125976562495,3.407210276839992
2460331.3400896196,101.01179361979166,3.405954612258265
2460331.3470340073,106.0220312499996,3.403620101443083
2460331.3539783955,103.88581054687499,3.399612433544075
2460331.3609227836,90.44022460937504,3.3908020125517226
2460331.3678671718,103.25687825520815,3.3926928126858704
2460331.37481156,106.18319335937501,3.3911107224877015
2460331.3817559485,104.36464843749991,3.3841415388024383
2460331.3887003367,102.67930664062487,3.3803643944681157
2460331.395644725,102.66473958333336,3.3762037920680665
2460331.402589114,104.86776692708311,3.373448493107827
2460331.4095335025,98.31015624999993,3.3685621899998535
2460331.416477891,96.93507812499986,3.363312253745655
2460331.4234222793,103.78687174479167,3.3603944715025382
2460331.430366669,108.03235026041664,3.3581125688117663
2460331.4373110575,106.1695377604163,3.355953141407609
2460331.4442554465,104.96497721354172,3.3527179481231983
2460331.4511998356,102.08534830729165,3.3505598636225113
2460331.4581442247,105.5169466145832,3.348973849194224
2460331.465088614,101.23389322916667,3.3456889355433623
2460331.4720330033,108.62482747395825,3.346070809295784
2460331.478977392,107.63378580729159,3.3458779720447036
2460331.485921782,108.80414713541661,3.3470467794347907
2460331.4928661715,105.70939778645818,3.343052208810389
2460331.4998105606,93.0000585937499,3.341641751619919
2460331.50675495,90.57527994791644,3.3418996326816903
2460331.5136993397,100.2131803385414,3.3451931200355642
2460331.5206437297,107.29532226562499,3.3500760549458164
2460331.5275881193,103.97941406249993,3.3519947904610334
2460331.5345325093,102.70614908854152,3.3525004518843566
2460331.5414768993,99.01257161458307,3.355324074099201
2460331.5484212893,103.02155598958325,3.3618684058740667
2460331.5553656793,103.67154296874985,3.3662466398014836
2460331.5623100693,96.57315104166658,3.3661649831628697
2460331.56925446,99.42299479166634,3.3703977844156654
2460331.57619885,106.35102539062488,3.374669993375786
2460331.5831432403,105.84002604166653,3.3787549726475508
2460331.590087631,101.03282552083344,3.379297985996796
2460331.5970320213,96.20515625000007,3.378885166227727
2460331.6039764117,93.75697916666665,3.379730748936655
2460331.610920802,104.5267545572915,3.3862651929801504
2460331.617865193,99.86293294270824,3.3863096052510944
2460331.6248095836,102.45329752604145,3.39164105735728
2460331.631753975,103.48381184895834,3.3950914530346314
2460331.6386983655,104.47002929687476,3.3989784390691766
2460331.645642757,101.22185546875001,3.4000692375502766
2460331.6525871474,104.72223958333309,3.403645692047822
2460331.659531539,100.60968424479172,3.406172379911721
2460331.66647593,101.15527994791667,3.408552248969537
2460331.673420321,108.06855794270798,3.41171182747606
2460331.6803647126,101.57251302083326,3.4119201194391473
2460331.6873091045,101.73582682291665,3.4134821169314455
2460331.6942534954,100.38330403645826,3.413405443901351
2460331.701197887,101.83638997395822,3.4155128163545574
2460331.7081422787,98.14210937499972,3.415814355253111
2460331.71508667,99.71073242187504,3.416961812689727
2460331.722031062,99.57454427083333,3.417921574596273
2460331.728975454,106.91930664062495,3.4203225029936775
2460331.7359198458,108.78236653645824,3.4217272751541308
2460331.7428642376,97.99448242187479,3.4176937107978134
2460331.74980863,104.04722656250003,3.4204802552289153
2460331.756753022,98.76222330729145,3.4192875372346463
2460331.763697414,101.97325846354154,3.41585784575677
2460331.770641806,98.81052734374998,3.4137013778831524
2460331.777586199,100.83385416666654,3.4124399072284732
2460331.784530591,112.60214843749979,3.4098729303056197
2460331.7914749836,106.6070930989581,3.4054801816336475
2460331.7984193764,103.86634440104172,3.4003033662542603
2460331.8053637687,108.5169010416668,3.3964866747089957
2460331.812308161,102.46599934895812,3.3892449883327576
2460331.819252554,99.08896484375009,3.3834917984549686
2460331.8261969467,101.18213216145811,3.3794163050942174
2460331.83314134,99.51072265624998,3.3715511709464727
2460331.8400857328,107.92738606770838,3.368703732784633
2460331.8470301256,108.43131510416652,3.3617526366029256
2460331.853974519,109.24317382812494,3.354952791028978
2460331.8609189116,109.03136067708344,3.349121279315668
2460331.8678633054,106.60819335937504,3.343629215038492
2460331.8748076987,102.90932942708302,3.3375919530420344
2460331.881752092,103.33164062499993,3.334358977182305
2460331.8886964857,104.15822916666684,3.332265617155493
2460331.8956408785,108.43409505208349,3.331652361906231
2460331.902585272,99.07906575520822,3.325748772847439
2460331.909529666,100.99121419270811,3.325465693014513
2460331.9164740597,102.6543977864582,3.325446966667077
2460331.9234184534,96.89935872395836,3.325075210548935
2460331.930362847,102.26870442708316,3.3275734400296604
2460331.937307242,106.03540364583326,3.33120964630186
2460331.9442516356,100.87322591145842,3.3312631488759705
2460331.95119603,99.46038085937487,3.3361532626103307
2460331.958140424,92.77160807291664,3.33742208724437
2460331.9650848177,102.08250651041651,3.3438804298295257
2460331.9720292124,103.69363281249996,3.347835662658969
2460331.9789736066,103.2056803385417,3.3522903767231678
2460331.985918001,106.2253255208331,3.358049803829667
2460331.992862396,98.93860351562489,3.3588110171402814
2460331.99980679,102.26543294270823,3.364258557367991
2460332.0067511853,94.81078125000006,3.366663208385594
2460332.0136955795,102.15843424479151,3.3715752684178137
2460332.0206399746,104.68585937499999,3.3738511225095587
2460332.0275843693,105.22125325520831,3.375520339367693
2460332.0345287644,101.82475260416656,3.3747784288219376
2460332.0414731596,105.88294596354156,3.3747658739943076
2460332.0484175547,103.4496061197915,3.373126343481832
2460332.0553619494,103.93930338541668,3.3684220809002703
2460332.062306345,102.25246093750002,3.363609543893084
2460332.06925074,103.72201171874985,3.362571576209245
2460332.0761951357,105.90543945312493,3.357334101537685
2460332.0831395313,105.57755859374977,3.3533298294646188
2460332.090083927,98.02694661458327,3.3484812887952375
2460332.097028322,106.50288736979155,3.347409927424298
2460332.1039727177,101.46501627604145,3.3415735549009575
2460332.1109171137,99.67682942708295,3.338417906791704
2460332.1178615093,103.9439355468747,3.3341769410997846
2460332.124805905,95.64080403645828,3.3283842606626415
2460332.1317503015,98.64719726562498,3.322347101993078
2460332.1386946975,106.95489257812476,3.320558361114309
2460332.145639093,98.57100911458322,3.312285013167252
2460332.152583489,101.77818684895813,3.3094013115098773
2460332.159527886,104.26288085937479,3.304011338378921
2460332.1664722823,106.61736328125001,3.300805529225679
2460332.1734166783,101.9125683593749,3.2968772163903304
2460332.180361075,102.64597981770824,3.293217593834196
2460332.187305472,104.97365234375002,3.291777819149807
2460332.1942498684,93.1458268229165,3.2856084841283355
2460332.201194265,103.17013020833322,3.288474545473715
2460332.2081386615,101.6004427083332,3.289403178243338
2460332.2150830585,101.8166796874998,3.290200346153515
2460332.222027455,103.65157226562481,3.293333490207346
2460332.2289718525,109.8375455729165,3.295553365276253
2460332.2359162495,102.8125162760416,3.2980676463024388
2460332.2428606465,108.30150716145833,3.3041386661891305
2460332.249805044,104.23323893229174,3.3055773120930034
2460332.2567494414,103.84338541666648,3.3079286313549776
2460332.263693838,98.15559244791666,3.307394872789965
2460332.2706382354,105.36900065104146,3.310528690969757
2460332.277582633,103.14655598958309,3.3127876340780085
2460332.2845270303,103.2069759114582,3.3112974716603403
2460332.2914714287,98.6272428385417,3.3098183629880786
2460332.298415826,100.7897786458331,3.3102392256105553
2460332.3053602236,101.65730468749992,3.3087721814334614
2460332.3123046216,105.09996093750003,3.3062537196823514
2460332.3192490195,98.04522786458331,3.3026641952354754
2460332.3261934174,104.99077148437482,3.303648785748564
2460332.3331378154,101.44671223958312,3.298101382527697
2460332.3400822137,107.65825520833307,3.2971580954220774
2460332.3470266117,100.17783203124993,3.291428242019579
2460332.35397101,98.38988281250006,3.289533787518868
2460332.3609154085,98.4446516927084,3.2843862702977056
2460332.367859807,100.3189355468747,3.2818529383135076
2460332.3748042053,110.79559570312495,3.2823594480245473
2460332.381748604,100.8253092447914,3.2774601064312505
2460332.3886930025,94.44566080729162,3.2720029869215943
2460332.395637401,107.17098958333327,3.2730909931622363
2460332.4025818,106.53881184895833,3.2702496705413147
2460332.4095261986,104.84413411458338,3.265554728299166
2460332.416470598,107.45287109375006,3.263292195279068
2460332.4234149964,102.29124674479151,3.2586807431804163
2460332.4303593957,106.37928710937513,3.2562380525743984
2460332.437303795,113.15590820312491,3.255087900794368
2460332.444248194,102.15545247395828,3.2486631864774296
2460332.4511925937,107.98794921874985,3.245994210571743
2460332.458136993,105.29178059895851,3.2422517197285754
2460332.4650813923,102.34694335937517,3.240116948714292
2460332.4720257916,103.4479134114584,3.2345660010502555
2460332.478970191,102.51315429687504,3.2328856716066885
2460332.4859145912,102.13759765625007,3.2317449456207967
2460332.4928589906,105.39476236979151,3.232507191598147
2460332.4998033904,106.10599934895815,3.2357283581076164
2460332.50674779,97.36979817708318,3.2331187716839604
2460332.5136921904,97.78071940104155,3.235595345129432
2460332.5206365907,97.41030598958332,3.238326272310628
2460332.52758099,96.95384440104165,3.2414403338373696
2460332.5345253907,100.73039713541675,3.242964051652383
2460332.5414697905,102.72045898437484,3.2471714274868018
2460332.548414191,98.32458984375005,3.2521863019666633
2460332.5553585915,97.99319010416669,3.2519440064417524
2460332.562302992,103.12746093750002,3.2559859672631095
2460332.5692473925,95.69037434895836,3.257448437969606
2460332.5761917927,100.04758789062483,3.2581183260870215
2460332.583136194,100.95776692708341,3.260010550750352
2460332.5900805946,105.65178710937501,3.2625101592770513
2460332.5970249954,103.49038411458332,3.2615310898965095
2460332.6039693966,105.11090169270831,3.2607169219716563
2460332.6109137973,103.40260416666645,3.256498133492823
2460332.6178581985,99.40209960937484,3.2535266179128466
2460332.6248025997,102.34255533854154,3.2540493180988483
2460332.631747001,108.18067057291667,3.2545969812881164
2460332.638691402,108.15387695312499,3.254263085671297
2460332.645635803,107.43040690104165,3.2563930453133154
2460332.652580205,101.40196940104154,3.254927334031185
2460332.659524606,107.49602213541645,3.2587060873129787
2460332.6664690077,101.3841080729165,3.2606158102379297
2460332.6734134094,101.99002604166647,3.2627141239163
2460332.680357811,100.41522460937465,3.263401559459556
2460332.6873022127,102.53851562499995,3.267396325198575
2460332.694246615,96.87487955729178,3.2695771856224662
2460332.701191017,99.26194335937483,3.275142589192423
2460332.7081354186,98.5146777343748,3.2776589267822374
2460332.715079821,106.10402994791654,3.2841385653007755
2460332.722024223,107.49387369791673,3.290621304572632
2460332.7289686254,101.42518229166672,3.2911327313765457
2460332.7359130275,100.21333984374981,3.292504244396408
2460332.7428574297,100.03527018229154,3.2958915131313034
2460332.7498018327,94.38124674479134,3.2974506240603367
2460332.756746235,100.02346028645827,3.300415708084612
2460332.7636906374,102.17458333333327,3.300418402980371
2460332.77063504,103.82773437499993,3.3011800177856068
2460332.777579443,97.79639648437494,3.2959660742732093
2460332.784523846,99.80440104166671,3.2948828968320005
2460332.7914682482,102.62983072916631,3.2911231967759282
2460332.7984126513,96.34833007812479,3.2867367713089006
2460332.8053570543,100.57591471354135,3.280498188850256
2460332.8123014574,100.69372395833322,3.2758351539700428
2460332.8192458604,105.28238932291667,3.2715504131394635
2460332.8261902644,106.26060872395813,3.2643708407961323
2460332.8331346675,105.96787760416646,3.26050665340477
2460332.840079071,106.93233072916655,3.254923224213402
2460332.8470234745,105.24852864583318,3.2498442098544236
2460332.8539678776,102.6221712239585,3.242558355734133
2460332.8609122816,105.03233723958313,3.2390425960470317
2460332.867856685,103.2429654947917,3.234039632891765
2460332.874801089,102.74292643229167,3.2284677611312573
2460332.881745493,105.41506184895827,3.2271381728697066
2460332.8886898966,98.23683268229176,3.220667003210582
2460332.8956343005,94.75652018229175,3.2157297212727283
2460332.902578705,99.60700195312499,3.2142561859300343
2460332.909523109,95.23366210937486,3.2112306131654624
2460332.9164675134,97.70828776041678,3.2087999870298654
2460332.9234119174,101.82448242187472,3.20946882222149
2460332.9303563223,101.72361653645794,3.2118206454038543
2460332.9373007263,98.47360026041633,3.2076133142902745
2460332.9419303294,96.26765625000007,5.557381470369516
2460333.120170066,81.71675781249996,5.52996689542812
2460333.1247996707,92.14485351562492,3.191675799690302
2460333.1317440774,92.73515299479156,3.188495657905491
2460333.1386884837,93.20504231770838,3.1844981075104
2460333.1456328905,100.00046223958316,3.181396186287546
2460333.1525772973,91.56751953124983,3.173006719084374
2460333.159521704,89.93361653645813,3.169340896404957
2460333.166466111,92.40250651041667,3.1655231600728744
2460333.173410518,95.56353515625005,3.16233650876476
2460333.180354925,93.09519531249998,3.1586448222327843
2460333.187299332,95.49208007812497,3.1558719584074546
2460333.1942437394,95.78697916666654,3.1561701970762055
2460333.2011881466,99.37845377604162,3.1569061797534452
2460333.208132554,102.72887695312495,3.1540531024054723
2460333.215076962,99.00018229166653,3.152771957164667
2460333.222021369,100.20644856770832,3.1520138825283452
2460333.228965777,96.16266601562499,3.1518524883876897
2460333.2359101847,94.59688476562481,3.153838432064894
2460333.2428545924,95.61527343750004,3.154728497407234
2460333.249799,96.61441406249999,3.15608490443088
2460333.2567434083,94.79746093750009,3.1571984001770184
2460333.263687816,96.13974283854168,3.158912831510754
2460333.2706322237,93.45244466145823,3.161902539346381
2460333.2775766323,95.93055664062497,3.1645407629935707
2460333.2845210405,88.90503906250008,3.1644102736692292
2460333.2914654487,90.98858072916664,3.164277417088863
2460333.298409857,90.83845052083325,3.163314156903303
2460333.3053542655,92.10240885416654,3.1625607001764298
2460333.312298674,84.50945638020828,3.159595451185325
2460333.3192430823,92.64372721354145,3.16216208807497
2460333.326187491,84.53342122395816,3.156895378692209
2460333.3331319,85.15224609375007,3.155927821654869
2460333.340076309,81.63723632812496,3.1512146182678067
2460333.347020718,83.67136718749968,3.151720970097116
2460333.3539651264,87.44569010416672,3.1507700331802813
2460333.360909536,83.83191080729148,3.1439442861204987
2460333.3678539447,90.80846028645813,3.144201895014788
2460333.374798354,87.40958007812485,3.1397923194683535
2460333.3817427633,90.09010091145835,3.138430824665481
2460333.3886871724,84.28859375000017,3.1346838468704186
2460333.395631582,89.87082031249975,3.1346782488804354
2460333.4025759916,90.73299804687501,3.1314962905292982
2460333.409520401,87.61985026041673,3.1280961794148703
2460333.4164648107,90.78783203124976,3.1275602863775096
2460333.4234092203,85.07056640624978,3.125671300403898
2460333.4303536303,90.25026041666645,3.1246452410882952
2460333.4372980404,86.36265299479162,3.1217145779152626
2460333.44424245,89.11056315104149,3.1227080593547787
2460333.45118686,86.34924479166648,3.1195902565950555
2460333.45813127,86.83315429687475,3.1159710744244045
2460333.4650756805,85.43727213541676,3.1161299434362344
2460333.472020091,88.38856119791642,3.1138470388326134
2460333.4789645015,81.10036132812502,3.1117250486815333
2460333.485908911,83.1622102864582,3.1119602800137947
2460333.4928533216,82.67396484374997,3.1105717784885383
2460333.499797732,86.90420898437485,3.11273343553395
2460333.5067421435,79.7344759114582,3.1120908858300194
2460333.513686554,83.91850260416656,3.1127832697868
2460333.520630965,79.07107747395806,3.109909103641696
2460333.5275753755,82.10108072916667,3.110189209561683
2460333.5345197865,86.38836263020812,3.110984593877772
2460333.541464198,83.73427408854165,3.1113679167139607
2460333.548408609,84.23718749999973,3.1096541085469034
2460333.55535302,87.14867187499992,3.1116113385549338
2460333.5622974313,85.37769205729153,3.1124975596313127
2460333.5692418427,89.19904947916666,3.1157340029580354
2460333.576186254,83.36030924479171,3.1117529834273014
2460333.5831306656,89.9674446614584,3.1145307304826173
2460333.5900750775,81.46576171874995,3.111825724345712
2460333.5970194885,87.51150716145837,3.1110403097261567
2460333.6039639004,83.21888346354172,3.109478882525661
2460333.6109083123,83.86484374999993,3.1059801813606303
2460333.6178527237,90.9015657552083,3.1063699065015604
2460333.624797136,86.43992513020824,3.10229251366644
2460333.631741548,92.08592773437492,3.101778134076872
2460333.6386859603,89.03211263020846,3.09910235300762
2460333.6456303727,83.77150716145813,3.096658480070803
2460333.652574785,89.50015299479143,3.0947257894281246
2460333.659519197,86.08958333333324,3.097443082236463
2460333.6664636093,84.65951822916652,3.0960611120800006
2460333.6734080217,77.75037760416656,3.100679181740967
2460333.6803524345,82.70069335937494,3.10333684891596
2460333.687296847,82.60822591145809,3.107360477891502
2460333.6942412597,88.83913085937456,3.113078811968211
2460333.701185673,87.71701822916673,3.1156021775179865
2460333.7081300854,80.57288736979172,3.117594712707779
2460333.715074498,83.08662109375018,3.120568724207729
2460333.722018912,80.77152018229162,3.1260761844668967
2460333.728963325,82.25565429687504,3.1276645818609965
2460333.7359077386,82.29167643229175,3.1303181117648413
2460333.742852151,83.53944010416672,3.1306173726457156
2460333.749796565,78.67081380208326,3.131170886736663
2460333.756740978,84.3589160156248,3.131950513493239
2460333.7636853918,78.82941080729158,3.130390901547129
2460333.770629805,78.21158854166652,3.1311849144872563
2460333.777574219,84.15165690104156,3.129896351129855
2460333.7845186326,81.59058593749978,3.127429522623741
2460333.791463047,82.34312825520844,3.1275508990889676
2460333.79840746,83.4250032552083,3.1261524308186703
2460333.8053518743,84.07372721354159,3.1218045824416585
2460333.8122962886,83.42719401041647,3.119451936041432
2460333.8192407023,85.8533430989584,3.1190148337727304
2460333.8261851165,81.97451497395832,3.1139214252917804
2460333.833129531,84.47997721354159,3.1125728135869903
2460333.8400739455,87.20189778645833,3.1088843149259326
2460333.8470183597,82.86335937499977,3.102475973210583
2460333.853962774,80.70011393229152,3.0991964939415
2460333.860907189,90.53227864583339,3.0998003136126435
2460333.8678516033,86.44572265625008,3.095100776082783
2460333.874796018,86.58948242187489,3.090722001566304
2460333.8817404327,87.81788085937478,3.08925285628032
2460333.888684848,84.17583333333339,3.083405963247175
2460333.895629263,85.1623665364582,3.081272405249114
2460333.902573678,81.76454752604165,3.0764167000464884
2460333.9095180933,86.04824869791673,3.0729943120605383
2460333.9164625085,76.29605143229128,3.0716985211539263
2460333.9234069237,81.27744791666646,3.0700389379879245
2460333.930351339,78.69706705729156,3.064895394902315
2460333.9372957544,79.30295898437514,3.0653694624361836
2460333.94424017,79.27749674479158,3.0651010402322285
2460333.9511845857,81.30615559895841,3.0661488457854778
2460333.9581290013,79.31664713541659,3.0676077169019713
2460333.9650734174,85.8724153645832,3.066402627875324
2460333.9720178326,78.53148111979165,3.064422156460717
2460333.9789622487,80.78597005208333,3.0663419807311922
2460333.9859066647,81.25099609374986,3.0667426493298167
2460333.992851081,82.04025065104163,3.0668102379286104
2460333.999795497,83.49129231770819,3.065645503399814
2460334.006739913,87.27654296874987,3.0686235970933122
2460334.013684329,80.42401041666653,3.068717787528421
2460334.020628746,82.89568684895828,3.070026201306337
2460334.027573162,84.49525390624967,3.070039212534574
2460334.0345175792,89.49265299479157,3.072438806632475
2460334.0414619953,83.96889322916665,3.070269459236327
2460334.0484064124,84.79787109375017,3.0714670399678847
2460334.0553508294,83.5169173177084,3.0722131851661665
2460334.0622952455,82.03940104166652,3.0671816193461274
2460334.069239663,89.12555013020831,3.0661272229374767
2460334.07618408,81.28612304687492,3.0653012117316254
2460334.083128497,78.86186197916656,3.05960115186091
2460334.0900729145,83.60527669270823,3.057309519174772
2460334.0970173315,81.14833984375007,3.0505339407774943
2460334.103961749,80.15564778645815,3.0472477231725605
2460334.1109061665,78.61529947916658,3.0429612433127775
2460334.117850584,78.86608398437495,3.0390680976133964
2460334.1247950015,77.20183919270828,3.0372659769723427
2460334.131739419,75.47757486979162,3.0340264063505695
2460334.138683837,78.4881380208332,3.0332167510321852
2460334.145628255,84.76705729166663,3.031199352267518
2460334.1525726723,77.12936197916663,3.0270496228294537
2460334.159517091,71.00046223958331,3.0264416533532965
2460334.1664615087,80.34966145833339,3.025313754057794
2460334.1734059267,79.6402115885415,3.022951292880345
2460334.180350345,78.67917317708331,3.0208392673842748
2460334.187294763,78.7599381510416,3.019595650841986
2460334.194239182,82.89695963541665,3.0183832737782974
2460334.2011836004,82.39410481770831,3.0167669708649263
2460334.2081280183,81.46301757812473,3.0147126778335203
2460334.215072437,82.64784830729165,3.013938774858318
2460334.2220168556,83.80308268229162,3.0116435036183318
2460334.2289612745,83.61823893229182,3.0101865837331405
2460334.2359056934,78.38377929687492,3.007735595616468
2460334.2428501123,84.65517903645832,3.0094517465536916
2460334.2497945316,82.97098958333329,3.008327416001801
2460334.256738951,86.3542610677082,3.0098664255240295
2460334.26368337,79.16015299479174,3.00782389509053
2460334.2706277887,79.12371744791653,3.0081381543537087
2460334.2775722085,84.1436263020834,3.0091759533164377
2460334.2845166274,80.32504882812479,3.0096870118530608
2460334.2914610473,81.06013671874992,3.0092919006764256
2460334.298405467,83.27396809895845,3.0090432794483934
2460334.3053498864,76.5203645833332,3.004808271504661
2460334.3122943062,80.87528971354156,3.0038216624494094
2460334.319238726,75.33600585937499,3.002189241222098
2460334.326183146,74.57330729166658,3.0019389953346782
2460334.333127566,78.80880208333322,2.9998142393430274
2460334.340071986,83.56535156249993,2.9974486763974078
2460334.347016406,77.91486002604172,2.9932537079043464
2460334.353960826,75.99399414062509,2.987951438243004
2460334.3609052463,83.74218750000016,2.9895696752849372
2460334.367849667,80.59924153645822,2.98789320057792
2460334.3747940874,81.24446614583333,2.986643841699568
2460334.3817385077,78.84083984374986,2.9824374467241648
2460334.3886829284,81.37989257812508,2.9830616599873867
2460334.395627349,80.32388020833332,2.980850860510465
2460334.40257177,79.0116471354166,2.9791958375959484
2460334.4095161906,79.11029622395836,2.980257607811822
2460334.4164606114,78.5831087239582,2.981066140392327
2460334.4234050326,77.04711588541659,2.9793260684318983
2460334.430349454,81.42698242187483,2.9788460323508623
2460334.437293875,84.297607421875,2.983411792409162
2460334.4442382962,78.66481445312517,2.9802645329627935
2460334.4511827175,83.02761067708327,2.983327330008511
2460334.4581271387,82.62185221354169,2.983584651849938
2460334.4650715603,76.54125325520818,2.9830143312869155
2460334.472015982,83.76128255208323,2.987255469609453
2460334.4789604037,73.3873079427082,2.982891637345817
2460334.4859048254,80.03962239583325,2.9859116416965144
2460334.492849247,79.8457324218748,2.9857228248971315
2460334.499793669,80.66791341145806,2.984227296733718
2460334.506738091,74.07870768229168,2.9825130876343464
2460334.513682513,77.43668619791667,2.983482948965611
2460334.5206269347,76.47195312499996,2.981514132755869
2460334.527571358,75.41477213541657,2.982639896285285
2460334.53451578,79.65489583333344,2.9799329093639266
2460334.5414602016,76.4412207031249,2.978886542533969
2460334.5484046247,75.82129231770826,2.975864585103551
2460334.555349047,70.30482096354172,2.9702204837242356
2460334.56229347,81.06722656250001,2.9727104839267913
2460334.5692378925,78.45122070312497,2.9697559297984184
2460334.5761823156,76.96284830729155,2.9670249670065663
2460334.583126738,73.37167643229152,2.9624400516204292
2460334.590071161,79.9886100260416,2.962959075378832
2460334.597015584,79.76393554687486,2.960998640155751
2460334.6039600074,81.82699544270827,2.958594721543198
2460334.6109044305,78.83947916666632,2.954203606943665
2460334.6178488536,87.12090820312505,2.952322881294485
2460334.624793277,78.08871093750001,2.9468802274578376
2460334.6317377007,83.88762044270818,2.9452665437071768
2460334.638682124,84.8307389322916,2.94315013218452
2460334.6456265477,81.63819010416653,2.9388547676000445
2460334.6525709713,83.42395507812505,2.9391516724494924
2460334.6595153953,79.66873697916692,2.937384526738034
2460334.666459819,79.34205403645835,2.9379931906364107
2460334.673404243,79.60035481770804,2.940440970994478
2460334.680348667,80.6156510416666,2.9388367776875923
2460334.6872930913,76.1654264322915,2.9363786401512115
2460334.6942375153,76.23580403645822,2.9396764894080523
2460334.7011819393,76.03167317708328,2.940895901887426
2460334.708126364,72.14891601562476,2.9414786440127862
2460334.7150707883,79.1246419270833,2.9466105358169297
2460334.7220152128,81.47700195312488,2.9492513602501464
2460334.7289596335,77.33080078125006,2.948835380625314
2460334.7359040584,78.47358072916661,2.948446718311194
2460334.7428484834,77.39193684895842,2.9511233330821867
2460334.749792908,77.09125325520836,2.95045764901457
2460334.756737333,82.87015950520845,2.9521529971406584
2460334.7636817577,78.0911686197913,2.950361240952599
2460334.770626183,81.99522786458344,2.9541383253159554
2460334.7775706085,77.80490234374975,2.951915184604322
2460334.784515033,77.14732747395813,2.9512074698725055
2460334.7914594584,77.19504231770816,2.949523997153993
2460334.798403884,78.24872395833336,2.950570571704489
2460334.805348309,79.06648763020819,2.9494058903023084
2460334.8122927356,79.13006184895812,2.9473534868315134
2460334.819237161,86.40013346354165,2.948409650269935
2460334.8261815864,79.10901367187505,2.943032733149547
2460334.8331260122,81.42554687499994,2.9422787832582293
2460334.840070438,80.89374674479177,2.939771505803579
2460334.8470148644,79.11502929687488,2.937107293253312
2460334.8539592903,79.82546549479154,2.934566731112621
2460334.860903716,80.03439127604149,2.9340709744699165
2460334.8678481425,82.23472330729162,2.931756112216432
2460334.874792569,83.3189615885417,2.929115242542066
2460334.881736995,80.6215104166666,2.925613088095648
2460334.888681422,78.50768880208322,2.923101828186741
2460334.8956258483,78.32184570312484,2.919429701633893
2460334.902570275,73.15091796875004,2.9158884879706766
2460334.9095147015,74.73917317708326,2.91319115878575
2460334.9164591287,79.75477539062483,2.910803310146879
2460334.9234035555,72.57732747395842,2.9099618725921363
2460334.9303479823,79.08903320312493,2.9108973230729176
2460334.9372924096,72.69505533854165,2.9070680936398685
2460334.944236837,75.97891276041658,2.906073102738528
2460334.951181264,80.56311848958315,2.9072281170159955
2460334.9581256914,79.54888997395817,2.905771403355214
2460334.9650701187,75.94746093750003,2.9071715614481035
2460334.972014546,81.39020182291658,2.905793389770034
2460334.9789589737,82.94388671874974,2.905037131232668
2460334.9859034014,79.2152311197915,2.9017280130060743
2460334.9928478287,78.79123697916673,2.90006732245031
2460334.999792257,83.4643098958333,2.9012348405792547
2460335.0067366846,83.68486979166664,2.8986950762873103
2460335.0136811123,78.16520833333304,2.8987488213332337
2460335.020625541,82.01880208333341,2.898087539466603
2460335.0275699687,81.83657877604158,2.897291557673745
2460335.0345143974,81.47021484374984,2.898395419369159
2460335.041458825,85.21040039062488,2.900291391052899
2460335.048403254,85.25080729166666,2.8993485011836246
2460335.0553476824,85.47741536458322,2.898437264464452
2460335.0622921106,80.06107096354162,2.894872184547706
2460335.06923654,81.77286783854136,2.896150903090754
2460335.0761809684,80.19240559895827,2.892231425489245
2460335.083125397,77.35869140624997,2.8902737355630266
2460335.0900698258,78.9860546874999,2.8858608756284383
2460335.097014255,77.06103515625,2.884703402349913
2460335.103958684,80.54529296875005,2.881595850678682
2460335.110903113,74.56209309895848,2.88140638292078
2460335.1178475427,73.71214843749992,2.874175948432715
2460335.124791972,82.15078124999991,2.874697895729632
2460335.1317364015,76.08484374999973,2.871227298227511
2460335.1386808306,79.34047851562491,2.872227169117473
2460335.14562526,77.85807942708334,2.868791656319079
2460335.1525696903,79.13657877604162,2.872818647749708
2460335.1595141194,78.29372070312486,2.868631802521469
2460335.1664585494,79.44679036458335,2.8700505940089056
2460335.1734029795,78.34072591145816,2.869762074526475
2460335.180347409,83.51010091145842,2.870507890686079
2460335.1872918396,75.29318359375004,2.87054078093837
2460335.1942362697,80.34099934895812,2.869500367696211
2460335.2011806997,83.30837239583343,2.8707038563402443
2460335.2081251307,79.28249348958327,2.8709533645402696
2460335.2150695603,83.96344075520817,2.870448924410944
2460335.222013991,81.64352213541663,2.870537790968383
2460335.228958422,80.48623046875007,2.8700145218212847
2460335.235902853,80.82317708333312,2.8679795503771306
2460335.242847283,80.29546223958339,2.8650730696470688
2460335.249791714,79.53890625000001,2.8654575831222657
2460335.256736145,85.98507486979149,2.867292237264193
2460335.263680576,85.31227539062486,2.8639184936066684
2460335.270625007,83.92874674479178,2.8628791725608753
2460335.277569438,79.87151692708328,2.859398260784586
2460335.28451387,81.72954101562497,2.858411156251788
2460335.291458301,75.4922460937499,2.8572600274357582
2460335.2984027322,74.72978841145823,2.8532547809109925
2460335.3053471637,79.22329427083332,2.852675752896395
2460335.3122915956,79.60064778645831,2.851930880218491
2460335.319236027,77.94430013020822,2.849595741585341
2460335.3261804585,72.86739257812496,2.8458776289042693
2460335.3331248905,74.07753255208308,2.846131308661471
2460335.3400693224,75.64932942708326,2.843714109542571
2460335.347013755,77.60218098958315,2.843116615395991
2460335.3539581867,76.6309309895834,2.8416607658960267
2460335.360902619,77.4048014322916,2.840260124242866
2460335.3678470515,79.38181315104157,2.838835852006462
2460335.374791484,79.3652473958332,2.8390160564026625
2460335.381735916,84.76883789062488,2.8397795278686715
2460335.3886803486,83.02898763020812,2.8395299472176525
2460335.3956247815,76.21265624999978,2.835917505545225
2460335.402569214,81.30637369791641,2.837823430340132
2460335.4095136467,79.46420572916668,2.840690955722977
2460335.4164580796,79.64296223958338,2.839765342443588
2460335.4234025124,79.1392154947918,2.83837069191021
2460335.4303469458,81.48776041666649,2.8403435472447467
2460335.4372913786,81.57736002604133,2.8393873606912234
2460335.4442358124,78.50836914062499,2.8379044620591105
2460335.4511802457,82.29497070312497,2.8381637482729425
2460335.458124679,83.36587890624985,2.8358585164825265
2460335.465069112,75.16847656250002,2.8329905811529783
2460335.472013546,78.49130859374993,2.834136011335742
2460335.4789579795,82.5028580729166,2.8352152029886057
2460335.4859024133,79.89138020833313,2.8351782558322007
2460335.492846847,79.42778971354164,2.838149578859405
2460335.4997912813,82.88565429687515,2.8378813477465403
2460335.506735715,74.37405598958337,2.835798899178705
2460335.5136801493,75.88243164062472,2.8409282300382195
2460335.5206245836,82.61028971354153,2.8391096162060663
2460335.527569018,77.78686197916629,2.839127723587719
2460335.534513452,75.99611979166654,2.8371171241114195
2460335.5414578863,76.21679036458333,2.8382313981579195
2460335.548402321,72.39970703125012,2.8320322229079764
2460335.555346756,79.09781575520826,2.8319875935641647
2460335.5622911905,78.91154622395834,2.828937780815577
2460335.569235625,73.73068359375004,2.8262704344556866
2460335.57618006,80.37241861979162,2.8262358395032012
2460335.583124495,81.63432942708323,2.8251844033810207
2460335.5900689303,81.69140625,2.8221958908498244
2460335.597013365,78.66143229166664,2.821451961768363
2460335.6039578,80.50139648437487,2.8197723284878506
2460335.610902236,78.99111653645832,2.8188357417390404
2460335.617846671,79.54472656249982,2.8180349308290595
2460335.624791106,83.0091178385416,2.8180456055621033
2460335.6317355423,76.9209993489582,2.8166556986802163
2460335.638679978,80.30626302083328,2.815373517390952
2460335.6456244136,77.90576171875,2.8138698142635366
2460335.6525688497,78.35278645833326,2.8114759452986475
2460335.6595132854,76.36183268229145,2.8105491715161772
2460335.6664577215,80.52178059895839,2.810438320745554
2460335.673402158,78.22962565104172,2.8085304379065867
2460335.6803465937,77.52816731770827,2.8081123047212535
2460335.68729103,81.19115559895847,2.809907596219674
2460335.6942354664,78.55598632812507,2.8075497330226544
2460335.701179903,75.6608040364581,2.8062554264051514
2460335.708124339,76.84799153645797,2.80844082775868
2460335.7150687757,77.05738281249994,2.808222267399902
2460335.7220132127,77.562744140625,2.808636914345586
2460335.72895765,75.45167643229176,2.8052452617352137
2460335.7359020864,82.79560221354161,2.809585715848699
2460335.742846523,80.73724283854138,2.8045977396405246
2460335.7497909605,74.89827148437507,2.8021648303194486
2460335.7567353975,76.85968749999999,2.8019859579602144
2460335.7636798345,76.74833007812504,2.8022149222876576
2460335.770624272,78.37808919270856,2.8025325764880944
2460335.7775687096,76.9066243489583,2.8011522089665353
2460335.784513147,79.21139322916649,2.8017741245140697
2460335.7914575846,79.67611653645811,2.7987641210591767
2460335.798402022,75.86301106770831,2.7969895754359437
2460335.80534646,80.74052083333329,2.796905482726539
2460335.812290898,79.52236979166643,2.79845601166898
2460335.819235336,84.95804687500004,2.797228043021621
2460335.826179774,82.96493489583327,2.7956057229794014
2460335.8331242125,81.99027018229162,2.7949215923372637
2460335.84006865,77.89620442708353,2.7943761678533203
2460335.8470130884,77.37911783854163,2.790007947735534
2460335.853957527,79.56752278645838,2.792442414270042
2460335.8609019653,78.85767578124994,2.7884685165671446
2460335.8678464037,82.17315755208331,2.789833912967028
2460335.874790842,76.57519205729159,2.786835691568557
2460335.8817352816,81.17747395833324,2.787983795929923
2460335.8886797205,74.85390624999991,2.7854879490439663
2460335.8956241594,76.49326171875009,2.7850282684869403
2460335.902568598,74.71921549479173,2.783607964961584
2460335.9095130377,74.63154296874988,2.783125326391366
2460335.9164574766,77.33619466145835,2.7817778934012694
2460335.923401916,73.24434895833338,2.782242595537046
2460335.9303463553,76.67207682291655,2.782843651019032
2460335.937290795,76.25072265625006,2.7791026689740814
2460335.944235234,75.96090494791649,2.779011168269452
2460335.951179674,72.55388997395812,2.7746892447251295
2460335.9581241137,72.05907226562506,2.773950280415095
2460335.965068553,72.02622395833335,2.7742799578896062
2460335.9720129934,77.43136393229149,2.7730764215809143
2460335.9789574333,77.48302734374981,2.773349412818554
2460335.9859018736,79.93997721354162,2.7738026288314654
2460335.992846314,81.91536783854174,2.773749584098202
2460335.999790754,81.52441080729159,2.771868452450331
2460336.0067351945,74.25239908854171,2.7685972184769105
2460336.013679635,83.04213867187521,2.770574537286446
2460336.020624075,78.8557714843749,2.768842799415335
2460336.027568516,80.76715494791658,2.771324933281525
2460336.0345129566,80.46738281249979,2.76895612030283
2460336.0414573974,78.36848307291666,2.768307408020769
2460336.048401838,75.86349934895816,2.7686143395615264
2460336.05534628,79.41983398437485,2.766471377687571
2460336.0622907206,82.66596028645836,2.766323545377345
2460336.069235162,79.47561197916639,2.765244838338876
2460336.076179603,77.54572265624999,2.7622366887340335
2460336.083124045,78.01274088541656,2.7633142904037507
2460336.0900684856,74.1658007812498,2.7594482995075786
2460336.0970129273,71.72092447916657,2.7560256640512795
2460336.1039573695,72.32036783854164,2.755878819829808
2460336.1109018107,77.82070312499991,2.7562404375972474
2460336.1178462524,74.50205729166662,2.7550337468465593
2460336.124790694,73.79139973958324,2.753472846933794
2460336.1317351363,72.09109374999996,2.753710542070284
2460336.1386795784,70.33599283854164,2.7509948317103348
2460336.1456240206,73.79886067708321,2.751575765113006
2460336.152568463,73.69194661458323,2.7525699284536524
2460336.159512905,75.19717122395816,2.752798883708404
2460336.1664573476,74.73868489583326,2.7528552296223
2460336.17340179,76.0332877604166,2.7542481348269092
2460336.1803462324,74.12986328124998,2.752404396731098
2460336.1872906755,82.0859505208332,2.7539760920667273
2460336.1942351186,74.75098632812478,2.751400034770676
2460336.201179561,81.58630208333322,2.754504871222817
2460336.208124004,79.0021516927083,2.752112300519038
2460336.215068447,79.60747721354164,2.7522280723919876
2460336.22201289,78.86010091145833,2.750919888425475
2460336.2289573336,79.25520833333333,2.752643865341287
2460336.2359017767,71.37922200520809,2.750521460337852
2460336.2428462203,79.8486783854167,2.750669976114585
2460336.2497906643,82.62593424479155,2.7508345748682212
2460336.2567351074,77.04396809895813,2.75140008129256
2460336.2636795514,81.39829101562509,2.7498363105449766
2460336.270623995,78.36425130208318,2.7485656477539977
2460336.277568439,77.80507161458338,2.7474684752429703
2460336.284512883,75.13393554687507,2.746212898595823
2460336.291457327,73.81836588541667,2.7444784798949278
2460336.298401771,74.76227213541658,2.744613404761449
2460336.3053462156,71.26229817708311,2.744182705035915
2460336.3122906596,72.82084960937497,2.7428995356264507
2460336.3192351046,69.58771158854158,2.7394209706491996
2460336.326179549,72.13480143229162,2.7423642796810306
2460336.3331239936,71.42291992187499,2.7391031457645973
2460336.3400684367,74.63570963541649,2.7404407753898536
2460336.3470128803,78.2293489583332,2.740411232879662
2460336.353957325,73.86083007812506,2.73782171600721
2460336.36090177,73.55478841145835,2.738712252239497
2460336.3678462156,78.38076497395832,2.740368392198709
2460336.3747906606,79.49652994791661,2.7381629964733647
2460336.3817351055,76.04526041666668,2.7374975410033584
2460336.388679551,74.65208333333324,2.7361391281812897
2460336.395623997,78.4990234375,2.7378733098127275
2460336.4025684423,78.27683593749998,2.7380822164431287
2460336.4095128877,78.16725585937486,2.7359560716309854
2460336.4164573336,77.74367513020827,2.736673590594028
2460336.4234017795,77.67107421875001,2.7365669635196337
2460336.4303462254,77.09939127604154,2.739189516223238
2460336.4372906717,76.83168945312491,2.734171776111253
2460336.4442351176,74.7311718749999,2.7343218357464694
2460336.451179564,80.15035481770838,2.732941836568641
2460336.45812401,79.92210937499992,2.735428966165973
2460336.4650684563,75.05173502604157,2.7349309369939516
2460336.472012903,77.46526367187501,2.7327055378371816
2460336.4789573494,72.77228841145825,2.7308478504896834
2460336.4859017967,79.0926595052083,2.7319171390492643
2460336.492846243,70.68858398437503,2.730441504364965
2460336.4997906904,70.13540039062491,2.730483110457671
2460336.5067351367,71.61989908854169,2.73037913487051
2460336.513679584,76.31889322916656,2.7315183850972287
2460336.520624031,71.56875651041658,2.730289855214082
2460336.527568478,75.43628580729153,2.7309086831428684
2460336.534512926,72.98394205729164,2.731040326931875
2460336.541457373,75.94320638020827,2.7308312351423574
2460336.548401821,73.63428385416653,2.7313115112243262
2460336.5553462687,74.67933268229156,2.730087818266093
2460336.5622907165,70.5250325520833,2.7295883527076206
2460336.569235164,80.3492513020833,2.7324327578726932
2460336.576179612,73.88797526041662,2.730440350014074
2460336.5831240597,73.4335644531249,2.7309194424468135
2460336.590068508,75.91497070312501,2.7313318194042786
2460336.597012956,75.77387369791661,2.7329318752929144
2460336.603957404,80.02797851562491,2.731998898027246
2460336.6109018526,81.78774414062491,2.733836196872837
2460336.6178463013,77.7181022135416,2.7309156613777663
2460336.6247907495,78.01909830729149,2.732114214614365
2460336.631735198,76.04902343749988,2.7321705822005136
2460336.638679647,77.35288736979162,2.7310686561531536
2460336.645624096,77.47037109374985,2.7301234457921644
2460336.6525685447,74.84566731770838,2.731538076634361
2460336.659512994,78.51646809895828,2.732695258450397
2460336.666457443,77.72013671874993,2.731480304170471
2460336.673401892,76.58550130208339,2.731336916613609
2460336.6803463413,79.23831380208321,2.732858370551161
2460336.687290791,72.01904947916667,2.7305277357953535
2460336.6942352406,73.58566731770831,2.7301454180604394
2460336.70117969,76.50384440104153,2.7304440499084612
2460336.70812414,70.9862727864582,2.7287079481302237
2460336.7150685894,70.65788085937493,2.7297587983587963
2460336.7220130395,72.84779622395824,2.728870255366203
2460336.7289574896,74.25726888020836,2.7292437286448
2460336.735901939,69.3294042968749,2.7313757860356147
2460336.7428463898,75.45293619791664,2.731674371261658
2460336.74979084,73.23973958333333,2.729949308528548
2460336.75673529,73.38065755208329,2.7298744705787423
2460336.763679741,78.35938151041667,2.7307557304312486
2460336.770624191,77.10011067708335,2.7310366993364457
2460336.777568642,79.53052734374994,2.731155263330684
2460336.784513092,75.64254557291649,2.7313576966331223
2460336.7914575436,78.63064778645837,2.7317565313017735
2460336.7984019946,77.38562500000005,2.7305666370805324
2460336.805346445,78.41117838541656,2.7318551793469315
2460336.8122908967,79.1559049479165,2.731083451333751
2460336.8192353477,75.69358398437483,2.7308875887713313
2460336.826179799,78.65447916666653,2.732805311767829
2460336.8331242506,73.80361979166658,2.731185007746575
2460336.840068702,78.02859049479154,2.730477459865261
2460336.8470131536,74.0239388020832,2.7291999446743773
2460336.8539576055,75.82592122395818,2.7315070507228896
2460336.860902057,77.84730143229156,2.7329339351052706
2460336.867846509,72.09642903645833,2.7292902323520405
2460336.874790961,74.8845377604166,2.730276174759201
2460336.8817354133,74.15816080729155,2.728489267003432
2460336.8886798653,75.81481770833322,2.730127644973656
2460336.895624317,75.95849283854159,2.729652500688753
2460336.90256877,76.15674479166667,2.729706375783019
2460336.9095132225,74.39424479166655,2.7296707064966177
2460336.916457675,78.2872395833333,2.729798764001203
2460336.923402128,73.51884765624982,2.727797464291493
2460336.93034658,73.6967480468749,2.7291412811289972
2460336.937291033,80.42470052083324,2.7306226682457777
2460336.9442354864,74.30430338541662,2.7299178590998476
2460336.95117994,78.6989192708332,2.7312152645159746
2460336.958124392,74.81902343750001,2.729326827902883
2460336.9650688455,75.46171223958329,2.728753885291983
2460336.972013299,78.04443359374984,2.732479400894525
2460336.978957752,73.88729817708342,2.7297901644907205
2460336.9859022056,74.39131510416655,2.7286481688628137
2460336.99284666,76.82162109375001,2.7298204044126195
2460336.999791113,72.40385742187497,2.7272004819136426
2460337.0067355675,77.37502278645827,2.7305236980293834
2460337.013680021,80.39490885416656,2.730508644630611
2460337.020624475,79.95571289062491,2.7320449515052108
2460337.027568929,74.13635091145836,2.730387207065363
2460337.034513383,77.83279622395837,2.7297312332869232
2460337.0414578374,72.82706380208326,2.726589844524204
2460337.048402292,76.82664388020824,2.731276280170736
2460337.0553467465,77.7748567708333,2.7295041572940337
2460337.0622912007,71.8506705729166,2.7281238136468082
2460337.069235656,74.83386067708322,2.7280433966416306
2460337.07618011,73.58627278645827,2.727444572738712
2460337.0831245654,72.97037760416652,2.728909279310392
2460337.09006902,73.45966796874988,2.72871849757861
2460337.0970134754,74.76265625000012,2.7271749321828036
2460337.1039579306,70.81108723958323,2.729068807428615
2460337.110902386,70.25773763020818,2.7267717309856594
2460337.117846841,72.00495117187484,2.7271865090401275
2460337.1247912967,70.7756803385417,2.726312854077207
2460337.131735752,72.05620442708339,2.726677798787705
2460337.138680208,75.38171549479148,2.729035790609181
2460337.1456246637,78.31826822916643,2.730226491916357
2460337.1525691194,78.17974934895847,2.731078733370809
2460337.1595135755,74.60673177083329,2.729026171191953
2460337.1664580316,73.15357096354153,2.7279503875578346
2460337.1734024878,79.82383463541662,2.7306288024696275
2460337.180346944,77.69554036458324,2.727493997754529
2460337.1872914005,80.0068945312499,2.7318462289652334
2460337.1942358566,73.48361002604163,2.7274496786289695
2460337.2011803132,72.5237955729167,2.727143664273701
2460337.20812477,78.93363281249988,2.730127928734028
2460337.2150692265,77.16927408854144,2.7291170609593554
2460337.2220136835,74.71029947916652,2.727651290628826
2460337.22895814,76.68153320312497,2.72778633073899
2460337.235902597,75.4353613281249,2.729374679783012
2460337.2428470547,74.64571614583322,2.7283199336422324
2460337.249791512,75.00113281249985,2.727319771933541
2460337.256735969,79.68819986979163,2.730720631288451
2460337.2636804264,80.0695247395832,2.7317106337846924
2460337.270624884,77.6198437499999,2.727136995177974
2460337.277569342,79.62916341145835,2.7286272811625363
2460337.284513799,75.44294270833325,2.7254583061367192
2460337.291458257,80.9044694010416,2.7295230504165744
2460337.298402715,79.58056315104159,2.729865092811268
2460337.3053471725,73.28131510416658,2.7253692414639725
2460337.312291631,74.69289713541654,2.7293240156958145
2460337.319236089,74.23038736979167,2.725957101799919
2460337.3261805475,73.6126334635416,2.7273145248813253
2460337.333125006,76.18618164062507,2.726744243213401
2460337.340069465,73.48729166666651,2.7268256721230855
2460337.347013923,75.05005533854153,2.7265507974736045
2460337.353958382,74.03991536458336,2.7262029816742874
2460337.3609028407,70.39944335937496,2.724387290654876
2460337.3678472997,73.50571289062493,2.727159238881638
2460337.3747917586,74.0550325520832,2.7247957513282564
2460337.3817362175,75.33060546874988,2.726742827641551
2460337.3886806765,77.23813476562493,2.725756577206662
2460337.395625136,77.71527994791661,2.729190470853277
2460337.4025695953,77.13647135416659,2.726429511203083
2460337.4095140547,81.28059570312492,2.72953250886423
2460337.416458514,77.73198242187497,2.726388298178829
2460337.423402974,77.66128906249999,2.7265333918989696
2460337.430347434,78.80624999999993,2.7296755179648717
2460337.4372918936,72.98159505208316,2.7262752107696997
2460337.4442363535,77.0678157552082,2.7280053918790763
2460337.4511808134,75.11446289062481,2.7279209652904224
2460337.4581252737,82.7970052083333,2.729363456041462
2460337.465069734,78.72219075520827,2.7283077726309806
2460337.472014194,76.39230143229163,2.7272631064251107
2460337.4789586547,73.16809244791664,2.7262246242957455
2460337.4859031155,74.02705729166655,2.7255023119103914
2460337.492847576,78.79928059895822,2.726640318581026
2460337.499792036,71.06823242187495,2.7250800320521726
2460337.506736497,67.17657552083317,2.723298968426161
2460337.5136809577,72.48744140624997,2.7243241601981203
2460337.5206254194,72.40984700520828,2.725209826030594
2460337.5275698802,73.40091471354147,2.7240496072869678
2460337.5345143415,71.37641276041661,2.7243725345692984
2460337.5414588028,73.76735351562502,2.7249847309308834
2460337.5484032645,71.33282877604158,2.726536685518011
2460337.555347726,76.73531901041679,2.7273364078953883
2460337.562292187,78.5136881510416,2.727831460785497
2460337.569236649,75.29574218750001,2.726116767074176
2460337.576181111,80.87306640624986,2.7262277043913827
2460337.5831255727,77.95326497395824,2.7263290045921305
2460337.5900700353,76.48403645833316,2.7268412524500296
2460337.597014497,75.11577148437497,2.726069235185204
2460337.603958959,72.7199153645832,2.725829742287763
2460337.6109034214,77.23603841145814,2.726976356227233
2460337.617847884,73.85312825520835,2.72558053441823
2460337.6247923463,77.15043294270829,2.725230199910275
2460337.631736809,75.50728515625012,2.7236203243833166
2460337.6386812716,77.6334016927082,2.7270022060490366
2460337.6456257347,76.60342122395832,2.7249789794043746
2460337.6525701974,79.75742838541662,2.7258263106145946
2460337.65951466,76.62216471354168,2.7265250824158866
2460337.6664591236,71.7031998697915,2.724941662993393
2460337.6734035867,78.75012044270822,2.7264947075038193
2460337.68034805,78.0238118489583,2.7259337544180515
2460337.687292513,75.13287760416672,2.7236118366669175
2460337.6942369766,68.96699218750003,2.7209743821011565
2460337.70118144,73.78097981770831,2.723609754218417
2460337.7081259037,70.03762044270827,2.7233125523164516
2460337.7150703673,73.6948697916667,2.725274004457504
2460337.7220148314,71.69180013020832,2.7246652768983988
2460337.7289592954,77.3374739583334,2.72570522007121
2460337.735903759,71.78658203124996,2.726630055594614
2460337.7428482235,73.73617513020827,2.724640670400278
2460337.7497926876,74.33809244791655,2.723621518207411
2460337.756737152,73.03979492187484,2.7242753849621657
2460337.763681616,76.6072786458332,2.7241453834229485
2460337.7706260807,75.89149414062497,2.7264425164780324
2460337.7775705457,76.37772460937488,2.7256416544645674
2460337.78451501,75.06690429687494,2.725384408177401
2460337.791459475,74.55411458333326,2.7279917416951434
2460337.7984039397,77.134521484375,2.7259199799445253
2460337.805348405,74.94925781250004,2.7253973518473162
2460337.81229287,77.55782877604163,2.726829591549024
2460337.819237335,77.10270833333318,2.7259620364413415
2460337.8261818006,77.41340494791666,2.7248599560946523
2460337.833126266,76.09892903645823,2.723035298943026
2460337.8400707315,77.35091471354144,2.723960154794757
2460337.847015197,79.09984049479165,2.7280286417712833
2460337.8539596624,76.03971354166652,2.7263286825795467
2460337.860904128,72.97392578124997,2.7231610295437947
2460337.867848594,75.17814127604152,2.7242879958487785
2460337.8747930597,73.9345865885416,2.724443765744729
2460337.881737526,76.51254882812479,2.725465079319411
2460337.8886819924,77.88151367187493,2.7258770102892704
2460337.895626458,70.67749348958326,2.7226156715614955
2460337.9025709247,68.3668001302082,2.7223973002824255
2460337.9095153906,72.15722330729159,2.7235244698196968
2460337.916459857,75.48505859374988,2.724517758514443
2460337.9234043243,70.63486002604168,2.7226588923080945
2460337.9303487907,70.70449869791658,2.7229524377558936
2460337.9372932576,76.98937174479154,2.7246698975492785
2460337.9442377244,78.63431966145829,2.7252344293475836
2460337.951182192,72.72299153645827,2.7216154647391253
2460337.958126661,74.64084309895831,2.723923389784321
2460337.965071128,73.83416992187495,2.7235516427506195
2460337.9720155955,73.79692382812497,2.7226642824054035
2460337.9789600624,80.7151464843749,2.7256826174874433
2460337.98590453,79.3647623697916,2.726028303083059
2460337.992848998,77.68244140624999,2.724724834476143
2460337.999793465,78.17756184895825,2.724178288925307
2460338.006737933,75.33740559895811,2.7249318897055432
2460338.013682401,76.30483723958332,2.726097620936457
2460338.0206268686,78.57148437499988,2.724857099115859
2460338.0275713364,79.69222656249985,2.7265001898193844
2460338.0345158046,80.86047851562505,2.7265968293848233
2460338.041460273,79.86276041666649,2.729127871053226
2460338.048404741,79.34146484374985,2.7247895034908183
2460338.0553492093,77.37128906250003,2.7252890194669637
2460338.062293678,70.58746093750005,2.7225433597260906
2460338.0692381463,79.65673502604143,2.7255021712194973
2460338.076182615,72.3788346354166,2.723786618629393
2460338.0831270833,72.81110351562499,2.7228809204270514
2460338.0900715524,74.36023111979164,2.722840733485563
2460338.097016021,76.78338541666653,2.7262801632230116
2460338.10396049,69.21785481770833,2.722948626547236
2460338.1109049595,75.36571289062492,2.723955358006819
2460338.117849428,79.05073893229155,2.725768109842068
2460338.124793898,72.2446582031251,2.724116101049282
2460338.1317383666,71.41524088541671,2.723054247216357
2460338.138682836,71.20902994791656,2.722329340179254
2460338.1456273063,78.78000651041673,2.7263364679451443
2460338.1525717755,78.22214843749998,2.725450538115325
2460338.159516245,75.31589843749998,2.7261693368708464
2460338.166460715,76.14489257812481,2.7257680053711475
2460338.173405185,79.5567708333333,2.7259016809856846
2460338.180349655,80.75720703124989,2.727497755381363
2460338.187294124,81.42223958333322,2.725637928301969
2460338.1942385943,77.17517903645815,2.725739040408435
2460338.2011830653,78.35876627604164,2.725859467857011
2460338.2081275354,80.1442154947916,2.72761225332655
2460338.2150720055,82.7819108072916,2.72908122352092
2460338.2220164756,82.75253906249979,2.7263432617135184
2460338.2289609467,79.36257486979169,2.725212803701051
2460338.235905417,76.09094075520836,2.7247663013225654
2460338.242849888,79.7758919270832,2.725838728041222
2460338.2497943584,75.55264648437485,2.7247047469792203
2460338.2567388294,77.60523111979153,2.7245475628288367
2460338.2636833,79.3427180989582,2.7269855308671076
2460338.270627771,76.49009765624987,2.724479476023916
2460338.2775722425,77.7441861979167,2.7255074166290214
2460338.2845167136,73.4515006510416,2.726218117916869
2460338.2914611846,70.59056640624992,2.723350816645698
2460338.298405656,80.13168945312493,2.7265987168303325
2460338.305350127,76.65318684895828,2.7232763132337507
2460338.312294599,71.77618489583331,2.7245108298286635
2460338.3192390706,74.34744791666662,2.723752800686443
2460338.326183542,75.33138020833319,2.725681271004129
2460338.333128014,76.93298177083322,2.724641305964021
2460338.340072486,77.22874674479151,2.7284271665437476
2460338.347016958,72.74931966145823,2.722826199851253
2460338.35396143,75.81162434895835,2.7251396801459844
2460338.360905902,75.0607356770832,2.724729656238243
2460338.367850374,75.11284179687482,2.726777248305894
2460338.374794846,73.88080078124995,2.7239893834721847
2460338.3817393184,83.16678059895821,2.7271238724045808
2460338.388683791,78.75169596354165,2.724474490356309
2460338.395628263,77.86229492187492,2.7266470095438162
2460338.4025727357,81.52461914062496,2.7283520370691083
2460338.4095172086,79.49838216145827,2.7266461868465264
2460338.4164616806,77.71777343749984,2.726484382461009
2460338.423406154,75.26351562499985,2.7240645466300397
2460338.4303506264,76.69754231770821,2.7260490966217596
2460338.4372950997,79.19948567708327,2.7255572913017647
2460338.444239572,73.99752604166663,2.7251197903947655
2460338.4511840455,75.69236979166665,2.7286668525098823
2460338.4581285184,71.9106738281251,2.724717787243937
2460338.465072992,73.05782877604149,2.722490652088878
2460338.472017465,78.1463248697916,2.7249616779626575
2460338.478961938,80.0251302083334,2.726150420116951
2460338.4859064114,72.49692057291652,2.7234959552087488
2460338.4928508853,72.82658203124993,2.7227196107335723
2460338.4997953586,69.3932096354165,2.7222392538677336
2460338.5067398325,75.95097330729156,2.724396716131418
2460338.513684306,76.22930338541664,2.7256851856603377
2460338.5206287797,77.75313151041655,2.7259963144412596
2460338.5275732535,72.27025716145818,2.724268641125287
2460338.5345177273,75.62219401041664,2.725099166971494
2460338.541462201,80.07537760416669,2.7271922049844353
2460338.548406675,73.00855468749994,2.7227074377949188
2460338.5553511493,70.3328776041667,2.7218719570354266
2460338.562295623,76.79333984375005,2.724231283200169
2460338.5692400974,80.44053710937487,2.725392784219032
2460338.5761845717,79.80171549479155,2.726997319053393
2460338.583129046,76.14840169270822,2.726112817715983
2460338.5900735203,75.94552408854163,2.72558862704584
2460338.597017995,76.35210611979164,2.7268930737061603
2460338.6039624694,77.96740559895836,2.726646483223433
2460338.6109069437,77.74940429687483,2.72504889420957
2460338.6178514184,72.68257812499996,2.723972811125345
2460338.624795893,75.67451822916655,2.7245100296236724
2460338.6317403675,80.7574381510417,2.726730610245783
2460338.6386848427,77.31025390624988,2.7272677057095236
2460338.6456293175,75.93866861979161,2.7245852210612718
2460338.6525737923,77.57693033854169,2.724032829248259
2460338.6595182675,75.86988932291676,2.7235618368139574
2460338.6664627423,75.37154947916663,2.724520067691134
2460338.6734072175,75.41557617187497,2.7231743039743335
2460338.6803516927,75.43524414062479,2.7244182307361413
2460338.6872961675,70.85476888020806,2.7223850090386197
2460338.6942406427,76.14353841145824,2.725911185644111
2460338.701185118,72.56532877604165,2.7232668122375028
2460338.7081295936,75.75223632812488,2.7255325917626583
2460338.7150740693,80.1132356770833,2.7248585207291574
2460338.722018544,75.92478515624998,2.728362104245686
2460338.72896302,74.14999023437501,2.7243271660331634
2460338.7359074955,75.49644205729162,2.724893924471889
2460338.7428519707,75.66057291666645,2.7248002223056376
2460338.7497964464,77.1430794270832,2.7254989143232446
2460338.756740922,79.08679036458336,2.725034926070256
2460338.763685398,74.44383138020824,2.7232161352972866
2460338.7706298735,76.45477213541653,2.7229394599074155
2460338.7775743497,78.63810221354152,2.726005527484883
2460338.7845188254,80.59036783854162,2.7267538760491536
2460338.791463301,79.1964876302083,2.725399827080409
2460338.7984077767,77.64644856770838,2.726033696852127
2460338.8053522524,76.72557291666665,2.726223947159531
2460338.812296729,77.13594726562481,2.7240923648285142
2460338.8192412048,78.17499999999988,2.725769736181921
2460338.826185681,74.68567057291664,2.725218085767128
2460338.833130157,75.06620768229156,2.7248366221551774
2460338.840074633,75.70994466145824,2.7260070935361025
2460338.8470191094,73.3413671874999,2.724154664029618
2460338.8539635856,76.75865559895828,2.7253056174081074
2460338.8609080617,72.91808919270822,2.7236969838721454
2460338.867852538,72.78261393229165,2.7229375679494576
2460338.8747970145,72.60094726562481,2.724421003587769
2460338.8817414907,72.23943684895812,2.724389005938029
2460338.8886859673,75.86927083333315,2.726905950862687
2460338.8956304435,76.68992513020824,2.725135763280296
2460338.9025749196,77.67187825520826,2.7246932956299603
2460338.9095193963,76.16407552083335,2.726766931589655
2460338.916463873,72.81614908854165,2.723664825809824
2460338.9234083495,72.0758723958332,2.725230790826623
2460338.9303528257,80.92928059895833,2.7281561619120533
2460338.9372973023,74.16280273437496,2.7263901537858817
2460338.944241779,75.08075846354161,2.7245660771141136
2460338.9511862556,79.26448242187492,2.7268413045124205
2460338.958130732,76.5196744791665,2.7247415468751277
2460338.965075209,77.15263020833329,2.7237270124418065
2460338.9720196854,77.93127929687505,2.7252154596363134
2460338.978964162,75.86169921874989,2.7267288792124833
2460338.9859086387,77.41290690104158,2.7256619398246165
2460338.992853116,80.81557617187491,2.728867840295876
2460338.9997975924,80.9847916666666,2.7257769951525375
2460339.006742069,80.97148763020839,2.7254575020438696
2460339.0136865457,77.59131510416653,2.72594600755798
2460339.0206310223,81.03859049479176,2.7256328328109993
2460339.0275754994,80.78082356770831,2.7265157664561728
2460339.034519976,79.95240559895835,2.7261882040587953
2460339.041464453,73.85736328124995,2.7229161581574437
2460339.0484089297,78.49942057291658,2.726145767507429
2460339.0553534064,76.46597005208316,2.7256154555310075
2460339.0622978834,73.79588867187476,2.7235180073672454
2460339.06924236,76.62410481770819,2.726162792137829
2460339.076186837,74.49973307291657,2.7255675143695117
2460339.083131314,72.82853190104167,2.7229361099541873
2460339.0900757904,77.23036458333324,2.724987644775567
2460339.0970202675,72.16908203124997,2.724070310961622
2460339.103964744,80.04539713541665,2.72537417721067
2460339.110909221,78.17357421874992,2.7248113268386156
2460339.117853698,73.42284179687492,2.723990113064986
2460339.124798175,74.91102864583338,2.724441929965099
2460339.1317426516,76.49744791666672,2.7272831242810796
2460339.1386871287,74.51351888020827,2.7238724630636177
2460339.1456316053,71.54344726562492,2.724178802096828
2460339.152576082,77.20718749999999,2.725554484155769
2460339.159520559,76.09091145833327,2.7244184300679657
2460339.1664650356,79.77508789062479,2.725076968211038
2460339.1734095127,79.71967447916661,2.726584903923366
2460339.1803539894,77.22812499999993,2.726028050855902
2460339.187298466,77.87591145833328,2.724697527365317
2460339.1942429426,76.82495442708311,2.7270541702056508
2460339.2011874197,79.87171874999997,2.7280886648098295
2460339.2081318963,73.50834635416656,2.7239826054802823
2460339.215076373,74.02843749999981,2.7246871925855634
2460339.2220208496,77.08574869791664,2.7260439553451654
2460339.228965326,76.19352539062493,2.7254096054423957
2460339.2359098033,73.79589192708333,2.726773884963818
2460339.24285428,76.60189778645827,2.7267075243195737
2460339.2497987566,72.2403190104166,2.723650608329354
2460339.256743233,69.39443684895832,2.7246825836332387
2460339.2636877093,73.58463541666667,2.724392875369014
2460339.270632186,72.4853222656249,2.7255148264096056
2460339.2775766626,77.00575195312497,2.7265388099946803
2460339.2845211388,72.50711263020821,2.723242517352355
2460339.2914656154,67.01722981770824,2.7234717519871126
2460339.298410092,70.54111002604168,2.7247772790946807
2460339.3053545686,65.1807389322915,2.7222309421059587
2460339.312299045,71.57722330729166,2.7260587359745423
2460339.319243521,73.32472981770827,2.7243339535674376
2460339.3261879976,73.47763020833327,2.7248658144460087
2460339.3331324738,72.45134114583334,2.725722321687872
2460339.34007695,75.28524414062501,2.725913522451373
2460339.347021426,75.83162434895833,2.7261675451769816
2460339.3539659022,79.18371744791664,2.726785719991781
2460339.3609103784,76.13904296875005,2.7261563139368916
2460339.3678548546,74.41231445312496,2.7250625753564477
2460339.3747993303,70.74844075520832,2.7242367849249565
2460339.381743807,73.753662109375,2.7257443229389104
2460339.3886882826,71.87893229166654,2.725535741747525
2460339.3956327583,75.88236653645829,2.7270489772569992
2460339.4025772344,79.96074869791664,2.7295953824750785
2460339.4095217106,72.01186523437491,2.724571352748862
2460339.4164661863,79.56724283854162,2.7277117314477874
2460339.423410662,76.58179361979167,2.729258853687655
2460339.4303551377,79.85988281249972,2.7270884432986997
2460339.437299613,80.85128580729163,2.7273691929500306
2460339.444244089,80.39968098958327,2.728253978576646
2460339.4511885643,74.03101236979167,2.7254313325155057
2460339.45813304,77.17252929687493,2.7277855375598357
2460339.465077515,76.20554361979157,2.7248421941294434
2460339.472021991,69.61598958333327,2.724774260958855
2460339.4789664657,76.41856445312503,2.725969698154808
2460339.4859109414,74.63980468749999,2.725615142459503
2460339.4928554166,72.33371744791673,2.725141369377185
2460339.499799892,70.18777994791662,2.724747600889884
2460339.5067443666,71.59464843749993,2.7249287949287773
2460339.513688842,70.68069661458321,2.723854890441299
2460339.520633317,70.08185221354172,2.724214823989954
2460339.527577792,70.40811848958326,2.7254328647254495
2460339.5345222666,70.30139648437505,2.7268910274156517
2460339.5414667414,75.41983723958326,2.726602118798698
2460339.548411216,75.05375325520815,2.7258724909798318
2460339.555355691,76.39335937499997,2.726055829387858
2460339.5623001656,74.11812499999996,2.725725042546926
