time,flux,flux_err
2460312.8670129837,3.9143369210905785,2.2926438078096907
2460312.875114638,-1.671533168936619,2.6467858343210904
2460312.8820589134,3.248635675290477,2.6475683461958774
2460312.889003188,0.42757494424790643,2.6462245482051765
2460312.8959474624,-0.7497571856185326,2.6461065025350403
2460312.902891738,-1.4596191704751829,2.6466155079462914
2460312.9098360124,0.05558675229716156,2.6468845514131583
2460312.916780287,1.4791663107916933,2.647563411602549
2460312.9237245615,3.460874023282214,2.6490811915518115
2460312.930668835,0.34988792350804054,2.646601620156886
2460312.937613109,1.4145455962443108,2.6473369746225663
2460312.944557383,0.08292326794565352,2.648494687690258
2460312.9515016573,-5.016405857460937,2.645995009482973
2460312.957288552,-6.032813295024628,3.2422539408141122
2460312.965390205,2.0030111322261392,2.649896528844864
2460312.972334478,-4.692990304151722,2.6457020013727024
2460312.979278752,0.8076582557709624,2.6483278167268915
2460312.9862230252,-0.0681589278780037,2.646498759127264
2460312.9931672984,-3.7566195803111953,2.6468447272743183
2460313.0001115715,-1.079698007988263,2.6463395854994958
2460313.0070558446,-3.135176247514607,2.6460419259714354
2460313.0140001173,1.2719313363323272,2.647605288918704
2460313.0209443904,0.8442445923171743,2.646114990994805
2460313.027888663,0.5300684240086406,2.6469062007185573
2460313.034832936,2.4675963664775633,2.647366561737571
2460313.041777208,-4.547941596721541,2.6436849070254884
2460313.04872148,3.892925568402852,2.648225653272799
2460313.0556657524,3.7408639892538647,2.647674040096502
2460313.062610025,1.2001005314456452,2.6452669768403334
2460313.0695542973,-3.974534851930233,2.6452064135405826
2460313.076498569,1.4416776036731405,2.647013651613722
2460313.0834428407,1.8698309619177664,2.647578858439878
2460313.0903871125,-1.9992721028199205,2.6462368568129766
2460313.097331384,-3.589263700929478,2.645582842483743
2460313.1042756555,-0.4460505568282892,2.6470094015683383
2460313.1112199277,2.0473677792044507,2.647607714276192
2460313.118164199,-0.5108326569747199,2.6484111883877905
2460313.1251084697,0.9763399837864712,2.6468055729839732
2460313.1320527415,4.782392079275478,2.6492667850244587
2460313.1389970123,1.3131092233345754,2.6496763247863555
2460313.145941283,4.428742560258156,2.6498631743829395
2460313.152885554,2.4622825759270017,2.649028625180898
2460313.1598298247,-0.9362242443885105,2.6480013859577114
2460313.1667740955,-1.3332596761189501,2.6487063676975877
2460313.1737183663,-2.845086110272475,2.646330914019291
2460313.180662637,-2.0392769689544177,2.6474412482572096
2460313.187606907,0.0695124305252861,2.6492346065173207
2460313.1945511773,-0.5630509091302742,2.648844457071251
2460313.2014954477,1.9378090550875058,2.650786500352637
2460313.208439718,3.0210210457477773,2.6501472174708085
2460313.2153839883,1.1258980918955899,2.6509077264927603
2460313.222328258,-0.5855905533375747,2.649436745483578
2460313.229272528,-6.296327696345249,2.6466409394845383
2460313.236216798,-3.975341993718585,2.646402380233793
2460313.243161068,1.3618884120814143,2.647411782531815
2460313.2501053377,-1.5833536990987143,2.64764814679477
2460313.2570496066,0.10341463948944396,2.6486871320390493
2460313.2639938765,0.053634182883819825,2.6502180063864667
2460313.2709381455,3.403239047119402,2.6486642545919783
2460313.2778824153,1.1191694450487482,2.649069950365472
2460313.2848266843,5.056835180213367,2.651649151104023
2460313.2917709537,-0.16855506523715957,2.64968568293986
2460313.298715223,0.6606943832549028,2.6525249268717297
2460313.305659492,4.822097807667624,2.6555745037965592
2460313.3126037605,-0.14804674904593607,2.657917784865918
2460313.3195480295,0.3649664494416121,2.6608926244857747
2460313.3264922984,-1.9358453611626114,2.6630301926108566
2460313.333436567,-2.0447660759336364,2.6689809345989137
2460313.340380836,-7.807950029117251,2.6718919930462834
2460313.347325104,-9.195924314748158,2.6815315587706947
2460313.3542693723,-5.11876386253754,2.688135342079668
2460313.361213641,1.3984711483418937,2.701048946064786
2460313.3681579097,-0.14554943330275627,2.711741033393127
2460313.3751021777,1.3766476400693055,2.7237314051345902
2460313.3820464457,-2.4035483898101884,2.736896863280157
2460313.388990714,-0.6085427135386927,2.752063298853315
2460313.395934982,-0.6680188587976266,2.7661378174596134
2460313.4028792502,2.865901787132441,2.7820933793162617
2460313.409823518,-1.8368589292594244,2.7964886388260037
2460313.416767786,-0.15533130932982103,2.815283649694541
2460313.423712054,0.415413605586223,2.8355674545169123
2460313.4306563213,5.82446349245277,2.8567727667283016
2460313.4376005894,5.579006872590379,2.8757292451572365
2460313.444544857,1.8170215096582902,2.8936723548387913
2460313.4514891244,1.83675695144675,2.913060083466343
2460313.4584333915,0.5307478076858447,2.9308059102576176
2460313.4653776595,3.2458397527844416,2.945178917046023
2460313.4723219266,5.275113042349593,2.9663462144447252
2460313.479266194,2.809822906590249,2.9815789064048306
2460313.4862104612,6.724251019406857,3.001551124553874
2460313.4931547283,-1.8641126448392764,3.0171191231509007
2460313.500098996,-2.8572902203602095,3.036901681622225
2460313.507043263,-2.847040470231711,3.0559178055822103
2460313.51398753,-1.7196683811333657,3.076103978958136
2460313.520931797,-7.918784109133749,3.097796409301074
2460313.5278760637,-4.403418983531712,3.116003542612964
2460313.534820331,0.8865984767297388,3.138208887984847
2460313.5417645974,2.153562145110574,3.1601521230528298
2460313.548708864,-2.8452819095341653,3.181086919549467
2460313.555653131,3.4584065082062088,3.20435225637876
2460313.5625973977,0.9525147808170566,3.2234135389713057
2460313.569541665,-3.9323454864300063,3.2444062274731844
2460313.5764859314,-3.035755246760955,3.263986579960479
2460313.5834301976,6.361005503952068,3.2848821515042546
2460313.590374464,0.9868774572203733,3.302346957519583
2460313.597318731,-4.8280157483845985,3.3166798796165975
2460313.604262997,-4.5247666745451225,3.3326602390994746
2460313.6112072635,-1.7672050826789842,3.348223239096285
2460313.61815153,-0.7485049175937135,3.3616486386509052
2460313.6250957963,-0.19280273706043638,3.3766361245500556
2460313.632040063,8.08115006377282,3.3921079537755436
2460313.6389843286,-6.90432163787072,3.3972976534435158
2460313.645928595,4.050195764501578,3.4108893707555663
2460313.652872861,-4.499567941924052,3.420521391179014
2460313.6598171275,-0.013758395297500225,3.4305146295640525
2460313.666761393,3.9078971533655857,3.4428986966175827
2460313.67370566,1.4213415545001618,3.449363044966219
2460313.6806499255,4.100448381734827,3.4587307379920884
2460313.6875941916,-0.31961048404484127,3.4657699692932766
2460313.6945384573,3.9302626558129834,3.474907127566345
2460313.701482723,3.731936310035225,3.481325436241437
2460313.708426989,-3.0262719721643485,3.485549139485531
2460313.715371255,-2.1471909600347057,3.4912703013496635
2460313.7223155205,-1.7061052997548312,3.4981849663016895
2460313.7292597867,1.3890824826410262,3.504012563487503
2460313.7362040523,0.3522122396254648,3.510343722044792
2460313.743148318,0.3358313687343739,3.516993606156227
2460313.7500925832,-2.072051266012335,3.524759503496688
2460313.7570368494,-2.4531935747557903,3.5324567455977616
2460313.763981115,1.1600735274957286,3.5418075331665695
2460313.7709253808,0.4258380694266397,3.547560459865627
2460313.777869646,-4.642123522554507,3.5537884576212924
2460313.784813912,-2.2305817590374275,3.560933761072828
2460313.791758178,1.4196643158580546,3.570086407162279
2460313.798702443,2.634763857882755,3.5765930522751286
2460313.8056467087,2.1536626049827836,3.582860939213741
2460313.812590974,1.401721042827741,3.588763734944152
2460313.819535239,2.498906754501288,3.5941547547991406
2460313.8264795053,4.321098497585696,3.6018581992860046
2460313.8334237705,-0.13021456534128184,3.6065534501549545
2460313.8403680357,-0.6240167079306875,3.6140879137862663
2460313.847312301,-0.36204961992123197,3.6230094636465218
2460313.8542565666,-5.204509537966185,3.6252682095582096
2460313.861200832,0.13094384828748407,3.632895468643106
2460313.8750893627,1.5022030551723797,3.6392547417134895
2460313.882033628,-0.470794668436594,3.63995166655125
2460313.888977893,5.35105300174954,3.6454078618932884
2460313.8959221584,-0.9257330973266948,3.6480941643258653
2460313.9028664236,-1.4116394842323516,3.647280899381632
2460313.909810689,3.1345174958096296,3.649606900553493
2460313.916754954,1.7858485222336102,3.6509789711623672
2460313.9236992192,4.27858770647644,3.6518347718360453
2460313.9306434845,-4.671935210931707,3.6531002551563088
2460313.9375877497,-7.395322856710073,3.651959216245562
2460313.944532015,2.931085868251134,3.6568719204738476
2460313.95147628,5.054976712839965,3.6594725003116744
2460313.9584205453,-4.815813008091235,3.6591509277837684
2460313.9653648105,-0.1973621913253818,3.661318126706064
2460313.9723090758,2.925437942938083,3.667084269791086
2460313.979253341,-2.4981284988900834,3.6667746730701953
2460313.986197606,0.4143490109089347,3.67153402985257
2460313.9931418714,3.6319417055265237,3.676563656579294
2460314.0000861366,2.162152381652362,3.678401789045043
2460314.007030402,-0.7472591157421845,3.678924991372368
2460314.013974667,-0.9183429998806265,3.681492292736739
2460314.0209189323,1.0543626912785018,3.6846738768967415
2460314.027863197,3.0661025543502483,3.6877198834221776
2460314.0348074622,2.2845769629880204,3.6899357808379687
2460314.0417517275,1.3985352294590996,3.690978857540952
2460314.048695992,-0.4816433440690133,3.690650094869136
2460314.0556402574,-2.205690228716434,3.69045844856862
2460314.0625845226,-2.7348234510499405,3.692501578107279
2460314.069528788,0.8992656715125718,3.6932293841648427
2460314.076473053,-4.3357230468254535,3.6931321444775453
2460314.0834173183,3.1029566624466507,3.69548814856051
2460314.0903615835,-6.37176912768367,3.6922025011408643
2460314.0973058487,1.9240603856433638,3.693883037587268
2460314.104250114,-3.572392221419108,3.690807099125573
2460314.111194379,4.60334820136568,3.6937167995869395
2460314.1181386434,2.682772246072587,3.6912299055631856
2460314.1250829087,-9.49533553977426,3.687510079468085
2460314.132027174,2.795499482780749,3.689491389406818
2460314.138971439,1.690972776001557,3.687572830961372
2460314.1459157043,-0.6858212116128808,3.6857716841532855
2460314.1528599695,3.715285004462189,3.686370806592016
2460314.1598042347,4.192347078386314,3.6847555556983322
2460314.1667485,-2.1036225811171,3.6803512935721194
2460314.173692765,-0.3314982388406966,3.6787088868149405
2460314.1806370304,8.288464041407826,3.6776516497560494
2460314.1875812956,-0.18328946574824445,3.6745070815357566
2460314.194525561,0.8320458905873532,3.6711945357955007
2460314.201469826,-3.453549174870956,3.6685595969238327
2460314.2084140913,2.263841048911059,3.66506310398865
2460314.2153583565,2.6056271286911716,3.6628632652564996
2460314.2223026217,-6.976875851840582,3.659977032756449
2460314.229246887,-7.092697644079107,3.656853433711138
2460314.236191152,-1.3532211697730552,3.6575553506696123
2460314.2431354173,4.239065308808517,3.6579803169061513
2460314.2500796826,2.140594771395422,3.6527720834780815
2460314.257023948,1.9538768837193694,3.651075204571917
2460314.263968213,-3.781871769243324,3.648461906085281
2460314.270912478,-1.4729529885773658,3.643336462555096
2460314.2778567444,-5.086443547373869,3.6380875247908855
2460314.2848010096,-8.778158858542252,3.63239583984589
2460314.291745275,-0.7866928291616679,3.629640383498204
2460314.2986895405,-0.22092727204627838,3.6251521700673095
2460314.3056338057,2.175095805939109,3.618633664321134
2460314.3125780714,3.0048194772854493,3.6118291010854464
2460314.326466602,1.3712455564118708,3.5956538504610225
2460314.333410867,0.7212717841444134,3.5884305879584115
2460314.340355133,-2.5466668350649666,3.57879169303435
2460314.3472993984,-1.2141774614147094,3.5715968985853945
2460314.354243664,1.928867463435119,3.5638344876238244
2460314.3611879293,-5.674024993821018,3.5543898357683097
2460314.368132195,6.691804828531154,3.5501330781983302
2460314.37507646,7.247223741483086,3.5442664805966633
2460314.3820207263,3.4234910778294045,3.5347285601895053
2460314.388964992,-2.0688445348381586,3.528274682192705
2460314.3959092577,-1.0050439330834608,3.5264524220914155
2460314.402853523,-3.6547425104711517,3.520125770279529
2460314.409797789,-2.579463444200321,3.5177785754762856
2460314.4167420547,-3.599942756988635,3.512425496833373
2460314.4236863204,-2.5209516563848062,3.512366877198105
2460314.4306305856,0.15650401605931075,3.510362198434791
2460314.437574852,5.286649421992012,3.510061797609952
2460314.4445191175,-4.539909546260427,3.510603332814302
2460314.451463383,-3.6867565950936965,3.5089172925146266
2460314.4584076456,-2.9245349525415048,3.509442427215715
2460314.4653519113,-5.089115013057942,3.5104915993129233
2460314.472296177,1.4282016990995947,3.5130979951533963
2460314.479240443,0.7226888228955117,3.514145351440195
2460314.4861847092,0.09249563634003932,3.5151318102332083
2460314.493128975,6.198371614727565,3.519401938145394
2460314.500073241,3.3207663906193683,3.5172763776847975
2460314.5070175068,-4.057266669414149,3.5165948925769333
2460314.5139617734,-0.6119807002171401,3.5182948065536395
2460314.520906039,1.6233849946859276,3.5203394198681965
2460314.5278503057,-2.618862498905869,3.5200780403918714
2460314.5347945713,5.362169927059684,3.5239194529993974
2460314.5417388375,-0.33836141032509026,3.523058895648975
2460314.5486831036,0.2959270401459144,3.524416523818852
2460314.5556273703,1.89546708629251,3.52674468296169
2460314.562571636,2.8078374867396008,3.52464314903637
2460314.5695159025,3.1258585215017787,3.5242838115768156
2460314.5764601687,6.488461209093039,3.5262735067721866
2460314.5834044353,0.8404020767226974,3.52537166767347
2460314.5903487015,-5.489736227502769,3.5235801340975836
2460314.5972929676,3.9978294683021747,3.5261992542196183
2460314.604237234,2.726973239984276,3.5295037055038776
2460314.611181501,-2.440999982741488,3.5269317606880386
2460314.618125767,-1.3686463693160693,3.526972382964852
2460314.6250700336,3.642036658958566,3.527893899088911
2460314.6320143,1.1195497397717642,3.527022103554583
2460314.6389585664,-7.038064019842425,3.5240423663918263
2460314.6459028334,-3.911403428684287,3.530033673579037
2460314.6528471,-1.1855288851139858,3.5277334444331347
2460314.6597913667,-7.444641346603518,3.5245055406803885
2460314.666735633,-2.232560815085681,3.5252724670886106
2460314.6736799,0.15659407598498443,3.5263262113930725
2460314.6806241665,-4.217462027199837,3.5266568358572017
2460314.6875684336,-3.8682269103521425,3.5269544096548615
2460314.6945127,0.5728556721807061,3.5273393958058663
2460314.7014569673,0.14298587073432661,3.52559247452767
2460314.708401234,-1.4125936631229938,3.527166317515172
2460314.715345501,1.5435041318673401,3.528758686650612
2460314.722289768,1.7752630169892505,3.530647638577937
2460314.7292340347,1.8137639459710195,3.531451372745597
2460314.7361783017,-5.2649520527174865,3.5283825195411533
2460314.743122569,-1.0317164519608713,3.5314246520928863
2460314.750066836,5.68342771774008,3.5334207661755017
2460314.7570111034,5.975974319804061,3.533705948226627
2460314.7639553705,3.409430516064385,3.5344469669740004
2460314.7708996376,2.2885328843040087,3.5327146677672423
2460314.7778439047,-2.5135103455843515,3.532514620372339
2460314.784788172,4.3790172754030925,3.5334529718106253
2460314.7917324393,2.8991125924760364,3.5350005721029163
2460314.798676707,-1.4989953928749093,3.5329267802580673
2460314.805620974,-8.977226981459898,3.5332781388071157
2460314.8125652415,-3.1850282079182923,3.53494167019683
2460314.819509509,8.937317845130416,3.539989984726295
2460314.8264537766,1.9143724574825678,3.537000615776119
2460314.833398044,4.476983082395902,3.5389509224306948
2460314.840342311,-0.9864979584322988,3.5392300533288257
2460314.847286579,-0.036722250516401544,3.5397092917857793
2460314.8542308467,1.6779442250356755,3.5409057392706074
2460314.8611751143,-6.140236240895702,3.541392730666035
2460314.8681193823,3.720712872985639,3.542638391609809
2460314.8750636503,-6.531560006686442,3.5426588559250543
2460314.8820079174,3.970862019344799,3.545777329040725
2460314.888952186,1.4386251106057006,3.5477071097271917
2460314.8958964534,2.111322809338627,3.549723368766632
2460314.902840722,-3.8810701022050997,3.55062979875577
2460314.9097849894,-1.9591907255367564,3.5518227664385704
2460314.916729258,-0.2479598998172765,3.5562225749781664
2460314.9236735255,-0.4735666567512071,3.555387814772627
2460314.930617794,-2.266023425639581,3.5585920780338687
2460314.9375620615,0.7112865281490071,3.56310603947786
2460314.94450633,0.13973517282011194,3.5659953055927787
2460314.951450598,-5.52051587488975,3.56384673425926
2460314.9583948664,0.16756209570670455,3.568202654330065
2460314.965339135,-0.10994482980876796,3.5680886046412232
2460314.972283403,-3.7993571232618404,3.5684210897970203
2460314.9792276714,-0.1563862302905208,3.568417267167519
2460314.98617194,4.680865994289777,3.5699471116455754
2460314.993116209,2.3198834724940456,3.5702337325814466
2460315.000060477,4.758498591967798,3.56988028688204
2460315.0070047453,0.6740829939872084,3.568783439049612
2460315.013949014,6.378761275795458,3.5724410828948128
2460315.0208932827,-2.931290959120794,3.571092807319159
2460315.0278375517,-3.983516956903789,3.5697748368282514
2460315.0347818206,0.14247519882942106,3.569977973408033
2460315.0417260886,-1.5121692905892101,3.5697384270448307
2460315.0486703576,-4.252573896397559,3.568119321304996
2460315.0556146265,0.2995935166718664,3.5690233223069394
2460315.0625588954,0.9669003801199305,3.569076330567679
2460315.0695031644,1.00181873968056,3.5673631787301687
2460315.0764474333,0.6314831234957423,3.5671508343417107
2460315.0833917023,3.5762506558812635,3.567315823777585
2460315.090335971,-4.937818432491136,3.567205742372488
2460315.09728024,-2.777647806330347,3.567664803207501
2460315.1042245096,1.9255960483751768,3.565827376929427
2460315.111168779,1.137391449657202,3.5673430231830103
2460315.118113048,7.493734730786322,3.5670598541431953
2460315.125057318,3.9976870123055743,3.567300404829845
2460315.1320015867,-4.986957481643046,3.5630848182853874
2460315.138945856,-1.1518058039019405,3.565763002881852
2460315.1458901255,-7.310017655783773,3.5631029902607785
2460315.1528343954,0.9810443573395502,3.567226722804742
2460315.166722934,-0.9424806357130422,3.5683294589578023
2460315.173667204,-0.919214616588639,3.5670727988994924
2460315.1806114735,7.053523675965467,3.571003017361216
2460315.1875557434,1.0797975195692122,3.5677877449764757
2460315.194500013,8.745315887797661,3.569890858639918
2460315.2014442827,0.5454285392258013,3.5670623878674523
2460315.2083885525,0.14914046611850929,3.5674154527123743
2460315.2153328224,-4.1290504216070465,3.5654667480679882
2460315.2222770923,-4.083489212836636,3.563174940072002
2460315.2292213626,0.45531512695153564,3.5651766462643213
2460315.236165633,2.308002239619775,3.5636540918895308
2460315.243109903,-2.389427142970808,3.5603269101838664
2460315.256998443,-1.4582198735312213,3.555252493069277
2460315.2639427134,-0.9104163352731709,3.5541656920476936
2460315.2708869837,-0.045250584808253835,3.5492742922871865
2460315.277831254,-2.4671910721363224,3.5450973249455227
2460315.284775524,2.5433000737806104,3.5416575196596747
2460315.2917197947,3.6885356323099696,3.5364545071003604
2460315.298664065,6.9468083006915515,3.5294520977026873
2460315.305608336,-2.46800344846402,3.521736092939888
2460315.312552606,-0.5094875729256343,3.5139060254524375
2460315.326441148,-9.059030584519967,3.495082377155027
2460315.3403296894,-7.724669972254144,3.477302218761835
2460315.3472739602,-3.586541469067174,3.4687294468222523
2460315.354218231,0.49915179817531286,3.4608126401066333
2460315.361162502,-4.873698717448985,3.4510850275173497
2460315.3681067727,3.9281896573341117,3.448423657906691
2460315.375051044,2.2934562331541066,3.4390394547005587
2460315.381995315,0.5089845005106406,3.4331021200541194
2460315.388939586,-4.0751216194231175,3.4277055176378544
2460315.3958838577,-0.8445529499529743,3.423749046755034
2460315.4028281285,-1.1387852148859925,3.421439007033611
2460315.4097724,-4.3937074379942995,3.4189874205547413
2460315.416716671,1.1146300541425709,3.4182373927372534
2460315.423660943,-5.17030509108203,3.4177325449030778
2460315.4306052146,7.805793922504126,3.422563134619423
2460315.4375494854,4.491605783189245,3.418984922343935
2460315.4444937576,5.250153649028237,3.4172950900624017
2460315.451438029,6.095201209011078,3.420841894457029
2460315.458382301,-3.5926261659663585,3.4206036133201034
2460315.4653265723,-1.9499183308505819,3.4247823779197866
2460315.472270844,4.122305566283526,3.4309194462736836
2460315.479215116,-0.8650308999084135,3.4349237598076527
2460315.486159388,-2.705518328999945,3.4378539994715407
2460315.4931036597,-0.6962627378784154,3.4419220289759047
2460315.500047932,1.0998666963228425,3.4467059444838495
2460315.5069922036,7.154978923832492,3.452612121818268
2460315.5139364754,-5.163861005165356,3.45244812301949
2460315.520880748,-3.540758876227603,3.4563697598436836
2460315.5278250203,-1.3895223095868325,3.4615564589888455
2460315.5347692925,0.4185690550550709,3.463657683550219
2460315.5417135647,-0.6174889331734179,3.464444889787252
2460315.548657837,1.5751569067059874,3.467718648739263
2460315.5556021095,-0.611338730183923,3.469151056096804
2460315.5625463817,-0.9712816430541127,3.4705910531504642
2460315.5694906544,0.2199011152021546,3.4716637139958144
2460315.576434927,6.6725209908826,3.47536449857671
2460315.5833791997,-3.9455844412021763,3.47191577254605
2460315.5903234724,-2.0458636763274862,3.4735900774791273
2460315.597267745,-4.739230661375,3.4754186592009124
2460315.6042120177,4.016973290751698,3.4767714732111603
2460315.6111562904,1.6626369413151756,3.4741778592404153
2460315.6181005635,2.4073882210178774,3.4738396134813665
2460315.6250448367,5.074360978476898,3.4740973529963366
2460315.6319891093,0.7343899004503895,3.474046831519449
2460315.6389333825,6.836618374279253,3.4722861607878426
2460315.6458776556,2.1603727041991485,3.471741112981663
2460315.6528219287,-4.7620947291558275,3.468581741415969
2460315.659766202,-5.991084383002904,3.467321052459726
2460315.666710475,0.7925446073644038,3.4697753143481584
2460315.6736547486,0.23746239912295186,3.469292087294607
2460315.680599022,2.16583577697383,3.469819845466548
2460315.6875432953,0.21913926231200143,3.4677124584726156
2460315.694487569,-1.3797881621457881,3.467318766469241
2460315.7014318425,-2.4211773677660458,3.468398262322801
2460315.7083761166,-4.740060821804736,3.46748752621188
2460315.7153203897,-0.9835373578277613,3.4704366306994507
2460315.722264664,-2.1521173800343583,3.4709114902989384
2460315.729208937,-7.184340770035081,3.4705308780716955
2460315.736153211,1.1394054290474482,3.472911074800907
2460315.743097485,-0.8758230665964564,3.4742578863115607
2460315.7500417586,1.235302927031361,3.4754285657720856
2460315.7569860327,2.0058013122615947,3.4779668558367995
2460315.7639303072,1.6837317598666153,3.478996334991051
2460315.770874581,-0.13406318512202708,3.4794413249105642
2460315.777818855,-0.7590927920742394,3.478004372358759
2460315.7847631294,-3.2726273215861745,3.4790908416855904
2460315.7917074035,1.1878236483257858,3.4793325848616514
2460315.798651678,4.3307766103841505,3.480015398950505
2460315.8055959526,-0.31640303572374495,3.4783098673946675
2460315.812540227,7.367467570480336,3.48040247613808
2460315.8194845016,-3.075015568754689,3.476273527299188
2460315.826428776,-3.8964307746257543,3.4762178989682524
2460315.8333730507,-4.767770956871749,3.475785604122764
2460315.840317325,-5.306069550116123,3.473524975260722
2460315.8472615997,0.3192738080587585,3.47522248309358
2460315.8542058747,5.59880272342685,3.476047902774047
2460315.8611501497,5.607418507783666,3.473123815631865
2460315.8680944243,-1.8729501552426584,3.471116948155147
2460315.8750386992,-0.09824276355215888,3.468048793430873
2460315.8819829742,4.361819096106072,3.4711819299401863
2460315.8889272497,1.501105857064555,3.467563270779991
2460315.8958715247,6.927587366119255,3.467966604013837
2460315.9028157997,-4.784356737850552,3.4653900101668627
2460315.909760075,-1.2986028115830521,3.4657926610228516
2460315.91670435,-0.6897289816809193,3.466594153063791
2460315.9236486256,-5.169655101379757,3.467013350784676
2460315.930592901,-7.0344877554243315,3.4671120622524048
2460315.9375371765,6.654977194140317,3.4723697579792563
2460315.9444814525,6.8049780523030865,3.474864601347903
2460315.951425728,6.4454013327387525,3.474241833380546
2460315.9583700034,0.1110398905711667,3.4758781316799703
2460315.965314279,-0.6314903129369467,3.474531998429567
2460315.972258555,-6.180055600852644,3.474110563100109
2460315.9792028307,-3.182361083495856,3.4747135438996293
2460315.986147106,-1.699655745209708,3.4776195442971054
2460315.9930913826,-4.558573774576902,3.473883749987855
2460316.0000356585,-2.7475789308022263,3.474659670696516
2460316.0069799344,4.447998021284819,3.475542169371
2460316.013924211,7.253716470251474,3.47582955664601
2460316.020868487,4.883365633519512,3.473307399635639
2460316.0278127627,-3.5422436107559907,3.469771239257222
2460316.034757039,-3.6363142117168477,3.4682443144390813
2460316.0417013154,-2.729381343230114,3.4661199576899455
2460316.048645592,-4.762952553252305,3.463673925230942
2460316.055589866,2.300147697967156,3.462962226731038
2460316.062534141,-5.018259532888294,3.45868933560253
2460316.069478418,0.19551974429548147,3.4580441124779555
2460316.0764226946,6.252024631386883,3.455845804485484
2460316.0833669715,-0.009965828380479658,3.450403068007971
2460316.0903112483,0.810397738125813,3.4476178057808418
2460316.0972555247,1.8111920384659204,3.4460882566363034
2460316.104199802,7.0219680091563275,3.445446750856325
2460316.111144079,-1.3324813204413315,3.437906528033814
2460316.1180883558,-0.3310640112407841,3.435134595536305
2460316.125032633,-4.572023398593698,3.4318734282482874
2460316.1319769104,-3.483817690669931,3.4304661330829718
2460316.138921187,0.15792702422239557,3.4256636602811628
2460316.1458654646,1.5363776073514326,3.423351515539958
2460316.152809742,-1.466991509401205,3.419659617168118
2460316.159754019,-4.590663351270605,3.417162999160493
2460316.1666982966,-0.3337501269164147,3.418321355958437
2460316.1736425743,3.249003608939036,3.418801568306281
2460316.1805868517,-0.11609594380590504,3.420088068228939
2460316.187531129,-1.501047517399393,3.417216962123971
2460316.194475407,3.7487944116088383,3.4204908082286565
2460316.201419685,-0.11459074564016741,3.4190250857660787
2460316.208363963,6.119579624803652,3.4196049756635123
2460316.21530824,5.698464294257567,3.42035527783911
2460316.2222525184,3.4051934197993594,3.4196484835821255
2460316.229196796,-4.886951936500996,3.4172420991002226
2460316.2361410744,-0.801241693059028,3.419631550653205
2460316.2430853527,-4.435992261884367,3.417413178939348
2460316.2500296305,-2.5452185764971462,3.4175922743179257
2460316.2569739087,2.0406552922250922,3.416103036029679
2460316.263918187,2.612568274534997,3.4139293662727552
2460316.2708624653,-3.0629641418993905,3.4119792834640124
2460316.2778067435,0.37774325654248797,3.4107698534663218
2460316.2847510222,-2.150640748665733,3.4038441188562154
2460316.2916953005,-3.69670535950661,3.401782723486967
2460316.298639579,-2.3885037314693207,3.3986134433901527
2460316.3055838584,0.5506498248161198,3.39445551470356
2460316.3125281367,4.245639919501954,3.3908275346087913
2460316.3194724154,0.8816394577996016,3.3835508335768036
2460316.3264166946,3.4903648710734467,3.380640941702446
2460316.3333609733,-4.992470456482618,3.3684324565517247
2460316.340305252,-2.8401176912991244,3.3627516548175933
2460316.3472495317,-0.6698991438598547,3.354434456165127
2460316.3541938104,-4.171885262927837,3.3443335860980135
2460316.3611380896,-3.0311689965096544,3.3374959888054705
2460316.3680823687,3.587461362056238,3.3349940795009547
2460316.375026648,2.870526878046537,3.327434758119182
2460316.381970927,-1.0615956420942108,3.320998837009283
2460316.388915207,5.680128927040208,3.3189194313740793
2460316.395859486,-0.46708093923319605,3.3102758674533397
2460316.4028037656,-1.7991153409734024,3.307906695506015
2460316.4097480453,1.0523551474637334,3.3070082409770123
2460316.4166923244,5.704770416039582,3.3056446358681124
2460316.4236366046,-7.2459333167662,3.3007863817190617
2460316.430580884,3.2282912186772674,3.3028812120975553
2460316.437525164,0.6096294694139881,3.302069662159235
2460316.444469444,-3.419305573575841,3.3014111481729542
2460316.451413724,2.685093669144779,3.3045851464140075
2460316.458358004,3.140049811694033,3.304219259440836
2460316.4653022843,5.456567344948477,3.3074204589990432
2460316.4722465635,2.039096258254593,3.3064428479911494
2460316.4791908446,-2.1103848364570497,3.304587385036694
2460316.4861351247,-2.22083250520595,3.308163863306767
2460316.493079405,-3.268189121773255,3.3086929935603764
2460316.500023685,-6.267687727210596,3.3102565082405273
2460316.5069679655,-2.8985506687404774,3.3142250762842025
2460316.513912246,0.19391942990223998,3.3182164694094527
2460316.520856526,-1.6935802005456917,3.3199286176240483
2460316.5278008073,1.2867533667566744,3.3223268102237795
2460316.534745088,3.574460970865595,3.325316287765057
2460316.5416893684,1.214417750322625,3.325313086477849
2460316.5486336495,5.456816304565471,3.3275144290387093
2460316.5555779305,-2.1405024999621802,3.324665597351131
2460316.5625222116,-0.3677402332187909,3.323289719518536
2460316.569466492,-3.672081976448707,3.3232317827884006
2460316.5764107737,-2.1762705277961896,3.3223021972487206
2460316.5833550547,2.299884750412349,3.325256181412073
2460316.590299336,-0.05413419528515234,3.324784120343932
2460316.597243617,3.5942124568592484,3.32614921663837
2460316.6041878983,4.868453594825722,3.3269336234651044
2460316.61113218,-2.3331222586819793,3.324672747881381
2460316.618076461,0.4501545945558303,3.328229744671726
2460316.625020743,2.6623192197663204,3.329352060500653
2460316.631965024,0.9564415576288243,3.331007958678376
2460316.638909306,-0.5167137845254759,3.3317119864357907
2460316.645853588,-4.011883335660642,3.330592643146387
2460316.652797869,-6.024713094414321,3.3326449698703047
2460316.659742151,4.882514028822592,3.3356760181598832
2460316.666686433,-6.075579325735648,3.332598685306678
2460316.673630715,3.278929441900318,3.3375440061210484
2460316.680574997,-1.9839120299808881,3.3367164893597416
2460316.687519279,4.6882615272598205,3.3389971016342095
2460316.694463561,0.09513073208818129,3.3387245796192526
2460316.701407843,0.34782764947221834,3.3385799930319973
2460316.7083521257,-1.1871778102285016,3.340931556530803
2460316.715296408,1.607060182903785,3.3423815711162828
2460316.7222406906,-5.279685756288432,3.344056414173609
2460316.7291849726,7.043169784182684,3.349019297903993
2460316.7361292555,-5.750286915768033,3.3459092942917183
2460316.743073538,1.3011634799861418,3.3505403649421375
2460316.7500178204,-4.235478107049856,3.350002328858078
2460316.756962104,-1.1978004524711545,3.352351005931643
2460316.763906386,-0.53377165235144,3.357708676739634
2460316.770850669,0.8911782404207647,3.3600225539623607
2460316.777794952,2.8666229955636737,3.3618411450474954
2460316.7847392354,6.088948911377004,3.367231800196826
2460316.791683518,-1.6941496309404667,3.367697824374442
2460316.7986278012,1.0640784080747792,3.3699863443592726
2460316.805572084,-2.297677669415623,3.370560621370491
2460316.8125163675,-2.240712874078907,3.3691062614829366
2460316.819460651,-1.5743938428411028,3.368200316650461
2460316.8264049343,-5.07274072149242,3.366041447753574
2460316.8333492177,-2.0857146687802572,3.364470348951009
2460316.840293501,-1.1020660240595195,3.3640766333741965
2460316.8472377844,1.8122808452468346,3.3612078599825232
2460316.8541820683,2.655373614341796,3.360245701368783
2460316.861126352,2.3454898791838055,3.3576986502363813
2460316.8680706355,1.862598614255814,3.3548825892785277
2460316.87501492,-0.5219575018413046,3.353226553906827
2460316.8819592036,-0.6255121815782809,3.352382260086408
2460316.8889034875,2.0618350429966044,3.3514709945980106
2460316.8958477713,-1.917741951735168,3.348752617525582
2460316.902792055,0.0011920620017260575,3.349948255037487
2460316.9097363395,0.3115422198647537,3.350812448218502
2460316.916680624,-3.018021281756406,3.350194192490305
2460316.923624908,1.3475551896429772,3.351190246548168
2460316.9305691924,-0.33128036614016043,3.3518024023789468
2460316.9375134767,7.729270577778655,3.3568807940729815
2460316.9444577615,3.1444207382986584,3.355617611140087
2460316.951402046,-4.225903987694979,3.355693205279891
2460316.95834633,-0.06486301206560663,3.3589442530786413
2460316.965290615,0.7070448068699575,3.3612371213658285
2460316.9722348996,2.89491537254556,3.3630602403413707
2460316.9791791844,3.3898068935080796,3.36636781211968
2460316.986123469,0.00584790930818524,3.3664031172728497
2460316.9930677544,0.7875715439290297,3.3676674608448773
2460317.0000120397,-3.2194503952551328,3.3681026785636914
2460317.0069563244,-2.767782690356398,3.368458145784024
2460317.013900609,4.658080102309243,3.372830875817122
2460317.020844895,4.540391103576754,3.3729736755523057
2460317.0277891797,-7.715158549543126,3.3691111980822477
2460317.034733465,-4.759615330807266,3.368294631981114
2460317.04167775,-0.6363029581741166,3.3694699726811828
2460317.048622036,-0.2947910201759223,3.3698377397734016
2460317.0555663216,2.4035980319770793,3.368125395036486
2460317.0625106073,-3.6319676799091036,3.3646313543324013
2460317.069454893,2.6633024525715254,3.364332778415759
2460317.0763991787,0.08458175042432259,3.361221360961014
2460317.0833434644,-3.578981971246745,3.356646064018065
2460317.09028775,0.7435441133996791,3.3544710544886347
2460317.097232036,-0.042066990162246465,3.348504157273284
2460317.1041763215,-4.903640833149849,3.343250503545254
2460317.1111206077,-1.7863762344509797,3.3402908363151345
2460317.118064894,-5.421908720151804,3.334309289721151
2460317.12500918,3.09893711275862,3.332920493252283
2460317.131953466,-1.438696446175153,3.3264797442034735
2460317.1388977524,0.16830562097918644,3.32255277161418
2460317.1458420386,2.745404741427308,3.3186533701297094
2460317.152786325,0.6134169125911659,3.3151633651104047
2460317.159730612,-4.4333057493643375,3.3096660652436856
2460317.1666748985,2.2697943583746945,3.310178233843482
2460317.173619185,4.823493033055337,3.3083675160236172
2460317.1805634717,3.9272008859131673,3.3043779545953935
2460317.1875077584,6.384750440953689,3.3062662489369803
2460317.194452045,-4.017469329183026,3.3022655775773004
2460317.201396332,2.4350371425082162,3.305159589820558
2460317.208340619,-3.359001358869616,3.3025533122967166
2460317.215284906,-0.22597644121011995,3.3061559552368505
2460317.222229193,7.637003429429865,3.309266179274306
2460317.22917348,2.1847530944814926,3.308778821093469
2460317.236117767,-7.752788689681868,3.307388003645443
2460317.2430620547,-0.37051104406004765,3.3104543892491214
2460317.250006342,0.892056053537321,3.311994260619348
2460317.2569506294,-3.053647506187315,3.311083888937942
2460317.263894917,2.304770840827456,3.313051750218253
2460317.2708392045,4.114244471648956,3.3128509655012066
2460317.277783492,5.864446078782194,3.3128216041490948
2460317.2847277797,-0.32324364788374116,3.309757552423386
2460317.2916720673,-1.2010843109184561,3.309423631037579
2460317.2986163553,-1.5998377606955954,3.3037076596994717
2460317.3055606433,4.832639580411277,3.3026330614189967
2460317.312504931,-3.986710530803101,3.295730876936084
2460317.3194492194,-4.090522043456852,3.2909017926823636
2460317.3263935074,3.364900195929853,3.2898038982015305
2460317.3333377955,-1.937619931749012,3.283851692352524
2460317.340282083,-8.458630150143899,3.2782712773369713
2460317.347226372,-5.201311017675564,3.2770294367102593
2460317.35417066,7.739940065304894,3.27592643124499
2460317.3611149485,0.9036937977710475,3.2692559621743595
2460317.368059237,0.33062045860192835,3.26602072714765
2460317.3750035255,-8.042181771002072,3.2602585179149295
2460317.381947814,1.0418034170710488,3.259213464133754
2460317.388892103,-3.661846110791489,3.256594309001875
2460317.395836392,-2.9814867581869686,3.25222104317321
2460317.4027806805,5.734196694264911,3.251390077865129
2460317.4097249694,1.319737043342446,3.249317717530815
2460317.4166692584,0.8007750060642334,3.2465975831890694
2460317.4236135473,-2.878583523541851,3.244799407043288
2460317.4305578363,2.082878353887517,3.24564828930442
2460317.4375021253,6.5206114622329805,3.246404155302008
2460317.4444464147,-1.8640094657821273,3.2458322732412443
2460317.451390704,0.23598302872725418,3.2449965681856967
2460317.4583349936,-3.4510137703207873,3.2433997112816577
2460317.4652792825,-2.578166543253903,3.2427449752315614
2460317.4722235724,-1.3280891847851652,3.242790836886
2460317.479167862,-0.2322520173601974,3.2457046258733597
2460317.4861121513,-2.326224845816687,3.2433998340701655
2460317.493056441,-5.880775362056386,3.2428464930418177
2460317.5069450205,-2.1644041606658995,3.246315960883718
2460317.5138893104,0.1555441461369793,3.245591643895272
2460317.5208336003,-0.4823689842189709,3.2451655836424877
2460317.52777789,0.620951441657438,3.2469163701229653
2460317.5347221806,4.197935456364959,3.247275702165771
2460317.5416664705,-0.47960205215054774,3.245537067760388
2460317.5486107613,0.8587522915118397,3.2443740601854985
2460317.555555051,-1.040432772171678,3.2423940835262965
2460317.5624993416,5.754174669893681,3.242164550960366
2460317.569443632,4.365004948929066,3.2413433020468054
2460317.5763879227,5.717995590622162,3.2409140863712325
2460317.583332213,-3.785428974419233,3.2358719317068565
2460317.5902765035,1.2240926146398694,3.2366605031748565
2460317.5972207948,1.3634742017433075,3.236358788174877
2460317.604165085,-2.092831222403333,3.2349156360671114
2460317.611109376,-0.11544530127085717,3.237579899723791
2460317.624997958,-0.4378699700304982,3.2384398327107635
2460317.6319422494,-1.9924880323746876,3.241564548439247
2460317.6388865397,2.119094961922637,3.243817575556029
2460317.645830831,-2.3017329328985934,3.242640154107321
2460317.6527751214,1.9353016847818727,3.2482770597781605
2460317.659719411,2.044282125877837,3.247393809951067
2460317.666663702,5.194751342700831,3.2499754872805293
2460317.6736079934,-1.3698806180807956,3.2502309500152204
2460317.6805522847,-0.5762596607538419,3.249074264973533
2460317.687496576,-0.9843539978361725,3.2495274260056224
2460317.694440868,-1.8580798462593031,3.249072503178843
2460317.7013851595,-1.9871597640044372,3.252109090769423
2460317.7083294517,-0.7030851719248703,3.252438448320064
2460317.715273743,-0.6973085483761052,3.2521044005750572
2460317.7222180353,-3.007462214194297,3.2526624562330597
2460317.729162327,5.709060041048803,3.2562476321437224
2460317.7361066192,-1.1130941113664905,3.255333857958919
2460317.743050911,-3.020456958940907,3.255877058025254
2460317.749995203,-5.236630015621954,3.2576697227631044
2460317.7569394954,0.29274071792542733,3.260450207914472
2460317.7638837877,-0.7440309047562736,3.260723207504494
2460317.7708280804,3.315692122333463,3.262522410176162
2460317.7777723726,0.4179936586051315,3.2632017627227277
2460317.7847166653,-0.7782612143623205,3.2635315938921923
2460317.791660958,-3.0464972997060933,3.262440920692999
2460317.79860525,-3.52516967497926,3.262026263862396
2460317.805549543,-1.4311404878063911,3.261948990402422
2460317.812493836,7.341385836641355,3.2626887563853355
2460317.819438129,0.9115158612898888,3.2601178087883302
2460317.8263824214,0.5260708699980747,3.2571195751208637
2460317.8333267146,8.126273012020192,3.2582189477696186
2460317.8402710077,-0.23158059100572448,3.252498020166185
2460317.847215301,-2.723710263172233,3.2500402740950296
2460317.854159594,0.17117415670811864,3.2478643956861757
2460317.861103887,5.789141496576107,3.247829457257115
2460317.8680481804,-3.455398032138049,3.24326406426156
2460317.8749924744,-9.077174023974125,3.2428951452272354
2460317.8819367676,-0.7047212315153604,3.248682133721008
2460317.888881061,-1.211592244230848,3.2461646488342555
2460317.895825355,-0.23454291791314674,3.245666105548794
2460317.902769648,1.939796546654522,3.2486431475936257
2460317.9097139426,2.338331640448137,3.248453709541407
2460317.9236025293,4.18259775128344,3.2498056926444203
2460317.930546824,-0.6119351092957093,3.247922117449683
2460317.9374911175,3.173265463424194,3.248154848457124
2460317.944435412,-1.5143620879224229,3.24716812125128
2460317.951379706,0.32135251592855285,3.2477172993562267
2460317.9583240007,-1.7818699409732612,3.2474988859136347
2460317.965268295,-1.1739929573571948,3.2460474487911104
2460317.972212589,-3.0536823618454663,3.2475584124950743
2460317.9791568834,-3.384011174216691,3.2462335278787595
2460317.986101178,-3.334999286508526,3.2466275464171783
2460317.9930454725,1.1173471039122291,3.248124769207626
2460317.999989767,0.24773011707615855,3.248159462442995
2460318.006934062,1.387556133453797,3.2487428550106716
2460318.0138783567,0.23115305541139008,3.248274647613632
2460318.0208226517,-3.938200839583304,3.249640325203345
2460318.0347112417,-3.6121910898152976,3.250941508054614
2460318.0416555367,1.174556856565815,3.253150549780876
2460318.0485998318,-0.5433171771241176,3.255338266177002
2460318.055544127,5.244775952390905,3.2569492289418775
2460318.062488422,1.0991785415887136,3.2576757067967965
2460318.0694327173,0.7604541798888197,3.253378821438474
2460318.0763770128,-1.9237967921018235,3.2533274884150605
2460318.0833213083,0.7234672148682497,3.2507196062514523
2460318.0902656037,0.4359116673690135,3.249511125811082
2460318.097209899,5.353771087669641,3.2469282468815615
2460318.104154195,6.359668263836536,3.2440240494375505
2460318.1110984907,-2.007360801366681,3.2369668247655903
2460318.1180427866,1.4537027368987965,3.233216295294019
2460318.1249870826,-1.5718483513240753,3.226582807516701
2460318.131931379,-3.2930253945714734,3.2227745419919613
2460318.1388756745,-1.759404114183158,3.2193416913162607
2460318.145819971,1.9302391900438527,3.213003573559469
2460318.152764267,2.46112896176251,3.210332919561059
2460318.1597085632,-3.287649172936189,3.2051247977765205
2460318.1666528597,8.19388766582076,3.2042865868198227
2460318.1735971556,3.695905200373137,3.19804312665064
2460318.180541452,2.2146812426120035,3.1956761632707686
2460318.1874857484,0.30558732057715204,3.1922156821181287
2460318.1944300453,5.009337954114791,3.190795016245071
2460318.201374342,-4.788080583949231,3.1844286801590687
2460318.208318639,0.32897382904035943,3.1845868796123207
2460318.215262935,-1.7353658923913278,3.18500263680616
2460318.222207232,-7.021100243046513,3.182914939317986
2460318.2360958257,-4.6021123158223745,3.1869744704359735
2460318.2430401235,3.557268639840252,3.189145558674921
2460318.2499844204,2.457926475709643,3.1896616434234226
2460318.2569287177,0.29387756088281347,3.1907808248885505
2460318.263873015,-0.39586138689253436,3.1891376658862822
2460318.270817312,-4.390158289761814,3.1903347743541635
2460318.2777616098,-2.339598005941904,3.1895305607549775
2460318.284705907,-1.4841836164285234,3.1912457234477523
2460318.2916502045,6.974809124698503,3.193101012358916
2460318.2985945023,0.2896756540384091,3.191685040084352
2460318.3055388,-0.4018849707045611,3.1883139977067874
2460318.3124830974,-7.701335593799828,3.1844542269632043
2460318.3194273952,7.891523406864671,3.184688277697539
2460318.3263716935,-2.0457539580422663,3.1766370697776263
2460318.3333159913,0.8306631705742151,3.1746283623281912
2460318.340260289,-1.5716316912337271,3.1707900469213843
2460318.3472045874,6.9302769725421705,3.169136679991021
2460318.3541488857,2.1324070994445474,3.1651432095775025
2460318.3610931835,1.7349713431255973,3.1590692115759436
2460318.3680374823,-2.5328665961626093,3.1541113275371147
2460318.3749817805,4.9762063989622325,3.15176191868046
2460318.381926079,-2.1504072523244537,3.1460098060231374
2460318.3888703776,-1.6406825922108506,3.1406423108140324
2460318.3958146763,0.03366921484798535,3.137806153603581
2460318.402758975,7.709278779872972,3.1383121672158114
2460318.4097032733,-0.3661046189153643,3.1331698669487333
2460318.416647572,-4.000195945543075,3.1318008540707414
2460318.4235918713,3.168903949835521,3.1302909295459957
2460318.43053617,3.84868180602019,3.130758675644833
2460318.437480469,-0.8531153738604518,3.127176150587126
2460318.4444247684,-5.556594668828669,3.126759985425761
2460318.451369067,1.2334195814861093,3.125913357792663
2460318.458313367,0.6814335899843543,3.1251444565240853
2460318.4652576656,-8.245386025842238,3.123675161161555
2460318.4722019653,-1.66517476046989,3.1271332332890776
2460318.479146265,-5.661239272786998,3.1266069961064975
2460318.4860905637,-0.4964753164825329,3.130749345251236
2460318.493034864,5.310739851159493,3.131880362296141
2460318.499979163,3.397392596406747,3.131154785806857
2460318.506923463,-3.165133239261114,3.1272521480097573
2460318.513867763,1.6107664720456065,3.12874239427922
2460318.520812063,0.956449531854723,3.126135522516187
2460318.5277563627,0.9340389807675038,3.1266829489071775
2460318.534700663,2.3967012026730905,3.124619892727823
2460318.5416449625,-4.081650111560917,3.122026968141079
2460318.548589263,-3.53525768691076,3.1211628109518466
2460318.5555335633,-0.46512049539820044,3.120312902841269
2460318.5624778634,-0.980967088170583,3.1179435463888563
2460318.569422164,2.0201714014291916,3.1169891516519392
2460318.576366464,-3.478020707347386,3.1141940797951393
2460318.5833107647,-1.1383941879171635,3.11443799977191
2460318.5902550654,0.3000427532525377,3.114367742358432
2460318.597199366,1.5320227613421877,3.1143828080458706
2460318.6041436666,-0.5782135724184063,3.113897262377407
2460318.611087967,-2.1722191007430616,3.113842547214824
2460318.6180322682,-2.7102463315446625,3.1142937531836883
2460318.6249765693,2.1840856718870656,3.1156250652405935
2460318.63192087,-0.6325942919933469,3.115916693013815
2460318.638865171,6.821465965234082,3.1175075927214717
2460318.645809472,1.9888777028037339,3.1204609952995117
2460318.6527537736,3.879961286398826,3.1223560428395936
2460318.6596980747,4.996744228704686,3.122014800281336
2460318.666642376,2.1184565410315406,3.1239979963267834
2460318.6735866773,0.3940127723314831,3.123733523367782
2460318.680530979,-2.3347163265366864,3.1250213057493226
2460318.6874752804,-1.3253361852008072,3.1247317584127465
2460318.6944195824,-1.2291175061806423,3.1247564437894204
2460318.701363884,0.8550878787203218,3.1274071389360576
2460318.708308186,1.8430876991450138,3.1290016724627177
2460318.7152524875,0.6106246099501598,3.1297830743381607
2460318.723354173,1.2546821937400945,3.8356025217025347
2460318.7291410915,-1.5842888319253938,3.1325033749310793
2460318.736085394,1.8344863731756709,3.1362583076960617
2460318.7430296955,-4.766913284212227,3.1375362830241786
2460318.7499739975,-6.6389273120305266,3.138879750192531
2460318.7569183,-4.649498936910937,3.142508945293731
2460318.7638626024,1.1937678219166608,3.144012538435426
2460318.770806905,1.5602281960225504,3.1435076204168175
2460318.7777512074,0.1762664545255085,3.1436174631934186
2460318.78469551,-3.672166819973237,3.8506119926414994
2460318.7916398128,-1.0044080937696602,3.1418405680385146
2460318.798584115,-2.2664065735015093,3.1422826979825147
2460318.8055284177,3.5931550726359127,3.1443048359348382
2460318.8263613265,-3.8894629879300053,3.137226154022395
2460318.8333056294,-4.815986119158833,3.1353383273088444
2460318.840249933,-5.9641851598315245,3.1324986924534843
2460318.847194236,-5.189860868104461,3.131116116511605
2460318.854138539,-1.9874178697538214,3.128104003941671
2460318.8610828426,0.6796447742417101,3.1287945748582646
2460318.868027146,0.4376973674070029,3.128579736133957
2460318.8749714494,-1.292465209894174,3.1267394355381306
2460318.881915753,1.0067819272902006,3.1288337926604513
2460318.8888600566,-1.1819924862634243,3.124233621634758
2460318.89580436,-2.2181060158967463,3.1257298164300216
2460318.9027486644,-5.799174673025089,3.1225121452502473
2460318.909692968,-6.024962263980585,3.1229417126350483
2460318.9166372716,-0.30660785430352,3.122693039184853
2460318.9235815755,7.629221719107392,3.1229788254135813
2460318.9316832637,3.8997311254150637,3.821835802810948
2460318.937470184,4.680916256013181,3.119752145300565
2460318.9444144876,8.784554001901382,3.1187233374565544
2460318.951358792,6.21551436211832,3.115279285507871
2460318.9583030962,2.754330575818878,3.112511811736228
2460318.9652474006,6.225182050025843,3.1119717023092606
2460318.972191706,-4.184702557054316,3.1068699469340473
2460318.97913601,1.5374331160444665,3.1059555995067956
2460318.9860803145,-7.716414452644021,3.1016930992420675
2460318.9930246193,-2.477523767404434,3.102593448425706
2460318.999968924,5.1452778167883455,3.1068570601213703
2460319.0069132284,0.3584259595474746,3.1043045291287776
2460319.013857534,2.0635013605414123,3.1056885657142366
2460319.020801839,0.8289425979806389,3.1069559626624272
2460319.0277461433,-8.357146321473891,3.108712760050698
2460319.034690449,-4.827035720220922,3.1100143003880056
2460319.041634754,-4.503973155203993,3.109604097275653
2460319.0485790595,1.8338756407623407,3.1108240267753637
2460319.0555233643,-5.52482722529883,3.1114603342826364
2460319.06246767,-4.903219544660068,3.1108422831449793
2460319.069411976,3.5455772855246677,3.1128004686055952
2460319.076356281,2.3756182626254585,3.1123281210442015
2460319.083300587,4.995455430306943,3.113266391902448
2460319.0902448925,4.185447500301268,3.1112529644743696
2460319.0971891982,1.1039514107977406,3.106675822523423
2460319.104133504,-5.625799503984112,3.103416623803339
2460319.11107781,1.8231300651271702,3.101108319340872
2460319.118022116,-5.969003296160977,3.097263067182642
2460319.124966422,-2.9021446442552277,3.096461453481924
2460319.1319107283,-2.3537254231395313,3.0916382027989275
2460319.1388550345,2.6771923266170434,3.0913793995784364
2460319.1457993407,0.5314589472811369,3.089152958217362
2460319.152743647,-2.669088372248181,3.0867292312742927
2460319.1596879535,-0.5774959677541718,3.0844102822893285
2460319.1666322597,2.171479952833033,3.0828872820185222
2460319.173576567,0.6084670420274343,3.0778957581387085
2460319.1874651797,3.721649915647436,3.0697694990221005
2460319.194409487,-3.8652830539956633,3.064841718780777
2460319.2013537935,-3.305908677418267,3.0629550128806216
2460319.2082981,-7.191499819906097,3.0560087670901717
2460319.2152424078,-0.6287598463605293,3.0564483877507276
2460319.2221867144,4.204323904332005,3.0574571252021325
2460319.229131022,7.460393490743924,3.057790917867521
2460319.2360753287,2.597868916665096,3.0552621662347885
2460319.2430196363,0.2393550304215024,3.0581104361531692
2460319.2499639434,2.2344066270157845,3.056432393658396
2460319.4721818143,-1.9497837290631828,3.0105387190068975
2460319.479126124,-0.9428583763786804,3.007566171475958
2460319.486070434,-2.262842637427635,3.0061307193260567
2460319.493014744,1.1063533274101627,3.005292716299859
2460319.499959054,1.6981415725523794,3.0050028219130382
2460319.506903364,-5.06266235837791,3.0008218783549445
2460319.513847674,-3.9090471367672244,3.000649346432887
2460319.5207919837,-2.9450426248565824,2.9988665764189992
2460319.5277362945,-2.643915904454649,2.998124569574644
2460319.534680605,0.15601131556676862,2.99923118073365
2460319.5416249153,-0.8605443500409031,2.9990565747423457
2460319.5485692252,3.2476937075923606,3.000929537109513
2460319.5555135366,6.914601298016453,3.00073433730044
2460319.562457847,1.1131714637273191,2.9981237592353356
2460319.569402158,-1.915062463634016,2.9956468640688567
2460319.576346468,4.51954681544094,2.99643377196417
2460319.5832907795,-4.832107506728242,2.9918292346189443
2460319.5902350903,-2.5104037503752603,2.993932569066377
2460319.5971794017,-0.7380761909837683,2.991542991170954
2460319.604123712,-5.873831298222727,2.990849723138124
2460319.6110680234,3.7405584938925984,2.9925479242271855
2460319.618012335,2.9527055963658837,2.994430640448176
2460319.624956646,-4.095917960695546,2.991494326965434
2460319.6319009573,5.395186762703741,2.994675203810971
2460319.638845269,3.0362569143282383,2.9952323805837793
2460319.6457895804,0.12502560285866005,2.9950329409306753
2460319.652733892,2.154993438992608,2.99868407276846
2460319.659678204,-2.6594238599661346,2.998955953813557
2460319.666622516,-0.6319172310517027,2.9986944704241263
2460319.6735668276,-2.5785360045187278,2.9984279752198884
2460319.6805111393,2.4856703872866337,2.999361336851894
2460319.687455451,2.1699043352961076,3.000822983516999
2460319.694399763,2.5719499706086193,3.0023624811155787
2460319.7013440756,-1.5054202219569384,3.004233070624782
2460319.7082883874,2.876343928444441,3.004024617235173
2460319.7152326996,-3.5245786782905397,3.002799543030111
2460319.722177012,-4.632410898468969,3.0003560829086102
2460319.7291213246,-6.033930836834684,3.0035397733556675
2460319.7360656373,-1.9922759941614987,3.0050756646762107
2460319.7430099496,3.401686374821379,3.00552721252442
2460319.7499542623,-3.5044664684167612,3.0043753363745016
2460319.756898575,0.1585446896890217,3.0029956843544743
2460319.7638428877,0.7198372990106332,3.004430954924636
2460319.770787201,2.4143171406148465,3.000516763804269
2460319.7777315136,-4.976624867527879,2.99688249569415
2460319.784675827,4.291650633115885,2.9983779841753346
2460319.7916201395,3.476320210577778,2.999670596972497
2460319.7985644527,-1.3528972180614935,2.996231710723667
2460319.805508766,1.911320768848098,2.996642815605768
2460319.8124530795,-0.29118595275252,2.9957919336242664
2460319.819397393,-0.741824459321855,2.992213276323605
2460319.826341707,-1.9950525052636765,2.9882385855281175
2460319.8332860195,-1.8032044500108464,2.986137087407563
2460319.840230333,5.293048530565973,2.987734355900218
2460319.847174647,5.684310489728274,2.985015898892731
2460319.8541189604,2.9862515344925917,2.985485956188942
2460319.861063275,3.18969404640513,2.981894414635912
2460319.8680075887,5.582974428770507,2.9819174310154453
2460319.8749519023,-4.5506280579462235,2.982017325612089
2460319.8818962164,-2.0654594807080118,2.9814484914939734
2460319.8888405305,-8.12337282710992,2.9831177659827035
2460319.895784845,-3.872576401530689,2.9868019067959914
2460319.902729159,2.018478568665575,2.990290902684743
2460319.9096734733,-2.679081063165526,2.9898520737048018
2460319.916617788,3.7567081020462405,2.9895390178190193
2460319.9235621025,2.792913864271689,2.9909946632988373
2460319.930506417,2.012373528298247,2.988253530960653
2460319.9374507316,-2.664074504941827,2.9875012193120454
2460319.944395046,-3.693650984712412,2.9852405560156607
2460319.951339361,-0.3891529808912406,2.984989861429717
2460319.9582836763,3.130008068425505,2.9843270031990605
2460319.965227991,-8.200180512509373,2.976398132546626
2460319.972172306,2.126925714186043,2.9800097282200713
2460319.979116621,-0.5439312998695736,2.9770344388156986
2460319.986060936,-0.509689508223563,2.9747465132698516
2460319.993005251,6.653436256543236,2.976150239707552
2460319.9999495666,1.133344221525735,2.973231624640274
2460320.006893882,3.299867805765192,2.971578668255834
2460320.0138381976,2.698079604542635,2.9711710467816737
2460320.020782513,0.5354798550452533,2.970294150636054
2460320.0277268286,-0.21510931280950762,2.969980790572477
2460320.0346711446,-3.404839047997815,2.97118833721152
2460320.04161546,-2.67178420519626,2.9725847383033486
2460320.048559776,-1.5515125563176806,2.975458063265006
2460320.0555040915,-1.2645156129184705,2.9733915283684627
2460320.062448408,-2.2528923221733717,2.973597153922679
2460320.0693927244,-1.6772791551675477,2.9750952266609345
2460320.07633704,-0.13798903116105876,2.974194726179183
2460320.0832813564,-0.5329890882625867,2.973200459230503
2460320.090225673,2.4676614503805987,2.973957502738628
2460320.0971699893,3.5289109851984204,2.9721960343322826
2460320.1041143057,-4.588486020713702,2.9683624493487453
2460320.111058622,3.524671021133279,2.9698333288463847
2460320.1180029386,2.324373855203907,2.969875854746116
2460320.1249472555,-1.309875772550253,2.9675502922230277
2460320.131891572,3.010256375970284,2.96923566668805
2460320.138835889,2.819117686213976,2.9684600320298014
2460320.145780206,1.775284826805708,2.9679619866834432
2460320.152724523,1.3263574111708742,2.965283285202707
2460320.15966884,0.6292793649267332,2.964658360975849
2460320.166613157,-5.462066271093979,2.9594216635800135
2460320.1735574743,-3.4569884482149664,2.9573654466614747
2460320.1805017916,-5.160315853573907,2.953153344621995
2460320.187446109,-2.28328286883232,2.949602080125114
2460320.1943904264,-5.202687058871442,2.942073836028411
2460320.201334744,-2.2929568667164686,2.9367258451513814
2460320.2082790616,-4.563248395456824,2.932626324589221
2460320.2152233794,2.3852644428119207,2.931408182787368
2460320.222167697,4.084454691967384,2.9290372894562844
2460320.229112014,4.635537532642962,2.927792129508875
2460320.2360563325,6.05377973661503,2.926707151999917
2460320.2430006503,6.547160178645517,2.9288307538934926
2460320.249944968,-0.3968951475088671,2.9265856443832052
2460320.256889287,-3.6630266051184934,2.9275165767289537
2460320.2638336048,0.898276725728089,2.9292444127410704
2460320.2707779235,-6.880424294735921,2.92744939676871
2460320.2777222414,-0.8170072979887846,2.932182500007609
2460320.28466656,1.052929004270811,2.936828128103727
2460320.2916108784,4.594055581413059,2.9428592956156012
2460320.2985551967,4.525883511432416,2.9437124838645645
2460320.305499516,-1.8818299661460003,2.9397648091877837
2460320.3124438343,2.4067081291623618,2.93908281196789
2460320.319388153,1.877792745859535,2.9375705615377274
2460320.3263324723,-0.697880203871116,2.938995616260811
2460320.333276791,1.916999765140876,2.9371299225765335
2460320.3402211103,2.192491915490929,2.9322716618819897
2460320.3471654295,-0.912553620438425,2.9298455591352894
2460320.361054068,-3.674283874658432,2.929956118764675
2460320.367998387,1.6876009289741964,2.9271823315070464
2460320.3749427064,1.351598132032331,2.9244323821146216
2460320.3818870257,1.6460099267752764,2.9227018381209415
2460320.3888313454,1.0750766834851446,2.9223031740935865
2460320.395775665,2.191043391728541,2.92249629397505
2460320.4027199848,-0.020815818665234964,2.92242072932371
2460320.4096643045,-0.9742754614869216,2.92133968017316
2460320.4166086246,-0.5322800620907087,2.918448445991054
2460320.4235529443,-1.0107111248674436,2.9175009430244283
2460320.430497264,-1.7264417714404472,2.915822535512584
2460320.437441584,0.22357779943600486,2.9164908950123594
2460320.4443859044,-4.984905843221607,2.912779604030869
2460320.4513302245,-6.073159664367067,2.910162672248605
2460320.458274545,1.1395709452506564,2.9106724105252866
2460320.465218866,0.26947088947861586,2.9083022626272843
2460320.472163186,3.3607849072404945,2.906690733155544
2460320.4791075066,-3.6753027010523565,2.9046084034101702
2460320.486051827,2.1851890973394514,2.905253564915471
2460320.4929961483,1.3887628364771674,2.9051408016758393
2460320.4999404685,3.1500894550743377,2.9052911737972646
2460320.5068847896,5.573905432556268,2.9049270379339016
2460320.5138291107,7.588661687872127,2.9052672904683265
2460320.5207734318,6.333052380684406,2.9022091095677447
2460320.527717753,-1.3377872045834787,2.8971818091591097
2460320.534662074,5.865247295577792,2.897235699253558
2460320.541606395,-4.3400638677286985,2.893665222443851
2460320.548550716,-6.161065666574035,2.8930380483469045
2460320.555495037,-3.024054056004971,2.8928386678986997
2460320.5624393593,-6.056942028535516,2.889295637686798
2460320.569383681,-4.450239863978177,2.890230164039489
2460320.5763280024,-4.0190872715208865,2.8877702985325997
2460320.583272324,3.608145635504739,2.8924175795468123
2460320.590216646,4.433880383730331,2.8922979124906045
2460320.5971609675,-0.4292821381399119,2.8892460797048365
2460320.60410529,4.4413765670559435,2.890016631638241
2460320.6110496116,-3.8291239646603983,2.8865015710624906
2460320.617993934,-2.6510901966863742,2.886997470053769
2460320.624938256,-4.765214028671358,2.8849430366006987
2460320.6318825786,-2.822013669794365,2.8868443807340434
2460320.638826901,-3.701722545459912,2.8852790404738866
2460320.645771223,2.0256769447756424,2.8856229389070815
2460320.6527155456,2.995812012703836,2.8858328555179216
2460320.659659868,1.7792499140272053,2.8854116273910635
2460320.666604191,3.2665770758534243,2.884067143336344
2460320.6735485136,2.0712505608151144,2.8842472891922166
2460320.6804928365,-3.812783816282911,2.880968538110366
2460320.6874371595,-2.7367132386124204,2.8814646040905316
2460320.6943814824,3.767046612352525,2.8835111707638728
2460320.7013258054,2.532141208982775,2.8844423319539882
2460320.7082701284,2.767406887554596,2.8840531542745382
2460320.7152144513,4.627603967357004,2.8850025809784836
2460320.7221587747,4.18693176225567,2.8827004158466654
2460320.729103098,3.002334481004933,2.8822117184578087
2460320.7360474216,1.0226648480811782,2.8807652459366637
2460320.742991745,-1.1337928247530789,2.8763093777942763
2460320.7499360684,-0.5110667563533589,2.8739346070727407
2460320.7568803923,-3.834756504966604,2.8723276829776054
2460320.7638247157,-4.544608894806592,2.868106252905159
2460320.7707690396,1.6106356729102964,2.867663014947046
2460320.777713364,-2.187601408635239,2.8643781632585665
2460320.784657688,-2.8781896833330407,2.862711007285569
2460320.791602012,-1.6773700657045802,2.864161299525227
2460320.798546336,0.29585927521363997,2.8614285923002023
2460320.80549066,-3.679740857885909,2.860583188543236
2460320.8124349844,0.38960090744187337,2.8618303095635658
2460320.8193793087,1.542356265335099,2.861471688254481
2460320.8263236335,-4.829693315419087,2.8607055393255236
2460320.8332679574,-0.35737297808308477,2.8612215332925577
2460320.8402122823,-6.507638833971973,2.857792895265231
2460320.847156607,-3.1885539101447993,2.8584634992094977
2460320.854100932,3.8440116762749614,2.8604826785716404
2460320.8610452567,4.5532413875858975,2.859952957742534
2460320.8679895815,-0.8392840675505594,2.858582291418644
2460320.8749339064,4.10939229410009,2.862077455765631
2460320.881878231,2.161294668276337,2.8607769191350862
2460320.888822557,3.9190358860328898,2.8640759519756434
2460320.8957668818,4.4073289963861235,2.8632523536874603
2460320.9027112075,-1.1716136386683966,2.8630408234375526
2460320.9096555323,5.836759638587697,2.870344314780357
2460320.916599858,-1.4074618568510275,2.8661067687976742
2460320.9235441834,-2.4295610385667867,2.8670245390813527
2460320.930488509,-0.4147859057822434,2.8659219360674637
2460320.937432835,1.8522857192382107,2.8653182883851795
2460320.9443771606,-3.460807741252345,2.8621054588851824
2460320.9513214864,-3.5672244607815755,2.8620063108146963
2460320.9582658126,-5.405549761893582,2.8595796959971786
2460320.9652101384,0.2549405311434318,2.85841096165989
2460320.9721544646,2.970962091100368,2.8569104107171177
2460320.979098791,-2.792003389160546,2.8540245658364127
2460320.9860431165,1.815824965905178,2.855446362633934
2460320.992987443,-5.766477789276827,2.8500025678417913
2460320.9999317694,5.971594645881715,2.8527022949908027
2460321.0068760957,3.185855232173892,2.847923105419359
2460321.0138204223,-1.8812881957783243,2.8451778951400075
2460321.020764749,4.060285070575231,2.8449330721633586
2460321.0277090757,1.9434906139878525,2.844601780412127
2460321.034653403,0.10266391284328025,2.8448207230430356
2460321.0415977295,-0.3415639244933302,2.843480468446723
2460321.0485420567,-2.2651610903023496,2.8417441295100407
2460321.0554863834,-4.883169164198067,2.841665444998032
2460321.062430708,0.5126801264397551,2.8428431598238864
2460321.069375035,-0.30334372164683954,2.8427774584803758
2460321.076319363,-1.6118240629579514,2.8403817092220933
2460321.08326369,3.7398778704305293,2.841691221789432
2460321.0902080173,-0.11387625578151606,2.8388512995698227
2460321.097152345,-4.396754418131496,2.8363244089162514
2460321.1040966725,0.22756480192617268,2.8378733428716143
2460321.1110410006,6.622632060978933,2.838163663102828
2460321.117985328,2.5935959384418936,2.835515905164525
2460321.124929656,0.5101029682999578,2.8321449503130958
2460321.131873984,-2.028717984447493,2.830455404543487
2460321.1388183115,2.7860568528278735,2.829574917467643
2460321.1457626396,-0.18742299828928877,2.8273376530137724
2460321.152706968,-0.7741322037047675,2.8267774260791714
2460321.159651296,3.3942167081744454,2.8278996736044104
2460321.1665956248,-3.26763790573891,2.825408956735131
2460321.173539953,-4.352355000146009,2.825139547036589
2460321.1804842814,1.1494051738350373,2.827991332810926
2460321.18742861,-2.5883765135760246,2.825100967017574
2460321.1943729385,-1.9664926359286903,2.824483828582174
2460321.2013172675,-3.0611346042844985,2.821759440643699
2460321.208261596,-2.5622352007913007,2.8229137182530892
2460321.2152059246,-4.187989055638932,2.8198732619597813
2460321.222150254,1.6363050314533516,2.8187361788097873
2460321.229094583,2.3001144811611973,2.817425906854989
2460321.236038912,6.127690700188799,2.81735377427869
2460321.242983241,-0.5734993084708047,2.8166224804231543
2460321.2499275706,1.1983951545149347,2.8135324701364866
2460321.2568718996,-3.7210414428335943,2.8125913756258814
2460321.2638162295,2.230507523686744,2.8153034752488764
2460321.2707605585,2.801524740962138,2.815294237809813
2460321.2777048885,-1.664043335442624,2.8158164118092124
2460321.284649218,1.3940003378741452,2.8171800216731744
2460321.291593548,0.8977707104488946,2.8149455400969186
2460321.3054822073,4.005419679800161,2.812484464503775
2460321.3124265373,-3.3307285034108656,2.8066983809280934
2460321.3193708677,-6.6839277645964685,2.804812155735173
2460321.3263151976,-3.206215806600288,2.807461022302494
2460321.333259528,-1.148826371724507,2.806340213627901
2460321.3402038584,-4.508871131414558,2.800461269103525
2460321.347148189,-2.0945668403702973,2.7977312502362595
2460321.3540925193,2.1045512313429913,2.7972489501723916
2460321.3610368497,1.332184269445022,2.796202503102238
2460321.3679811805,5.830859665545663,2.796096026655894
2460321.374925511,3.209347397644559,2.793859765953602
2460321.381869842,-0.47788796539646183,2.790313275785508
2460321.388814173,-2.0628030308445724,2.789039344579303
2460321.3957585036,-0.3874260087628416,2.791688128397461
2460321.402702835,-0.3613319032340123,2.789859955692607
2460321.409647166,5.830128901960501,2.7902460382517944
2460321.416591497,-2.539890811394853,2.788084685397406
2460321.4235358285,-1.259850736341496,2.791891551241163
2460321.43048016,3.058186739409842,2.7952453097530428
2460321.437424491,2.2464395064025937,2.7911484791741024
2460321.444368823,1.0265353731634668,2.7911961596316517
2460321.4513131543,-3.691463980816463,2.7907292165200466
2460321.458257486,1.6765590237755599,2.7930235196819453
2460321.465201818,-3.34710584814331,2.7900678230556015
2460321.4721461493,-6.570196782018806,2.7898059246012727
2460321.4790904815,-2.36441862268232,2.789966450475474
2460321.486034814,-7.294256518327727,2.7877116746919324
2460321.492979146,1.4240590170103402,2.7882832393786683
2460321.4999234774,-2.9902896234472176,2.7879436863865643
2460321.5068678097,-0.5247692814732869,2.787877423001414
2460321.513812142,-4.041463276788626,2.788059084530481
2460321.520756475,4.125047796963566,2.7896745297021543
2460321.5277008074,2.091614051644891,2.787134570439285
2460321.5346451397,2.574396192815585,2.785656201433057
2460321.541589473,2.8748921523516113,2.7842886457860203
2460321.548533805,4.003079682441772,2.7829273492449644
2460321.5554781384,0.18573729546867052,2.779467449136066
2460321.562422471,-0.6064935098596881,2.778057737100696
2460321.569366804,0.36766117532692055,2.776712773786754
2460321.5763111375,1.6996219852417473,2.776430644547931
2460321.5832554703,5.664724613386565,2.7781225749847884
2460321.590199804,2.031075858475967,2.776695712972677
2460321.5971441367,-2.075325744216364,2.7711774554872917
2460321.6040884703,1.493173836520779,2.772717369834105
2460321.611032804,3.014686764139397,2.7718111385381685
2460321.617977137,-2.341704816987432,2.7711980056058962
2460321.624921471,-2.2175297885795535,2.772131155288717
2460321.631865805,-2.5037712695627112,2.76867634677984
2460321.6388101387,-4.238299347074542,2.7682947621633294
2460321.6457544724,-4.85961450995678,2.7685912587920516
2460321.6526988065,2.5879310710247307,2.7677903107476642
2460321.6596431406,5.4014101611981555,2.7680103436073495
2460321.6665874748,2.9725632616333924,2.768110979413732
2460321.673531809,-2.612192234290968,2.765423000862352
2460321.6804761435,3.4134683440403677,2.7669342031655204
2460321.6874204776,-3.4182287622201684,2.764106762273187
2460321.694364812,-3.5573771729494994,2.7657123681749596
2460321.7013091464,-5.032754540183328,2.764449591147064
2460321.7082534814,2.2416856649783963,2.765804526706034
2460321.715197816,5.72564015640797,2.7662056800342065
2460321.7221421506,-0.5191873094669486,2.7650844990154457
2460321.729086486,2.633575291399402,2.7631500311818464
2460321.7360308208,4.435769590306575,2.766075722126248
2460321.7429751563,-1.9460648497138413,2.761892398845669
2460321.749919491,-4.112892682591159,2.758998115847574
2460321.7568638264,-1.7130016456416537,2.759268281952765
2460321.7638081615,2.1260274821008447,2.764382602618287
2460321.770752497,-0.7430672730543582,2.759708004115892
2460321.7776968325,-0.6605129362806279,2.7584037171827127
2460321.7846411676,-3.6170212837963964,2.756927077688213
2460321.7915855036,-2.2014735443669085,2.760515594026185
2460321.7985298396,-1.1931691903217754,2.7556115899917017
2460321.805474175,-0.29251296620473566,2.7554672308170916
2460321.812418511,-0.6263942574534993,2.7541257780338966
2460321.819362847,-2.4832369730869615,2.7526311447424354
2460321.826307183,4.805001400277295,2.7566171324757396
2460321.833251519,-2.8455864655050487,2.7524279337779824
2460321.8401958556,2.0446736692439282,2.7523673750492335
2460321.8471401916,2.1187940981770765,2.753829695711497
2460321.854084528,1.3338641323537614,2.754173481351734
2460321.8610288645,5.690879973267137,2.754285868192607
2460321.8679732014,-5.402538623455396,2.750121959593191
2460321.8749175374,-1.5195905628543462,2.752003674385222
2460321.8818618744,-0.22994883454018522,2.7530126503959877
2460321.8888062113,1.521340366237127,2.752334021181481
2460321.895750548,3.821536077694659,2.755333586786954
2460321.902694885,-0.2495624922188706,2.752815237885672
2460321.909639222,-1.3022749422852518,2.753250668712854
2460321.916583559,-3.724541101798606,2.752430601019824
2460321.9235278964,2.484716791891068,2.7556619945300613
2460321.930472234,0.9241420107113925,2.7571627666197056
2460321.9374165707,-2.0380419794598077,2.7582765326645133
2460321.9443609086,5.239910928039309,2.7594274070509894
2460321.951305246,1.3432703402340602,2.7589541888360674
2460321.958249584,0.2511768030631456,2.7549250268208283
2460321.9651939212,-0.8066474030168967,2.7549608367391927
2460321.972138259,2.35909158147655,2.7552160373414742
2460321.979082597,-1.36420871209996,2.7535004376220393
2460321.9860269353,-4.554832735040124,2.7514029928128725
2460321.992971273,-3.4479874654631275,2.7524637469023703
2460321.9999156115,0.9740296450337995,2.753865571271995
2460322.0068599493,-0.06729179308386435,2.751916102721476
2460322.013804288,-0.9399892901769853,2.752313896796521
2460322.0207486264,-0.26422797488544303,2.747153338425011
2460322.0276929648,-1.1169732684812876,2.745675956569944
2460322.0346373036,-0.7674978621861521,2.7437071943705753
2460322.0415816423,2.1520695900081455,2.741862328913932
2460322.0485259807,3.6488206490128245,2.7416700823308826
2460322.0554703195,3.3313932943785662,2.740516885359392
2460322.0624146587,-0.8377636847200185,2.738393320765274
2460322.0693589975,-0.4638963012679349,2.73629524983112
2460322.076303337,-2.3140618125902024,2.7355962794578175
2460322.083247676,-2.9201249830084635,2.738737560748989
2460322.090192015,2.0168323506132113,2.7384367214084246
2460322.0971363545,0.2874005466338647,2.7389467212481033
2460322.104080694,-1.3303845518297819,2.736502240665819
2460322.1110250335,0.7987191929552448,2.7344325029590375
2460322.117969373,1.5296372209852196,2.7342997395275748
2460322.1249137125,0.6710696666639513,2.7307822682048073
2460322.131858052,-1.1820537617466842,2.727300683587964
2460322.138802392,-2.5507846521342348,2.72515470615958
2460322.145746732,-3.221358763586302,2.723309696005925
2460322.152691072,-4.244616279876249,2.7220823033057546
2460322.159635412,0.9307704898265577,2.7236578007071905
2460322.1665797527,1.414757933688078,2.7242889726154362
2460322.1735240924,3.8574987668463563,2.7243182867360844
2460322.180468433,1.787786248893459,2.7245426243723774
2460322.1874127737,1.0882800760396287,2.7248328556252024
2460322.194357114,1.8838517239928296,2.7268089457169213
2460322.201301455,-2.8232103534578337,2.724605397732024
2460322.208245795,0.6368881770832346,2.7280188848627565
2460322.2151901363,-2.4849588673654814,2.7255194604242727
2460322.222134477,0.43344442985992093,2.7261425898445584
2460322.2290788176,3.5526326156104098,2.727331848239333
2460322.236023159,-1.8858559927427934,2.7269935779495476
2460322.2429675,0.33762477222963383,2.7269225568631974
2460322.2499118415,3.1866654537601184,2.7276146343274212
2460322.2568561826,0.7506314910649023,2.7270871155595713
2460322.263800524,-2.2913101064883885,2.7246819175310577
2460322.2707448653,-1.0854582091899803,2.728001705192913
2460322.277689207,3.637359706810293,2.725707282524439
2460322.2846335485,1.87002807681953,2.7251566509732563
2460322.29157789,5.1244152910383,2.726476078256453
2460322.298522232,4.60529131698654,2.7259733959924866
2460322.305466574,-2.9410114247029537,2.7218524289404145
2460322.3124109157,-4.018574600298053,2.719406296661847
2460322.3262996003,-2.422744740816227,2.718802835141956
2460322.3332439424,-2.5929351786671924,2.7158707209458477
2460322.340188285,0.81534139632359,2.71580673671782
2460322.3471326274,0.5113169207272904,2.7134421742127945
2460322.35407697,-0.1931642977858466,2.71380705459165
2460322.3610213124,0.7866557763390513,2.71258469370879
2460322.367965655,4.54410061198577,2.7142507850819872
2460322.3749099975,2.987203748938512,2.7108598464079363
2460322.3818543404,0.3600413291505742,2.708428668657882
2460322.3887986834,-6.170786042254761,2.7073023038171757
2460322.395743027,-4.333832701980569,2.707466240997126
2460322.4026873694,1.774950247825962,2.7079657365444842
2460322.409631713,-0.30546791244209937,2.7078943794959245
2460322.4165760563,2.1419514251204035,2.7083073698213007
2460322.4235203997,0.7700151609952723,2.708234978977819
2460322.430464743,-1.6218154882368834,2.708216172150373
2460322.4374090866,-0.3418281715032295,2.7082014789824616
2460322.44435343,3.2562920741254597,2.7090689886086508
2460322.4512977735,0.04683656095110922,2.7092019957653464
2460322.458242118,0.9597059735618081,2.709331779111109
2460322.4651864613,1.1141309553874073,2.7071539795069306
2460322.4721308057,1.07861780104767,2.707397393016586
2460322.479075149,0.8289838831854341,2.707533480820531
2460322.486019494,-0.3997898491312284,2.7078005839533925
2460322.492963838,-5.391246122904162,2.7057002176923746
2460322.4999081823,-1.342351980365121,2.7072599158654866
2460322.5068525267,1.2154468862344818,2.7072664231355983
2460322.5137968715,1.7254220704355738,2.7089369728462107
2460322.5207412154,3.9671023705584187,2.7095410085773346
2460322.5276855608,5.825138140162589,2.708073449009209
2460322.5346299056,-0.9523043275716556,2.7057706907242314
2460322.54157425,-1.6800544165648406,2.70423313170853
2460322.548518595,0.4991069587320264,2.7064739004239233
2460322.55546294,-7.544273289992645,2.700050299631654
2460322.562407285,-2.1150229643110277,2.7029627328795214
2460322.5693516303,-1.5927299435514102,2.703895064208424
2460322.5762959756,1.0569272376787386,2.7017419828585827
2460322.583240321,4.088666922113664,2.7061804527927973
2460322.5901846667,2.364797823716529,2.7018745190864704
2460322.597129012,0.5292079065924633,2.700266177134728
2460322.604073358,-3.1620864982136045,2.6999199271345034
2460322.6110177035,-4.11786714661009,2.6992285240275806
2460322.6179620493,-3.2769011422083176,2.6988228174946394
2460322.624906395,-2.2784803273407146,2.7008757944289665
2460322.6318507413,3.3365962964685707,2.7004990145303798
2460322.638795087,-0.018132307441817264,2.698859711736457
2460322.645739434,-5.590736414924902,2.6982815316517126
2460322.652683779,4.998434812486881,2.6999242265080956
2460322.6596281244,3.797641009381176,2.7004778037453554
2460322.6665724707,2.8371620834925753,2.697487815638643
2460322.6735168174,0.4300927403781478,2.6968213888230856
2460322.680461164,1.2746374416931636,2.7001213474059416
2460322.687405511,0.648788428294157,2.6974406906357253
2460322.6943498575,-0.9154252589617502,2.6980923817767146
2460322.701294204,0.04033907981233131,2.6992092714987717
2460322.7082385514,-1.5730213066455456,2.697251893934332
2460322.7151828986,2.106903591110184,2.697908305288534
2460322.7221272453,-3.6598944106000904,2.6949240602050533
2460322.7290715924,1.965541075972616,2.697729404861111
2460322.73601594,0.5862600271798177,2.694978761111076
2460322.7429602877,4.867094218661087,2.6968337291738003
2460322.749904635,1.2624008436651746,2.696739868011378
2460322.756848983,3.0145484113179286,2.695249461429084
2460322.76379333,-3.1791695321173963,2.6928889001963903
2460322.7707376783,-1.4924078820057167,2.6926647316869237
2460322.777682026,0.6449939845010753,2.6933798902166046
2460322.7846263736,-0.9358795573541805,2.6935010506687327
2460322.7915707217,2.5368969296448616,2.694137491342012
2460322.7985150698,2.9882311531391825,2.694276621780519
2460322.805459418,-5.426553197628157,2.691890121935154
2460322.8124037664,-2.950047079110459,2.6916127165077817
2460322.819348115,-2.952688819075785,2.694870926347164
2460322.826292463,1.059306976750761,2.6940502605775407
2460322.8332368117,-0.47098738978049304,2.6933265251853737
2460322.8401811603,-0.5698801161429372,2.695070340475146
2460322.8471255093,2.9893114509817984,2.694473610473129
2460322.8540698583,2.9702789296036123,2.6963569999519623
2460322.8610142074,-7.880039705255746,2.6930613827019023
2460322.8679585564,-2.6645627728556205,2.693665504674103
2460322.8749029054,2.7930802347629413,2.69704969685181
2460322.8818472545,0.34591024697801753,2.6954410603031547
2460322.8887916035,-3.300085873601404,2.6929008837008546
2460322.895735953,-1.7840945526030922,2.6947321063897878
2460322.9026803025,0.8870682788435404,2.6942125406856032
2460322.9096246515,0.3166708579725923,2.6949562293445126
2460322.916569002,-0.39347097652851803,2.6951052614710242
2460322.9235133515,-0.7404302311680333,2.69618814654991
2460322.9304577014,-1.9236679217140153,2.6936189272479
2460322.9374020514,0.5044301779962559,2.696072831305633
2460322.9443464014,3.543289318938034,2.695884492765123
2460322.9512907513,-2.2320364948773728,2.695150768573615
2460322.958235102,2.0670434099424106,2.6963954522656963
2460322.9651794517,2.9641728714627593,2.697373011270164
2460322.972123802,-1.7305289319299455,2.6950515196349705
2460322.9790681526,-0.8238733843093251,2.6959483427143347
2460322.9860125035,1.1140942160884153,2.695141248344275
2460322.992956854,1.7895409862406018,2.696474052207821
2460322.9999012044,5.779447619526592,2.695752717022328
2460323.0068455553,1.3747836352617355,2.6948617324945876
2460323.013789906,-1.8750425018230295,2.694278837300555
2460323.020734257,1.4516865695758983,2.696273393009335
2460323.0276786084,-0.7187264654768599,2.695335482194795
2460323.0346229593,-2.7765936192925142,2.6939992689649443
2460323.0415673107,-4.4124878685252,2.6931148065535204
2460323.048511662,1.1552819692141076,2.695103591267296
2460323.055456014,-6.298779924410265,2.6930952075311976
2460323.0624003652,1.170579684579875,2.6971552156330296
2460323.0693447166,8.740353853672657,2.699269574913449
2460323.076289069,3.2786190145607916,2.697659701783314
2460323.0832334203,0.9222341659833824,2.6969183442292
2460323.0901777726,1.5732622678077992,2.698425493396213
2460323.097122125,-3.032901339005245,2.6964511002994196
2460323.104066476,1.052974671264967,2.696916060849268
2460323.1110108285,-3.408496294370203,2.6962323056177655
2460323.1179551813,-0.16806024849068568,2.6965046902252143
2460323.124899533,-0.5441347542314656,2.6976043161859624
2460323.131843886,4.4473883302079145,2.6991019214402443
2460323.1387882386,-2.5453857634723245,2.6971168726128822
2460323.145732591,-1.4576817214322637,2.6975879041042887
2460323.1526769437,-7.335197562753051,2.6951387462502114
2460323.1596212965,1.9037758280595516,2.6973942415780816
2460323.1665656497,-2.5565111341208664,2.695747779194944
2460323.1735100024,-1.6013328359497068,2.69563340205645
2460323.180454355,2.5187913408826326,2.696011665913222
2460323.187398709,5.671110209148562,2.6972766294741355
2460323.194343062,0.4259921184842099,2.694846810638749
2460323.2012874153,2.274685846341786,2.6979209570677534
2460323.208231769,0.7225214117938825,2.6951909045370424
2460323.2151761223,-2.431501564095989,2.6949462609501698
2460323.222120476,-5.17055446013439,2.693623314988763
2460323.2290648296,1.7804031937728333,2.6953952936993737
2460323.236009184,2.0591963694018416,2.6963978319034765
2460323.2429535375,1.4310790254037635,2.695687982169222
2460323.249897891,0.10138636420565518,2.6966115790470497
2460323.256842246,6.234483300878203,2.698703581037556
2460323.2637865995,-0.03207403317470259,2.696731987386802
2460323.270730954,-5.8758464446869905,2.6952422268507052
2460323.2776753083,-3.1770010285026236,2.697341151047306
2460323.284619663,-4.814922056555391,2.6954807115868227
2460323.2915640175,0.2144158003231813,2.6967948650505984
2460323.298508372,3.0494088317620136,2.6976415585744586
2460323.305452727,-0.738930727671772,2.698992245854614
2460323.312397082,0.6673810316441791,2.6975114781843406
2460323.3193414365,3.3034244596203513,2.6990271016163327
2460323.326285791,0.3549661705596143,2.698653644164058
2460323.333230147,3.8136576276899086,2.70046852165709
2460323.340174502,-1.403361833214174,2.696625209807723
2460323.347118857,-4.168885354828761,2.699183478650932
2460323.354063213,-8.447074799571858,2.69373895017576
2460323.361007568,2.0616557567814633,2.6991559679214188
2460323.367951924,4.535944755690407,2.7002391355808215
2460323.374896279,5.487385986048185,2.699846888209361
2460323.3818406356,2.1389794155563058,2.6974893933533166
2460323.388784991,-3.5541238134733577,2.69440069221468
2460323.395729347,-0.17304068933333694,2.6972557109159077
2460323.402673703,0.42489210706784997,2.6984314778661744
2460323.409618059,-5.316423276702482,2.69619765622485
2460323.4165624157,0.293746658509602,2.6953647929133813
2460323.4235067717,-5.0251787785290585,2.695937391854731
2460323.430451128,1.5317813401736684,2.696266975989909
2460323.4373954847,0.2573620851862799,2.699261519550996
2460323.444339841,-1.537237715967644,2.6986750609501287
2460323.451284198,4.2385200033987,2.697927373664595
2460323.4582285546,-2.894509982475944,2.697452859409575
2460323.4651729115,-0.5024703567458667,2.6976932473791524
2460323.472117269,-0.39463139844190565,2.6976994787377713
2460323.4790616254,-2.1467165133692463,2.6964137397800343
2460323.486005983,1.567847054083689,2.69960098005065
2460323.4929503403,0.7380503235171427,2.6997408174124735
2460323.499894697,4.003837875898803,2.6996515671929147
2460323.506839055,0.21679806275653446,2.6979769418050257
2460323.5137834125,-1.682294136004466,2.697763897782249
2460323.52072777,2.313896614377615,2.7002522865193517
2460323.5276721283,6.394649581537093,2.6996059362999127
2460323.5346164857,-0.6632232257594386,2.6992409153933288
2460323.5415608436,3.2501623398109913,2.6981214159491054
2460323.5485052015,-0.6118345853219186,2.6976348920679647
2460323.55544956,2.5774299992905427,2.69845157960766
2460323.562393918,-3.4514133036175014,2.6962321641765303
2460323.5693382765,-1.3867407018538926,2.696743316611283
2460323.576282635,-0.4571832801392124,2.6988046275805115
2460323.583226993,1.6989098305695531,2.6984962265208776
2460323.5901713516,1.1272881168353743,2.6983562509087093
2460323.5971157104,5.1021074027188655,2.6991681515085726
2460323.6040600687,-4.084090998889148,2.6965773589214326
2460323.6110044275,-0.9653403089313646,2.6961425134889168
2460323.617948787,1.2749875356089029,2.696601448795707
2460323.6248931456,3.0707003546675,2.699389548192569
2460323.6318375045,-5.146003734042493,2.6978193296532265
2460323.6387818637,1.0908577644212565,2.7006956138983855
2460323.645726223,-4.729027468149959,2.6958506125216046
2460323.6526705828,0.6631367145912349,2.6978433792844716
2460323.6596149425,-2.664163656257157,2.698191604791882
2460323.666559302,-1.4510297942823391,2.6979134334139037
2460323.673503661,-2.5646272725030164,2.6986760381733697
2460323.6804480213,2.920162206635118,2.700091133499408
2460323.687392381,2.85846000570779,2.7004508290031985
2460323.6943367408,-2.5144889866241447,2.6992444964137388
2460323.701281101,-2.9055182635564663,2.7001422843241
2460323.708225461,-5.475202724870137,2.69728981739642
2460323.7151698214,-0.0873508397699394,2.699171049306834
2460323.7221141816,2.4563318196585837,2.6998505383953684
2460323.729058542,0.38039688420316864,2.7006120542706404
2460323.736002902,0.7211653026725063,2.7012286420010674
2460323.742947263,-0.6396499368739235,2.699725419589022
2460323.749891624,1.0252356455193996,2.7003485436171357
2460323.7568359845,-2.2281843365357155,2.6991914575447686
2460323.7637803457,0.37008244247963473,2.7003945925827186
2460323.770724707,3.177675985809433,2.699268712744861
2460323.7776690675,-3.6941533938039868,2.697715711954117
2460323.784613429,-1.5942262907428626,2.698882156210496
2460323.7915577902,-0.5062560657714799,2.6982828575772095
2460323.7985021514,2.233232693302725,2.70088235592756
2460323.805446513,2.768198502038621,2.7020432331454995
2460323.8123908746,2.2098608932866513,2.7002623289092544
2460323.819335236,1.741629869933347,2.7006517600789763
2460323.826279598,-2.6791157753436954,2.6981485239287344
2460323.83322396,-0.13988390509177584,2.7002682701440293
2460323.8401683215,-0.4977865462606272,2.700960589262199
2460323.8471126836,-0.8241719260414576,2.700558673347649
2460323.8540570457,6.494134018242362,2.703291976658504
2460323.8610014077,0.626374891794362,2.7027105941466605
2460323.86794577,6.6750004545158514,2.7096539679547345
2460323.874890133,-3.0511438374825786,2.7028513551211586
2460323.8818344953,-1.013739469628952,2.7020683578651923
2460323.8887788574,-0.5837800374846851,2.7039847366932612
2460323.89572322,1.4142009060355636,2.7054302953115723
2460323.9026675834,-5.021744855962217,2.7010798805143437
2460323.909611946,-5.409782667037353,2.707631129922484
2460323.9165563094,4.877988919541377,2.703549215043493
2460323.923500672,4.086467318474486,2.7043055161636933
2460323.9304450355,3.6486891522500198,2.7047682326813156
2460323.937389398,3.788153431141672,3.3124474109890802
2460323.9443337615,2.492790519124276,2.7031246900665615
2460323.9524355186,-4.2457886011553825,3.3109853615006313
2460323.9582224884,-3.6252892984329055,2.702803519856081
2460323.9651668523,1.6047692640756845,2.7022868113088663
2460323.972111216,-4.278490584354739,2.700249060158575
2460323.9790555798,-0.23209849066564647,2.7004959489077986
2460323.985999943,0.1702420265504876,2.7021486645417667
2460323.992944307,-8.044877516800987,2.6985989884300334
2460323.9998886716,4.182631806759002,2.7018170165104785
2460324.006833036,-2.119089280637749,2.703610824588536
2460324.0137774,-6.449520323367665,2.6986342933863674
2460324.020721764,-1.7511242948487955,2.7022734868258844
2460324.0276661287,-2.344693365163498,2.7032165746508294
2460324.034610493,-2.4803466453537517,2.70291513043456
2460324.041554858,2.2389840722259136,2.704645518332747
2460324.0484992224,1.6586028396033656,2.7062046640089683
2460324.0554435872,1.1628769006938267,2.7042573229263254
2460324.062387952,5.0653085069953745,2.7046167726603545
2460324.069332317,3.534675743267689,2.703665767318213
2460324.0762766823,3.3958697381819336,2.7041933642114557
2460324.0832210477,-1.1078693642680717,2.704786818378184
2460324.0901654125,-1.6642870888769683,2.705204658877003
2460324.097109778,-3.4878199927754276,2.702960439509479
2460324.104054143,0.6400957955750073,2.707017640727693
2460324.110998509,0.7957270890493777,2.705665209149202
2460324.117942875,1.879161961111163,2.7069687983590036
2460324.1248872406,1.6198010577083217,2.703796194190875
2460324.1318316064,0.3549412364459056,2.703581979172405
2460324.138775972,-2.423372739797774,2.702406462938807
2460324.145720338,1.8893852370389617,2.705365043512367
2460324.1526647042,3.102106953847383,2.7059767044745477
2460324.1596090705,4.621015156010698,2.7057589533481523
2460324.1665534363,-0.5838016252556213,2.7050054710933655
2460324.173497803,4.795980181047346,2.7043947592026742
2460324.1804421693,-7.528749268978393,2.699749839901538
2460324.187386536,-0.8094854562265912,2.702008295247525
2460324.194330903,-2.017218627285688,2.702475646434905
2460324.201275269,0.6292493888358894,2.703886119213531
2460324.208219636,-2.1417828116155078,2.703293387431262
2460324.2151640034,4.047994051236639,2.7039987416260742
2460324.22210837,2.0994863157886137,2.704386864751303
2460324.2290527374,2.9842211062911987,2.704926755508049
2460324.2359971046,-2.370701162162023,2.704581204632801
2460324.2429414717,-0.3551885322278717,2.7035233910466676
2460324.249885841,-4.186794080664163,2.7013571390973943
2460324.256830209,-4.169371180875411,2.701912882691223
2460324.263774576,-6.696955154332688,2.7018532582536214
2460324.270718944,-6.473144373588175,2.7017332386805637
2460324.277663312,-1.7203883560349489,2.7040897184138184
2460324.2846076796,3.6002442980033744,2.7069522222554796
2460324.2915520477,-1.1353963285954833,2.7049434930349032
2460324.2984964154,5.075772939338153,2.7070653085573766
2460324.3054407835,0.46889519226107,2.7042489311822107
2460324.3123851516,1.7855501447653437,2.7072417883693305
2460324.31932952,5.1769816903830295,2.7056196454091204
2460324.3262738883,-3.455132588449116,2.7037505427650044
2460324.3332182574,-4.06510329405905,2.70660017388126
2460324.3401626255,4.168559027126091,2.7079282425641096
2460324.347106994,1.1632845011074555,2.7062203465351247
2460324.3540513627,5.498270444393643,2.7055463411181857
2460324.360995732,0.7718367125510486,2.703307523194619
2460324.3679401004,-1.238443358083586,2.705668338351478
2460324.3748844694,-2.711929447947372,2.703449458160159
2460324.3818288385,-1.9030773160771117,2.7028357314752713
2460324.388773208,-2.681458791486897,2.703442715307702
2460324.3957175775,3.8225604294602795,2.705864105794582
2460324.402661946,2.2923551119018692,2.7036424422255494
2460324.4096063157,2.8881114491575532,2.7053787289499436
2460324.416550685,2.8370168277694354,2.705446554041977
2460324.4234950547,-1.0783772162282772,2.703585610638869
2460324.430439425,1.6152830743385724,2.7048057615825756
2460324.4373837947,-1.883772060658993,2.703338714074
2460324.444328164,-4.071455642400714,2.7062967106297613
2460324.451272534,-3.8825720316500054,2.702724945202423
2460324.458216904,3.8903449625712803,2.7057829235308053
2460324.4651612747,-1.9596975239378043,2.705463211578986
2460324.4721056446,-0.5485491505306299,2.7032285802315013
2460324.4790500146,1.3700214588898527,2.705530076313248
2460324.485994385,4.051882495588483,2.7070479356807877
2460324.4929387555,-2.0600342687034496,2.7046909325083903
2460324.499883126,-1.5572441587988344,2.7046792253004486
2460324.506827497,-0.49680997987564224,2.706139290545599
2460324.513771868,0.17442701745633826,2.70391489987006
2460324.5207162383,1.6719179934658066,2.7051427214423907
2460324.5276606097,0.3393162889566703,2.703654903001046
2460324.53460498,3.503029007432847,2.705178538023532
2460324.5415493515,-2.7306379532097558,2.7043949445312836
2460324.5484937225,-2.7558552828126683,2.7039717733624857
2460324.555438094,-1.2843258540280829,2.7028841712932827
2460324.562382465,-1.4228312472642,2.705994572285657
2460324.5693268366,-0.5280584232656893,2.7040739971055228
2460324.576271208,2.005739842653634,2.7044505268311263
2460324.58321558,0.726217903643831,2.7038379454889605
2460324.5901599512,4.145236072404927,2.7043148876074583
2460324.5971043226,1.1831958085863996,2.7039394306535893
2460324.604048695,-2.405264892605346,2.7023793590669105
2460324.610993067,0.35724979498545983,2.703929588024522
2460324.6179374387,2.5435073854069765,2.7050883644396513
2460324.624881811,-3.390504028431595,2.7026374546254317
2460324.6318261833,-1.0047389045109045,2.7067986153087364
2460324.6387705556,-1.0774776128646701,2.7051447656050907
2460324.645714928,-6.120445142097652,2.7058001120798885
2460324.6526593002,-1.5373137578629241,2.7065813919805755
2460324.6596036726,-3.1240974041964815,2.7044552489278217
2460324.6665480454,-0.3129575566515952,2.707135269843409
2460324.673492418,4.804810800790204,2.7082300425179984
2460324.6804367905,-1.2610797753427212,2.707309476020962
2460324.6873811632,-0.5940649461032783,2.7088044615074955
2460324.6943255365,-0.4753846051356576,2.706719409818218
2460324.7012699093,0.9960313270695207,2.7078855934212362
2460324.708214282,5.314766581681849,2.7099399209489117
2460324.7151586553,2.8193557852913615,2.7094345340692527
2460324.7221030286,-1.3487727058529617,2.708453471851534
2460324.729047402,1.431139233079855,2.711370925100589
2460324.7359917755,3.2188812180844892,2.710401506159655
2460324.742936149,-1.7076010020205137,2.7080343645707923
2460324.749880522,-2.5200840814762095,2.706837288557994
2460324.7568248957,-3.7648775156665844,2.706377069954655
2460324.7637692695,1.6904722048919658,2.708995938178147
2460324.7707136436,1.957089854500702,2.7096975646735864
2460324.777658017,0.5968545408073997,2.708010436918908
2460324.7846023906,1.327155539744338,2.7071907318028625
2460324.7915467652,0.5461848900652782,2.7086465164110045
2460324.798491139,-0.2227629602201242,2.7071693928477836
2460324.805435513,-2.556180729274143,2.706512827792079
2460324.812379887,-1.4652860960597742,2.7091043074415126
2460324.819324262,-5.250207078268707,2.708462317415023
2460324.8262686357,-2.258572434274922,2.7099986233557547
2460324.8332130103,5.428352776772203,2.7102320492096026
2460324.8401573845,3.0303075725133644,2.709981565116159
2460324.847101759,6.338462690680416,2.7107227463754153
2460324.854046134,2.3780012518601916,2.709758495872159
2460324.860990509,-1.0780343865841786,2.7100797462608743
2460324.867934883,0.9603021267543772,2.7106663427162605
2460324.874879258,-1.6486316123410436,2.7079528564936486
2460324.8818236333,-0.638237215153457,2.709949689995506
2460324.888768008,3.8338032180428163,2.709328518378943
2460324.895712383,-1.9277408247718983,2.7095615646838254
2460324.902656758,-3.4997902344239384,2.7080797127476846
2460324.9096011333,3.62064329480439,2.709302301541783
2460324.916545509,-1.1702408124184451,2.7115227700278304
2460324.923489884,-1.9262939742991356,2.7074577301768414
2460324.930434259,-8.088777484991983,2.7076683239344885
2460324.9373786347,-2.568381519597091,2.706563195945863
2460324.9443230103,0.5604704341426874,2.708297692498793
2460324.9512673863,-1.8924766015250925,2.7072635024397935
2460324.9582117614,-1.2135931700869258,2.708060401485843
2460324.9651561375,1.1165824733167125,2.707657141487242
2460324.972100513,3.4115872497011015,2.707854757253143
2460324.9790448886,0.7514943451581177,2.706172690269305
2460324.9859892647,-3.5966597053109974,2.705356982139947
2460324.9929336407,-1.5365288926615515,2.706302257595787
2460324.9998780168,-1.9377520797017525,2.70702905148149
2460325.006822393,-3.9416900786708564,2.7062539844342592
2460325.013766769,1.4356829956281647,2.7063633346041454
2460325.020711145,5.208095782494017,2.7087964324925458
2460325.0276555214,1.4801745761906746,2.7077958788693617
2460325.034599898,0.5035629737062126,2.7069755534674265
2460325.041544274,3.4372989120814283,2.708608792749837
2460325.048488651,2.8800572644546913,2.7091890647198054
2460325.055433027,0.8149327869679794,2.707124460168663
2460325.062377404,0.6302254151233537,2.7071400691321226
2460325.0693217805,-0.1510190623986416,2.705793171971805
2460325.076266157,6.497561710943671,2.710399006337307
2460325.083210534,1.0413565704410845,2.709364592327894
2460325.0901549105,1.386479132576007,2.709100603403735
2460325.0970992874,2.9989572386563657,2.7090528824678626
2460325.1040436644,-0.3039155754937055,2.7063033222056743
2460325.1109880414,-3.02536758354095,2.707004335872495
2460325.1179324184,-0.9316307792411676,2.7080884743577704
2460325.1248767953,1.974148414197719,2.7075189801700166
2460325.1318211723,1.8066456366241055,2.707748395491908
2460325.1387655498,0.7093699525865509,2.7080234955632174
2460325.1457099267,-5.582010378537196,2.704396558867327
2460325.1526543037,-0.2657306058382324,2.7065023881482055
2460325.1595986816,-3.995893305375743,2.7052460518793704
2460325.1665430586,-3.2156833694104368,2.704086870175685
2460325.173487436,-2.421109913471125,2.7052388496913053
2460325.1804318135,-3.9302083414585693,2.705568683624079
2460325.1873761914,-4.1046450624049085,2.70684824407418
2460325.194320569,0.3566505742171464,2.705844224848269
2460325.2012649463,-0.5874969001177521,2.7074207647055633
2460325.208209324,-1.6082757365760278,2.7056815012821556
2460325.2151537016,1.1965519825149802,2.7060804117272066
2460325.222098079,-2.7854988249917216,2.7053663590154273
2460325.2290424574,-2.3360847218387777,2.706715197649872
2460325.235986835,-5.369767840387583,2.7061448416319807
2460325.2429312128,0.5143982910103861,2.7071460188774554
2460325.2498755907,6.730051287123148,2.709363292491585
2460325.256819969,0.8340080652512414,2.708387213754708
2460325.2637643465,4.949553686321339,2.709945077712328
2460325.270708725,2.2861738675574474,2.7100687274345776
2460325.2776531023,2.9560673638144057,2.7091923100778144
2460325.2845974807,-2.72258920376641,2.7067277513813406
2460325.2915418586,2.0985222278031506,2.711819994499175
2460325.298486237,1.4953186710952244,2.7097615584902868
2460325.3054306153,-3.644768376453268,2.707424884501844
2460325.312374993,1.5431600691846763,2.708988740762519
2460325.3193193716,-0.7775932773627252,2.7076460908681086
2460325.333208128,3.161070581310617,2.7091247913033434
2460325.3401525063,2.399060089861209,2.7084002722360925
2460325.347096885,4.0364551923040555,2.708425979968501
2460325.3540412635,-0.3711070125480267,2.7072015218511676
2460325.360985642,-0.853169016588436,2.707257967441984
2460325.36793002,-0.42128210584679504,2.7090158266247184
2460325.3748743986,-2.184698625834833,2.70783612624933
2460325.381818777,-5.105884370658048,2.7071202844717637
2460325.388763156,0.2601160384194672,2.7076865396972405
2460325.395707534,-2.104537282909335,2.709625434013421
2460325.4026519125,2.996478988735115,2.709157803069701
2460325.4095962914,-3.6665636886483517,2.7069557925353247
2460325.4165406697,-3.5531299639339586,2.7076966732970065
2460325.4234850486,-3.7193276105337905,2.706359388735798
2460325.430429427,-5.1508640193773685,2.705634740656759
2460325.437373806,-3.088975363410357,2.707891011228133
2460325.4443181846,2.4177041285000938,2.711646372505465
2460325.4512625635,2.2220706703268864,2.709849205636159
2460325.458206942,0.034403618354199805,2.7093788209566187
2460325.4651513207,-3.6109008616845495,2.7098737823419055
2460325.4720956995,-3.6240616110279693,2.708703260835992
2460325.4790400784,1.5353052743356983,2.7109820188129117
2460325.485984457,-0.26770112673789725,2.711254102758756
2460325.4929288356,4.293608628385629,2.711033493212725
2460325.4998732144,3.3743309852248404,2.711313777916498
2460325.5068175932,5.279316806058817,2.71230908473356
2460325.513761972,2.172607561916772,2.71063628702599
2460325.520706351,-3.076177043404313,2.708508219349674
2460325.5276507298,4.98581445278114,2.7105011736291
2460325.5345951086,3.592888257954256,2.7134900532303576
2460325.5415394874,-4.993146678670834,2.707855360102705
2460325.5484838663,-2.555207705304419,2.7085919906572715
2460325.555428245,-3.139867111075824,2.706866302460792
2460325.562372624,-1.194514116298339,2.708365501212555
2460325.569317003,-0.5842494838967536,2.709678412768959
2460325.5762613816,1.3096834638664627,2.7085844843316162
2460325.5832057605,-1.2286572532267126,2.7102107457028866
2460325.5901501393,1.9857254447585917,2.709897862681757
2460325.597094518,2.0001000882038467,2.710010733505366
2460325.604038897,2.873440766445187,2.7102464827513626
2460325.6109832753,-5.493549247595691,2.707814565448775
2460325.617927654,2.186790991299901,2.710207344910589
2460325.6248720335,2.089957683678689,2.7096680774352073
2460325.631816412,2.338283697157155,2.711002551510322
2460325.6387607907,1.2807539595632558,2.709815679376218
2460325.6457051695,-0.004994534653781968,2.711366095437047
2460325.6526495484,0.5302291826522754,2.709996787328661
2460325.659593927,-3.0946743942432455,2.7105524918676163
2460325.6665383056,-5.234360648751897,2.7103300500204295
2460325.6734826844,-2.5969302985616256,2.7121469953094106
2460325.6804270633,0.026737113764472742,2.710884423886434
2460325.6873714416,4.01427853860333,2.7134894091371886
2460325.6943158205,-1.9669344985840973,2.7130085569060713
2460325.7012601993,-3.0849001597751124,2.709919319950219
2460325.7082045777,1.2854146180039734,2.7116287325906683
2460325.715148956,0.20888762299109498,2.71101374602569
2460325.722093335,-4.563191325774054,2.7093837181937794
2460325.7290377133,-0.6953937448510034,2.7104174125950777
2460325.735982092,-0.40560744154415307,2.711293680352913
2460325.7429264705,-2.11475841298137,2.710897617276283
2460325.749870849,2.434605037271561,2.7111284036437273
2460325.756815227,0.20887223376449215,2.7102487444091334
2460325.763759606,2.7948911086449364,2.7092486862921255
2460325.7707039844,0.07979707235770084,2.7094299774997097
2460325.7776483623,2.1909526788199862,2.710231783226055
2460325.7845927407,2.592231639808997,2.710332914960683
2460325.791537119,5.867300408209639,2.712173528524609
2460325.7984814974,-1.4036417785702708,2.7094635717839055
2460325.8054258754,-2.1251698664802667,2.708194738674841
2460325.8123702537,6.809600562721759,2.710776251499872
2460325.819314632,2.832891040229203,2.710282326738916
2460325.82625901,-4.133722985616854,2.70781281219913
2460325.8332033884,-0.2871255702432361,2.7084744754671513
2460325.840147766,1.6235711799499086,2.711383300151
2460326.0623678486,-3.609815881831728,2.711421674940772
2460326.0693122246,-3.259879297022541,2.7135531160804742
2460326.0762566007,-0.9450810209926535,2.71315029000623
2460326.0832009767,-2.5923263681487128,2.7112186216225926
2460326.0901453528,-2.1000293550523956,2.7118020056247096
2460326.097089729,-0.6690882751724117,2.7116060674772626
2460326.104034105,-1.8561669622860453,2.7114668826255346
2460326.1109784804,1.3295714314786247,2.713106961976914
2460326.117922856,0.865014988569816,2.711245989940005
2460326.124867232,2.8475069973442224,2.711577798994504
2460326.1318116076,0.02711433150577061,2.7116006201137535
2460326.138755983,0.8592819738296096,2.7103513592818005
2460326.1457003583,-3.489506684972497,2.7081253042732403
2460326.1526447334,0.2149027312176881,2.712178054214929
2460326.1595891085,-3.4056927429200816,2.7109906654225555
2460326.1665334837,3.471882175650286,2.710630585612076
2460326.173477859,0.5098109044218067,2.710112296882182
2460326.180422234,-3.789037344358193,2.7083336455354465
2460326.187366609,1.1585510097607532,2.710550283685741
2460326.194310984,4.443074796735498,2.712206304682635
2460326.2012553588,4.716009730460508,2.7113925625313375
2460326.2081997334,1.623757951965046,2.7126773457114353
2460326.2151441085,0.10479703794694417,2.7127126941319144
2460326.2220884827,7.300281366232986,2.7141820018285343
2460326.229032857,1.7759770072400816,2.7128575960936256
2460326.2359772315,0.6118427288360027,2.7131343924627096
2460326.2429216057,-0.312891387871316,2.714284808855903
2460326.24986598,-2.4335296744069614,2.71278890046965
2460326.2568103536,2.249998576977398,2.718588546656201
2460326.263754728,-4.665046960028385,2.7123806019490697
2460326.270699102,-3.8958889303169455,2.713061730530283
2460326.2776434757,-0.29048438445258373,2.714203532864037
2460326.284587849,-3.995426144692491,2.7131375187260915
2460326.291532223,1.1056086334462178,2.7169924625080437
2460326.298476597,-4.045073952863451,2.7159889479706845
2460326.30542097,-1.872859748722357,2.7160870956781333
2460326.312365344,-0.1661701362001955,2.713872376026675
2460326.319309717,-0.1323633362414065,2.7151427518148044
2460326.3262540903,1.7572960612655582,2.7155394231032353
2460326.333198463,1.1060945031572853,2.7151208576979093
2460326.3401428363,-7.1997399207792885,2.713970582289836
2460326.347087209,-1.0106396440997782,2.715658304264874
2460326.354031582,-0.0060439130480138825,2.713803462547531
2460326.367920328,-3.6500574080523323,2.712248043419605
2460326.3748647,-7.245634252086697,2.711587446917178
2460326.3818090726,2.270130078655372,2.715961453338224
2460326.3887534454,0.12769079865528754,2.7142410657749227
2460326.395697817,3.969397545620536,2.7146017129945217
2460326.402642189,1.7807940622689735,2.714316672995295
2460326.409586562,0.27939947669448006,2.7138710896104556
2460326.4165309337,1.84387916143025,2.7149699215655403
2460326.423475306,0.35314260186859453,2.713758616426309
2460326.4304196774,-3.9205312157789844,2.714951493485232
2460326.4373640493,-0.6208127365142303,2.713765301382937
2460326.444308421,1.1485294427799242,2.7140101212027545
2460326.4512527925,-0.5535964721101327,2.717827883544231
2460326.458197164,4.258615194105424,2.7161862415703624
2460326.4651415353,3.1944133234226215,2.7178393117843496
2460326.4720859067,5.0177808406868145,2.719382002729341
2460326.479030278,4.0612355848576485,2.716828104841977
2460326.4859746494,-1.935066238072269,2.714789520978446
2460326.4929190204,-3.2489392208198975,2.714424949319735
2460326.4998633913,1.526493025045076,2.7150460318446856
2460326.513752133,-7.555384099317445,2.7118688013132424
2460326.5206965036,-7.473211419468174,2.711091031601232
2460326.527640874,-4.019172498525786,2.7128035147550773
2460326.534585245,0.35730566612651593,2.714937876984369
2460326.541529615,3.3541762264639914,2.7183254674422437
2460326.5484739854,3.847881571636694,2.718001927483916
2460326.555418356,4.235267522524515,2.7153242315918287
2460326.562362726,0.7258084696860894,2.7139505378838535
2460326.569307096,1.4093051443629276,2.7143969817462916
2460326.576251466,-4.113157444791261,2.7143730592776776
2460326.583195836,-0.1365265742206896,2.714532089811975
2460326.5901402053,2.076119548321844,2.715099768366335
2460326.597084575,4.7088344018400985,2.7157197711279157
2460326.610973314,3.7831515244895337,2.715878592727735
2460326.6179176834,-1.2171246963469227,2.7155721350673736
2460326.624862053,-4.648050943099415,2.713365787943594
2460326.6318064225,2.7078290355199117,2.714643652240993
2460326.6387507915,-4.092868284095442,2.7142475345331385
2460326.6456951606,0.0381435044792805,2.718458456784466
2460326.65263953,1.3562683149713024,2.717514875208567
2460326.6595838983,3.22364411234446,2.7174687093793115
2460326.6665282673,5.2814662950064335,2.7210315600684987
2460326.673472636,2.731645530004881,2.717972685543373
2460326.6804170045,5.238474221128488,2.7206499816328944
2460326.687361373,-3.816239879156484,2.7143547795872203
2460326.6943057417,3.46305916801743,2.7162154438535944
2460326.70125011,1.5717753714715925,2.716342943024244
2460326.7081944784,-3.147828595986306,2.7154277696656077
2460326.7151388465,0.2945626623102251,2.7164333815775876
2460326.7220832147,-3.1353749078946613,2.715338713389585
2460326.7290275823,-2.0953975860658822,2.7149341046201307
2460326.7359719505,2.9576015923665024,2.716701817295124
2460326.7429163186,-2.244448963816887,2.7162753617544766
2460326.7498606863,0.23216366594355198,2.716692835710099
2460326.756805054,-3.903894694042254,2.7130027498416918
2460326.7637494216,0.8573947623983731,2.7161859079535677
2460326.7706937892,1.7508302338385522,2.7172010463997345
2460326.777638157,3.5565407955764385,2.716803321843209
2460326.784582524,1.7838165233606929,2.715415870296558
2460326.7915268913,-1.0923884890945201,2.715250285072394
2460326.7984712585,0.43933717682997453,2.7148319684646958
2460326.8054156257,-0.14503485751500356,2.7144774903758573
2460326.812359993,0.9906911762091589,2.7158264462130273
2460326.81930436,-0.5796898365093571,2.7150930136365417
2460326.8262487263,1.5015432408895204,2.7173408910134085
2460326.8331930935,-2.087516462253874,2.717907814131738
2460326.8401374603,-6.900561329348137,2.713027284739495
2460326.847081827,2.439169183047544,2.716747088733923
2460326.8540261933,-2.3765226557339556,2.716617729507739
2460326.8609705605,3.671102882730681,2.717922024299845
2460326.8679149267,4.164716039463537,2.7178955741761803
2460326.8748592925,-5.25069043491524,2.7142315525883487
2460326.8818036593,0.06363630124025343,2.7179556566951644
2460326.888748026,0.008118743219601487,2.7163197466043214
2460326.895692392,-0.473901683203523,2.7169631576602327
2460326.9026367576,-0.6780025835895078,2.716008815064329
2460326.9095811243,-2.577012864312809,2.7151053888866294
2460326.91652549,2.0546710938140587,2.717241720585882
2460326.923469856,2.767117663910896,2.7169482124573965
2460326.9304142217,6.867489568293421,2.719494617102775
2460326.9373585875,0.3872523165835928,2.7174656533152803
2460326.9443029533,-2.376860034046776,2.714844615019081
2460326.951247319,-0.5551176437276635,2.7165541879168256
2460326.9581916844,-1.2900938835407147,2.713507975208078
2460326.96513605,-2.4823089534972076,2.7142834416832264
2460326.972080415,1.787249408310632,2.714972526971833
2460326.9790247804,-2.8850971567697847,2.7136139238632375
2460326.9859691462,3.060684839457957,2.7157883891950405
2460326.992913511,-3.1282859818408397,2.7131351006153257
2460326.9998578764,0.23803962542146095,2.715825275486834
2460327.006802242,-1.8229920429579294,2.7147764771835576
2460327.0137466067,1.2036305455382457,2.7159861029193753
2460327.0206909715,-3.3475662708427962,2.713536131759343
2460327.0276353364,-1.7407631232370284,2.7151444003445593
2460327.0345797013,-1.6458867599483,2.7164455562167666
2460327.041524066,2.161089066352992,2.7182046290167086
2460327.048468431,-0.10819098701357688,2.718499157434888
2460327.055412796,-0.501950013764819,2.721136450765433
2460327.0623571603,-1.5935778487197734,2.7226376335068565
2460327.0693015247,3.4629639801360415,2.728834104768385
2460327.0762458895,-0.6868074693631305,2.7308236661241487
2460327.083190254,-5.480310928161194,2.733034215020353
2460327.0901346183,-3.930098026731256,2.7372060044364814
2460327.0970789827,-0.028446570311724484,2.7477781076361976
2460327.104023347,3.4621816938289793,2.755066193525822
2460327.110967711,1.5699536103784988,2.7624439122877438
2460327.117912075,1.7842701871716,2.771424000314165
2460327.12485644,3.283955131820712,2.7854045989284373
2460327.131800804,0.7789044387666891,2.7980139612558594
2460327.1387451678,2.283325421333936,2.810665916970203
2460327.1456895317,1.9693900118008516,2.8257741836626526
2460327.1526338956,-1.032819056808568,2.837251996015329
2460327.1595782596,-2.6993160935411327,2.8519385039840652
2460327.1665226235,2.6327407586702916,2.8652381046179323
2460327.1734669874,1.296508348587392,2.88161814428568
2460327.1804113514,-2.3735191044783144,2.8922321816850816
2460327.1873557153,3.7959655822412355,2.9086387545507066
2460327.1943000783,3.3595587611463102,2.922342800358827
2460327.2012444423,7.753545479552237,2.9359738792808696
2460327.2081888057,2.670223333295798,2.946208840345348
2460327.215133169,-0.2691103592915507,2.958882833414878
2460327.222077533,-1.4705766067822799,2.9664955654803076
2460327.229021896,-2.3109573614163352,2.9749905369343135
2460327.2359662596,-4.576392522070493,2.9840699057982625
2460327.242910623,-1.265168271593931,2.9942203097496165
2460327.249854986,-2.139306990124248,3.0038661438112055
2460327.2567993496,1.3487583841619122,3.016464144023214
2460327.263743713,-2.1124515096514473,3.023583523327759
2460327.270688076,-0.22756565204364199,3.033468889890688
2460327.277632439,2.504097708194509,3.04637219415404
2460327.284576802,-5.881435023920714,3.049930793260456
2460327.2915211655,-4.867895558847236,3.0583725066333636
2460327.298465529,-5.232766239465339,3.067515340935428
2460327.3054098915,-0.9343415678388218,3.0767067375759223
2460327.3123542545,-3.0445669408737026,3.085509321252744
2460327.3192986175,3.284267749731561,3.096679910684074
2460327.32624298,-0.6190808938572823,3.105489274494643
2460327.333187343,5.366761250734782,3.114071148251742
2460327.340131706,0.23383432950822391,3.1261386222529026
2460327.347076069,-0.5235651032313944,3.1319990273077707
2460327.3540204316,-5.4617920576879495,3.140674453165658
2460327.3609647946,1.7720709403060129,3.154213515519072
2460327.367909157,-2.304410032743458,3.1653719615514166
2460327.3748535197,3.3019322425754467,3.1788268257146703
2460327.3817978823,0.6080401926217074,3.1880999606234273
2460327.3887422453,3.046682982128943,3.2004361553599963
2460327.395686608,-3.570820989863334,3.2105054124818797
2460327.4026309703,4.232550709115739,3.224303846869418
2460327.4095753334,8.085029060494243,3.2410104978705974
2460327.4165196954,5.729666533562951,3.2521339233983153
2460327.423464058,0.9850705084043038,3.2633527510337488
2460327.4304084205,-4.761522721294939,3.2760463394530253
2460327.437352783,-2.129604357303036,3.291825231506563
2460327.4442971456,-2.695338089323819,3.3070160855678448
2460327.4512415077,-3.9714608538908682,3.321688015284869
2460327.45818587,-1.3872754155624212,3.337116052898232
2460327.4651302323,-1.2567452765473015,3.351449432008918
2460327.472074595,5.950560514323217,3.3703472902441045
2460327.4790189574,7.641874718503868,3.3846822218068806
2460327.48596332,-2.041151861682116,3.3972464669662803
2460327.492907682,-2.295607375770369,3.411239555508606
2460327.4998520445,-2.032324320719198,3.4288497511507363
2460327.5067964066,-1.7700303280976117,3.4416541117776647
2460327.5137407687,3.3917148136675834,3.4569204429996354
2460327.5206851307,-4.474116318333418,3.469634396021148
2460327.5276294933,1.7318757770115034,3.484485406628524
2460327.5345738553,2.636988643213755,3.4999401874761404
2460327.5415182174,-1.0298735358728353,3.5123831065655757
2460327.5484625795,-1.4697222421757445,3.5252582836663096
2460327.5554069416,4.055034175313979,3.5396417265260127
2460327.562351304,-0.635343977561925,3.550782801285969
2460327.569295666,-1.2502934917861728,3.5638580752218334
2460327.5762400283,-0.10429284174950348,3.5750433994083366
2460327.5831843903,5.282160740564855,3.5881589047393607
2460327.5901287524,-2.231026638082552,3.59681314713689
2460327.5970731145,-4.2839150908810835,3.608213220161021
2460327.6040174766,-1.973536778635487,3.620739611510295
2460327.6109618386,-3.850943813175002,3.630781002681499
2460327.6179062007,-3.347338251710278,3.643060830807453
2460327.624850563,-1.835144906243212,3.6528549322303356
2460327.631794925,-0.44708647854230005,3.6605501781321568
2460327.638739287,-0.8465308777932344,3.6697737845022798
2460327.6456836485,9.46466209350969,3.6798206848596755
2460327.6526280106,1.3868104985351253,3.6831731192071886
2460327.6595723727,-4.815850569516305,3.68812041700398
2460327.6665167348,2.424208932261476,3.694025892954654
2460327.673461097,-1.0953548333866125,3.6954335616070306
2460327.6804054584,1.6444837398588334,3.7015322185511574
2460327.6873498205,-2.445491127324992,3.7014374637052843
2460327.6942941826,-0.4687068874899558,3.705217797713447
2460327.7012385447,2.3321611516452077,3.7057874743620864
2460327.7081829067,-4.61087099678727,3.7088047474696157
2460327.7151272683,5.391743002966603,3.711601692910067
2460327.7220716304,4.2740448315024535,3.712681540954472
2460327.7290159925,1.393138396923882,3.7129820344523563
2460327.7359603546,-0.46272062630497246,3.714288870032741
2460327.742904716,-3.0799774982914423,3.7114829906035323
2460327.7498490782,-0.8580533556818775,3.71253984296369
2460327.7567934403,1.6355220996838606,3.716129661505295
2460327.763737802,0.4456125636208328,3.716700707127941
2460327.770682164,-1.65042965922779,3.715777228523589
2460327.777626524,3.3456651486844957,3.7178419256937825
2460327.7845708854,-2.819433419948965,3.719963115903743
2460327.7915152474,-5.814889652172459,3.717983259726941
2460327.798459609,-2.368567382620927,3.721330473596049
2460327.805403971,1.6074835722604273,3.72339864761539
2460327.812348333,2.8910912228410606,3.726090379305503
2460327.8192926953,-2.8766607228601506,3.7249009473212524
2460327.826237057,5.845056227717754,3.728550099427173
2460327.833181419,-0.72155958178312,3.728445372717902
2460327.840125781,-3.547230924426218,3.725269508737766
2460327.847070143,3.6838238615503585,3.7272335272775385
2460327.854014505,1.5018130260909694,3.7249528873583664
2460327.860958867,-0.1898880314828002,3.7251733766823887
2460327.867903229,5.079376382270452,3.726162558716341
2460327.874847591,2.7459161269625194,3.7218882737230543
2460327.881791953,-8.528015130475449,3.719487834667429
2460327.888736315,-3.056114190992227,3.7161598626282557
2460327.895680677,2.64235289183772,3.7169232884760324
2460327.902625039,-1.2799653622614289,3.712812241964364
2460327.9095694013,-1.55743214967646,3.7093097827606383
2460327.9165137634,2.5748164885849443,3.707001742915273
2460327.9234581254,0.9162814239376402,3.7043975328662366
2460327.9304024875,-9.072283948638981,3.69981493107955
2460327.9373468496,4.2149005733525495,3.6999496072316487
2460327.9442912117,0.9490289337819051,3.69520741878754
2460327.9512355737,-6.376294139640921,3.6910132339675386
2460327.958179936,3.3773874527280743,3.6902800754569647
2460327.9651242984,-2.10896119882437,3.685346136454527
2460327.9720686604,1.0325269297812323,3.6836978903830535
2460327.9790130225,-0.4081085169437788,3.681179923133303
2460327.9859573846,0.9593911162053947,3.6775524468641048
2460327.992901747,4.980932427867607,3.6754504090120736
2460327.999846109,-0.38364298558045173,3.672126228412807
2460328.0067904717,0.22816818741286105,3.6694309320693494
2460328.013734834,0.05966115292209245,3.6655910449515487
2460328.020679196,-1.1335547337054335,3.6615488181887064
2460328.0276235584,1.4849151859977172,3.658739065221118
2460328.0345679205,-1.9482307025183836,3.654855376670318
2460328.0415122826,3.385145466541712,3.6529740513160083
2460328.048456645,3.8483757524870406,3.6518082615408196
2460328.0554010076,7.718528585804871,3.6483895013709184
2460328.0623453697,1.853797390517697,3.646809457416691
2460328.0692897323,1.6284638005323684,3.644948604298077
2460328.076234095,-1.917769498777938,3.641809798659646
2460328.083178457,-0.23308158321480787,3.6428190739923316
2460328.0901228194,3.7534458934102166,3.6423720087308364
2460328.097067182,-1.2838318776098512,3.6405781223538676
2460328.1040115445,-6.805913616793641,3.6396298101582043
2460328.110955907,-8.068214802453767,3.6369829891661443
2460328.117900269,2.950103233731662,3.638400329007643
2460328.124844632,-3.0472569727997825,3.636542267455932
2460328.1317889947,1.8665399105855083,3.6357913077421298
2460328.138733357,-0.6585301944978355,3.6332940946023893
2460328.1456777197,-1.371484928546488,3.6303618108303053
2460328.1526220827,-2.3490321398751,3.6277915077863714
2460328.159566445,1.2152440663285389,3.626863027598617
2460328.1665108074,-5.416551572008844,3.622638003431614
2460328.1734551704,-1.841143027916095,3.6186733638810114
2460328.1803995334,0.4672491613997929,3.615419571330946
2460328.187343896,-2.292030773134748,3.6124339568458157
2460328.194288259,-1.8993044669112462,3.606978470208151
2460328.2012326214,3.27122070996181,3.6052119479310334
2460328.2081769845,-4.4707174955766416,3.599124830976081
2460328.215121347,-1.0743454030016648,3.596427713419994
2460328.2220657095,1.275280758620798,3.5923354104307443
2460328.229010073,3.2929942082327672,3.5889766832888674
2460328.2359544355,3.4169468494167012,3.583705333160595
2460328.242898799,1.4958699477582948,3.5803632031680745
2460328.2498431616,1.4586266736702904,3.5748991829314822
2460328.256787525,-4.894046571640164,3.5660958140113572
2460328.2637318876,1.5555616042898954,3.562174961056193
2460328.270676251,2.550023878433016,3.5572953679561636
2460328.2776206136,-0.7054184476140524,3.5511891903729684
2460328.284564977,1.4225590256861669,3.5453020064243237
2460328.29150934,5.217415090408291,3.539839398204286
2460328.298453703,2.092594204132661,3.5333950286106277
2460328.305398067,0.6647528650352896,3.5256484949698286
2460328.3123424295,-2.005882550586738,3.518580150137946
2460328.319286793,3.224515100192369,3.5139381948697923
2460328.326231156,-5.212931933797804,3.5046256851735635
2460328.3331755195,-2.881420032473487,3.497512581721365
2460328.340119883,-3.5807287960391876,3.4915769429453007
2460328.347064246,-1.3116277244618462,3.4899304535567723
2460328.3540086094,-2.980114651630888,3.481362574608202
2460328.360952973,3.405502219414272,3.4766255605535115
2460328.367897337,-0.22944746516563042,3.4746580780361884
2460328.3748417,-2.0659074669271833,3.467908121400692
2460328.3817860633,3.5159701888742694,3.4656787732726575
2460328.388730427,-0.8703603031539395,3.4644905828832697
2460328.3956747907,5.256813568371035,3.4640780089287
2460328.4026191547,2.5315370080451283,3.463958617836848
2460328.4095635177,-3.010485536810834,3.4618463790792138
2460328.4165078816,6.001275278488043,3.4682068011108296
2460328.4234522455,0.30955385045344885,3.4684181270187717
2460328.430396609,7.7107480744990085,3.475063672096633
2460328.437340973,2.2127008560057715,3.476815295165997
2460328.4442853364,-1.281396909385539,3.4798234437201008
2460328.4512297004,1.3775870073899092,3.4873042956798965
2460328.4581740643,-2.555696787567132,3.490900609839358
2460328.465118428,-4.634416935577859,3.498133824381886
2460328.472062792,-2.572040270173019,3.5050684314296006
2460328.479007156,-5.939176263628317,3.5105750521612413
2460328.48595152,-6.116542326823861,3.5175669471135076
2460328.4928958844,-0.6638368171321598,3.5262782689623076
2460328.499840249,7.185267731161287,3.53637363728026
2460328.506784613,0.8283846930049835,3.5420659401067565
2460328.5137289767,1.2074875350167318,3.5505360996066107
2460328.5206733407,1.0888474932637626,3.558849181982391
2460328.5276177055,1.524162001049898,3.5659595599689062
2460328.5345620695,1.6282417844310793,3.5748810144558605
2460328.541506434,-4.2880930205469845,3.581963942511971
2460328.5484507983,-0.231106990220717,3.5904405966310744
2460328.555395162,1.682883580316033,3.598075915827542
2460328.562339527,1.32278141433564,3.606416545340613
2460328.5692838915,-2.3563847733994328,3.6152950620483657
2460328.576228256,-1.5965766553553324,3.6219112222156316
2460328.5831726203,-1.3509184098350298,3.6296525765776635
2460328.590116985,-7.788017069735192,3.632347090356394
2460328.5970613495,-5.243339840260427,3.6423697983777186
2460328.6040057144,-1.4626855332339863,3.647464713412221
2460328.610950079,-0.46473691370434006,3.6541863875823837
2460328.6178944437,1.315050723030274,3.6586498021357134
2460328.6248388086,-2.0913999011942175,3.661829348282181
2460328.631783173,2.9805030098227467,3.6662625376706406
2460328.638727538,3.706700104958353,3.6726930829785434
2460328.6456719027,1.448765156228086,3.6744023072026972
2460328.652616268,2.163176411929027,3.6772586172454296
2460328.659560633,2.432318010193356,3.6814543331817657
2460328.6665049978,-0.4237970218115876,3.685683018164244
2460328.673449363,-0.005338105556189188,3.6872984626328744
2460328.680393728,2.0532206216348583,3.6909742015271765
2460328.687338093,5.021685707175361,3.69533615274304
2460328.6942824586,3.3705552217652515,3.6968029469881327
2460328.7012268235,-0.9091061804355376,3.6968813763937636
2460328.708171189,-6.488436199835015,3.6974517710621693
2460328.715115554,-0.5777028911744544,3.7007767689399684
2460328.7220599195,-1.6566073282937772,3.702241158524719
2460328.729004285,-0.7382570994277394,3.7021692386251224
2460328.73594865,0.7385037407390487,3.703606834453913
2460328.7428930155,5.375719546980373,3.705678595367069
2460328.7498373813,2.937493257857773,3.7053812010034743
2460328.756781747,1.814933079093041,3.705058939875008
2460328.763726112,-2.6849209940924132,3.704122374398743
2460328.7706704778,2.8275972293314036,3.7040342928602477
2460328.7776148436,0.09193860620775407,3.705909194360105
2460328.7845592094,-1.5263264471433118,3.703826534828599
2460328.791503575,-3.2880318475110686,3.7027259484599884
2460328.798447941,0.8119172239743222,3.7051348690292527
2460328.8053923068,-0.009117562591715589,3.7037267074904823
2460328.8123366726,-1.1101625606738086,3.704467403099389
2460328.8192810384,-2.888044514146853,3.7041137120253165
2460328.826225405,-1.8680931473711313,3.7071649839601117
2460328.833169771,-2.458443115237433,3.705225164478501
2460328.8401141367,-5.8365080752885685,3.7066629290049904
2460328.847058503,-1.4708743616185824,3.7068178390145285
2460328.854002869,-0.620212516236057,3.706563841787333
2460328.860947235,0.14935825106901435,3.7071875764979954
2460328.8678916018,8.129631296499939,3.709560464916514
2460328.874835968,2.147238524691057,3.708159316353102
2460328.8817803343,-1.6639732596730687,3.707421375593906
2460328.888724701,-5.283361737072548,3.7072945925318166
2460328.8956690673,4.630925141219748,3.707554329993963
2460328.9026134335,-6.5659802827304645,3.706661406374432
2460328.9095578003,7.557898899660044,3.707822664708798
2460328.916502167,2.0094932671200016,3.7076724769086375
2460328.9234465337,5.06431139330458,3.7043944497677717
2460328.9303909,0.5688445838178439,3.7037388971301106
2460328.9373352667,5.411225205650068,3.7044632485572606
2460328.9442796335,0.7644573503373095,3.7003361125265593
2460328.9512240007,-1.6620854796963682,3.7003353391717906
2460328.9581683674,-0.42255470073046686,3.697028896491764
2460328.9651127346,-7.742986157425944,3.692300624967754
2460328.9720571013,2.0772180607027977,3.691568500796153
2460328.979001468,3.1950675378852758,3.6895857339339195
2460328.9859458357,-1.047173948652267,3.6853438127720968
2460328.9928902024,2.08384849548151,3.682830442720938
2460328.9998345696,-4.99169184168192,3.6776654818196772
2460329.006778937,0.8185359647994421,3.674250390703536
2460329.0137233045,-2.4956572415979092,3.673047739564377
2460329.020667671,-2.9003225688324807,3.6707525418086653
2460329.027612039,2.3143394551945855,3.6654580299627977
2460329.034556406,2.010606637765166,3.663557274417771
2460329.0415007737,-2.0522007283806354,3.656700137370466
2460329.048445141,-1.2478851247837468,3.6504558490944663
2460329.0553895086,3.1478059663556706,3.6470981653855
2460329.0623338763,-0.43720953589109923,3.6421628705358593
2460329.069278244,-1.3070607390471127,3.637956482952131
2460329.0762226116,1.9713297078146366,3.631234440336341
2460329.0831669793,-4.310577502085202,3.627055281279721
2460329.0901113474,-0.0010884559058184085,3.6230758696296665
2460329.097055715,2.7779255012583075,3.6210955927964643
2460329.104000083,-1.7870189629204098,3.615602411518019
2460329.110944451,3.0227830268327565,3.6129644176413027
2460329.117888819,-1.189538170449203,3.6079056057078187
2460329.124833187,-0.10871564152120294,3.6063832873871196
2460329.1317775548,0.31199908448234615,3.6032417565489006
2460329.1387219233,-0.047466404963318,3.598583702533647
2460329.1456662915,-7.5363594986513185,3.596558367037599
2460329.1526106596,-0.6698155320827857,3.5939775926007105
2460329.159555028,-1.9684283863820125,3.5915609836511315
2460329.1664993963,-0.1365273499330173,3.591429585710149
2460329.1734437644,-1.565447459474958,3.589065041267407
2460329.1803881335,7.667658905226772,3.5922047581413312
2460329.1873325016,-4.533580198121928,3.5904507273925965
2460329.1942768707,0.0010898168028685706,3.592046844549117
2460329.201221239,0.17476718299862748,3.589339097531569
2460329.208165608,-2.190673111423347,3.589081802760015
2460329.2151099765,2.467894426254851,3.58925390675992
2460329.222054345,2.042826509987135,3.588735581029594
2460329.228998714,3.2725475806391353,3.5889122520890395
2460329.2359430827,-0.16566814483499748,3.587058163461873
2460329.242887452,1.9970439507465023,3.5876206173951677
2460329.2498318213,-1.9190652868027454,3.5845930044081373
2460329.25677619,-2.953626299990989,3.5846527911298973
2460329.263720559,-0.18874384749814377,3.581622325519237
2460329.270664928,-0.9614658425360032,3.5792385256255117
2460329.2776092975,8.400315044415352,3.578620014168974
2460329.284553667,1.1245112257486845,3.574782058558134
2460329.2914980357,1.4932389058212123,3.569606807339412
2460329.298442405,2.1370050875473474,3.566146500837283
2460329.3053867747,1.745530837140464,3.562107653742975
2460329.312331144,1.7539822418700968,3.558376654725894
2460329.3192755138,-7.785726360368308,3.550229564022457
2460329.3262198833,-2.0049784863403453,3.550921424679394
2460329.333164253,3.758043500343491,3.543016295201775
2460329.3401086223,-4.698515791987829,3.5352896926702653
2460329.347052993,-7.229624112465346,3.527930180255456
2460329.3539973623,-1.796883602467986,3.5251502118428886
2460329.360941732,2.721682362812794,3.5200742152710727
2460329.367886102,6.306938042710759,3.5150213726880994
2460329.374830472,5.460607019418831,3.5129197278353153
2460329.381774842,4.046164698437858,3.5053731103682035
2460329.388719212,-4.289948107920136,3.498072880080759
2460329.3956635823,-2.997883697184356,3.495740235494413
2460329.4026079522,-7.374251966477177,3.489587887904928
2460329.4095523222,0.6505302355561114,3.4907778730598213
2460329.4164966927,-0.9707279097221736,3.488106813903236
2460329.423441063,-3.897691119135448,3.48700364658754
2460329.4303854336,1.3892320333336026,3.486803301223311
2460329.437329804,0.7683391276133344,3.4857110376265443
2460329.4442741745,3.878620170466543,3.4894851481784617
2460329.451218545,7.962629278190478,3.4920699700512103
2460329.4581629154,1.9930532141607307,3.492252027583192
2460329.4651072863,1.3793311227570868,3.4953503304690705
2460329.4720516573,2.565538591933714,3.4972414903337796
2460329.4789960277,-2.2634553949704754,3.4989223566899867
2460329.4859403986,-6.605141042538139,3.5023286524327735
2460329.4928847696,2.4744071243095185,3.5084157850949835
2460329.499829137,-2.222058417342751,3.514504962412229
2460329.5067735068,-4.322652494066456,3.519590542977827
2460329.513717877,3.1752318097251906,3.525828544806061
2460329.5206622486,-3.523542502330893,3.5286365135049453
2460329.52760662,-0.8675045861219793,3.5363941524384828
2460329.5414953623,-3.7739487726741405,3.546525145306805
2460329.5484397337,1.444687199280354,3.5547860410059324
2460329.555384105,-0.1317928076544712,3.5595367712782875
2460329.5623284765,-2.759975485685986,3.565385152190798
2460329.5692728483,1.4591133505290208,3.571866864997455
2460329.5762172197,-6.399438272384581,3.5766893527658703
2460329.583161591,1.8734077517356758,3.5859086830723315
2460329.5901059625,1.3365174850220571,3.593606375459617
2460329.597050335,-0.13896278468695245,3.601520463054104
2460329.6039947066,-3.052360010678612,3.6067684973260903
2460329.6109390785,-0.13846176304336616,3.613424840345169
2460329.61788345,-1.9101064823424683,3.617221442612091
2460329.624827822,0.01862751785009986,3.622109429946084
2460329.6317721945,-1.4058913145006982,3.625334167864471
2460329.638716566,-2.8954084578409813,3.6274913718975212
2460329.6456609387,-0.5879402113848724,3.6301278138478015
2460329.6526053105,5.378802884044823,3.632629724605197
2460329.6595496833,3.0712125904824186,3.63469130914574
2460329.666494055,0.7049472616282411,3.6351103456555163
2460329.673438428,-7.737873217314854,3.6335338945156628
2460329.6803828003,6.4617157329384955,3.6387528232876973
2460329.6873271726,-0.1608722948846344,3.638026010307302
2460329.694271546,0.21752947654599475,3.638326817839703
2460329.7012159177,-4.176064855891924,3.637625893417266
2460329.708160291,-0.9872771107678157,3.638662742079498
2460329.722049036,3.336266261075835,3.635198068953828
2460329.7289934093,1.4504558513869803,3.6330370441655035
2460329.735937782,7.443985891105864,3.631547410560007
2460329.742882155,-1.0012246760605392,3.6263755377061595
2460329.749826528,-2.0324863969857843,3.623668695206647
2460329.7567709014,-7.956294144809422,3.619271279417038
2460329.7637152746,-5.359226897777727,3.6163012388137727
2460329.770659648,-1.0456835990130182,3.614285178250386
2460329.777604021,-1.0929566199777578,3.608370189634725
2460329.7845483944,-0.9634990627048683,3.606416714542403
2460329.7914927676,-2.454817836343922,3.6003031775498258
2460329.798437141,2.7513653739326083,3.5955972082874754
2460329.8053815146,0.1871097773259341,3.5920378837312015
2460329.8123258883,-5.381938383459928,3.5834577254582505
2460329.819270262,-4.191302653767202,3.580414550971025
2460329.8262146357,4.210558907409262,3.580215198022811
2460329.833159009,2.981620273487726,3.5752092688834587
2460329.840103383,1.191740390185454,3.570239946458022
2460329.8470477574,6.043261832697889,3.56841342140307
2460329.8539921306,4.622931218054395,3.5648390837089763
2460329.8609365053,-0.08019263334905036,3.5628246484305546
2460329.867880879,0.3692172490878609,3.559910687536782
2460329.8748252536,-0.5113667766291394,3.5583194478561455
2460329.8817696273,0.482300119196033,3.5604134270987178
2460329.888714002,-5.025864768490355,3.555348919979366
2460329.8956583757,-1.6585021654045393,3.5538723113497164
2460329.9026027503,3.1472841900879076,3.557813522703544
2460329.9095471245,0.5088144106223008,3.5559921117102147
2460329.916491499,-7.80210472893191,3.554258599337054
2460329.923435874,-0.536923717983581,3.5570025801585428
2460329.930380249,0.6151123504092018,3.5569007845917695
2460329.937324623,-5.424952797595562,3.553396269182004
2460329.9442689978,-5.145982236899389,3.5566453679391343
2460329.9512133724,4.557661242814481,3.5602936446853097
2460329.9581577475,1.2898704022424718,3.559266029081485
2460329.9651021226,7.417672955563652,3.5597662494638396
2460329.9720464977,0.5549946674947992,3.5573900564984826
2460329.978990873,-1.8634933302393324,3.555318055165875
2460329.985935247,-0.06391122647705849,3.556158786904709
2460329.992879622,3.7858983128414243,3.5561496195751725
2460329.9998239973,4.716512389970331,3.552245463253667
2460330.0137127484,5.0033959853218395,3.54490983160699
2460330.0206571235,-3.845576055131141,3.5392592692807483
2460330.0276014996,-6.349061036696831,3.5332175362129856
2460330.0345458747,-3.567261544739033,3.5306537560186015
2460330.0414902507,-3.2301273987956574,3.5266371394280145
2460330.048434626,-2.355862397261579,3.5248834257916006
2460330.055379002,5.314702831271546,3.5184040962924397
2460330.0623233775,-1.511375939313964,3.512690287315222
2460330.0692677535,-1.8179112164478708,3.507052244467779
2460330.076212129,-0.7505798609865262,3.5032380682006212
2460330.083156505,-5.9125451188271185,3.4957681734902724
2460330.090100881,-2.3516877785650365,3.493842762276399
2460330.097045257,-2.8515717414430375,3.4875749449725344
2460330.1039896333,-2.386549622224129,3.483894077452233
2460330.11093401,2.137855612795515,3.480702530634813
2460330.117878386,5.388829992430558,3.480971803347501
2460330.1248227623,2.296793097608524,3.4756200146708824
2460330.1317671384,1.5866590338904731,3.4724417197131405
2460330.1387115153,0.358280476660503,3.468502093519973
2460330.1456558914,-1.4978007704684808,3.4669453826466525
2460330.1526002684,3.8063479489064203,3.464528562064153
2460330.159544645,-2.633179858253608,3.462057766080408
2460330.1664890214,-0.7078393055548826,3.4600825037284864
2460330.1734333984,-7.107434807794138,3.459360967730934
2460330.1803777753,-1.93773637850289,3.463371364095645
2460330.1873221523,-4.237603650863803,3.46439496489003
2460330.1942665293,2.818544900306451,3.4693492645159005
2460330.2012109063,2.789518922812992,3.4721932796290527
2460330.2081552832,5.311740974324575,3.4748228257931024
2460330.21509966,-0.2573560840988375,3.4740244983212687
2460330.2220440377,0.07648815456477531,3.480224570583271
2460330.228988415,-0.46885954058016566,3.4852305281079414
2460330.235932792,1.2851013905629758,3.4857350930654554
2460330.242877169,-0.686671321442752,3.4876802526876136
2460330.249821547,-3.086525674850922,3.4883664278242104
2460330.256765925,-2.863694907861261,3.488072699906285
2460330.263710302,6.719145499605722,3.490819780691009
2460330.2706546797,5.959638661897065,3.4924205897187175
2460330.2775990576,0.053965452947216885,3.4901474380277304
2460330.2845434356,-0.002727387775317114,3.489173456456483
2460330.2914878135,-1.989972139962471,3.4881820109297017
2460330.2984321914,-2.725590893857243,3.4874180349125896
2460330.3053765693,1.9318434194241272,3.487851252369305
2460330.3123209476,-0.8282919023270046,3.4824875921320353
2460330.319265325,2.6829800785034257,3.483937062569156
2460330.3262097035,-5.027199767426753,3.4770749338462443
2460330.333154082,1.3625945405110325,3.476506516411948
2460330.3400984597,3.3539443877679376,3.474415858376505
2460330.3470428386,4.104771236045218,3.4718478063549565
2460330.353987217,-1.885402778677649,3.4688800304906553
2460330.3609315953,0.9621791895520575,3.4630463845075425
2460330.3678759737,-1.3768527273938402,3.458417530343509
2460330.3748203525,-0.9643587832616733,3.454763489751907
2460330.381764731,-2.518128618202393,3.4516730147798698
2460330.38870911,-0.7875967322138718,3.4488550810889147
2460330.3956534886,9.330466137046962,3.448702026525323
2460330.402597868,-0.6020139448831889,3.441514481099732
2460330.4095422467,1.2746755981888633,3.439751039414699
2460330.4164866256,-0.5355743170350429,3.438810501669487
2460330.423431005,0.8248696292605776,3.4324179037281497
2460330.4303753837,-5.981852738463046,3.430662214283379
2460330.437319763,-2.5350157878772195,3.427963568201665
2460330.444264142,-0.8852293681740209,3.427702208469873
2460330.4512085216,-1.7522082539572215,3.4255811807630905
2460330.458152901,-8.571190573622244,3.42139712391332
2460330.46509728,1.4829781173534031,3.423647978550741
2460330.4720416605,-2.5118709737982226,3.421659476105756
2460330.4789860398,2.1003909661593037,3.4234476848748727
2460330.485930419,-1.3107798671032322,3.421531825694253
2460330.492874799,-2.472886338034292,3.42517535780382
2460330.4998191786,3.2549335335855893,3.425440447988775
2460330.5067635584,0.1134710085352146,3.4283191351337883
2460330.513707939,-2.213306194367451,3.4280734751876416
2460330.5206523184,1.0073460832468424,3.4339376016987857
2460330.5275966986,3.376065807835997,3.4368816751473408
2460330.5345410784,1.699076187207594,3.4384558907798026
2460330.541485459,2.2289713324572777,3.44327553107699
2460330.5484298393,-2.384338422403065,3.444302832598528
2460330.5553742195,3.361200688497559,3.4503232946433857
2460330.5623186002,2.0097659847918337,3.4534158120915066
2460330.56926298,-6.192219582693156,3.4558366514557908
2460330.5762073607,2.3377028417871584,3.4630897865028483
2460330.5831517414,0.7008992120843618,3.4638187229010384
2460330.590096122,-1.3837006686017537,3.467470050116079
2460330.597040503,-2.9487246195947563,3.473220228621717
2460330.6039848835,3.758298902319489,3.4785584111012313
2460330.610929264,2.3440453785506694,3.4833874280313513
2460330.617873645,1.1456135570434434,3.48402278406441
2460330.6248180256,6.180622453710498,3.491086173780307
2460330.6317624073,-0.4623233087383263,3.4947570546591584
2460330.638706788,-0.177408512937558,3.496903056275272
2460330.6456511696,-1.2600712324801844,3.4995904960974404
2460330.6525955503,-3.7832338817021083,3.502606006182585
2460330.659539932,3.4044262687318887,3.5073036653500242
2460330.666484313,5.261110928197863,3.5106224030187168
2460330.6734286947,-3.558909861037497,3.5103220986283454
2460330.680373076,-3.5469620887785704,3.5111705162117617
2460330.6873174575,-2.3017334313922304,3.514140666907553
2460330.694261839,-3.676917968298335,3.514373095626001
2460330.701206221,1.7557883269693801,3.516861906155585
2460330.7081506024,4.7824153209978215,3.5175343428330965
2460330.7150949845,6.565919796537993,3.519831235649703
2460330.7220393666,-0.20798167970818482,3.5176316797157186
2460330.7289837482,-4.561058557848617,3.5152540555638008
2460330.735928131,-0.15116449040047697,3.5163903448147598
2460330.7428725124,-6.116863913897674,3.511191320023857
2460330.7498168945,2.2590643558605517,3.511758855495952
2460330.7567612766,-2.6465517715416014,3.5092799310767897
2460330.763705659,-7.755826324828783,3.507600977087695
2460330.7706500418,-1.1876437229693548,3.5062645615826487
2460330.7775944243,0.0675583520769103,3.5028384801165724
2460330.784538806,-2.931810309718414,3.5021081855857292
2460330.7914831894,-1.5688208911044352,3.4985020213184597
2460330.798427572,-1.3305129648848288,3.496106272916165
2460330.8053719546,1.191053815122399,3.4912237595541016
2460330.812316337,3.9754052273525544,3.488702994088241
2460330.8192607197,6.061438260270505,3.4863019235942097
2460330.8262051027,2.3400286835153787,3.48031149373282
2460330.8331494858,-0.13840270819724254,3.476498269372449
2460330.8400938683,4.869264542695549,3.475395272188693
2460330.847038252,-2.956572861940714,3.4681224753659863
2460330.853982635,6.240080431453868,3.4656992578379344
2460330.860927018,3.8193364449213325,3.462435353899403
2460330.8678714014,2.873828210552083,3.4572150276249007
2460330.874815785,-3.119888062038902,3.4556109356665416
2460330.8817601684,-1.509106890484261,3.45325961996743
2460330.888704552,-1.0613102019144751,3.4498580877543237
2460330.8956489353,-2.57644782663628,3.448711715388328
2460330.902593319,-4.024747868348157,3.4451338571368084
2460330.909537703,0.2221839633389242,3.447665736340221
2460330.9164820863,5.531719521570076,3.449461890879039
2460330.9234264703,-4.181127435478341,3.44650559270111
2460330.930370854,-2.0146690519361212,3.4466299827579223
2460330.937315238,-2.2739589086318968,3.4479161815560295
2460330.944259622,-1.8681629399556732,3.4479279666022364
2460330.9581483905,3.385829991293871,3.4549968903409685
2460330.9650927745,2.1858853866083967,3.45394187494974
2460330.972037159,1.8798700619059472,3.453755706570828
2460330.9789815433,3.291646530650478,3.4586239575077506
2460330.9859259278,4.470910605515942,3.458554993620359
2460330.992870312,2.6169693384405464,3.458747724790044
2460330.9998146966,-6.102654231716553,3.4568921166648305
2460331.006759081,0.17840784761246092,3.456918548884761
2460331.013703466,2.412499233409698,3.4571144132145695
2460331.0206478513,1.1596148308225631,3.4554716149609295
2460331.0275922357,6.207062511498964,3.4553125995602882
2460331.0345366206,1.5224463417819256,3.451620259828985
2460331.0414810055,0.6469391843984886,3.4478869754376884
2460331.048425391,-2.2434369257438496,3.444630170006001
2460331.0553697757,-2.734961340566849,3.441925915160921
2460331.0623141606,3.282120012623335,3.439901474123007
2460331.0692585465,-2.9378539043412646,3.4354517818858294
2460331.0762029313,-2.73782662959458,3.4323876270103413
2460331.0831473167,2.100762599658937,3.432001576235439
2460331.090091702,-1.7217623344750224,3.4264998841641794
2460331.097036088,-1.2773823496758605,3.4217890138642466
2460331.1039804737,-4.422585172228205,3.417509212840921
2460331.110924859,1.322995576564598,3.4166292387222668
2460331.117869245,-1.3243911413482032,3.4134659810107313
2460331.1248136307,-4.153698784106002,3.4081382892584493
2460331.131758017,0.17119486432891606,3.4067846961897073
2460331.1387024024,-1.443675397440506,3.4038079647682413
2460331.1456467886,1.9900126173283654,3.4000219069218587
2460331.1525911745,3.1618827298591334,3.3968563980258426
2460331.1595355608,8.439722763579228,3.3973275147277575
2460331.1664799466,-2.3827020236788776,3.3924662166935313
2460331.173424333,-0.717307364899519,3.3920155163255306
2460331.180368719,3.307712694353683,3.3933829822059773
2460331.187313106,-3.7322419933138224,3.3911412250522557
2460331.194257492,-8.818652919042568,3.391745375074922
2460331.201201879,2.4638514923435566,3.396365537162241
2460331.2081462652,3.6556546658270324,3.3993074519627284
2460331.215090652,2.1063583741981384,3.401165967661314
2460331.2220350355,1.0302224462552552,3.4063541277188674
2460331.228979421,4.031412086408996,3.410549656942185
2460331.235923808,-2.3222526556691556,3.413117979518382
2460331.242868195,-3.447795334818289,3.4146689722686294
2460331.249812582,-7.876645473251365,3.4163995265132088
2460331.2567569693,4.523591062914999,3.422708131588785
2460331.263701356,2.855373667716184,3.4228222223624374
2460331.2706457432,1.1448938588135351,3.425531505821272
2460331.277590131,1.934390382857271,3.424574246358413
2460331.284534518,-4.510638716315162,3.421640336478671
2460331.2914789054,-3.3424015671303122,3.4212871355725434
2460331.2984232926,9.327885479490385,3.421752146186536
2460331.3053676807,-0.8620977408350035,3.4177149734612744
2460331.312312068,-5.188271347042296,3.414784760226201
2460331.319256456,3.683703570659409,3.4134215651508737
2460331.3262008433,-3.054018250790289,3.4104170698802854
2460331.3331452315,-2.224472179231215,3.407210276839992
2460331.3400896196,0.29620781420910847,3.405954612258265
2460331.3470340073,5.500089499594062,3.403620101443083
2460331.3539783955,3.1439528987750833,3.399612433544075
2460331.3678671718,1.8618333090396735,3.3926928126858704
2460331.37481156,4.342700885554474,3.3911107224877015
2460331.3817559485,2.1250442369941913,3.3841415388024383
2460331.3887003367,0.06416316269378441,3.3803643944681157
2460331.395644725,-0.0669591792021082,3.3762037920680665
2460331.402589114,1.8393471648832527,3.373448493107827
2460331.4095335025,-5.0037128818059475,3.3685621899998535
2460331.416477891,-6.690648498164942,3.363312253745655
2460331.4234222793,-0.23654493132661725,3.3603944715025382
2460331.430366669,3.6157401428365774,3.3581125688117663
2460331.4373110575,1.3901553645070588,3.355953141407609
2460331.4442554465,0.06395218973060368,3.3527179481231983
2460331.4511998356,-2.7251072104470344,3.3505598636225113
2460331.4581442247,0.7572517265652383,3.348973849194224
2460331.465088614,-3.183245694592966,3.3456889355433623
2460331.4720330033,4.604425480771786,3.346070809295784
2460331.478977392,3.943188366117089,3.3458779720447036
2460331.485921782,5.5842252374397425,3.3470467794347907
2460331.4928661715,2.8182169043736884,3.343052208810389
2460331.4998105606,-9.4589413217389,3.341641751619919
2460331.5136993397,-1.1433782191820057,3.3451931200355642
2460331.5206437297,6.4289030281457755,3.3500760549458164
2460331.5275881193,3.669453670279827,3.3519947904610334
2460331.5345325093,2.9504732712171196,3.3525004518843566
2460331.5414768993,-0.4723306335965174,3.355324074099201
2460331.5484212893,3.4094983105893126,3.3618684058740667
2460331.5553656793,4.069848631561028,3.3662466398014836
2460331.5623100693,-3.232819008593545,3.3661649831628697
2460331.56925446,-0.7524060035928768,3.3703977844156654
2460331.57619885,5.87607584790465,3.374669993375786
2460331.5831432403,5.085740192226427,3.3787549726475508
2460331.590087631,-0.10156246238123517,3.379297985996796
2460331.5970320213,-5.222623544985432,3.378885166227727
2460331.6039764117,-8.111492118953354,3.379730748936655
2460331.610920802,2.4414308996382355,3.3862651929801504
2460331.617865193,-2.716671958381128,3.3863096052510944
2460331.6248095836,-0.6700116446307987,3.39164105735728
2460331.631753975,-0.05916932385081086,3.3950914530346314
2460331.6386983655,0.48120485765585164,3.3989784390691766
2460331.645642757,-2.919475203533955,3.4000692375502766
2460331.6525871474,0.7362766477752571,3.403645692047822
2460331.659531539,-3.172552272821271,3.406172379911721
2460331.66647593,-2.609753535857995,3.408552248969537
2460331.673420321,4.49842773765868,3.41171182747606
2460331.6803647126,-1.860960190252338,3.4119201194391473
2460331.6873091045,-1.4349029414069348,3.4134821169314455
2460331.6942534954,-2.512460792318591,3.413405443901351
2460331.701197887,-0.5992416200078733,3.4155128163545574
2460331.7081422787,-3.851325843563181,3.415814355253111
2460331.71508667,-2.0824086076321904,3.416961812689727
2460331.722031062,-1.845818534646295,3.417921574596273
2460331.728975454,5.869205026356006,3.4203225029936775
2460331.7359198458,8.013987247713715,3.4217272751541308
2460331.7428642376,-2.5402199498651608,3.4176937107978134
2460331.74980863,3.3770026446942807,3.4204802552289153
2460331.756753022,-2.1117542206270765,3.4192875372346463
2460331.763697414,0.6293029364832676,3.41585784575677
2460331.770641806,-3.2059077429660867,3.4137013778831524
2460331.777586199,-1.5757356705263301,3.4124399072284732
2460331.7914749836,3.4746679640937588,3.4054801816336475
2460331.7984193764,0.4681065283963113,3.4003033662542603
2460331.8053637687,4.670434215262942,3.3964866747089957
2460331.812308161,-1.8825568917742448,3.3892449883327576
2460331.819252554,-5.907348599249938,3.3834917984549686
2460331.8261969467,-4.178557317948312,3.3794163050942174
2460331.83314134,-6.1003217017649405,3.3715511709464727
2460331.8400857328,2.2460962959162725,3.368703732784633
2460331.8470301256,3.015909019940319,3.3617526366029256
2460331.853974519,3.7694783356981327,3.354952791028978
2460331.8609189116,3.526513856312313,3.349121279315668
2460331.8678633054,1.2822239395832664,3.343629215038492
2460331.8748076987,-2.0586838535731378,3.3375919530420344
2460331.881752092,-1.3386985749565532,3.334358977182305
2460331.8886964857,-0.011462072303342064,3.332265617155493
2460331.8956408785,4.653592002515988,3.331652361906231
2460331.902585272,-4.122813774145104,3.325748772847439
2460331.909529666,-1.5893270419536099,3.325465693014513
2460331.9164740597,0.6519888042935336,3.325446966667077
2460331.9234184534,-4.644872528186732,3.325075210548935
2460331.930362847,1.3152303204581197,3.3275734400296604
2460331.937307242,5.575966952770448,3.33120964630186
2460331.9442516356,0.7277907905094327,3.3312631488759705
2460331.95119603,-0.7460425279301983,3.3361532626103307
2460331.958140424,-7.799221789214522,3.33742208724437
2460331.9650848177,1.1440874636548655,3.3438804298295257
2460331.9720292124,2.3975236600546452,3.347835662658969
2460331.9789736066,1.5101700452721762,3.3522903767231678
2460331.985918001,4.295276911307145,3.358049803829667
2460331.992862396,-3.2696974324077352,3.3588110171402814
2460331.99980679,-0.16663444172667363,3.364258557367991
2460332.0067511853,-7.843923843884871,3.366663208385594
2460332.0136955795,-0.8952032168716549,3.3715752684178137
2460332.0206399746,1.1646418226733577,3.3738511225095587
2460332.0275843693,1.2571519393314625,3.375520339367693
2460332.0345287644,-2.35608160894312,3.3747784288219376
2460332.0414731596,1.7369619741873028,3.3747658739943076
2460332.0484175547,-0.7960341652867737,3.373126343481832
2460332.0553619494,-0.248062077564962,3.3684220809002703
2460332.062306345,-1.8410370908386748,3.363609543893084
2460332.06925074,-0.2422979429921146,3.362571576209245
2460332.0761951357,2.215046093087967,3.357334101537685
2460332.0831395313,2.2885645797716414,3.3533298294646188
2460332.090083927,-4.84504456265477,3.3484812887952375
2460332.097028322,4.101971338314935,3.347409927424298
2460332.1039727177,-0.4588185472979169,3.3415735549009575
2460332.1109171137,-1.8203865053819106,3.338417906791704
2460332.1178615093,2.9549547048313274,3.3341769410997846
2460332.124805905,-4.978747215057064,3.3283842606626415
2460332.1317503015,-1.6571400740193107,3.322347101993078
2460332.1386946975,7.0489898254544165,3.320558361114309
2460332.145639093,-1.285958791143949,3.312285013167252
2460332.152583489,1.697241336326961,3.3094013115098773
2460332.159527886,4.022508641843357,3.304011338378921
2460332.1664722823,5.979547333679137,3.300805529225679
2460332.1734166783,0.7803660257620002,3.2968772163903304
2460332.180361075,1.0834317806520888,3.293217593834196
2460332.187305472,2.905527261255507,3.291777819149807
2460332.1942498684,-9.303622147384068,3.2856084841283355
2460332.201194265,0.38758898226389704,3.288474545473715
2460332.2081386615,-1.5740037317476898,3.289403178243338
2460332.2150830585,-1.8852802153414048,3.290200346153515
2460332.222027455,-0.4567395341784075,3.293333490207346
2460332.2289718525,5.2647246501623,3.295553365276253
2460332.2359162495,-2.079459190325795,3.2980676463024388
2460332.2428606465,3.200073637713977,3.3041386661891305
2460332.249805044,-0.7840341198500917,3.3055773120930034
2460332.2567494414,-1.1716888997095176,3.3079286313549776
2460332.263693838,-6.71252180001104,3.307394872789965
2460332.2706382354,0.8201334605398882,3.310528690969757
2460332.277582633,-1.1862274040255878,3.3127876340780085
2460332.2845270303,-0.8421689925304153,3.3112974716603403
2460332.2914714287,-4.971011162410948,3.3098183629880786
2460332.298415826,-2.373268385208189,3.3102392256105553
2460332.3053602236,-0.9718326808910486,3.3087721814334614
2460332.3123046216,2.7469948696581836,3.3062537196823514
2460332.3192490195,-3.773055247106576,3.3026641952354754
2460332.3261934174,3.6811525233910487,3.303648785748564
2460332.3331378154,0.5678809078231408,3.298101382527697
2460332.3400822137,7.0708175008478396,3.2971580954220774
2460332.3470266117,-0.3718779856933585,3.291428242019579
2460332.35397101,-2.344608506617794,3.289533787518868
2460332.3609154085,-2.785206397632189,3.2843862702977056
2460332.367859807,-1.4838617001113552,3.2818529383135076
2460332.3748042053,8.50315144256429,3.2823594480245473
2460332.381748604,-1.7378978241237601,3.2774601064312505
2460332.3886930025,-8.38249049462453,3.2720029869215943
2460332.395637401,4.138174137635661,3.2730909931622363
2460332.4025818,3.2756303510268685,3.2702496705413147
2460332.4095261986,1.154956973813431,3.265554728299166
2460332.416470598,3.230852487064401,3.263292195279068
2460332.4234149964,-2.4119341091198883,3.2586807431804163
2460332.4303593957,1.4780334672437783,3.2562380525743984
2460332.437303795,8.178977436293605,3.255087900794368
2460332.444248194,-2.937792839924532,3.2486631864774296
2460332.4511925937,3.163876631251091,3.245994210571743
2460332.458136993,0.6463878746007661,3.2422517197285754
2460332.4650813923,-2.0952172167315544,3.240116948714292
2460332.4720257916,-0.7184305691641031,3.2345660010502555
2460332.478970191,-1.466286296060924,3.2328856716066885
2460332.4859145912,-1.5337971486391173,3.2317449456207967
2460332.4928589906,2.235085020416149,3.232507191598147
2460332.4998033904,3.3743189354426666,3.2357283581076164
2460332.50674779,-4.825708971227488,3.2331187716839604
2460332.5136921904,-3.8731249813700517,3.235595345129432
2460332.5206365907,-3.622756611583008,3.238326272310628
2460332.52758099,-3.5848924218074236,3.2414403338373696
2460332.5345253907,0.5341812883247563,3.242964051652383
2460332.5414697905,2.858877821660251,3.2471714274868018
2460332.548414191,-1.6267035319149836,3.2521863019666633
2460332.5553585915,-2.1981686171521777,3.2519440064417524
2460332.562302992,2.6035588773884446,3.2559859672631095
2460332.5692473925,-5.2594054334389035,3.257448437969606
2460332.5761917927,-1.3240069672364498,3.2581183260870215
2460332.583136194,-0.6249581967137264,3.260010550750352
2460332.5900805946,3.8291577537188832,3.2625101592770513
2460332.5970249954,1.5289877471037472,3.2615310898965095
2460332.6039693966,2.816120244552225,3.2607169219716563
2460332.6109137973,0.69488204520459,3.256498133492823
2460332.6178581985,-3.735769674452524,3.2535266179128466
2460332.6248025997,-1.1587458455486201,3.2540493180988483
2460332.631747001,4.447284232504968,3.2545969812881164
2460332.638691402,4.3400307613044955,3.254263085671297
2460332.645635803,3.666614478510465,3.2563930453133154
2460332.652580205,-2.2195699416042722,3.254927334031185
2460332.659524606,4.0797174401059495,3.2587060873129787
2460332.6664690077,-1.7728217341060835,3.2606158102379297
2460332.6734134094,-0.849368346568115,3.2627141239163
2460332.680357811,-2.0476253188751006,3.263401559459556
2460332.6873022127,0.4990797873168623,3.267396325198575
2460332.694246615,-4.715801596771087,3.2695771856224662
2460332.701191017,-1.8740338452736158,3.275142589192423
2460332.7081354186,-2.171195411362662,3.2776589267822374
2460332.715079821,5.855258545314324,3.2841385653007755
2460332.722024223,7.646684894324185,3.290621304572632
2460332.7289686254,1.8960226417580213,3.2911327313765457
2460332.7359130275,0.852544547805592,3.292504244396408
2460332.7428574297,0.6367572955941703,3.2958915131313034
2460332.7498018327,-5.27432606202329,3.2974506240603367
2460332.756746235,-0.06175447740592932,3.300415708084612
2460332.7636906374,1.5795616954612912,3.300418402980371
2460332.77063504,2.7396950912281546,3.3011800177856068
2460332.777579443,-3.7117186249099783,3.2959660742732093
2460332.784523846,-2.058076925054066,3.2948828968320005
2460332.7914682482,0.4222526663174826,3.2911231967759282
2460332.7984126513,-6.258326961118457,3.2867367713089006
2460332.8053570543,-2.508935776838598,3.280498188850256
2460332.8123014574,-2.914802458024042,3.2758351539700428
2460332.8192458604,1.1827218932738652,3.2715504131394635
2460332.8261902644,1.7864453050626863,3.2643708407961323
2460332.8331346675,1.288574412591596,3.26050665340477
2460332.840079071,2.2235190238563303,3.254923224213402
2460332.8470234745,0.6582663092947825,3.2498442098544236
2460332.8539678776,-1.7354740361780103,3.242558355734133
2460332.8609122816,1.003120923518566,3.2390425960470317
2460332.867856685,-0.36067434951031085,3.234039632891765
2460332.874801089,-0.32946850089702684,3.2284677611312573
2460332.881745493,2.9800234658616094,3.2271381728697066
2460332.8886898966,-3.467356688374252,3.220667003210582
2460332.8956343005,-6.141211423409294,3.2157297212727283
2460332.902578705,-0.4205534726494875,3.2142561859300343
2460332.909523109,-3.8637504017692574,3.2112306131654624
2460332.9164675134,-0.40605803069583657,3.2087999870298654
2460332.9234119174,4.719380631660873,3.20946882222149
2460332.9303563223,5.601922809518225,3.2118206454038543
2460332.9373007263,3.247948056058187,3.2076133142902745
2460332.9419303294,1.8548494388891723,5.557381470369516
2460333.120170066,-3.1477828086647683,5.52996689542812
2460333.1247996707,5.558418168087137,3.191675799690302
2460333.1317440774,4.702624509321893,3.188495657905491
2460333.1386884837,3.7777647277946325,3.1844981075104
2460333.1456328905,9.184204189386133,3.181396186287546
2460333.1525772973,-0.6185152280111121,3.173006719084374
2460333.159521704,-3.5365287121630935,3.169340896404957
2460333.166466111,-2.182485697473482,3.1655231600728744
2460333.173410518,0.08670733985138745,3.16233650876476
2460333.180354925,-3.057073610611999,3.1586448222327843
2460333.187299332,-1.1815684776666928,3.1558719584074546
2460333.1942437394,-1.3348478460320037,3.1561701970762055
2460333.2011881466,1.829347481602645,3.1569061797534452
2460333.208132554,4.778351271140483,3.1540531024054723
2460333.215076962,0.7306359025579234,3.152771957164667
2460333.222021369,1.774116143523348,3.1520138825283452
2460333.228965777,-2.225279489829278,3.1518524883876897
2460333.2359101847,-3.533527362500244,3.153838432064894
2460333.2428545924,-2.0773207857391673,3.154728497407234
2460333.249799,-0.5062684372398283,3.15608490443088
2460333.2567434083,-1.6515160967813132,3.1571984001770184
2460333.263687816,0.44879528126595325,3.158912831510754
2460333.2706322237,-1.3960542650747714,3.161902539346381
2460333.2775766323,2.002547543368049,3.1645407629935707
2460333.2845210405,-4.043686007816079,3.1644102736692292
2460333.2914654487,-0.9491614079718558,3.164277417088863
2460333.298409857,-0.07992118850237134,3.163314156903303
2460333.3053542655,2.1976300314653696,3.1625607001764298
2460333.312298674,-4.400825604994199,3.159595451185325
2460333.3192430823,4.679802710210716,3.16216208807497
2460333.326187491,-2.5868406074371606,3.156895378692209
2460333.3331319,-1.2970609221600977,3.155927821654869
2460333.340076309,-4.369849174277757,3.1512146182678067
2460333.347020718,-2.131619004239292,3.151720970097116
2460333.3539651264,1.6595664798494965,3.1507700331802813
2460333.360909536,-2.031593857885082,3.1439442861204987
2460333.3678539447,4.865385715222115,3.144201895014788
2460333.374798354,1.4318805589532813,3.1397923194683535
2460333.3817427633,4.106319813123633,3.138430824665481
2460333.3886871724,-1.7343282680738112,3.1346838468704186
2460333.395631582,3.7131227698205116,3.1346782488804354
2460333.4025759916,4.324582400574711,3.1314962905292982
2460333.409520401,0.8833998886471928,3.1280961794148703
2460333.4164648107,3.7254199417469662,3.1275602863775096
2460333.4234092203,-2.235180028151302,3.125671300403898
2460333.4303536303,2.8297597884709433,3.1246452410882952
2460333.4372980404,-1.044366090029348,3.1217145779152626
2460333.44424245,1.8138642562038516,3.1227080593547787
2460333.45118686,-0.7749229658384755,3.1195902565950555
2460333.45813127,-0.07372980436021304,3.1159710744244045
2460333.4650756805,-1.2063363462303782,3.1161299434362344
2460333.472020091,1.924214398891244,3.1138470388326134
2460333.4789645015,-4.900686551563533,3.1117250486815333
2460333.485908911,-2.389227716167113,3.1119602800137947
2460333.4928533216,-2.4555440287196135,3.1105717784885383
2460333.499797732,2.4158806344581305,3.11273343553395
2460333.5067421435,-4.2451025859713205,3.1120908858300194
2460333.513686554,0.1981235008184672,3.1127832697868
2460333.520630965,-4.3265521922802,3.109909103641696
2460333.5275753755,-1.0345912540806181,3.110189209561683
2460333.5345197865,3.2663199324206444,3.110984593877772
2460333.541464198,0.5111166373111242,3.1113679167139607
2460333.548408609,0.6880509677080338,3.1096541085469034
2460333.55535302,3.2690040606874367,3.1116113385549338
2460333.5622974313,1.1391727159934084,3.1124975596313127
2460333.5692418427,4.773731099959658,3.1157340029580354
2460333.576186254,-1.2495012157255352,3.1117529834273014
2460333.5831306656,5.187082743197671,3.1145307304826173
2460333.5900750775,-3.5660104654905482,3.111825724345712
2460333.5970194885,2.161276727277575,3.1110403097261567
2460333.6039639004,-2.5388569757480397,3.109478882525661
2460333.6109083123,-2.3071956876075412,3.1059801813606303
2460333.6178527237,4.307177593476692,3.1063699065015604
2460333.624797136,-0.33335712850121135,3.10229251366644
2460333.631741548,5.3130164345787545,3.101778134076872
2460333.6386859603,2.2788840796958767,3.09910235300762
2460333.6456303727,-2.8237477334337804,3.096658480070803
2460333.652574785,3.1284701630876475,3.0947257894281246
2460333.659519197,-0.003823559120445852,3.097443082236463
2460333.6664636093,-1.0883896121792265,3.0960611120800006
2460333.6734080217,-7.47280693324215,3.100679181740967
2460333.6803524345,-2.103186287978112,3.10333684891596
2460333.687296847,-1.8075427881620467,3.107360477891502
2460333.6942412597,4.865835374098186,3.113078811968211
2460333.701185673,4.194026223556474,3.1156021775179865
2460333.7081300854,-2.4171713481683192,3.117594712707779
2460333.715074498,0.5505641946275643,3.120568724207729
2460333.722018912,-1.3746588544086835,3.1260761844668967
2460333.728963325,0.4609231748314828,3.1276645818609965
2460333.7359077386,0.7348292033389878,3.1303181117648413
2460333.742852151,1.7942853458368222,3.1306173726457156
2460333.749796565,-3.2995046047213554,3.131170886736663
2460333.756740978,2.1083612627943733,3.131950513493239
2460333.7636853918,-3.7310391655394985,3.130390901547129
2460333.770629805,-4.541905763196438,3.1311849144872563
2460333.777574219,1.185927737919235,3.129896351129855
2460333.7845186326,-1.4624777931103996,3.127429522623741
2460333.791463047,-0.9850601960325689,3.1275508990889676
2460333.79840746,-0.31403814672269237,3.1261524308186703
2460333.8053518743,-0.034086596467187036,3.1218045824416585
2460333.8122962886,-0.9414475258701442,3.119451936041432
2460333.8192407023,1.102719887667684,3.1190148337727304
2460333.8261851165,-2.926585970382352,3.1139214252917804
2460333.833129531,-0.5303631611721977,3.1125728135869903
2460333.8400739455,2.2350372398815317,3.1088843149259326
2460333.8470183597,-2.053999262573094,3.102475973210583
2460333.853962774,-3.994528155573011,3.0991964939415
2460333.860907189,6.012383671130486,3.0998003136126435
2460333.8678516033,2.2198937240867496,3.095100776082783
2460333.874796018,2.6091308153785238,3.090722001566304
2460333.8817404327,4.184419271237855,3.08925285628032
2460333.888684848,1.0879528322660994,3.083405963247175
2460333.895629263,2.464232416172742,3.081272405249114
2460333.902573678,-0.49766720550339194,3.0764167000464884
2460333.9095180933,4.2190564696742365,3.0729943120605383
2460333.9164625085,-5.030055483798466,3.0716985211539263
2460333.9234069237,0.4284762710326371,3.0700389379879245
2460333.930351339,-2.033038085724443,3.064895394902315
2460333.9372957544,-1.3154445426104115,3.0653694624361836
2460333.94424017,-1.614930579163627,3.0651010402322285
2460333.9511845857,0.05696389143458713,3.0661488457854778
2460333.9581290013,-2.308120126246716,3.0676077169019713
2460333.9650734174,3.8133619975009663,3.066402627875324
2460333.9720178326,-3.6587885661965207,3.064422156460717
2460333.9789622487,-1.56340465728606,3.0663419807311922
2460333.9859066647,-1.2374452193270407,3.0667426493298167
2460333.992851081,-0.7645040240679395,3.0668102379286104
2460333.999795497,0.3098734644807545,3.065645503399814
2460334.006739913,3.821433664656748,3.0686235970933122
2460334.013684329,-3.4465245974915333,3.068717787528421
2460334.020628746,-1.215060529231351,3.070026201306337
2460334.027573162,0.15785669690210646,3.070039212534574
2460334.0345175792,5.201509912589025,3.072438806632475
2460334.0414619953,-0.21168761770378275,3.070269459236327
2460334.0484064124,0.9614147140344431,3.0714670399678847
2460334.0553508294,0.11855512581759142,3.0722131851661665
2460334.0622952455,-0.9865305302527683,3.0671816193461274
2460334.069239663,6.589006044818104,3.0661272229374767
2460334.07618408,-0.7264255400806275,3.0653012117316254
2460334.083128497,-2.645447955082865,3.05960115186091
2460334.0900729145,2.584982470906764,3.057309519174772
2460334.0970173315,0.7576729830054784,3.0505339407774943
2460334.103961749,0.21574254132754245,3.0472477231725605
2460334.1109061665,-0.7730895158171947,3.0429612433127775
2460334.117850584,-0.029265822289425536,3.0390680976133964
2460334.1247950015,-1.4916515184549635,3.0372659769723427
2460334.131739419,-2.917569003376214,3.0340264063505695
2460334.138683837,-0.02177971427792791,3.0332167510321852
2460334.145628255,5.952226672091596,3.031199352267518
2460334.1525726723,-2.1107425820598293,3.0270496228294537
2460334.159517091,-8.565951164798381,3.0264416533532965
2460334.1664615087,0.4155976119171716,3.025313754057794
2460334.1734059267,-0.5360044728591062,3.022951292880345
2460334.180350345,-1.7788723624098681,3.0208392673842748
2460334.187294763,-2.061634803006317,3.019595650841986
2460334.194239182,1.7438396118794706,3.0183832737782974
2460334.2011836004,0.7583491910730342,3.0167669708649263
2460334.2081280183,-0.6431115554196105,3.0147126778335203
2460334.215072437,0.12428800943504958,3.013938774858318
2460334.2220168556,1.0092339204603387,3.0116435036183318
2460334.2289612745,0.7622550591550272,3.0101865837331405
2460334.2359056934,-4.293152949192953,3.007735595616468
2460334.2428501123,2.0854409964062404,3.0094517465536916
2460334.2497945316,0.6317753805533135,3.008327416001801
2460334.256738951,4.234226031493848,3.0098664255240295
2460334.26368337,-2.511779061222398,3.00782389509053
2460334.2706277887,-2.3424618918775595,3.0081381543537087
2460334.2775722085,3.20697128398471,3.0091759533164377
2460334.2845166274,-0.20153080546564303,3.0096870118530608
2460334.2914610473,0.962598091655772,3.0092919006764256
2460334.298405467,3.6698670221229532,3.0090432794483934
2460334.3053498864,-2.5908837657029595,3.004808271504661
2460334.3122943062,2.2544196233923444,3.0038216624494094
2460334.319238726,-2.749826094909114,3.002189241222098
2460334.326183146,-3.2708916871020035,3.0019389953346782
2460334.333127566,1.0085649102058714,2.9998142393430274
2460334.340071986,5.661562349456878,2.9974486763974078
2460334.347016406,-0.2809393886927183,2.9932537079043464
2460334.353960826,-2.5671058166993497,2.987951438243004
2460334.3609052463,4.9565484930620345,2.9895696752849372
2460334.367849667,1.38984742729539,2.98789320057792
2460334.3747940874,1.6775001133282257,2.986643841699568
2460334.3817385077,-0.9647453935748889,2.9824374467241648
2460334.3886829284,1.3653841722866848,2.9830616599873867
2460334.395627349,-0.0500539312954269,2.980850860510465
2460334.40257177,-1.7509537324607827,2.9791958375959484
2460334.4095161906,-2.1325256560989896,2.980257607811822
2460334.4164606114,-2.96089700506563,2.981066140392327
2460334.4234050326,-4.557011103168035,2.9793260684318983
2460334.430349454,-0.11942760847682754,2.9788460323508623
2460334.437293875,2.894031934549272,2.983411792409162
2460334.4442382962,-2.422531958813873,2.9802645329627935
2460334.4511827175,2.2656286211984593,2.983327330008511
2460334.4581271387,2.2204210098151966,2.983584651849938
2460334.4650715603,-3.460235109640662,2.9830143312869155
2460334.472015982,4.108949847576995,2.987255469609453
2460334.4789604037,-5.755018090252866,2.982891637345817
2460334.4859048254,1.3414634650096273,2.9859116416965144
2460334.492849247,1.6551073836640136,2.9857228248971315
2460334.499793669,3.1400029695269875,2.984227296733718
2460334.506738091,-2.954217874495709,2.9825130876343464
2460334.513682513,0.7018446248450048,2.983482948965611
2460334.5206269347,0.04248665230904303,2.981514132755869
2460334.527571358,-0.9080283202195312,2.982639896285285
2460334.53451578,3.249342071912533,2.9799329093639266
2460334.5414602016,-0.2380062413536006,2.978886542533969
2460334.5484046247,-1.2132719650528367,2.975864585103551
2460334.555349047,-7.064625266077074,2.9702204837242356
2460334.56229347,3.325924669245864,2.9727104839267913
2460334.5692378925,0.33023216356386953,2.9697559297984184
2460334.5761823156,-1.3462949408896079,2.9670249670065663
2460334.583126738,-5.275592397410566,2.9624400516204292
2460334.590071161,0.9323150290354929,2.962959075378832
2460334.597015584,0.25182394266258146,2.960998640155751
2460334.6039600074,1.7252969925623498,2.958594721543198
2460334.6109044305,-1.6890516439202088,2.954203606943665
2460334.6178488536,6.23396669834001,2.952322881294485
2460334.624793277,-3.102463690922915,2.9468802274578376
2460334.6317377007,2.6317861309070834,2.9452665437071768
2460334.638682124,3.644691459699863,2.94315013218452
2460334.6456265477,0.6279256874193051,2.9388547676000445
2460334.6525709713,2.6330238906847896,2.9391516724494924
2460334.6595153953,-0.9411165790413918,2.937384526738034
2460334.666459819,-0.8300616029530261,2.9379931906364107
2460334.673404243,-0.2524401412767837,2.940440970994478
2460334.680348667,1.098216914135821,2.9388367776875923
2460334.6872930913,-2.921374493261756,2.9363786401512115
2460334.6942375153,-2.3750615278507587,2.9396764894080523
2460334.7011819393,-2.1848616242668397,2.940895901887426
2460334.708126364,-5.728600213525137,2.9414786440127862
2460334.7150707883,1.773032732582759,2.9466105358169297
2460334.7220152128,4.441752213760074,2.9492513602501464
2460334.7289596335,0.4655028748888217,2.948835380625314
2460334.7359040584,1.5547711404866007,2.948446718311194
2460334.7428484834,0.23320266360091857,2.9511233330821867
2460334.749792908,-0.40752241320025573,2.95045764901457
2460334.756737333,4.924887602763736,2.9521529971406584
2460334.7636817577,-0.14339507881877112,2.950361240952599
2460334.770626183,3.514054075524113,2.9541383253159554
2460334.7775706085,-1.1035521390327248,2.951915184604322
2460334.784515033,-2.04369253987412,2.9512074698725055
2460334.7914594584,-2.362875512384992,2.949523997153993
2460334.798403884,-1.8149371343088978,2.950570571704489
2460334.805348309,-1.4423667195619265,2.9494058903023084
2460334.8122927356,-1.7146971313435735,2.9473534868315134
2460334.819237161,5.233667250401127,2.948409650269935
2460334.8261815864,-2.0553683644421668,2.943032733149547
2460334.8331260122,0.12232609851695386,2.9422787832582293
2460334.840070438,-0.18020678995054107,2.939771505803579
2460334.8470148644,-1.7536143160839615,2.937107293253312
2460334.8539592903,-0.7880153159597183,2.934566731112621
2460334.860903716,-0.2957574205525164,2.9340709744699165
2460334.8678481425,2.23031739212471,2.931756112216432
2460334.874792569,3.728717346898682,2.929115242542066
2460334.881736995,1.4719949644172314,2.925613088095648
2460334.888681422,-0.11821811097201523,2.923101828186741
2460334.8956258483,0.1710602713337801,2.919429701633893
2460334.902570275,-4.54448010256372,2.9158884879706766
2460334.9095147015,-2.775059855326367,2.91319115878575
2460334.9164591287,2.55478285417111,2.910803310146879
2460334.9234035555,-4.466070026509679,2.9099618725921363
2460334.9303479823,2.0343492686830524,2.9108973230729176
2460334.9372924096,-4.717366142914591,2.9070680936398685
2460334.944236837,-1.7511548016471663,2.906073102738528
2460334.951181264,2.420006249755759,2.9072281170159955
2460334.9581256914,0.9527891994830735,2.905771403355214
2460334.9650701187,-3.098127261763922,2.9071715614481035
2460334.972014546,2.1432317747351037,2.905793389770034
2460334.9789589737,3.408666716493267,2.905037131232668
2460334.9859034014,-0.6132933889505765,2.9017280130060743
2460334.9928478287,-1.4248705716334098,2.90006732245031
2460334.999792257,2.727338921650328,2.9012348405792547
2460335.0067366846,2.5213293360482467,2.8986950762873103
2460335.0136811123,-3.3886177189950297,2.8987488213332337
2460335.020625541,0.19647893307747566,2.898087539466603
2460335.0275699687,-0.07983825639509456,2.897291557673745
2460335.0345143974,-0.46814449029529914,2.898395419369159
2460335.041458825,3.3158916822766664,2.900291391052899
2460335.048403254,3.58932335435927,2.8993485011836246
2460335.0553476824,4.004671217605529,2.898437264464452
2460335.0622921106,-1.2065179250433091,2.894872184547706
2460335.06923654,0.887294553199626,2.896150903090754
2460335.0761809684,-0.2029235223442169,2.892231425489245
2460335.083125397,-2.6339260068459023,2.8902737355630266
2460335.0900698258,-0.5692907254403192,2.8858608756284383
2460335.097014255,-2.0223684133039224,2.884703402349913
2460335.103958684,1.8391110372655555,2.881595850678682
2460335.110903113,-3.7076022710865195,2.88140638292078
2460335.1178475427,-4.1614104355485235,2.874175948432715
2460335.124791972,4.500197571161292,2.874697895729632
2460335.1317364015,-1.7008747386509238,2.871227298227511
2460335.1386808306,1.2539092060734656,2.872227169117473
2460335.14562526,-0.6621582321690365,2.868791656319079
2460335.1525696903,0.10395605833782895,2.872818647749708
2460335.1595141194,-1.0397882520043367,2.868631802521469
2460335.1664585494,-0.1655781392999507,2.8700505940089056
2460335.1734029795,-1.4853583703401085,2.869762074526475
2460335.180347409,3.4183886607698026,2.870507890686079
2460335.1872918396,-5.073981823641747,2.87054078093837
2460335.1942362697,-0.3989653148078892,2.869500367696211
2460335.2011806997,2.193788419048424,2.8707038563402443
2460335.2081251307,-2.2668163074450876,2.8709533645402696
2460335.2150695603,2.1285600325244145,2.870448924410944
2460335.222013991,-0.1760227894264057,2.870537790968383
2460335.228958422,-1.258223754852755,2.8700145218212847
2460335.235902853,-0.7761661936210187,2.8679795503771306
2460335.242847283,-1.0967076370145692,2.8650730696470688
2460335.249791714,-1.5174150897024412,2.8654575831222657
2460335.256736145,5.194606218226841,2.867292237264193
2460335.263680576,4.896620979633616,2.8639184936066684
2460335.270625007,4.024213635705685,2.8628791725608753
2460335.277569438,0.31513492469608395,2.859398260784586
2460335.28451387,2.758201189140579,2.858411156251788
2460335.291458301,-3.094491800977416,2.8572600274357582
2460335.2984027322,-3.401739434724279,2.8532547809109925
2460335.3053471637,1.5822707949953971,2.852675752896395
2460335.3122915956,2.3872904777633686,2.851930880218491
2460335.319236027,0.8612501697966475,2.849595741585341
2460335.3261804585,-4.147577302133257,2.8458776289042693
2460335.3331248905,-3.0459663541064783,2.846131308661471
2460335.3400693224,-1.8996172801465263,2.843714109542571
2460335.347013755,-0.4331544333977084,2.843116615395991
2460335.3539581867,-1.7573854354817016,2.8416607658960267
2460335.360902619,-1.2878551906948104,2.840260124242866
2460335.3678470515,0.3382465203558993,2.838835852006462
2460335.374791484,0.038625463520603615,2.8390160564026625
2460335.381735916,5.13989812140231,2.8397795278686715
2460335.3886803486,2.877144259700568,2.8395299472176525
2460335.3956247815,-4.386772377510465,2.835917505545225
2460335.402569214,0.39813527989279485,2.837823430340132
2460335.4095136467,-1.6774010939527368,2.840690955722977
2460335.4164580796,-1.6710936816245052,2.839765342443588
2460335.4234025124,-2.179262807663097,2.83837069191021
2460335.4303469458,0.3044759767481682,2.8403435472447467
2460335.4372913786,0.5287413919336239,2.8393873606912234
2460335.4442358124,-2.310568723829268,2.8379044620591105
2460335.4511802457,1.7991425782902044,2.8381637482729425
2460335.458124679,3.2366850816092105,2.8358585164825265
2460335.465069112,-4.613043774736044,2.8329905811529783
2460335.472013546,-1.015166259745093,2.834136011335742
2460335.4789579795,3.5111124098329927,2.8352152029886057
2460335.4859024133,1.342771715722053,2.8351782558322007
2460335.492846847,1.4501798021556922,2.838149578859405
2460335.4997912813,5.4336944270284135,2.8378813477465403
2460335.506735715,-2.6211695827644697,2.835798899178705
2460335.5136801493,-0.7603410286081491,2.8409282300382195
2460335.5206245836,6.1165975014774165,2.8391096162060663
2460335.527569018,1.3049794198014761,2.839127723587719
2460335.534513452,-0.6782818970582869,2.8371171241114195
2460335.5414578863,-0.8543327723348804,2.8382313981579195
2460335.548402321,-5.097471839475517,2.8320322229079764
2460335.555346756,1.2822193326060443,2.8319875935641647
2460335.5622911905,0.7608824725457699,2.828937780815577
2460335.569235625,-4.672565416636969,2.8262704344556866
2460335.57618006,1.736825675493438,2.8262358395032012
2460335.583124495,2.6004768557746782,2.8251844033810207
2460335.5900689303,2.185214431998592,2.8221958908498244
2460335.597013365,-1.3672233241776548,2.821451961768363
2460335.6039578,0.023458146424822024,2.8197723284878506
2460335.610902236,-1.6975806889289444,2.8188357417390404
2460335.617846671,-1.197630552486713,2.8180349308290595
2460335.624791106,2.264245634253677,2.8180456055621033
2460335.6317355423,-3.7568081332981853,2.8166556986802163
2460335.638679978,-0.2031488147657705,2.815373517390952
2460335.6456244136,-2.4933507925966776,2.8138698142635366
2460335.6525688497,-1.864964745173181,2.8114759452986475
2460335.6595132854,-3.386840981032558,2.8105491715161772
2460335.6664577215,1.1639745773930956,2.810438320745554
2460335.673402158,-0.6236539740163762,2.8085304379065867
2460335.6803465937,-0.9315095779953352,2.8081123047212535
2460335.68729103,3.1478415445208325,2.809907596219674
2460335.6942354664,0.9808670487685922,2.8075497330226544
2460335.701179903,-1.399860880989055,2.8062554264051514
2460335.708124339,0.1472991853499992,2.80844082775868
2460335.7150687757,0.5534134122900238,2.808222267399902
2460335.7220132127,1.1731851066849126,2.808636914345586
2460335.72895765,-1.0113563992249555,2.8052452617352137
2460335.7359020864,6.158837149156007,2.809585715848699
2460335.742846523,3.8533884183318445,2.8045977396405246
2460335.7497909605,-2.3617985922506457,2.8021648303194486
2460335.7567353975,-0.6711085417456613,2.8019859579602144
2460335.7636798345,-1.1234676263707326,2.8022149222876576
2460335.770624272,0.25739654744303386,2.8025325764880944
2460335.7775687096,-1.5102270266415165,2.8011522089665353
2460335.784513147,0.4762020058064065,2.8017741245140697
2460335.7914575846,0.5674852133734165,2.7987641210591767
2460335.798402022,-3.768249074469563,2.7969895754359437
2460335.80534646,0.7287112269705651,2.796905482726539
2460335.812290898,-0.7230529788267566,2.79845601166898
2460335.819235336,4.499093023926717,2.797228043021621
2460335.826179774,2.464247844508007,2.7956057229794014
2460335.8331242125,1.6716398007414779,2.7949215923372637
2460335.84006865,-2.3327191840796404,2.7943761678533203
2460335.8470130884,-2.544378406787879,2.790007947735534
2460335.853957527,-0.015287804493356427,2.792442414270042
2460335.8609019653,-0.3983822203531675,2.7884685165671446
2460335.8678464037,3.3191614341077145,2.789833912967028
2460335.874790842,-1.6823141683001575,2.786835691568557
2460335.8817352816,3.4581386284297975,2.787983795929923
2460335.8886797205,-2.223336924221311,2.7854879490439663
2460335.8956241594,-0.11616377144481338,2.7850282684869403
2460335.902568598,-1.571399325926757,2.783607964961584
2460335.9095130377,-1.19017637339888,2.783125326391366
2460335.9164574766,1.7653873757162417,2.7817778934012694
2460335.923401916,-2.3200514416423963,2.782242595537046
2460335.9303463553,1.018931135592371,2.782843651019032
2460335.937290795,0.40811725859674297,2.7791026689740814
2460335.944235234,-0.1341492273376239,2.779011168269452
2460335.951179674,-3.8656923892574175,2.7746892447251295
2460335.9581241137,-4.534304909752613,2.773950280415095
2460335.965068553,-4.75421441615124,2.7742799578896062
2460335.9720129934,0.5174511505175705,2.7730764215809143
2460335.9789574333,0.3824353788505699,2.773349412818554
2460335.9859018736,2.4548607868024646,2.7738026288314654
2460335.992846314,3.981927367449801,2.773749584098202
2460335.999790754,3.0595134160945623,2.771868452450331
2460336.0067351945,-4.551310867448451,2.7685972184769105
2460336.013679635,4.007110297891248,2.770574537286446
2460336.020624075,-0.2616805314854025,2.768842799415335
2460336.027568516,1.6547125757678227,2.771324933281525
2460336.0345129566,1.5091761286611454,2.76895612030283
2460336.0414573974,-0.2711547306730968,2.768307408020769
2460336.048401838,-2.5011186764894164,2.7686143395615264
2460336.05534628,1.3564331465047943,2.766471377687571
2460336.0622907206,4.993119957807891,2.766323545377345
2460336.069235162,2.2539261931096743,2.765244838338876
2460336.076179603,0.8112116745454728,2.7622366887340335
2460336.083124045,1.7376356382191847,2.7633142904037507
2460336.0900684856,-1.5060109267047899,2.7594482995075786
2460336.0970129273,-3.3475736196222767,2.7560256640512795
2460336.1039573695,-2.3971481371745624,2.755878819829808
2460336.1109018107,3.3962891125213552,2.7562404375972474
2460336.1178462524,0.28227904042078933,2.7550337468465593
2460336.124790694,-0.46494356487934896,2.753472846933794
2460336.1317351363,-2.3688952942582007,2.753710542070284
2460336.1386795784,-4.558759381110612,2.7509948317103348
2460336.1456240206,-1.421760642034301,2.751575765113006
2460336.152568463,-1.9142935717558611,2.7525699284536524
2460336.159512905,-0.6884384788471283,2.752798883708404
2460336.1664573476,-1.493952508983083,2.7528552296223
2460336.17340179,-0.3672604969823684,2.7542481348269092
2460336.1803462324,-2.6040227710854147,2.752404396731098
2460336.1872906755,4.98146320478061,2.7539760920667273
2460336.1942351186,-2.879677611569222,2.751400034770676
2460336.201179561,3.511728152585195,2.754504871222817
2460336.208124004,0.6303048902952657,2.752112300519038
2460336.215068447,1.160261189621632,2.7522280723919876
2460336.22201289,0.387472395807535,2.750919888425475
2460336.2289573336,0.9119836915172517,2.752643865341287
2460336.2359017767,-6.65481150282302,2.750521460337852
2460336.2428462203,2.033556598612165,2.750669976114585
2460336.2497906643,5.132065066500174,2.7508345748682212
2460336.2567351074,-0.15946202910597496,2.75140008129256
2460336.2636795514,4.531513910852153,2.7498363105449766
2460336.270623995,2.0178492362126437,2.7485656477539977
2460336.277568439,1.9179739757775516,2.7474684752429703
2460336.284512883,-0.194357108686269,2.746212898595823
2460336.291457327,-0.9873081771671817,2.7444784798949278
2460336.298401771,0.45112479697301366,2.744613404761449
2460336.3053462156,-2.647817153714651,2.744182705035915
2460336.3122906596,-0.9180856679607832,2.7428995356264507
2460336.3192351046,-4.179693109186173,2.7394209706491996
2460336.326179549,-1.777565683387774,2.7423642796810306
2460336.3331239936,-2.876559808385154,2.7391031457645973
2460336.3400684367,0.010940625864507059,2.7404407753898536
2460336.3470128803,3.2674145410692685,2.740411232879662
2460336.353957325,-1.429652808593248,2.73782171600721
2460336.36090177,-2.0407259098539847,2.738712252239497
2460336.3678462156,2.6501744469951065,2.740368392198709
2460336.3747906606,3.4652422260096984,2.7381629964733647
2460336.3817351055,-0.35949349186284685,2.7374975410033584
2460336.388679551,-2.1095168343030193,2.7361391281812897
2460336.395623997,1.224877289463047,2.7378733098127275
2460336.4025684423,0.5664067225101139,2.7380822164431287
2460336.4095128877,0.22654115010430598,2.7359560716309854
2460336.4164573336,-0.26734624515866345,2.736673590594028
2460336.4234017795,-0.265564251720686,2.7365669635196337
2460336.4303462254,-0.7110902782263451,2.739189516223238
2460336.4372906717,-0.6740838277453598,2.734171776111253
2460336.4442351176,-2.518008151935711,2.7343218357464694
2460336.451179564,3.2053055847224243,2.732941836568641
2460336.45812401,3.334655555389773,2.735428966165973
2460336.4650684563,-1.0240819903728755,2.7349309369939516
2460336.472012903,1.9445831921677212,2.7327055378371816
2460336.4789573494,-2.2526422546081633,2.7308478504896834
2460336.4859017967,4.607715422516599,2.7319171390492643
2460336.492846243,-3.4040548045625716,2.730441504364965
2460336.4997906904,-3.4851028371271444,2.730483110457671
2460336.5067351367,-1.672377435753531,2.73037913487051
2460336.513679584,3.1815812188358445,2.7315183850972287
2460336.520624031,-1.5419592525721,2.730289855214082
2460336.527568478,2.082365110030115,2.7309086831428684
2460336.534512926,-0.8230941382532375,2.731040326931875
2460336.541457373,1.7237890363570076,2.7308312351423574
2460336.548401821,-1.1117722460671158,2.7313115112243262
2460336.5553462687,-0.3947507894351472,2.730087818266093
2460336.5622907165,-4.822332481745308,2.7295883527076206
2460336.569235164,4.679271681266721,2.7324327578726932
2460336.576179612,-2.0828573960451493,2.730440350014074
2460336.5831240597,-2.9204846219430953,2.7309194424468135
2460336.590068508,-1.1449765735117092,2.7313318194042786
2460336.597012956,-1.6923189129568912,2.7329318752929144
2460336.603957404,2.25950551851549,2.731998898027246
2460336.6109018526,3.8622904635106945,2.733836196872837
2460336.6178463013,-0.12769435585945388,2.7309156613777663
2460336.6247907495,0.298058132166402,2.732114214614365
2460336.631735198,-1.3789060912139286,2.7321705822005136
2460336.638679647,0.22446475880282413,2.7310686561531536
2460336.645624096,0.6342095177001372,2.7301234457921644
2460336.6525685447,-1.537651192462703,2.731538076634361
2460336.659512994,2.479441991888185,2.732695258450397
2460336.666457443,2.048982161894464,2.731480304170471
2460336.673401892,1.25101412980156,2.731336916613609
2460336.6803463413,4.3810751659644245,2.732858370551161
2460336.687290791,-2.469619482941474,2.7305277357953535
2460336.6942352406,-0.4201559897809035,2.7301454180604394
2460336.70117969,2.9155169239922265,2.7304440499084612
2460336.70812414,-2.3895042607232746,2.7287079481302237
2460336.7150685894,-2.5993736087838224,2.7297587983587963
2460336.7220130395,-0.49226110916131516,2.728870255366203
2460336.7289574896,0.6768718873423438,2.7292437286448
2460336.735901939,-4.683960951023758,2.7313757860356147
2460336.7428463898,0.9197933709147446,2.731674371261658
2460336.74979084,-1.7236668729940827,2.729949308528548
2460336.75673529,-1.8701455123140098,2.7298744705787423
2460336.763679741,2.8590173169379485,2.7307557304312486
2460336.770624191,1.2774609275200948,2.7310366993364457
2460336.777568642,3.3254450635467356,2.731155263330684
2460336.784513092,-1.0607987749958885,2.7313576966331223
2460336.7914575436,1.347715003298084,2.7317565313017735
2460336.7984019946,-0.4912460501332572,2.7305666370805324
2460336.805346445,0.20882192415517986,2.7318551793469315
2460336.8122908967,0.8888128084449343,2.731083451333751
2460336.8192353477,-2.542261453909556,2.7308875887713313
2460336.826179799,0.501073580550687,2.732805311767829
2460336.8331242506,-4.212030848646418,2.731185007746575
2460336.840068702,0.31883411504643266,2.730477459865261
2460336.8470131536,-3.3357943380118362,2.7291999446743773
2460336.8539576055,-1.1382004901680605,2.7315070507228896
2460336.860902057,1.229792677150554,2.7329339351052706
2460336.867846509,-4.0072694805885964,2.7292902323520405
2460336.874790961,-0.7345900923744144,2.730276174759201
2460336.8817354133,-0.9450569412067857,2.728489267003432
2460336.8886798653,1.1971841105831875,2.730127644973656
2460336.895624317,1.8639983777449418,2.729652500688753
2460336.90256877,2.459774614415571,2.729706375783019
2460336.9095132225,0.8943135462816207,2.7296707064966177
2460336.916457675,4.707482593227159,2.729798764001203
2460336.923402128,-0.12297665108658817,2.727797464291493
2460336.93034658,-0.33395898593315954,2.7291412811289972
2460336.937291033,5.965608624852889,2.7306226682457777
2460336.9442354864,-0.6427508338230941,2.7299178590998476
2460336.95117994,3.360624423442635,2.7312152645159746
2460336.958124392,-0.6470221996539947,2.729326827902883
2460336.9650688455,-0.10499068309660198,2.728753885291983
2460336.972013299,2.2632043175988845,2.732479400894525
2460336.978957752,-2.1842535351605035,2.7297901644907205
2460336.9859022056,-2.1240935153387253,2.7286481688628137
2460336.99284666,-0.06275645738851598,2.7298204044126195
2460336.999791113,-4.789846905395722,2.7272004819136426
2460337.0067355675,-0.01743296113411441,2.7305236980293834
2460337.013680021,3.0843081009534044,2.730508644630611
2460337.020624475,2.7818878730445284,2.7320449515052108
2460337.027568929,-2.8353065125886685,2.730387207065363
2460337.034513383,1.170948608720345,2.7297312332869232
2460337.0414578374,-3.620381335013103,2.726589844524204
2460337.048402292,0.6831281748307814,2.731276280170736
2460337.0553467465,2.077766754060904,2.7295041572940337
2460337.0622912007,-3.5163255439000323,2.7281238136468082
2460337.069235656,-0.11935638941436366,2.7280433966416306
2460337.07618011,-0.9137795635276335,2.727444572738712
2460337.0831245654,-1.0744465233630796,2.728909279310392
2460337.09006902,-0.14974980782716085,2.72871849757861
2460337.0970134754,1.5592581699489758,2.7271749321828036
2460337.1039579306,-2.097534294659063,2.729068807428615
2460337.110902386,-2.663016909544217,2.7267717309856594
2460337.117846841,-0.9580722197834475,2.7271865090401275
2460337.1247912967,-2.4192647338606004,2.726312854077207
2460337.131735752,-1.4284240808560036,2.726677798787705
2460337.138680208,1.4445947334232951,2.729035790609181
2460337.1456246637,3.9254927985046333,2.730226491916357
2460337.1525691194,3.52304732100743,2.731078733370809
2460337.1595135755,-0.19902515219515493,2.729026171191953
2460337.1664580316,-1.9126816969098837,2.7279503875578346
2460337.1734024878,4.357295937613631,2.7306288024696275
2460337.180346944,1.775914706351041,2.727493997754529
2460337.1872914005,3.529215634659359,2.7318462289652334
2460337.1942358566,-3.4889674149569716,2.7274496786289695
2460337.2011803132,-4.863668455960264,2.727143664273701
2460337.20812477,1.2177314982736553,2.730127928734028
2460337.2150692265,-0.693945272231256,2.7291170609593554
2460337.2220136835,-3.2191560456432975,2.727651290628826
2460337.22895814,-1.276797110884028,2.72778633073899
2460337.235902597,-2.4299882567381186,2.729374679783012
2460337.2428470547,-2.9980301589395157,2.7283199336422324
2460337.249791512,-2.3215512935862543,2.727319771933541
2460337.256735969,2.7917464594890977,2.730720631288451
2460337.2636804264,3.5228209967693727,2.7317106337846924
2460337.270624884,1.5851451775579246,2.727136995177974
2460337.277569342,3.9666621074508037,2.7286272811625363
2460337.284513799,0.18034259043286616,2.7254583061367192
2460337.291458257,6.124732216051674,2.7295230504165744
2460337.298402715,5.1539011432760695,2.729865092811268
2460337.3053471725,-0.8650194956071555,2.7253692414639725
2460337.312291631,0.6522666282315055,2.7293240156958145
2460337.319236089,0.17274470235079376,2.725957101799919
2460337.3261805475,-0.7367519821168598,2.7273145248813253
2460337.333125006,1.3771769809812644,2.726744243213401
2460337.340069465,-1.7424130971650285,2.7268256721230855
2460337.347013923,-0.4028909068185349,2.7265507974736045
2460337.353958382,-1.7576349414079568,2.7262029816742874
2460337.3609028407,-5.565319944321841,2.724387290654876
2460337.3678472997,-2.6677433173966,2.727159238881638
2460337.3747917586,-2.3607265779950404,2.7247957513282564
2460337.3817362175,-1.6013458080805416,2.726742827641551
2460337.3886806765,-0.04260195824316959,2.725756577206662
2460337.395625136,0.024721877473156573,2.729190470853277
2460337.4025695953,-0.760443163762913,2.726429511203083
2460337.4095140547,3.394991892905171,2.72953250886423
2460337.416458514,-0.16778897657815328,2.726388298178829
2460337.423402974,-0.07191248147404483,2.7265333918989696
2460337.430347434,1.2916931238974567,2.7296755179648717
2460337.4372918936,-4.235255304433137,2.7262752107696997
2460337.4442363535,0.23085636472517757,2.7280053918790763
2460337.4511808134,-1.2925997896556984,2.7279209652904224
2460337.4581252737,6.841838310674798,2.729363456041462
2460337.465069734,3.180148452570471,2.7283077726309806
2460337.472014194,1.3091164871959393,2.7272631064251107
2460337.4789586547,-1.4943807384139076,2.7262246242957455
2460337.4859031155,-0.1907222170373637,2.7255023119103914
2460337.492847576,5.027428382479939,2.726640318581026
2460337.499792036,-2.298086163614812,2.7250800320521726
2460337.506736497,-5.855722782035501,2.723298968426161
2460337.5136809577,-0.4300679405522043,2.7243241601981203
2460337.5206254194,-0.7033980268373905,2.725209826030594
2460337.5275698802,0.05455376726388361,2.7240496072869678
2460337.5345143415,-2.369475274370583,2.7243725345692984
2460337.5414588028,-0.3311645645714265,2.7249847309308834
2460337.5484032645,-3.0433996377375494,2.726536685518011
2460337.555347726,2.1210396631567714,2.7273364078953883
2460337.562292187,3.6880670508537072,2.727831460785497
2460337.569236649,0.1083332523002814,2.726116767074176
2460337.576181111,5.268607573053971,2.7262277043913827
2460337.5831255727,1.8832318864900928,2.7263290045921305
2460337.5900700353,-0.18209933695197833,2.7268412524500296
2460337.597014497,-2.0857444438369486,2.726069235185204
2460337.603958959,-4.755968008361121,2.725829742287763
2460337.6109034214,-0.3095809181546594,2.726976356227233
2460337.617847884,-3.5986522447886733,2.72558053441823
2460337.6247923463,-0.1537800672114935,2.725230199910275
2460337.631736809,-1.6472700572190553,2.7236203243833166
2460337.6386812716,0.6737809370786325,2.7270022060490366
2460337.6456257347,0.06856182430670943,2.7249789794043746
2460337.6525701974,3.715670242865553,2.7258263106145946
2460337.65951466,1.0699942512713219,2.7265250824158866
2460337.6664591236,-3.3306721524723404,2.724941662993393
2460337.6734035867,4.1966774932584485,2.7264947075038193
2460337.68034805,3.9261933952757646,2.7259337544180515
2460337.687292513,1.521603260003849,2.7236118366669175
2460337.6942369766,-4.2183993732228,2.7209743821011565
2460337.70118144,0.9655853149243327,2.723609754218417
2460337.7081259037,-2.5592103097544103,2.7233125523164516
2460337.7150703673,1.1230509778562734,2.725274004457504
2460337.7220148314,-1.2102889177099403,2.7246652768983988
2460337.7289592954,4.0820184270386015,2.72570522007121
2460337.735903759,-1.8901823032784402,2.726630055594614
2460337.7428482235,-0.3370059249958688,2.724640670400278
2460337.7497926876,-0.09613789138720252,2.723621518207411
2460337.756737152,-1.5932518266843132,2.7242753849621657
2460337.763681616,1.7136781795711653,2.7241453834229485
2460337.7706260807,0.5506201314704249,2.7264425164780324
2460337.7775705457,0.6372400477346859,2.7256416544645674
2460337.78451501,-1.0798852934866654,2.725384408177401
2460337.791459475,-2.0760406721269913,2.7279917416951434
2460337.7984039397,0.07462406751662609,2.7259199799445253
2460337.805348405,-2.3891393994349786,2.7253973518473162
2460337.81229287,0.31135989701943645,2.726829591549024
2460337.819237335,0.0012390239296555805,2.7259620364413415
2460337.8261818006,0.45679366499313323,2.7248599560946523
2460337.833126266,-0.706806424074172,2.723035298943026
2460337.8400707315,0.7856090737346832,2.723960154794757
2460337.847015197,3.035411466192353,2.7280286417712833
2460337.8539596624,0.37932332666666846,2.7263286825795467
2460337.860904128,-2.3636958151627456,2.7231610295437947
2460337.867848594,0.2258295173383535,2.7242879958487785
2460337.8747930597,-0.6188815843663571,2.724443765744729
2460337.881737526,2.4353954990560895,2.725465079319411
2460337.8886819924,4.260723224762786,2.7258770102892704
2460337.895626458,-2.5942418691054305,2.7226156715614955
2460337.9025709247,-4.67246062306547,2.7223973002824255
2460337.9095153906,-0.8001107177317168,2.7235244698196968
2460337.916459857,2.3952989666003885,2.724517758514443
2460337.9234043243,-2.788291151332821,2.7226588923080945
2460337.9303487907,-3.0822035482751198,2.7229524377558936
2460337.9372932576,2.8553385255387473,2.7246698975492785
2460337.9442377244,4.215220186252754,2.7252344293475836
2460337.951182192,-2.1233455690199747,2.7216154647391253
2460337.958126661,-0.5921597103308085,2.723923389784321
2460337.965071128,-1.6744789518549337,2.7235516427506195
2460337.9720155955,-2.2053471108369553,2.7226642824054035
2460337.9789600624,4.1789792062411255,2.7256826174874433
2460337.98590453,2.2286542486863277,2.726028303083059
2460337.992848998,0.06626372213144305,2.724724834476143
2460337.999793465,0.2878911400614155,2.724178288925307
2460338.006737933,-2.658979184552648,2.7249318897055432
2460338.013682401,-1.6909638582937303,2.726097620936457
2460338.0206268686,0.5765490226821082,2.724857099115859
2460338.0275713364,1.920457341399217,2.7265001898193844
2460338.0345158046,3.2250144005960184,2.7265968293848233
2460338.041460273,2.4988525590742325,2.729127871053226
2460338.048404741,2.2196097020265646,2.7247895034908183
2460338.0553492093,0.5695081598724483,2.7252890194669637
2460338.062293678,-5.88779717274081,2.7225433597260906
2460338.0692381463,3.6153369750987197,2.7255021712194973
2460338.076182615,-3.2327445505704793,2.723786618629393
2460338.0831270833,-2.307389889390206,2.7228809204270514
2460338.0900715524,-0.4439900726034127,2.722840733485563
2460338.097016021,2.330052623433766,2.7262801632230116
2460338.10396049,-5.071064737030861,2.722948626547236
2460338.1109049595,1.0592141873158458,2.723955358006819
2460338.117849428,4.533182128971468,2.725768109842068
2460338.124793898,-2.7561972526760212,2.724116101049282
2460338.1317383666,-4.148874220268237,2.723054247216357
2460338.138682836,-4.779355134931606,2.722329340179254
2460338.1456273063,2.404294351948537,2.7263364679451443
2460338.1525717755,1.6109213813568717,2.725450538115325
2460338.159516245,-1.7014546645433577,2.7261693368708464
2460338.166460715,-1.2872464171735214,2.7257680053711475
2460338.173405185,1.607848071861257,2.7259016809856846
2460338.180349655,2.3593267996560363,2.727497755381363
2460338.187294124,2.519730386640231,2.725637928301969
2460338.1942385943,-2.158920087360708,2.725739040408435
2460338.2011830653,-1.0614814536358717,2.725859467857011
2460338.2081275354,0.7871621284238706,2.72761225332655
2460338.2150720055,3.4319480780918874,2.72908122352092
2460338.2220164756,3.490230934571741,2.7263432617135184
2460338.2289609467,0.2713715381211357,2.725212803701051
2460338.235905417,-2.6296110768450527,2.7247663013225654
2460338.242849888,1.5437247972651273,2.725838728041222
2460338.2497943584,-2.2627435910881113,2.7247047469792203
2460338.2567388294,0.16442121136258192,2.7245475628288367
2460338.2636833,2.3629290220993324,2.7269855308671076
2460338.270627771,0.12564402410007613,2.724479476023916
2460338.2775722425,1.829177421409877,2.7255074166290214
2460338.2845167136,-2.134308680331957,2.726218117916869
2460338.2914611846,-4.528963510673249,2.723350816645698
2460338.298405656,5.438547869019228,2.7265987168303325
2460338.305350127,2.072655892232587,2.7232763132337507
2460338.312294599,-2.851998708591093,2.7245108298286635
2460338.3192390706,-0.554927708952063,2.723752800686443
2460338.326183542,-0.003100800553902605,2.725681271004129
2460338.333128014,1.254770878821069,2.724641305964021
2460338.340072486,1.314235926973293,2.7284271665437476
2460338.347016958,-3.4589080196096944,2.722826199851253
2460338.35396143,-0.5731933273962719,2.7251396801459844
2460338.360905902,-1.6444532088074693,2.724729656238243
2460338.367850374,-2.046731933764134,2.726777248305894
2460338.374794846,-3.6790175128640743,2.7239893834721847
2460338.3817393184,5.24265337156282,2.7271238724045808
2460338.388683791,0.5325293961983102,2.724474490356309
2460338.395628263,-0.5225421797203924,2.7266470095438162
2460338.4025727357,3.120080828633913,2.7283520370691083
2460338.4095172086,1.1736000186271727,2.7266461868465264
2460338.4164616806,-0.4622168350784719,2.726484382461009
2460338.423406154,-2.569883585051382,2.7240645466300397
2460338.4303506264,-0.8924716790174974,2.7260490966217596
2460338.4372950997,1.890476914944807,2.7255572913017647
2460338.444239572,-2.904666504282287,2.7251197903947655
2460338.4511840455,-0.667682056649637,2.7286668525098823
2460338.4581285184,-4.011750571909569,2.724717787243937
2460338.465072992,-2.3298971751779325,2.722490652088878
2460338.472017465,3.3477175270323984,2.7249616779626575
2460338.478961938,5.736098684264114,2.726150420116951
2460338.4859064114,-1.3710173592715817,2.7234959552087488
2460338.4928508853,-0.7481025183000658,2.7227196107335723
2460338.4997953586,-3.867577863046221,2.7222392538677336
2460338.5067398325,2.725270353059219,2.724396716131418
2460338.513684306,2.817040165820332,2.7256851856603377
2460338.5206287797,3.952161062746749,2.7259963144412596
2460338.5275732535,-1.976322228028675,2.724268641125287
2460338.5345177273,0.9470523752254645,2.725099166971494
2460338.541462201,4.9864611631955365,2.7271922049844353
2460338.548406675,-2.510671272864163,2.7227074377949188
2460338.5553511493,-5.589641353770418,2.7218719570354266
2460338.562295623,0.49066379867345206,2.724231283200169
2460338.5692400974,3.794385076862132,2.725392784219032
2460338.5761845717,2.7711478876802738,2.726997319053393
2460338.583129046,-1.463013609826926,2.726112817715983
2460338.5900735203,-2.0776953627683543,2.72558862704584
2460338.597017995,-1.8824818035218742,2.7268930737061603
2460338.6039624694,-0.4609732703924774,2.726646483223433
2460338.6109069437,-0.6380004672979989,2.72504889420957
2460338.6178514184,-5.5315729417804835,2.723972811125345
2460338.624795893,-2.3465342243105267,2.7245100296236724
2460338.6317403675,3.06590404449783,2.726730610245783
2460338.6386848427,-0.09040676455524466,2.7272677057095236
2460338.6456293175,-1.2265458821213477,2.7245852210612718
2460338.6525737923,0.8908548766482666,2.724032829248259
2460338.6595182675,-0.3402543404219,2.7235618368139574
2460338.6664627423,-0.3796348440614482,2.724520067691134
2460338.6734072175,0.09972554544369139,2.7231743039743335
2460338.6803516927,0.5747297732193088,2.7244182307361413
2460338.6872961675,-3.5340112037634226,2.7223850090386197
2460338.6942406427,2.2499039847855324,2.725911185644111
2460338.701185118,-1.1799533862202272,2.7232668122375028
2460338.7081295936,2.0233123386828478,2.7255325917626583
2460338.7150740693,6.199107519804333,2.7248585207291574
2460338.722018544,1.5914584158462426,2.728362104245686
2460338.72896302,-0.6740223005579156,2.7243271660331634
2460338.7359074955,0.4010899967992879,2.724893924471889
2460338.7428519707,0.2126869161238203,2.7248002223056376
2460338.7497964464,1.4709508278102423,2.7254989143232446
2460338.756740922,3.1166812882482247,2.725034926070256
2460338.763685398,-1.8622099166395256,2.7232161352972866
2460338.7706298735,-0.2094469400026181,2.7229394599074155
2460338.7775743497,1.4890334849707896,2.726005527484883
2460338.7845188254,2.9867810044073413,2.7267538760491536
2460338.791463301,1.343804538596348,2.725399827080409
2460338.7984077767,-0.35013691683398473,2.726033696852127
2460338.8053522524,-1.3465587592128214,2.726223947159531
2460338.812296729,-0.9468122989342009,2.7240923648285142
2460338.8192412048,0.11125819228677392,2.725769736181921
2460338.826185681,-3.181352034447979,2.725218085767128
2460338.833130157,-2.4296782766055878,2.7248366221551774
2460338.840074633,-1.4882958482614477,2.7260070935361025
2460338.8470191094,-3.4816269404441904,2.724154664029618
2460338.8539635856,0.21815710990371068,2.7253056174081074
2460338.8609080617,-3.0971002935809686,2.7236969838721454
2460338.867852538,-2.721490675333707,2.7229375679494576
2460338.8747970145,-2.4230714325219536,2.724421003587769
2460338.8817414907,-2.411200730478612,2.724389005938029
2460338.8886859673,1.6264176519540277,2.726905950862687
2460338.8956304435,2.7738149345679175,2.725135763280296
2460338.9025749196,3.84548077402888,2.7246932956299603
2460338.9095193963,2.163883499065133,2.726766931589655
2460338.916463873,-1.5498818364505205,2.723664825809824
2460338.9234083495,-2.691552020165656,2.725230790826623
2460338.9303528257,5.659750929435432,2.7281561619120533
2460338.9372973023,-1.5289812935801537,2.7263901537858817
2460338.944241779,-0.8839085503942528,2.7245660771141136
2460338.9511862556,2.9789132563101095,2.7268413045124205
2460338.958130732,-0.010801963892455545,2.7247415468751277
2460338.965075209,0.16254303852455343,2.7237270124418065
2460338.9720196854,0.27772960263982993,2.7252154596363134
2460338.978964162,-2.4207232593275796,2.7267288792124833
2460338.9859086387,-1.299712108608022,2.7256619398246165
2460338.992853116,1.7194740222914415,2.728867840295876
2460338.9997975924,1.6542461605631127,2.7257769951525375
2460339.006742069,1.5507417826414898,2.7254575020438696
2460339.0136865457,-1.757362708745033,2.72594600755798
2460339.0206310223,1.8726551045900985,2.7256328328109993
2460339.0275754994,1.9289575985664948,2.7265157664561728
2460339.034519976,1.4241925205984685,2.7261882040587953
2460339.041464453,-4.339892696610409,2.7229161581574437
2460339.0484089297,0.7094008181513729,2.726145767507429
2460339.0553534064,-1.0054087849765212,2.7256154555310075
2460339.0622978834,-3.1302384561331253,2.7235180073672454
2460339.06924236,0.20900449259263265,2.726162792137829
2460339.076186837,-1.3986013020942198,2.7255675143695117
2460339.083131314,-2.6570729831560813,2.7229361099541873
2460339.0900757904,2.1135577030724066,2.724987644775567
2460339.0970202675,-2.6830638570918635,2.724070310961622
2460339.103964744,5.412984611387305,2.72537417721067
2460339.110909221,3.529253108367003,2.7248113268386156
2460339.117853698,-1.4715315708018932,2.723990113064986
2460339.124798175,-0.18084566329640794,2.724441929965099
2460339.1317426516,1.1242965489326622,2.7272831242810796
2460339.1386871287,-0.9852819955369986,2.7238724630636177
2460339.1456316053,-3.9887565289524707,2.724178802096828
2460339.152576082,1.656175188490781,2.725554484155769
2460339.159520559,0.40958853445935656,2.7244184300679657
2460339.1664650356,3.8909324162267023,2.725076968211038
2460339.1734095127,3.5954251355982345,2.726584903923366
2460339.1803539894,0.7942030121487904,2.726028050855902
2460339.187298466,1.2196894309072446,2.724697527365317
2460339.1942429426,0.011120541336825163,2.7270541702056508
2460339.2011874197,3.024688460031246,2.7280886648098295
2460339.2081318963,-3.1971411837141446,2.7239826054802823
2460339.215076373,-2.4714399771997355,2.7246871925855634
2460339.2220208496,0.8762986629997045,2.7260439553451654
2460339.228965326,0.328688307506954,2.7254096054423957
2460339.2359098033,-1.665506859818368,2.726773884963818
2460339.24285428,1.6001090175238741,2.7267075243195737
2460339.2497987566,-2.26168211839936,2.723650608329354
2460339.256743233,-4.589914724917277,2.7246825836332387
2460339.2636877093,0.11862724969277605,2.724392875369014
2460339.270632186,-0.470502077589547,2.7255148264096056
2460339.2775766626,4.540880866484633,2.7265388099946803
2460339.2845211388,0.4841013776826637,2.723242517352355
2460339.2914656154,-4.668599689380495,2.7234717519871126
2460339.298410092,-0.9794778536193074,2.7247772790946807
2460339.3053545686,-6.393913887785226,2.7222309421059587
2460339.312299045,-0.2674305731206239,2.7260587359745423
2460339.319243521,1.0566864788007888,2.7243339535674376
2460339.3261879976,0.7308439611733941,2.7248658144460087
2460339.3331324738,-0.7412756030630386,2.725722321687872
2460339.34007695,1.7170482417383424,2.725913522451373
2460339.347021426,1.932263235081388,2.7261675451769816
2460339.3539659022,4.932981171838158,2.726785719991781
2460339.3609103784,1.4595613523341298,2.7261563139368916
2460339.3678548546,-0.782911189729541,2.7250625753564477
2460339.3747993303,-5.001186848906167,2.7242367849249565
2460339.381743807,-2.506202264655199,2.7257443229389104
2460339.3886882826,-4.770531223775102,2.725535741747525
2460339.3956327583,-0.9984914684751987,2.7270489772569992
2460339.4025772344,2.9988414789425017,2.7295953824750785
2460339.4095217106,-4.915124965421116,2.724571352748862
2460339.4164661863,2.758137794615047,2.7277117314477874
2460339.423410662,-0.04059621398655433,2.729258853687655
2460339.4303551377,3.495918775501689,2.7270884432986997
2460339.437299613,4.822467608706023,2.7273691929500306
2460339.444244089,4.77660689122924,2.728253978576646
2460339.4511885643,-1.133838913632199,2.7254313325155057
2460339.45813304,2.498421616206465,2.7277855375598357
2460339.465077515,2.0426051059896855,2.7248421941294434
2460339.472021991,-4.021574221037895,2.724774260958855
2460339.4789664657,3.3059082063450913,2.725969698154808
2460339.4859109414,2.0135860071994403,2.725615142459503
2460339.4928554166,0.09434032260889591,2.725141369377185
2460339.499799892,-1.826694161162159,2.724747600889884
2460339.5067443666,-0.38646540604056545,2.7249287949287773
2460339.513688842,-1.4307698324018303,2.723854890441299
2460339.520633317,-2.2418457573508728,2.724214823989954
2460339.527577792,-2.1078814374785413,2.7254328647254495
2460339.5345222666,-2.312283466501583,2.7268910274156517
2460339.5414667414,2.818023606163403,2.726602118798698
2460339.548411216,2.530253836814286,2.7258724909798318
2460339.555355691,3.9488129848700595,2.726055829387858
2460339.5623001656,1.7120409318773413,2.725725042546926
