time,flux,flux_err
2460339.785682982,2373.3712463378906,0.8626476340191732
2460339.7937848098,2376.022077287946,0.9967475635151238
2460339.8007292333,2371.3715122767853,0.9957927353654458
2460339.8076736573,2372.4785679408483,0.9960883294919993
2460339.814618081,2373.790073939732,0.9964846786345126
2460339.8215625044,2375.1166992187495,0.9963265623235781
2460339.8285069284,2373.1852504185267,0.9960500345882015
2460339.835451352,2373.1054687499995,0.996099474758803
2460339.842395775,2371.742693219866,0.996476143394478
2460339.8493401986,2372.302420479911,0.9960436275975665
2460339.856284622,2373.499093191964,0.9961555801729473
2460339.863229045,2373.977207728795,0.9961111370203839
2460339.8701734683,2374.4541713169638,0.9963322469968606
2460339.8771178913,2372.4076799665177,0.9961978228681126
2460339.8840623144,2373.2521623883927,0.9964998985921557
2460339.891006738,2373.564069475446,0.9964031604770436
2460339.89795116,2374.0430210658483,0.9964471026748162
2460339.904895583,2372.886003766741,0.9963049874155675
2460339.911840006,2374.820120675223,0.9966294567378995
2460339.9187844284,2374.5863734654017,0.996352635785022
2460339.925728851,2373.8723667689733,0.9964499431550736
2460339.9326732736,2373.677594866071,0.996412382674117
2460339.9396176958,2375.041050502232,0.9968076252591912
2460339.9465621184,2374.0666155133927,0.9966928190452653
2460339.953506541,2373.558942522321,0.9963605000149997
2460339.9604509627,2373.769356863839,0.9971939727931584
2460339.9673953853,2373.075701032366,0.9960550937470085
2460339.974339807,2375.1319754464284,0.9970191014016345
2460339.981284229,2373.517194475446,0.9966462208795756
2460339.988228651,2375.058210100446,0.9967346741471651
2460339.995173073,2373.1700265066966,0.9962292832625965
2460340.0021174946,2373.0582798549103,0.9964728330186414
2460340.0090619163,2372.814488002232,0.9962813153795301
2460340.016006338,2373.816755022321,0.9965916382682468
2460340.0229507596,2372.830496651786,0.9964107405932049
2460340.0298951813,2374.743791852678,0.9963380874935832
2460340.0368396025,2374.759381975446,0.9964532083823605
2460340.0437840237,2372.394287109375,0.9960543948246908
2460340.0507284454,2373.153965541295,0.9961768306629448
2460340.057672866,2375.554792131696,0.9968934057064064
2460340.0646172874,2373.2602190290177,0.9966189530620951
2460340.0715617086,2374.5219203404017,0.9964720228302895
2460340.0785061293,2373.7011369977677,0.9967084123011154
2460340.08545055,2375.1843959263388,0.9970577844301057
2460340.092394971,2372.6240059988836,0.9962457686782825
2460340.099339392,2374.148332868303,0.9966303438724481
2460340.1062838123,2374.93123953683,0.9968528125991787
2460340.113228233,2374.4260777064733,0.9967239863404869
2460340.120172654,2373.8371582031245,0.9963651508750037
2460340.127117074,2376.2901960100444,0.996597673680069
2460340.1340614944,2375.3133544921875,0.9963988294776084
2460340.1410059147,2375.891183035714,0.9969163836622662
2460340.147950335,2374.3645542689733,0.9965165771602144
2460340.154894755,2375.0160958426336,0.9967135462212804
2460340.1618391755,2374.491315569196,0.9967239447761335
2460340.1687835953,2373.743512834821,0.9965263702843372
2460340.175728015,2373.547171456473,0.9962724797449928
2460340.182672435,2374.442452566964,0.9963951103837624
2460340.1896168552,2374.778686523437,0.9967957059337974
2460340.1965612746,2374.9701625279017,0.9969777603520829
2460340.2035056944,2374.135096958705,0.9965157518951363
2460340.210450114,2375.354160853795,0.9968347929784822
2460340.217394534,2375.414585658482,0.9967377046347289
2460340.224338953,2374.2915736607138,0.9964690166206224
2460340.2312833723,2375.3913051060267,0.9967219012941494
2460340.2382277916,2375.288347516741,0.9970180705864475
2460340.2451722114,2374.267194475446,0.9967337611428332
2460340.25211663,2374.1084158761155,0.996697573601688
2460340.259061049,2376.3034319196427,0.9969845301217072
2460340.266005468,2375.284790039062,0.9966864677733719
2460340.2729498874,2377.3447788783483,0.9972121652843412
2460340.279894306,2375.1689104352677,0.9968916817845829
2460340.286838725,2376.2256382533483,0.9970733595608424
2460340.2937831436,2376.3744768415177,0.9967689434951429
2460340.3007275625,2374.704136439732,0.9973238717036322
2460340.307671981,2375.617257254464,0.9968321932691239
2460340.3146164003,2375.755632672991,0.9967549982698015
2460340.3215608182,2377.1161063058034,0.9974152272041487
2460340.3285052367,2377.0047781808034,0.9970325371408856
2460340.335449655,2377.886561802455,0.9971142122444466
2460340.3423940735,2376.750261579241,0.9970333625020614
2460340.349338492,2377.135986328125,0.9975790863091537
2460340.35628291,2376.870954241071,0.997063629873706
2460340.3632273283,2378.649431501116,0.9974218716168899
2460340.3701717462,2377.854282924107,0.9972744554210937
2460340.377116164,2376.8420235770086,0.9969457186406672
2460340.384060582,2379.0974644252233,0.9977680682895373
2460340.391005,2376.83056640625,0.996925244889208
2460340.397949418,2378.1987827845983,0.9970521852291037
2460340.404893836,2379.0894077845983,0.9977750970017003
2460340.411838254,2376.7717110770086,0.9973505635343177
2460340.4187826714,2379.6445312499995,0.9978377771517978
2460340.425727089,2378.3741978236603,0.9977828320126018
2460340.4326715064,2378.158865792411,0.9975477971705314
2460340.439615924,2379.390747070312,0.997903926562281
2460340.446560342,2377.712140764509,0.997611014100495
2460340.453504759,2379.6068115234375,0.9974437189099895
2460340.4604491764,2379.1761474609375,0.9972808226404695
2460340.467393594,2377.6147286551336,0.9975235678471374
2460340.4743380104,2379.3876081194194,0.9976715330752381
2460340.481282428,2378.155308314732,0.9973636175815884
2460340.4882268454,2378.673182896205,0.9975785226828875
2460340.495171262,2379.9421037946427,0.9974392208404318
2460340.502115679,2379.28768484933,0.9972985952676522
2460340.509060096,2379.6466761997763,0.9979431712130861
2460340.5160045126,2378.7836739676336,0.9974742453722296
2460340.52294893,2381.083426339286,0.9981304645451886
2460340.5298933466,2380.475202287946,0.9974958756438831
2460340.5368377636,2382.4388776506694,0.9984295046843341
2460340.54378218,2382.5858851841517,0.9980646109299184
2460340.5507265967,2381.6382359095983,0.9979385577522587
2460340.5576710138,2382.02401297433,0.9979276657311567
2460340.5646154303,2382.365164620536,0.9979671453953821
2460340.571559847,2382.4497070312495,0.9981857460837685
2460340.578504263,2382.827479771205,0.9979450830328149
2460340.58544868,2382.604509626116,0.9982307062004531
2460340.592393096,2383.3229108537944,0.9979084054847934
2460340.599337512,2382.7658517020086,0.9985425684433075
2460340.6062819287,2382.940534319196,0.9983128313765562
2460340.613226345,2383.7663399832586,0.9983352449363713
2460340.6201707614,2383.92422921317,0.9983465461624622
2460340.6271151775,2385.4841831752233,0.9990065618497822
2460340.6340595935,2383.0387834821427,0.9986262466325652
2460340.6410040096,2383.6566336495534,0.9985450486739
2460340.6479484257,2390.196219308036,0.9997298128111295
2460340.654892842,2404.029942103795,1.0018359619492094
2460340.661837258,2438.2558070591517,1.0085381954583321
2460340.6687816735,2484.1692417689733,1.0164121322343218
2460340.675726089,2537.5818394252233,1.0261738100626248
2460340.6826705053,2600.204851422991,1.0372295936449751
2460340.6896149213,2678.3195800781245,1.0503519467723905
2460340.696559337,2771.804757254464,1.0666514149832764
2460340.7035037526,2891.8926478794638,1.0864700107428413
2460340.710448168,3039.580915178571,1.1104388245207397
2460340.717392584,3215.987967354911,1.1388750205443732
2460340.724337,3422.856340680804,1.1710486999528298
2460340.731281415,3655.182024274553,1.2066244046656436
2460340.7382258307,3914.306291852678,1.244753637061016
2460340.7451702463,4201.178466796875,1.2858886140249706
2460340.7521146615,4518.444789341517,1.3293612508711898
2460340.7590590776,4853.189522879464,1.3741179278895215
2460340.7660034928,5194.886509486606,1.4185498106788843
2460340.772947908,5540.859375,1.461602739607492
2460340.7798923235,5896.828543526785,1.5048946396362295
2460340.786836739,6253.279645647322,1.5472372967772132
2460340.7937811543,6624.277064732142,1.5899059421964543
2460340.8007255695,6994.307059151785,1.6312788020145892
2460340.8076699846,7362.60142299107,1.6714222928643894
2460340.8146144,7722.52587890625,1.7102330154685506
2460340.8215588154,8071.066196986606,1.746596024296185
2460340.82850323,8405.585239955355,1.7805675548644821
2460340.8354476453,8729.91357421875,1.8134459307256054
2460340.8423920604,9048.906947544643,1.8444940311362894
2460340.8493364756,9353.05161830357,1.8741302170299552
2460340.8562808908,9650.766880580357,1.9024441233543072
2460340.863225306,9944.903738839284,1.9301848947260505
2460340.870169721,10235.698451450893,1.9575137659897477
2460340.877114136,10519.027064732143,1.9830919363788428
2460340.884058551,10796.225725446428,2.008208117966771
2460340.8910029656,11065.222935267855,2.032361668587203
2460340.897947381,11326.214146205357,2.055318086247198
2460340.9048917955,11570.927176339284,2.0764811857711183
2460340.91183621,11810.40318080357,2.097482748318597
2460340.9187806253,12037.907645089284,2.11671131773883
2460340.92572504,12255.326450892855,2.13511967501532
2460340.932669455,12466.3212890625,2.153100525844493
2460340.93961387,12668.8271484375,2.170010185249182
2460340.9465582846,12854.953125,2.185310803343636
2460340.9535026993,13025.5283203125,2.1993923945534033
2460340.960447114,13184.721261160716,2.212370336853283
2460340.9673915287,13329.042689732143,2.2242329995203174
2460340.9743359433,13451.981584821428,2.2340069756153524
2460340.981280358,13565.887834821428,2.243348946018331
2460340.9882247727,13671.945452008928,2.2517831098023597
2460340.9951691874,13781.63671875,2.260602482875092
2460341.0021136017,13883.75767299107,2.268704265805545
2460341.009058017,13992.468331473216,2.2773366643572674
2460341.0160024315,14104.17940848214,2.2861934396822647
2460341.022946846,14232.123465401784,2.296106399077414
2460341.0298912604,14361.45786830357,2.306451802884181
2460341.036835675,14488.06724330357,2.316230602827775
2460341.04378009,14605.479910714284,2.3253373023834523
2460341.050724504,14736.980189732143,2.335497124591521
2460341.057668919,14867.756835937498,2.3457647942307065
2460341.0646133334,15005.133231026784,2.356190342839222
2460341.0715577477,15148.148856026784,2.3671237479051173
2460341.078502163,15303.857979910712,2.3789240751006724
2460341.085446577,15468.300920758928,2.3911334965030133
2460341.0923909913,15630.968052455355,2.4035647511492084
2460341.099335406,15796.609654017855,2.4161214943465184
2460341.1062798207,15949.459402901784,2.4275513012481054
2460341.113224235,16103.90122767857,2.4387135359692587
2460341.120168649,16260.06529017857,2.450499423134259
2460341.1271130634,16406.24204799107,2.4611776513001042
2460341.1340574785,16548.494698660714,2.4712800689421752
2460341.1410018927,16690.687918526783,2.481819656999608
2460341.147946307,16832.775669642855,2.49193324947891
2460341.1548907217,16964.276785714283,2.50183523077214
2460341.161835136,17097.69893973214,2.511606242762732
2460341.1687795506,17222.701590401786,2.5205020665569124
2460341.175723965,17338.727678571428,2.528608035309383
2460341.182668379,17442.604771205355,2.5359570343751106
2460341.1896127933,17535.861328125,2.5427630331067324
2460341.196557208,17606.665178571424,2.5475747857913555
2460341.2035016227,17656.810128348214,2.5510976492059845
2460341.210446037,17690.74679129464,2.5535207848636685
2460341.217390451,17714.420340401783,2.5551085271268197
2460341.2243348653,17717.658482142855,2.555688947672182
2460341.23127928,17712.603097098214,2.5551125193149042
2460341.2382236947,17708.385184151786,2.554908049911574
2460341.245168109,17705.09933035714,2.554546934503175
2460341.252112523,17691.98311941964,2.553555464461058
2460341.2590569374,17670.751255580355,2.5523294588425736
2460341.2660013526,17630.424944196428,2.5494745044734723
2460341.272945767,17574.16866629464,2.5453853322623696
2460341.279890181,17520.503906249996,2.5415053347741523
2460341.2868345953,17423.46888950893,2.53482133958908
2460341.29377901,17314.60337611607,2.526874025662923
2460341.300723424,17202.628208705355,2.518877634299962
2460341.307667839,17102.116489955355,2.5119641831621364
2460341.314612253,17009.7041015625,2.5049546133949128
2460341.3215566673,16923.305106026786,2.4988336797988864
2460341.3285010816,16846.61886160714,2.493314294394422
2460341.3354454967,16782.708984375,2.4886871542020033
2460341.342389911,16723.23507254464,2.4842935775711905
2460341.349334325,16676.913364955355,2.481118820651065
2460341.35627874,16629.079101562496,2.477490836780494
2460341.3632231546,16596.78013392857,2.475057509957217
2460341.370167569,16565.720842633924,2.4728577322794973
2460341.3771119816,16539.701450892855,2.470948414879946
2460341.3840563954,16517.69112723214,2.4693422226764374
2460341.3910008096,16503.516880580355,2.4683421742553624
2460341.397945225,16487.34375,2.4670345186727443
2460341.404889639,16483.68331473214,2.46680458726961
2460341.4118340537,16472.525390625,2.465920322542136
2460341.418778468,16462.20577566964,2.4654437390522106
2460341.4257228826,16455.861746651783,2.4647836539422845
2460341.432667297,16462.55147879464,2.465416528479348
2460341.439611712,16469.951450892855,2.4657942393945085
2460341.4465561262,16475.535435267855,2.46629787825639
2460341.4535005414,16483.95493861607,2.4672461267577366
2460341.4604449556,16492.54854910714,2.467701022482766
2460341.46738937,16491.526925223214,2.4674472931125857
2460341.474333785,16493.540457589286,2.4675509534970055
2460341.4812781997,16492.33551897321,2.467716482731167
2460341.4882226144,16486.177734374996,2.4672261069859776
2460341.4951670286,16482.095005580355,2.4667572091381533
2460341.502111444,16471.509207589283,2.4660969763519986
2460341.509055858,16440.717354910714,2.463749089847939
2460341.516000273,16400.03194754464,2.4611674773582854
2460341.5229446874,16346.03487723214,2.4571539703544305
2460341.5298891026,16300.618861607143,2.4536385556939666
2460341.5368335173,16252.0078125,2.4500879612462234
2460341.543777932,16200.3896484375,2.446565972144088
2460341.5507223466,16146.088309151784,2.442398607903707
2460341.5576667613,16087.39913504464,2.438089036914442
2460341.5646111765,16017.184151785712,2.432721044207358
2460341.5715555907,15946.403738839284,2.4275296427001662
2460341.578500006,15871.36900111607,2.421939427690636
2460341.585444421,15786.832449776784,2.4155286359694474
2460341.5923888357,15704.298130580355,2.409567733001063
2460341.599333251,15626.099748883928,2.403621226562561
2460341.6062776656,15545.26339285714,2.3975710086144066
2460341.6132220807,15468.096261160712,2.391770718407408
2460341.6201664954,15392.5078125,2.3859298451008555
2460341.6271109106,15309.211356026784,2.379692855748352
2460341.6340553253,15223.247209821428,2.373406218317404
2460341.6409997405,15144.56919642857,2.367250861959896
2460341.6479441556,15072.802315848212,2.361794327419942
2460341.654888571,14988.256975446428,2.355252691409792
2460341.661832986,14912.131138392857,2.34935727444036
2460341.6687774006,14831.463448660712,2.3432587313538527
2460341.6757218163,14759.094308035712,2.337638279533658
2460341.682666231,14684.196847098212,2.331914796591931
2460341.6896106466,14596.207449776784,2.324963228716136
2460341.6965550617,14516.993722098216,2.3188990221404953
2460341.703499477,14441.07212611607,2.3130683087542607
2460341.710443892,14367.403878348212,2.3074791993619854
2460341.717388307,14285.3232421875,2.300864179513854
2460341.724332723,14211.066127232143,2.2949586304745475
2460341.731277138,14131.970424107143,2.28874415359194
2460341.738221553,14046.99107142857,2.2822810813040095
2460341.745165969,13958.594866071428,2.275302012597996
2460341.752110384,13874.68359375,2.268381741776341
2460341.7590547996,13792.037527901784,2.2620272856987147
2460341.765999215,13713.0263671875,2.2556446162380452
2460341.7729436303,13641.070731026784,2.249803272887896
2460341.7798880455,13563.17745535714,2.243719913013867
2460341.7868324616,13491.274553571428,2.237927719135922
2460341.7937768768,13420.041713169643,2.23199332624556
2460341.800721293,13353.662109375,2.2268262681838733
2460341.807665708,13285.10239955357,2.22126271999358
2460341.8146101236,13217.928431919643,2.215614621683313
2460341.8215545393,13148.765625,2.210141083861264
2460341.8284989554,13084.882952008928,2.2047989057140556
2460341.8354433705,13016.242466517857,2.19965881170299
2460341.842387786,12953.78404017857,2.1942366784757943
2460341.849332202,12887.555106026784,2.188673142841602
2460341.856276618,12820.520089285712,2.1830349520697627
2460341.863221034,12759.02804129464,2.1779441300811997
2460341.87016545,12692.823800223216,2.1728102962626514
2460341.877109865,12634.06431361607,2.1675900690766117
2460341.8840542813,12567.526088169643,2.162253510297704
2460341.8909986974,12505.944893973216,2.156923263453822
2460341.8979431135,12439.834402901784,2.151797855587381
2460341.904887529,12370.98256138393,2.145778153641764
2460341.911831945,12300.64453125,2.1398476610296
2460341.9187763613,12231.237723214284,2.133802523995266
2460341.9257207774,12167.53125,2.1287471628493555
2460341.9326651935,12093.236886160716,2.1222752358901356
2460341.9396096095,12024.020926339284,2.116517504659703
2460341.946554026,11955.875558035712,2.1104684594055416
2460341.953498442,11883.878487723216,2.104114020973333
2460341.9604428583,11817.238560267855,2.098720768729574
2460341.9673872744,11749.04673549107,2.0928881858191404
2460341.9743316905,11680.062639508928,2.087302121618157
2460341.9812761075,11611.647739955355,2.0809169003131496
2460341.9882205236,11539.151785714284,2.0745088232167626
2460341.9951649397,11463.418108258928,2.068607770275207
2460342.002109356,11389.930245535712,2.061696639790534
2460342.009053773,11312.830496651784,2.05498576624409
2460342.015998189,11229.11216517857,2.0475425022173526
2460342.022942606,11151.349888392857,2.040590284792699
2460342.0298870225,11071.697963169643,2.033741767594854
2460342.036831439,10991.604073660712,2.0264673938867994
2460342.043775855,10908.2314453125,2.0190373214964157
2460342.0507202726,10828.18359375,2.0119023801976152
2460342.057664689,10755.645786830357,2.005446979760055
2460342.0646091057,10675.028738839284,1.9980522125016076
2460342.0715535227,10600.72642299107,1.9914191262903727
2460342.0784979393,10531.71323939732,1.9853490824077928
2460342.0854423563,10460.226981026784,1.9788567141093696
2460342.092386773,10386.364536830357,1.9720359902560591
2460342.09933119,10315.13316127232,1.965577700457981
2460342.106275607,10243.269182477678,1.9590373127364928
2460342.1132200235,10174.21519252232,1.952524054300267
2460342.120164441,10104.745186941964,1.9459914005021102
2460342.127108858,10048.89906529018,1.9409660664503898
2460342.134053275,9988.041713169643,1.9353135446600558
2460342.140997692,9922.769321986607,1.9291150491358957
2460342.1479421095,9867.182896205357,1.9239277143471174
2460342.1548865265,9810.752929687498,1.9185476311232208
2460342.1618309435,9745.290945870534,1.912255981160978
2460342.168775361,9682.503348214284,1.9067914351503907
2460342.1757197785,9620.13720703125,1.9007488697519108
2460342.1826641955,9564.771554129462,1.895428916604286
2460342.189608613,9511.263950892857,1.89009605661494
2460342.196553031,9455.859165736607,1.8849149959108666
2460342.203497448,9401.725655691964,1.8798081023751736
2460342.2104418655,9358.36607142857,1.8757447485283887
2460342.217386283,9316.172293526784,1.8715999788139046
2460342.224330701,9272.884068080357,1.8675455665044487
2460342.2312751184,9230.511160714284,1.86330256564667
2460342.238219536,9186.649135044643,1.8589096112181467
2460342.2451639534,9148.892368861607,1.8552557944541863
2460342.2521083714,9098.810198102678,1.8505450369347443
2460342.2590527893,9038.10874720982,1.8446148557765694
2460342.265997207,8971.77978515625,1.8379169195609182
2460342.2729416247,8899.036690848214,1.830887626697625
2460342.2798860427,8838.01841517857,1.824682240018124
2460342.2868304607,8778.42857142857,1.8188668613091281
2460342.2937748786,8720.095145089284,1.8132931865896298
2460342.3007192966,8655.162806919643,1.80675096913609
2460342.307663715,8585.085518973212,1.7996211116871281
2460342.314608133,8516.079659598214,1.7927181936609975
2460342.321552551,8453.879673549107,1.7865657454377242
2460342.3284969693,8388.15025111607,1.7797658276407968
2460342.3354413877,8309.027134486605,1.7717067235904604
2460342.3423858057,8239.884416852678,1.7649398679015305
2460342.349330224,8172.763602120535,1.757941707584216
2460342.356274642,8108.867117745535,1.7514213753834336
2460342.3632190605,8047.016392299108,1.7447730998517608
2460342.3701634794,7992.261160714285,1.739155179247202
2460342.3771078973,7939.438058035714,1.7339039865764174
2460342.384052316,7894.288016183035,1.7290591051388897
2460342.3909967346,7852.4815848214275,1.7246267493545053
2460342.3979411535,7814.194545200892,1.7204929725941975
2460342.404885572,7780.13818359375,1.7168908805990046
2460342.411829991,7754.281180245535,1.7143220908793764
2460342.418774409,7729.440987723214,1.7118779923233693
2460342.4257188286,7713.2431640625,1.709981208340274
2460342.432663247,7695.6451590401775,1.7081593080951285
2460342.439607666,7681.319824218749,1.7068970381999604
2460342.4465520848,7673.689453125,1.7063043262950834
2460342.453496504,7665.367257254464,1.7052428998889457
2460342.4604409225,7657.508161272322,1.704401632080106
2460342.467385342,7648.557338169642,1.7033011047259816
2460342.4743297608,7647.315150669642,1.7031193438742063
2460342.48127418,7643.881766183035,1.702875397434007
2460342.4882185995,7636.9620535714275,1.7021688782171038
2460342.4951630183,7627.7144949776775,1.70112389604689
2460342.5021074377,7625.150599888392,1.7006765480772963
2460342.509051857,7617.731375558035,1.7000402802381231
2460342.515996276,7605.676967075892,1.6988161497469612
2460342.5229406958,7594.260811941964,1.6973315177839103
2460342.529885115,7579.471540178572,1.6958865527566054
2460342.5368295345,7564.726632254464,1.6946691746565044
2460342.5437739543,7551.157993861606,1.6928833286545315
2460342.550718374,7533.764857700892,1.6912166826547796
2460342.557662794,7522.221888950892,1.6900166733429274
2460342.564607213,7507.565708705356,1.6885114727909973
2460342.5715516326,7488.615025111606,1.6863718963845187
2460342.5784960524,7468.427804129464,1.6845045650522958
2460342.5854404722,7450.997628348214,1.682475229218979
2460342.592384892,7430.157296316964,1.680294051772619
2460342.599329312,7407.693917410714,1.6778290772244437
2460342.6062737317,7382.553013392856,1.675069455971477
2460342.6132181515,7354.634347098214,1.6718931127971162
2460342.6201625722,7334.365513392858,1.6699622973199635
2460342.627106992,7308.5221121651775,1.6667897804687037
2460342.6340514123,7284.1728515625,1.6642826182768156
2460342.6409958326,7267.7666015625,1.6628604446996107
2460342.6479402524,7244.670619419642,1.6601672301373556
2460342.654884673,7224.004813058035,1.6580210483121032
2460342.661829093,7203.97119140625,1.6555894818610575
2460342.6687735138,7182.455984933035,1.6533126011552868
2460342.6757179336,7160.652622767856,1.6510716496388265
2460342.6826623543,7136.922154017856,1.6486002155049013
2460342.689606775,7112.216727120535,1.6456339778985047
2460342.6965511953,7089.44761439732,1.643042236326947
2460342.703495616,7066.058035714285,1.640738850147289
2460342.7104400364,7039.2802734375,1.6375898104530984
2460342.7173844576,7015.753208705356,1.6352403774096382
2460342.724328878,6993.680943080358,1.6329341481760393
2460342.731273299,6963.7564871651775,1.6293141171784906
2460342.73821772,6938.017926897322,1.6267052860914044
2460342.7451621406,6916.436802455356,1.6241653212735614
2460342.752106562,6888.760044642858,1.6212211204455969
2460342.7590509825,6861.98374720982,1.618118046209928
2460342.7659954038,6837.047084263392,1.6153071685835882
2460342.772939825,6811.003417968749,1.6121324120131337
2460342.7798842457,6783.669015066964,1.6093395275782683
2460342.786828667,6763.447684151785,1.607073132234856
2460342.793773088,6738.669224330358,1.6042205562379654
2460342.80071751,6716.783412388392,1.6022136081613112
2460342.8076619306,6695.093680245535,1.599533242355249
2460342.8146063522,6677.50132533482,1.5977277323173522
2460342.8215507735,6662.571847098214,1.5958444803263134
2460342.828495195,6644.908133370535,1.5936518201931353
2460342.835439617,6627.539062499999,1.591810011464587
2460342.842384038,6614.612862723214,1.5902017699210198
2460342.8493284597,6598.081891741072,1.5884115532790126
2460342.856272882,6585.157993861608,1.5866362284478468
2460342.8632173035,6569.46909877232,1.5851960142330233
2460342.870161725,6555.552664620535,1.583450918890403
2460342.8771061474,6539.355887276785,1.5816311297459749
2460342.884050569,6524.920689174108,1.5802223610420045
2460342.8909949907,6513.336704799108,1.5787457195077923
2460342.8979394124,6499.4391043526775,1.577115281240497
2460342.904883835,6485.875697544642,1.5755634458743806
2460342.911828257,6473.447544642856,1.5743887096753777
2460342.9187726793,6454.85595703125,1.5723586078365408
2460342.925717101,6439.7115652901775,1.570611744637602
2460342.932661524,6417.309919084822,1.5681563855504337
2460342.939605946,6399.550990513392,1.5659362200479354
2460342.946550368,6379.72705078125,1.5634402079781056
2460342.953494791,6356.0074637276775,1.560849769650616
2460342.960439213,6337.726004464285,1.5585250225600504
2460342.9673836357,6308.894321986606,1.5550774490084338
2460342.9743280564,6286.3556082589275,1.5524998935360699
2460342.981272476,6260.515973772322,1.5496318188337952
2460342.9882168984,6235.7686941964275,1.5469318419836233
2460342.995161321,6212.3370535714275,1.5439622540197757
2460343.002105744,6186.73765345982,1.5409963892302425
2460343.0090501667,6157.367954799108,1.53751770487903
2460343.01599459,6132.5411551339275,1.5345782343270864
2460343.0229390124,6104.5553152901775,1.531550446463411
2460343.0298834355,6081.15904017857,1.5282841980888657
2460343.0368278585,6057.217843191965,1.5255229330291458
2460343.043772282,6030.15087890625,1.5226636071949604
2460343.0507167047,6003.364536830358,1.5194122811027502
2460343.057661128,5972.80161830357,1.5160801224024973
2460343.0646055513,5936.5245535714275,1.5113920461383124
2460343.0715499744,5900.363839285715,1.50678333927
2460343.078494398,5862.88037109375,1.5024557650985209
2460343.0854388215,5831.632533482142,1.4988898866876632
2460343.092383245,5799.476283482142,1.4950176168868643
2460343.0993276685,5769.875767299108,1.4914105440326608
2460343.106272092,5744.642368861608,1.4884211470943438
2460343.1132165156,5717.544015066964,1.4849601275414006
2460343.120160939,5698.497488839285,1.48277632688331
2460343.1271053627,5671.139229910714,1.4791789786419212
2460343.1340497867,5647.966866629464,1.4766087442691305
2460343.1409942107,5623.3731863839275,1.4734357338769595
2460343.1479386343,5596.888602120535,1.4701466019075349
2460343.1548830583,5574.395298549106,1.4674669112054752
2460343.1618274823,5553.4239676339275,1.4650658040722464
2460343.1687719063,5528.4190848214275,1.4615457830982843
2460343.1757163308,5506.263741629464,1.4587432229509079
2460343.182660755,5481.555385044642,1.4558994358012454
2460343.189605179,5459.013950892857,1.4531097533236774
2460343.1965496032,5431.834402901785,1.449850833558296
2460343.2034940273,5407.696289062499,1.4465697008294585
2460343.210438452,5386.893415178572,1.44405309565449
2460343.217382876,5362.936104910715,1.4411331445717321
2460343.224327301,5345.737165178572,1.4390157029795587
2460343.231271725,5326.335309709822,1.4364864817258125
2460343.23821615,5309.527901785714,1.4344622916643857
2460343.2451605746,5297.323242187499,1.4327472234119518
2460343.2521049995,5283.949428013392,1.4312759719439407
2460343.2590494244,5273.677315848214,1.429958919747035
2460343.265993849,5257.494873046875,1.4277767412337825
2460343.272938274,5244.281563895089,1.426350820260251
2460343.279882699,5229.809849330357,1.4245333021454691
2460343.286827124,5218.913609095982,1.4228999838406156
2460343.2937715487,5199.690359933035,1.4202807404254383
2460343.3007159736,5172.486432756697,1.4170824573677352
2460343.307660399,5143.039934430803,1.4131745011347847
2460343.314604824,5112.228306361606,1.4096383918806454
2460343.3215492493,5081.087297712053,1.405255511132048
2460343.3284936748,5044.56330217634,1.4003243738529865
2460343.3354381,5012.226457868303,1.396361327631145
2460343.3423825256,4976.150285993303,1.3914127022337623
2460343.349326951,4941.498988560267,1.3870517148769699
2460343.3562713764,4908.54753766741,1.3828956431089996
2460343.3632158022,4878.442905970981,1.378799601999929
2460343.3701602276,4846.562988281249,1.3746673636564488
2460343.3771046535,4819.183070591517,1.3710650875039263
2460343.384049079,4791.384730747767,1.3674833763403678
2460343.3909935053,4770.768624441964,1.364536414062136
2460343.3979379307,4749.198067801339,1.3616667752136564
2460343.404882357,4727.468261718749,1.3590872751192433
2460343.411826783,4714.150530133928,1.3570828708403655
2460343.4187712087,4698.994942801339,1.354948678831377
2460343.425715635,4685.248535156249,1.3533636482842362
2460343.432660061,4675.01482282366,1.351983466464275
2460343.4396044873,4664.629499162947,1.3504188759994769
2460343.4465489136,4658.650111607142,1.3498034249147635
2460343.45349334,4650.138950892856,1.3485391881510223
2460343.4604377663,4649.197370256697,1.3485530985897654
2460343.4673821926,4641.572230747767,1.3474588150169462
2460343.4743266194,4638.781075613839,1.3470637706294444
2460343.4812710457,4640.153424944196,1.347325826518146
2460343.4882154725,4640.869210379464,1.3475763684024697
2460343.495159899,4640.423583984375,1.3475153589584379
2460343.5021043257,4642.810860770089,1.3475059110591614
2460343.5090487525,4645.206194196428,1.3482303600607344
2460343.5159931793,4643.774937220982,1.3476435318698254
2460343.5229376066,4641.920026506697,1.347820435479205
2460343.529882033,4640.963692801339,1.3475556457240845
2460343.53682646,4630.023507254464,1.3461620616153536
2460343.5437708874,4620.325718470983,1.3448287523730655
2460343.5507153147,4608.733468191964,1.3430680966079898
2460343.5576597415,4597.0926688058025,1.341763381899194
2460343.5646041688,4587.891566685267,1.340596577405355
2460343.571548596,4576.309674944197,1.338532281034145
2460343.5784930233,4566.235421316964,1.3371217580347385
2460343.585437451,4557.861328124999,1.3361097696797584
2460343.5923818783,4548.287423270089,1.3349532593196758
2460343.5993263056,4537.060651506697,1.3334040958936895
2460343.6062707338,4529.810511997767,1.3326785637541316
2460343.613215161,4517.94255719866,1.3307787054092766
2460343.6201595888,4511.771379743303,1.3299379799353968
2460343.6271040165,4502.749302455356,1.3285650902721402
2460343.6340484447,4495.133056640624,1.3279639316076877
2460343.6409928724,4482.532575334821,1.3259837797688412
2460343.6479373,4476.062988281249,1.3253368861807113
2460343.6548817283,4466.134381975446,1.3242525478509395
2460343.6618261565,4458.310023716517,1.3226603485833113
2460343.6687705843,4448.089076450892,1.3212325829985465
2460343.675715013,4440.92138671875,1.3209484905345523
2460343.6826594407,4434.161655970982,1.3192692851545644
2460343.689603869,4428.571812220982,1.3186257622987658
2460343.6965482975,4421.794921875,1.3177501109545873
2460343.7034927257,4411.662911551339,1.316427762602115
2460343.7104371544,4400.443359375,1.3146764443114676
2460343.717381583,4387.668038504464,1.312923501159152
2460343.7243260113,4376.72283063616,1.3112274466556613
2460343.7312704404,4365.585832868303,1.3098949328206027
2460343.738214869,4357.365129743303,1.3088634945217328
2460343.7451592977,4344.343505859375,1.306868628383447
2460343.7521037264,4337.326904296875,1.305887289967004
2460343.7590481555,4323.776681082589,1.304069735341627
2460343.765992584,4312.03857421875,1.3024755674386232
2460343.7729370133,4299.110491071428,1.3006398662192038
2460343.7798814424,4287.560930524553,1.2992907804633647
2460343.7868258716,4278.205601283482,1.29794024032711
2460343.7937703007,4265.901646205357,1.2963232213880007
2460343.80071473,4254.619733537947,1.2943010193766813
2460343.8076591594,4242.049072265624,1.292633165902897
2460343.8146035885,4229.700230189731,1.2907872455847043
2460343.821548018,4221.281354631697,1.2899504167950133
2460343.8284924473,4208.155726841517,1.2879529120129043
2460343.835436877,4197.861432756696,1.2867513066309995
2460343.8423813065,4186.323277064731,1.2849373857271844
2460343.8493257365,4178.732247488839,1.283744069135463
2460343.856270166,4172.640485491072,1.282783272916838
2460343.8632145957,4167.687953404017,1.282061412686606
2460343.870159026,4162.808558872767,1.2815308274186852
2460343.8771034554,4158.2373046875,1.2809031191864984
2460343.884047886,4152.681989397322,1.2801217320503053
2460343.8909923155,4150.058872767857,1.280007121011274
2460343.897936746,4144.571568080356,1.2788129612497492
2460343.9048811756,4138.893624441964,1.2783370118765978
2460343.911825606,4134.035260881697,1.277501113060849
2460343.918770036,4132.525948660714,1.2771234942404608
2460343.9257144663,4128.301757812499,1.2765510450809459
2460343.9326588972,4127.537423270089,1.2764633685528655
2460343.9396033273,4122.73095703125,1.2758130228684517
2460343.946547758,4116.889683314732,1.2752472846808225
2460343.9534921884,4112.84001813616,1.274595112362085
2460343.9604366194,4104.136648995535,1.273190583774504
2460343.9673810494,4100.405691964285,1.2728684821402523
2460343.9743254804,4092.631243024554,1.2718964902092138
2460343.9812699114,4085.6663295200888,1.2704683341768126
2460343.9882143424,4081.04150390625,1.2702496226389515
2460343.995158773,4072.787946428571,1.2687955158416997
2460344.002103204,4068.830461774554,1.268288774878979
2460344.0090476354,4061.221540178571,1.2672585755210939
2460344.0159920664,4057.394217354911,1.2665669844257323
2460344.0229364973,4048.977643694196,1.265519471442214
2460344.0298809283,4045.243443080357,1.26474382402003
2460344.03682536,4038.9671107700888,1.2638697788700448
2460344.0437697913,4031.369280133929,1.263051800795098
2460344.0507142222,4024.5076381138388,1.262387287368477
2460344.057658654,4017.416015625,1.2608678491569107
2460344.064603085,4008.987095424107,1.259583647156273
2460344.071547517,4000.8195452008927,1.2584270021160362
2460344.078491949,3988.840576171875,1.2569349433465595
2460344.0854363805,3978.8745117187495,1.2550249769535922
2460344.0923808124,3964.225864955357,1.2531035698361837
2460344.099325244,3948.879743303571,1.2508712007213745
2460344.1062696762,3935.228864397321,1.2490066115815017
2460344.1132141077,3923.9892229352677,1.2472717959440909
2460344.12015854,3912.450334821428,1.2457328501343972
2460344.127102972,3903.423967633929,1.2444373702094231
2460344.1340474044,3892.89812360491,1.2427925258230346
2460344.1409918363,3886.214773995536,1.2417100922990612
2460344.1479362682,3878.565046037946,1.2407321076415971
2460344.154880701,3870.724260602679,1.2396983210481025
2460344.161825133,3864.24138532366,1.2387866585316474
2460344.168769566,3862.088274274554,1.2384862780483294
2460344.1757139983,3854.012799944196,1.2373659678621232
2460344.1826584307,3847.998465401786,1.236506344878926
2460344.1896028635,3841.956089564732,1.23541590351603
2460344.1965472964,3834.946393694196,1.2343925030598384
2460344.203491729,3830.826416015625,1.2337229463076813
2460344.210436162,3822.404192243304,1.2328267135123283
2460344.217380595,3820.2116350446427,1.2328081889420075
2460344.224325028,3815.53271484375,1.2313524707928236
2460344.2312694606,3812.16650390625,1.2311689914794712
2460344.2382138935,3809.4743303571427,1.230852488972414
2460344.2451583273,3807.881731305803,1.2303561975760184
2460344.25210276,3806.301792689732,1.2298890994610268
2460344.2590471935,3803.61474609375,1.2298010510455069
2460344.265991627,3801.4682268415177,1.2294576815105902
2460344.2729360596,3798.171491350446,1.2288758313511516
2460344.2798804934,3798.1394740513388,1.22870567651961
2460344.2868249267,3792.7232142857138,1.2285735547552337
2460344.29376936,3788.1126185825888,1.2273334619619793
2460344.3007137943,3786.4309779575888,1.2270839261722815
2460344.3076582276,3784.323904854911,1.2267019215267345
2460344.314602662,3776.3139299665177,1.2255415068402191
2460344.321547095,3766.597098214285,1.2244568263798439
2460344.3284915294,3754.880650111607,1.2224421697435648
2460344.3354359632,3743.586704799107,1.2208615064325818
2460344.3423803975,3729.061628069196,1.2187172467722016
2460344.3493248317,3715.6479492187495,1.2165005931317443
2460344.3562692655,3702.160923549107,1.215181766057759
2460344.3632137,3686.200823102679,1.2120602899981212
2460344.370158134,3668.036551339286,1.2094724158170707
2460344.3771025683,3655.2117396763388,1.2076022207832515
2460344.3840470025,3640.710205078125,1.2054440073316892
2460344.3909914372,3624.7397460937495,1.203076626227466
2460344.3979358715,3609.681989397321,1.2007365250971294
2460344.404880306,3597.196184430803,1.1987543957519955
2460344.411824741,3586.3623046875,1.1969890455351713
2460344.4187691757,3577.520298549107,1.1957216407601405
2460344.4257136104,3564.820417131696,1.193977783422434
2460344.432658045,3560.34228515625,1.1933839590351412
2460344.43960248,3552.50244140625,1.1919495274750957
2460344.446546915,3549.053362165178,1.1918799420386732
2460344.45349135,3543.578508649553,1.191078772414331
2460344.460435785,3539.8267299107138,1.1901705219819796
2460344.46738022,3538.925223214285,1.1901058199412111
2460344.4743246553,3537.076799665178,1.1897595360293047
2460344.481269091,3533.065220424107,1.189097075061861
2460344.488213526,3535.46337890625,1.1896155266021695
2460344.4951579613,3534.6704799107138,1.189528181301994
2460344.502102397,3531.9963030133927,1.1891837656095376
2460344.509046832,3533.678048270089,1.1894928945909773
2460344.515991268,3533.858537946428,1.1893853886362988
2460344.5229357034,3534.08642578125,1.1893951478906473
2460344.5298801395,3533.408830915178,1.1896589901424228
2460344.5368245747,3533.456229073661,1.1894026774411959
2460344.543769011,3532.050188337053,1.1891991782388953
2460344.5507134474,3531.413504464286,1.189184700119116
2460344.557657883,3533.7996303013388,1.189091823398556
2460344.5646023187,3535.5100446428564,1.1899493827890713
2460344.5715467553,3529.411376953125,1.1889749049503402
2460344.5784911863,3528.5320521763388,1.188670576301233
2460344.585435623,3527.171003069196,1.188530333157223
2460344.5923800594,3525.9253627232138,1.1880090734546878
2460344.599324495,3523.704868861607,1.1878131083085746
2460344.6062689316,3519.863420758928,1.1871375297040538
2460344.613213368,3517.2564174107138,1.1867742262584107
2460344.620157805,3512.9167131696427,1.1862344782352985
2460344.6271022414,3515.294573102678,1.1864071527138822
2460344.634046678,3512.282645089286,1.186110964968278
2460344.6409911145,3509.356724330357,1.1858828576823566
2460344.647935551,3506.934919084821,1.1850236864664783
2460344.6548799886,3506.688825334821,1.185210345426637
2460344.661824425,3501.967215401786,1.184707559074102
2460344.6687688623,3502.727678571428,1.1846733399051985
2460344.6757132993,3498.7179827008927,1.1838103931335546
2460344.682657736,3498.245047433035,1.1837531981080165
2460344.6896021734,3495.224853515625,1.1833534755385782
2460344.6965466104,3491.180419921875,1.1828201648408612
2460344.703491048,3490.56706891741,1.182833551993232
2460344.7104354855,3489.705113002232,1.182763695729441
2460344.7173799225,3487.28759765625,1.1820264406892618
2460344.72432436,3485.054547991071,1.1819672217306676
2460344.7312687975,3482.112095424107,1.181410882352542
2460344.7382132355,3480.217215401786,1.1811931988706124
2460344.7451576735,3477.0977260044638,1.1805179856009278
2460344.752102111,3472.6105957031245,1.1803249907527191
2460344.7590465485,3469.441092354911,1.1797136268571171
2460344.765990987,3466.545933314732,1.17894749569122
2460344.7729354245,3461.467320033482,1.178253412649003
2460344.7798798624,3456.606236049107,1.1776741245706477
2460344.7868243004,3452.147984095982,1.176745730996634
2460344.793768739,3445.6693987165177,1.175531615815546
2460344.8007131773,3441.4075404575888,1.1753975601525084
2460344.807657615,3433.223249162946,1.1736692421258235
2460344.8146020533,3427.0754045758927,1.1729298830752872
2460344.8215464917,3422.300327845982,1.172222380413349
2460344.82849093,3414.999651227678,1.171223419810382
2460344.8354353686,3408.732317243304,1.1699327188004454
2460344.842379807,3401.9988490513388,1.1692030511349227
2460344.8493242464,3393.177873883928,1.1675648757854271
2460344.856268685,3389.272391183036,1.1676944826079443
2460344.8632131238,3383.099644252232,1.1658001238469895
2460344.8701575627,3377.718122209821,1.1652620191591427
2460344.877102001,3374.761858258928,1.165044512474913
2460344.8840464405,3370.58935546875,1.1641374941715716
2460344.8909908794,3368.604387555803,1.1638301925035142
2460344.8979353183,3369.81591796875,1.1639531234581129
2460344.904879758,3365.150809151785,1.1636864991963194
2460344.911824197,3366.705426897321,1.1636091125819081
2460344.9187686364,3365.269775390625,1.163545813189773
2460344.925713076,3366.246512276785,1.1633385089697048
2460344.932657515,3367.75927734375,1.1637000597285214
2460344.9396019545,3366.997663225446,1.1635584600951911
2460344.9465463944,3364.6944056919638,1.1633818446827362
2460344.9534908338,3367.93798828125,1.1639225543204315
2460344.9604352736,3369.146484375,1.1639409534317962
2460344.9673797134,3372.8380998883927,1.164341500559041
2460344.9743241533,3371.186279296875,1.164241320179396
2460344.9812685926,3372.984375,1.164265493015024
2460344.988213033,3375.006382533482,1.1651870610855444
2460344.995157473,3377.618512834821,1.1653388683606838
2460345.002101913,3378.218157087053,1.1656889162809205
2460345.0090463534,3377.8544573102677,1.1650251698475447
2460345.0159907937,3380.710065569196,1.4277393888892616
2460345.022935234,3381.039446149554,1.1661676758872486
2460345.029879674,3382.245221819196,1.1657371922034354
2460345.0368241146,3382.4138881138388,1.1658711661265793
2460345.043768555,3380.620396205357,1.1657832511220096
2460345.0507129957,3381.17431640625,1.1659414972082216
2460345.057657436,3379.824358258929,1.165742368969818
2460345.0646018772,3377.6953125,1.165160580701591
2460345.0715463175,3377.69646344866,1.1651595115659252
2460345.0784907583,3372.329275948661,1.1645217485463597
2460345.085435199,3367.2300502232138,1.1636963426623408
2460345.0923796403,3356.7753557477677,1.1619315036788744
2460345.099324081,3346.615618024553,1.1603886533265861
2460345.1062685223,3337.9833984375,1.1590740534032775
2460345.1132129636,3329.3637346540177,1.1578732188668932
2460345.120157405,3322.4211077008927,1.156394976364714
2460345.127101846,3311.049839564732,1.1549586593524876
2460345.1340462877,3302.595598493304,1.1538318354569501
2460345.1409907285,3296.261614118304,1.152320846291082
2460345.14793517,3287.232840401786,1.1509403791876593
2460345.1548796115,3282.322788783482,1.1502795868054945
2460345.161824053,3275.420968191964,1.1494868099454258
2460345.168768495,3271.9594377790177,1.1485753713864424
2460345.175712937,3264.656668526786,1.1478447523947521
2460345.1826573783,3261.8703264508927,1.146993522481557
2460345.1896018204,3258.927769252232,1.146542538973867
2460345.196546262,3254.550083705357,1.1459381366730517
2460345.2034907043,3253.180559430803,1.145946769698981
2460345.2104351465,3252.4998256138388,1.145312103653475
2460345.217379588,3252.190952845982,1.1454674886438598
2460345.224324031,3253.603271484375,1.1460995497614734
2460345.231268473,3252.971086774553,1.145458250348887
2460345.238212915,3254.099853515625,1.1458096140907574
2460345.245157358,3256.4591936383927,1.1459378831077018
2460345.2521018,3258.1308942522323,1.1463996593868535
2460345.259046243,3259.2863420758927,1.1466200034168799
2460345.265990685,3260.439697265625,1.146642010612289
2460345.272935128,3263.6479143415177,1.1474206703187353
2460345.2798795705,3265.539655412946,1.1476409593259165
2460345.2868240136,3264.5796595982138,1.1473826950313102
2460345.293768456,3266.7578822544638,1.1477748099707314
2460345.3007128993,3267.3775111607138,1.1477337388552515
2460345.307657342,3265.837332589286,1.1474993127734119
2460345.314601785,3265.1062709263388,1.1475862747933332
2460345.321546228,3258.614920479911,1.1467620833116048
2460345.3284906712,3259.160260881696,1.1466395434160483
2460345.335435115,3252.4499162946427,1.1453108387418567
2460345.342379558,3247.0048828125,1.1444336561962347
2460345.3493240015,3242.3769182477677,1.143895735580864
2460345.356268445,3232.519775390625,1.1425499108677044
2460345.3632128886,3224.983154296875,1.1412212587343935
2460345.3701573317,3209.487200055803,1.138880947916989
2460345.3771017757,3197.8280901227677,1.1369391233495987
2460345.3840462193,3184.898960658482,1.1348709124443375
2460345.390990663,3174.406284877232,1.1332933174040152
2460345.397935107,3164.673967633929,1.1313586540468274
2460345.404879551,3154.980991908482,1.129650242358877
2460345.411823995,3145.9258510044638,1.1285500091814449
2460345.418768439,3140.065952845982,1.1275429403480162
2460345.425712883,3132.758684430804,1.1265538957893257
2460345.432657327,3128.332449776785,1.1255623984217478
2460345.4396017715,3122.755161830357,1.1251572287973837
2460345.446546216,3121.254743303571,1.12466006937954
2460345.45349066,3121.222412109375,1.1244424543548155
2460345.460435105,3117.986572265625,1.1245400759268567
2460345.467379549,3120.548688616071,1.1242824507515976
2460345.474323994,3121.9784807477677,1.1245476477047132
2460345.481268438,3124.9771205357138,1.1250009982719773
2460345.4882128835,3126.573277064732,1.1256033889606185
2460345.495157328,3131.9177594866073,1.1264017708120877
2460345.502101773,3137.0510951450888,1.127206794536788
2460345.509046218,3139.799455915179,1.127481462540407
2460345.515990663,3144.021135602679,1.1280563528913476
2460345.522935108,3146.5006975446427,1.1289638934196096
2460345.5298795532,3148.6554827008927,1.1290607103183459
2460345.536823998,3152.0722307477677,1.1294267931781157
2460345.5437684436,3150.45849609375,1.1294045848108796
2460345.550712889,3156.115094866071,1.1303441748859442
2460345.557657334,3157.235281808035,1.1300567490105127
2460345.5646017794,3158.546526227679,1.1305928522665856
2460345.5715462253,3158.625418526786,1.1306125295555893
2460345.578490671,3158.504568917411,1.1306163405621088
2460345.5854351167,3159.214704241071,1.1311265498187093
2460345.592379562,3159.538748604911,1.1308273150000419
2460345.599324008,3156.973388671875,1.1302345140296868
2460345.606268454,3155.63054547991,1.1303984959783306
2460345.6132129,3154.0241350446427,1.1299897406296449
2460345.6201573457,3153.164794921875,1.1296847392031069
2460345.6271017916,3152.405901227679,1.1297310881937352
2460345.634046238,3150.8168596540177,1.1293332579314646
2460345.6409906843,3147.757952008928,1.128688527767091
2460345.646777723,3146.368390764509,1.3824029163886382
2460345.654879577,3143.9218401227677,1.1281960985315123
2460345.661824023,3145.363037109375,1.1284021502419816
2460345.6687684697,3140.490757533482,1.1281495660368746
2460345.6757129165,3143.5381556919638,1.1287240755833967
2460345.682657363,3142.0517578125,1.1280100073283201
2460345.6896018093,3141.813825334821,1.1278056591268986
2460345.6965462565,3139.957554408482,1.1277192789376576
2460345.703490703,3141.111746651786,1.1282845744787109
2460345.71043515,3142.012834821429,1.1277771714734979
2460345.717379597,3143.989641462053,1.1284133061652502
2460345.724324044,3141.2436872209823,1.1278848801990062
2460345.731268491,3143.705671037946,1.1281320093838259
2460345.738212938,3144.7904924665177,1.1286298810529725
2460345.7451573852,3142.24658203125,1.1280873867358818
2460345.7509444244,3145.5885184151784,1.3818460760810274
2460345.7590462803,3142.661865234375,1.127888530163392
2460345.765990728,3140.637241908482,1.1279189023859304
2460345.772935175,3139.997942243304,1.1272779717245698
2460345.7798796226,3136.3830217633927,1.1268806917925775
2460345.78682407,3133.1515241350444,1.3795741829922186
2460345.794925926,3128.3676060267853,1.378650582021394
2460345.8007129654,3123.35417829241,1.1246873080817945
2460345.8076574137,3116.942557198661,1.1237933000774474
2460345.8146018614,3111.327706473214,1.1226703087712775
2460345.821546309,3107.685895647321,1.1222250676904417
2460345.828490757,3100.262067522321,1.120997930753533
2460345.8354352056,3091.130650111607,1.119646905311691
2460345.8423796534,3083.339878627232,1.1182868593531088
2460345.849324102,3077.933035714286,1.1174679086459869
2460345.85626855,3071.262032645089,1.1161057301009283
2460345.8632129985,3065.84326171875,1.1154832252546065
2460345.870157447,3060.648716517857,1.1146250569273624
2460345.8771018954,3055.0226702008927,1.113825544079391
2460345.884046344,3052.119873046875,1.1130918765234663
2460345.890990793,3048.067696707589,1.1128727237621845
2460345.8979352415,3044.7485700334823,1.112102778531283
2460345.90487969,3043.735107421875,1.1119300064541748
2460345.911824139,3045.045200892857,1.111907120434752
2460345.918768588,3044.827985491071,1.1121737324089682
2460345.9257130367,3045.570242745535,1.1120028903762185
2460345.9326574863,3045.4162248883927,1.1122727030492496
2460345.939601935,3048.4250139508927,1.1126772759967074
2460345.9465463846,3048.04363141741,1.1130754688033548
2460345.9534908333,3051.5407366071427,1.1130720652874415
2460345.960435283,3054.42333984375,1.1134848749487944
2460345.9673797325,3057.360246930804,1.114280662651883
2460345.9743241817,3060.206229073661,1.114624619082512
2460345.9812686313,3063.4132952008927,1.1150417553565781
2460345.988213081,3067.565080915179,1.115653506724988
2460345.9951575305,3071.0503627232138,1.116358122834282
2460346.00210198,3075.804303850446,1.1168110314363808
2460346.0090464302,3078.515520368303,1.1176030603420728
2460346.01599088,3082.100516183036,1.1181099479441026
2460346.0229353295,3083.350341796875,1.1184867221449484
2460346.02987978,3083.882080078125,1.118748185688471
2460346.03682423,3084.138323102678,1.1189669717913395
2460346.04376868,3087.6375209263388,1.1188570945899985
2460346.05071313,3085.028843470982,1.1184912272683802
2460346.057657581,3087.460588727679,1.1188288712926653
2460346.064602031,3087.340471540179,1.1190246734777072
2460346.071546482,3086.3695940290177,1.118878165166146
2460346.078490932,3081.391217912946,1.1179571545001812
2460346.0854353826,3080.111467633929,1.1177341524766835
2460346.092379833,3074.8002580915177,1.1172262262826302
2460346.099324284,3067.289167131696,1.1158753089651094
2460346.1062687347,3062.505719866071,1.1148595042781342
2460346.1132131857,3055.797991071428,1.1140448773219547
2460346.1201576367,3048.122419084821,1.1128450382149466
2460346.1271020877,3039.7575334821427,1.1118665891523607
2460346.1340465387,3029.05224609375,1.1095445970821867
2460346.1409909897,3019.635184151786,1.108370002343559
2460346.1479354408,3012.2070661272323,1.1066228093240356
2460346.1548798922,3005.354527064732,1.1055331064589462
2460346.1618243437,3000.3218470982138,1.1049205836610645
2460346.1687687947,2992.982038225446,1.103639421606345
2460346.39214868,2971.649047851562,1.3470879643212836
2460346.3979357244,2966.6398577008927,1.099607161899546
2460346.4048801786,2964.366943359375,1.0988022264747073
2460346.4118246324,2962.187674386161,1.0986130445438629
2460346.4187690862,2958.769670758929,1.0979870311553581
2460346.4257135405,2956.988525390625,1.097603204356903
2460346.4326579943,2952.518868582589,1.0974397879882247
2460346.439602448,2951.2705078125,1.096833864322699
2460346.4465469024,2951.314348493304,1.0966976721510104
2460346.4534913567,2953.6153041294638,1.096965636329907
2460346.460435811,2955.874197823661,1.0977206273996936
2460346.4673802652,2957.291643415179,1.0976473552684214
2460346.47432472,2960.849225725446,1.0987068979364771
2460346.4812691743,2961.814139229911,1.0984719652502355
2460346.488213629,2964.331473214286,1.0992849836600633
2460346.4951580837,2969.101213727678,1.0997694450280988
2460346.5021025385,2970.5912737165177,1.100193183441901
2460346.509046993,2973.418840680804,1.100431960163549
2460346.515991448,2977.799665178571,1.101238752553659
2460346.522935903,2978.952287946429,1.1017187373522976
2460346.529880358,2982.553292410714,1.1022377829781254
2460346.536824813,2982.095110212054,1.1024619191885707
2460346.543769268,2982.134660993304,1.1018956423970108
2460346.5507137235,2986.554513113839,1.1028653454716835
2460346.5576581787,2986.412527901786,1.102623939457335
2460346.5646026344,2987.760393415179,1.1027857394597131
2460346.5715470896,2987.036237444196,1.1027032925985252
2460346.578491545,2990.055908203125,1.1034503770647899
2460346.585436001,2985.5847865513388,1.1025803136945915
2460346.5923804566,2985.4982561383927,1.1024402716480843
2460346.5993249123,2983.604527064732,1.1025159828824562
2460346.6062693675,2980.663748604911,1.10180762975007
2460346.613213824,2980.078229631696,1.1014708543214211
2460346.62015828,2976.764229910714,1.1012329037033608
2460346.627102736,2975.173932756696,1.1008662855928766
2460346.634047192,2971.003522600446,1.100310246959547
2460346.6409916477,2972.1044573102677,1.1002938847114312
2460346.6479361043,2969.383928571428,1.1000988787841477
2460346.6548805605,2969.6103515625,1.0998148979781284
2460346.6618250166,2968.117466517857,1.0996011519941717
2460346.668769473,2968.185686383929,1.100013563381535
2460346.6757139303,2965.899065290178,1.0994610114813914
2460346.682658386,2967.952253069196,1.099823195932882
2460346.689602843,2966.940046037946,1.0993037588651202
2460346.6965472996,2964.0097307477677,1.0987456329201297
2460346.7034917567,2964.342145647321,1.0991697551944377
2460346.7104362133,2963.6164202008927,1.0989419443532282
2460346.7173806704,2964.459123883929,1.0987353478259507
2460346.7243251274,2964.376360212054,1.098857875911013
2460346.7312695845,2963.940569196428,1.099286892261369
2460346.7382140416,2962.4116908482138,1.0983246379642222
2460346.7451584986,2963.5973772321427,1.0986522646144976
2460346.7521029557,2962.760532924107,1.0988648046403509
2460346.7590474132,2965.097063337054,1.09908705162546
2460346.765991871,2961.447195870536,1.0984247172837376
2460346.7729363283,2962.992082868303,1.0988028498620397
2460346.779880786,2962.9453125,1.0986144190915856
2460346.7868252434,2960.838762555804,1.0980892024098396
2460346.793769701,2959.86474609375,1.097898089065482
2460346.800714159,2956.306431361607,1.0973877406925487
2460346.8076586165,2953.265520368304,1.0969537611227795
2460346.814603075,2950.2229352678573,1.0967162017171141
2460346.8215475325,2943.9797712053573,1.0954088322560565
2460346.828491991,2939.244035993304,1.0946752130760147
2460346.835436449,2932.845075334821,1.093393856807234
2460346.842380907,2925.169294084821,1.0927830153897942
2460346.849325366,2919.7818080357138,1.0912979937321579
2460346.856269824,2912.8163713727677,1.0899482909338036
2460346.8632142823,2907.2390834263388,1.0896599482359461
2460346.870158741,2901.589704241071,1.088363612134758
2460346.8771031997,2897.828508649554,1.0877541072086399
2460346.8840476577,2894.273856026786,1.0870626664597587
2460346.8909921166,2889.519705636161,1.0864193459340055
2460346.8979365756,2883.828369140625,1.0858416547412053
2460346.904881034,2881.8474818638388,1.0848638613907486
2460346.9118254934,2879.938999720982,1.0843565162011999
2460346.9187699524,2877.860491071429,1.0844077671034598
2460346.9257144113,2877.791748046875,1.0843987474494263
2460346.9326588702,2878.725690569196,1.0844644494391111
2460346.939603329,2878.600655691964,1.084395173727278
2460346.946547789,2881.0512346540177,1.084959955804672
2460346.953492248,2880.618059430803,1.0847845785690957
2460346.960436708,2881.997837611607,1.084787039917877
2460346.9673811668,2885.0342494419638,1.0852975065347297
2460346.9743256266,2886.6287318638388,1.0857076892077995
2460346.9812700865,2893.360002790179,1.0870528799325607
2460346.988214546,2898.404087611607,1.0876119570793665
2460346.9951590057,2900.05339704241,1.0880716796896055
2460347.0021034656,2902.878452845982,1.0885838966649604
2460347.0090479255,2908.1253138950888,1.0896040592439553
2460347.0159923853,2911.132638113839,1.0898636820864553
2460347.0229368457,2916.388078962054,1.0909127615668464
2460347.0298813055,2918.8588518415177,1.0908840902007104
2460347.036825766,2918.987444196429,1.0912116384208355
2460347.043770226,2919.274030412946,1.0913551921838798
2460347.0507146865,2921.759137834821,1.0918982339534244
2460347.057659147,2916.0192522321427,1.0907421708707428
2460347.0646036076,2918.647809709821,1.090973475441875
2460347.0715480684,2916.375627790179,1.0906923897335477
2460347.0784925283,2916.674246651786,1.0909158994272834
2460347.085436989,2915.710484095982,1.0912853090636108
2460347.09238145,2914.298583984375,1.09089021732494
2460347.0993259107,2911.3896135602677,1.0900776695520646
2460347.1062703715,2907.768205915179,1.0893418676416353
2460347.1132148323,2904.8615373883927,1.0891735798540556
2460347.120159294,2902.693464006696,1.088256309275343
2460347.127103755,2893.380615234375,1.0869290025871174
2460347.1340482165,2889.065604073661,1.0861226627041238
2460347.1409926773,2882.4451381138388,1.0852631447125616
2460347.147937139,2879.2223772321427,1.0845956502839489
2460347.1548816003,2873.106340680804,1.0836676788721507
2460347.1618260616,2867.3272181919638,1.082818437975057
2460347.1687705237,2864.3594447544638,1.082385779264177
2460347.175714985,2860.198346819196,1.081757779755449
2460347.182659447,2855.090227399554,1.0805124523507523
2460347.1896039085,2850.0940638950888,1.0797782478345552
2460347.1965483706,2848.6484723772323,1.079330469304252
2460347.2034928324,2846.5224609375,1.0789871144008334
2460347.2104372946,2844.526297433035,1.0789832233179764
2460347.2173817568,2844.447509765625,1.0788929344280154
2460347.2243262185,2845.819859095982,1.0792896786115287
2460347.2312706807,2850.305943080357,1.0798724892133087
2460347.2382151433,2854.858991350446,1.0807183463611232
2460347.2451596055,2859.004499162946,1.0813316983220198
2460347.252104068,2865.28857421875,1.0821508509381346
2460347.259048531,2868.15380859375,1.0827633258060152
2460347.265992993,2874.7078334263388,1.083939539977463
2460347.2729374557,2879.9351283482138,1.0848858776609573
2460347.279881919,2884.805943080357,1.0855135292569034
2460347.2868263815,2889.412458147321,1.0862591237850316
2460347.293770844,2894.073172433035,1.0871506225933312
2460347.3007153072,2898.200055803571,1.087378665793992
2460347.3076597704,2901.13738141741,1.088328519566154
2460347.3146042335,2904.4851771763388,1.0889480457436973
2460347.3215486966,2905.674944196429,1.0889822765692445
2460347.3284931597,2907.5964006696427,1.0892711765992003
2460347.3354376233,2905.8473772321427,1.0887584936590982
2460347.3423820864,2903.4868861607138,1.0887048202368979
2460347.34932655,2898.110700334821,1.087653471579041
2460347.3562710136,2894.942766462053,1.0869982033879912
2460347.363215477,2889.1481584821427,1.0860825635774025
2460347.370159941,2883.021763392857,1.0849958589507374
2460347.377104405,2877.3269740513388,1.0844896660878351
2460347.3840488684,2872.916015625,1.083607832978174
2460347.3909933325,2866.769949776786,1.0825439726937938
2460347.3979377965,2862.32666015625,1.0819363654483418
2460347.4048822606,2857.2058803013388,1.081055673418121
2460347.411826724,2853.066022600446,1.0808097526193812
2460347.4187711887,2852.3681291852677,1.0802510981449827
2460347.4257156528,2848.506382533482,1.0795147477948843
2460347.4326601173,2847.2243303571427,1.0795328838601062
2460347.439604582,2844.356584821429,1.0788957129970722
2460347.4465490463,2843.219970703125,1.07863569647478
2460347.453493511,2842.879813058036,1.0784176950062825
2460347.4604379754,2845.362409319196,1.0788861013063136
2460347.4673824403,2845.921979631696,1.079087907344846
2460347.474326905,2847.161028180804,1.079608482063328
2460347.48127137,2850.08349609375,1.0800451278591219
2460347.4882158344,2853.24462890625,1.0805507884660883
2460347.4951603,2855.965471540179,1.0806705398854426
2460347.502104765,2860.635184151785,1.0813513654246256
2460347.50904923,2865.792271205357,1.082071175023709
2460347.5159936952,2869.0219377790177,1.08326806958721
2460347.52293816,2870.516287667411,1.083034309491676
2460347.5298826257,2874.573590959821,1.0843038200314175
2460347.536827091,2873.996861049107,1.0835299913204215
2460347.543771557,2878.0028948102677,1.0844990684793139
2460347.5507160225,2877.1833147321427,1.0846580162324628
2460347.557660488,2879.420026506696,1.0847543485585083
2460347.564604954,2875.033551897321,1.0841552470229794
2460347.5715494193,2876.2362932477677,1.0842789113970854
2460347.578493885,2872.977329799107,1.0837847605175692
2460347.5854383516,2869.581194196429,1.083039921619925
2460347.5923828175,2866.291050502232,1.0826300559199893
2460347.5993272834,2860.359479631696,1.0815378784318994
2460347.60627175,2859.412144252232,1.0811942603127769
2460347.6132162157,2853.6623186383927,1.0805462109987891
2460347.620160682,2848.818708147321,1.0793241325519636
2460347.6271051485,2843.4384416852677,1.0786791306376349
2460347.634049615,2840.117536272321,1.0777991312110873
2460347.6409940817,2836.4521833147323,1.0772175721097712
2460347.647938548,2834.536376953125,1.077081133244281
2460347.6548830145,2832.378348214285,1.076555745651608
2460347.661827482,2828.958670479911,1.0760988472379778
2460347.6687719487,2825.530308314732,1.0755252467937617
2460347.6757164155,2826.2624162946427,1.0758445185668593
2460347.6826608824,2824.671805245536,1.0752139628017867
2460347.6896053497,2825.91943359375,1.075699819255452
2460347.6965498165,2824.5742885044638,1.0754368085434092
2460347.7034942843,2823.467703683036,1.0748261898291869
2460347.710438751,2826.261369977678,1.0756529174002882
2460347.717383219,2827.237479073661,1.0762751054806634
2460347.724327686,2827.829485212054,1.0758749825295466
2460347.7312721536,2827.7647181919638,1.0759977000986785
2460347.7382166213,2830.750592912946,1.076612337201013
2460347.7451610886,2829.433489118303,1.0762180681920224
2460347.7521055564,2830.8378557477677,1.076259415392401
2460347.7590500247,2832.099609375,1.0767696161301294
2460347.7659944925,2831.677734375,1.0764060931302843
2460347.77293896,2830.3405412946427,1.076608920193954
2460347.7798834285,2832.392682756696,1.0766461972217212
2460347.7868278963,2828.821184430804,1.0764711391790465
2460347.7937723645,2829.029715401786,1.0760765220048618
2460347.8007168327,2826.621198381696,1.075880521062689
2460347.807661301,2825.646240234375,1.0755297719209584
2460347.8146057697,2823.0785784040177,1.0750956952163888
2460347.821550238,2817.5978655133927,1.0741557842672038
2460347.8284947067,2815.102085658482,1.0734994167669525
2460347.8354391754,2810.8091517857138,1.0730940973641345
2460347.8423836436,2802.949323381696,1.0716370294192745
2460347.849328113,2795.5667201450888,1.0704459532397659
2460347.8562725815,2792.223737444196,1.0697226666938344
2460347.86321705,2785.0564662388388,1.0683410877340618
2460347.87016152,2775.927036830357,1.0669703848821706
2460347.8771059886,2773.56884765625,1.0665141828364808
2460347.884050458,2768.3769182477677,1.0656939796485345
2460347.890994927,2764.849260602679,1.0650012244732932
2460347.8979393966,2763.617850167411,1.0651700348196194
2460347.9048838657,2758.6872907366073,1.0641611487952283
2460347.911828335,2758.547293526786,1.063897079199761
2460347.918772805,2754.3657924107138,1.0637162084374
2460347.925717274,2753.105085100446,1.0630945368217668
2460347.932661744,2752.5405970982138,1.062966650232845
2460347.939606214,2751.3672572544638,1.0627694564723844
2460347.9465506836,2750.489188058036,1.0627285081344808
2460347.9534951537,2750.778076171875,1.0628842589377951
2460347.960439624,2751.9041224888388,1.0631182286311307
2460347.967384094,2754.942313058036,1.0637186096564084
2460347.974328564,2757.4004255022323,1.0638792936101094
2460347.981273034,2759.432896205357,1.064084706097894
2460347.988217504,2761.07666015625,1.0643240540398817
2460347.9951619743,2762.239641462054,1.0646382159222634
2460348.002106445,2764.205984933036,1.0648487478247637
2460348.0090509155,2765.82244001116,1.065374439932013
2460348.015995386,2769.818533761161,1.065842760316406
2460348.0229398566,2769.376046316964,1.0659838960139476
2460348.029884327,2774.167131696428,1.0667708996565188
2460348.0368287982,2777.3249162946427,1.0679631780757877
2460348.043773269,2777.961077008928,1.0673249007998213
2460348.05071774,2777.175188337054,1.0672023695321744
2460348.057662211,2773.842878069196,1.066900243357251
2460348.064606682,2772.400216238839,1.0663293660781
2460348.0715511534,2770.3324846540177,1.0660619200126347
2460348.078495625,2771.9050990513388,1.066354515511332
2460348.085440096,2770.07080078125,1.0659762375306685
2460348.092384567,2771.4158412388388,1.0663521720354063
2460348.099329039,2771.644880022321,1.0662902692980072
2460348.10627351,2768.133544921875,1.0658726061823536
2460348.113217982,2771.708286830357,1.067202181635244
2460348.1201624535,2770.858049665179,1.066575435126442
2460348.1271069255,2768.240269252232,1.0655430596857622
2460348.134051397,2768.080601283482,1.0655689129786357
2460348.1409958694,2761.516217912946,1.0647663104068792
2460348.1479403414,2759.750139508929,1.0642696346802667
2460348.1548848134,2756.055803571428,1.0636478517890458
2460348.161829286,2752.7766462053573,1.062927242726121
2460348.1687737578,2745.8637346540177,1.062007030753214
2460348.175718229,2741.555419921875,1.060997865255483
2460348.182662698,2739.707624162946,1.060598353441493
2460348.18960717,2736.49072265625,1.0605804708693287
2460348.196551643,2733.310337611607,1.0596881787885117
2460348.2034961153,2731.8847307477677,1.0591715735742666
2460348.2104405877,2731.3867885044638,1.059269601732148
2460348.217385061,2729.065325055803,1.0592062826389195
2460348.2243295335,2730.1540178571427,1.0591777408936938
2460348.231274007,2730.664411272321,1.059324306719853
2460348.23821848,2734.606724330357,1.0598810236374236
2460348.245162953,2734.0271693638388,1.0599184967016007
2460348.252107426,2739.4053431919638,1.0608083611399233
2460348.259051899,2741.947684151786,1.0613397062355956
2460348.265996373,2744.6802455357138,1.0618503482038528
2460348.272940846,2747.769705636161,1.0619808408619116
2460348.2798853195,2747.705461774554,1.0625010132728476
2460348.2868297934,2752.594587053571,1.062956681829052
2460348.2937742667,2757.558419363839,1.0642699854097153
2460348.3007187406,2758.037946428571,1.0638504370208222
2460348.307663214,2756.91650390625,1.064136276467213
2460348.3146076878,2757.959891183035,1.063983592692446
2460348.321552162,2759.0773577008927,1.0643223284621863
2460348.328496636,2758.1281389508927,1.0642346836018968
2460348.33544111,2754.566266741071,1.0635637116258316
2460348.342385584,2753.540457589286,1.0633179199593277
2460348.3493300583,2753.215471540179,1.062820195006566
2460348.3562745326,2749.7917131696427,1.062560580332616
2460348.3632190074,2743.886509486607,1.06133305564303
2460348.3701634817,2743.106584821429,1.0614415203380099
2460348.377107956,2737.5778459821427,1.06050397146241
2460348.3840524307,2731.003836495536,1.0593243820364702
2460348.390996905,2726.2802385602677,1.0585599221628041
2460348.3979413803,2723.0041155133927,1.0586514868667998
2460348.404885855,2717.514195033482,1.0569096412811805
2460348.41183033,2713.3705705915177,1.0567470081527683
2460348.4187748055,2713.601702008929,1.0561007046624444
2460348.4257192803,2710.04150390625,1.055622356417537
2460348.4326637555,2711.1610630580353,1.0561396619264254
2460348.4396082307,2707.561209542411,1.055413263182116
2460348.4465527064,2709.214181082589,1.0556284959764441
2460348.453497181,2710.852713448661,1.0559983030587508
2460348.460441657,2711.137520926339,1.0559117859921552
2460348.467386132,2714.121826171875,1.0564149382326427
2460348.4743306083,2717.882393973214,1.0570942324809833
2460348.4812750835,2715.909249441964,1.0567830367677153
2460348.4882195597,2720.465018136161,1.0577122050109633
2460348.4951640354,2718.624546595982,1.0575728437400247
2460348.502108511,2721.546909877232,1.057723387200033
2460348.5090529867,2720.5585588727677,1.057590377266507
2460348.5159974634,2720.546735491071,1.057383932280336
2460348.5229419395,2722.2013811383927,1.0576976537559857
2460348.5298864157,2721.399274553571,1.0578722210168967
2460348.536830892,2720.6647600446427,1.0577051952393093
2460348.5437753685,2720.720005580357,1.057950570597235
2460348.5507198446,2720.1835588727677,1.0573026993715415
2460348.5576643213,2717.1790597098216,1.0575217721835124
2460348.564608798,2717.018345424107,1.0569440248837978
2460348.5715532745,2711.5065569196427,1.0560760407705592
2460348.5784977516,2710.789620535714,1.0560685486582655
2460348.5854422282,2705.524030412946,1.0549210606870625
2460348.5923867053,2701.813058035714,1.0541585620933314
2460348.599331182,2699.514090401786,1.0539168522704525
2460348.6062756595,2694.197335379464,1.0529796804938114
2460348.613220136,2692.4465332031245,1.0532348937183464
2460348.6201646137,2690.345319475446,1.05254157883364
2460348.6271090913,2689.626290457589,1.052762087222651
2460348.634053569,2688.6563546316966,1.0520339622390282
2460348.6409980464,2687.0404227120534,1.05179895973633
2460348.647942524,2688.159563337054,1.0518888116735654
2460348.6548870015,2686.182233537946,1.0513076099412724
2460348.661831479,2686.3795689174103,1.0517170440113024
2460348.6687759566,2687.640276227678,1.0521906108556243
2460348.6757204346,2688.311070033482,1.052312100951839
2460348.6826649127,2690.130929129464,1.0522783964788462
2460348.68960939,2690.238385881696,1.0524582996898977
2460348.6965538687,2691.4096330915177,1.0526224038554923
2460348.703498347,2690.248639787946,1.052353777758463
2460348.7104428248,2690.546421595982,1.052346783613984
2460348.7173873037,2690.679931640625,1.0523805905131598
2460348.7243317817,2691.8232421874995,1.052390488743886
2460348.7312762607,2692.136823381696,1.052694941405816
2460348.7382207387,2691.0020926339284,1.0522928292021063
2460348.7451652177,2688.8319266183034,1.0520967265717707
2460348.7521096966,2687.352120535714,1.0521178031681198
2460348.759054175,2685.566999162946,1.0517072629032203
2460348.765998654,2683.0783342633927,1.0514419441911682
2460348.7729431335,2681.013218470982,1.0510198652783191
2460348.7798876124,2677.522495814732,1.0503669114354985
2460348.7868320914,2670.907784598214,1.0488829819196976
2460348.793776571,2669.020333426339,1.0491446188312783
2460348.80072105,2664.4233398437495,1.0476713367324713
2460348.807665529,2660.082275390625,1.0470113933685548
2460348.8146100086,2659.586739676339,1.0471824281273585
2460348.8215544885,2655.589704241071,1.0463273371374517
2460348.828498968,2652.015904017857,1.0458823479809476
2460348.835443448,2645.1733049665177,1.0443680645126616
2460348.842387927,2645.531773158482,1.0443541582835143
2460348.849332407,2641.880231584821,1.0437107186598473
2460348.856276887,2638.2812151227677,1.0433782592881753
2460348.8632213674,2636.864397321428,1.0432092409428237
2460348.8701658472,2633.704729352678,1.0425190893085563
2460348.8771103276,2634.6716308593745,1.0429135183227187
2460348.8840548075,2632.970528738839,1.0423752308453438
2460348.890999288,2628.635428292411,1.0417929915189423
2460348.897943768,2628.530325753348,1.0415953937905138
2460348.9048882495,2625.104997907366,1.0409123959081075
2460348.9118327294,2625.540370396205,1.0408842247886199
2460348.91877721,2626.657052176339,1.0410692206643228
2460348.925721691,2625.7435651506694,1.0417213452290575
2460348.932666172,2625.586931501116,1.0410116960590499
2460348.9396106526,2625.581072126116,1.0409138153199862
2460348.9465551334,2624.41463797433,1.0406685683990047
2460348.9534996147,2625.3261893136155,1.040907479733397
2460348.960444096,2625.2275739397323,1.0409562047836307
2460348.9673885773,2625.073137555803,1.040824948351824
2460348.9743330586,2623.845546177455,1.0407078484332117
2460348.9812775394,2622.956804547991,1.0403437718512667
2460348.988222021,2623.2529645647323,1.0406449787540548
2460348.9951665024,2624.271344866071,1.0405879696189722
2460349.002110984,2620.545933314732,1.0399456148812476
2460349.009055466,2620.487077985491,1.0400052455621283
2460349.015999947,2623.053536551339,1.0403886635001993
2460349.0229444294,2621.951921735491,1.0405607187262036
2460349.029888911,2620.728567940848,1.039898950036181
2460349.036833393,2617.0458461216517,1.0398715153302969
2460349.043777875,2617.857317243303,1.0399748002142821
2460349.0507223574,2615.0271344866073,1.0394711990966343
2460349.0576668396,2611.208809988839,1.0382953364505474
2460349.064611322,2611.5859549386155,1.0383175797732995
2460349.0715558045,2611.4252929687495,1.0384026737025944
2460349.078500287,2612.152483258928,1.0386020982308408
2460349.0854447694,2608.859200613839,1.0381907158398012
2460349.092389252,2606.1952253069194,1.0377093727339934
2460349.0993337347,2607.3013392857138,1.0378590595625485
2460349.106278218,2608.2591901506694,1.037938652696143
2460349.1132227,2605.816510881696,1.0377675942568116
2460349.120167183,2606.5475725446427,1.03801017738538
2460349.1271116664,2606.0546526227677,1.0376972341343105
2460349.1340561495,2603.9955531529017,1.0373985336183804
2460349.1410006327,2604.468802315848,1.0371638443619913
2460349.147945116,2602.334158761161,1.0368919267546786
2460349.154889599,2601.131365094866,1.0369003989933072
2460349.161834083,2598.810424804687,1.0363622258264724
2460349.1687785666,2600.999162946428,1.036668183488033
2460349.1757230503,2593.2916259765625,1.0354998248119194
2460349.1826675334,2594.415370396205,1.0356655826703933
2460349.1896120175,2589.475027901786,1.034623808160045
2460349.196556501,2588.5686558314733,1.034724578946304
2460349.203500985,2584.8364432198655,1.0338348545920164
2460349.2104454692,2586.766950334821,1.034401868686683
2460349.2173899533,2585.099434988839,1.0337870261609694
2460349.2243344374,2585.468523297991,1.033805408623251
2460349.231278922,2583.4033028738836,1.033439748677782
2460349.238223406,2586.7481689453125,1.0344045010648206
2460349.2451678906,2586.671944754464,1.0342611831360045
2460349.2521123756,2585.6823904854905,1.034198241995662
2460349.2590568596,2586.943673270089,1.0344616574004137
2460349.266001344,2590.143833705357,1.0350741646298138
2460349.272945829,2591.8396519252233,1.0351216876517195
2460349.2798903137,2593.805786132812,1.0353263055312447
2460349.2868347988,2595.849190848214,1.0356927379253829
2460349.2937792838,2595.6017892020086,1.0358032090463167
2460349.300723769,2596.3363560267853,1.0361080093945199
2460349.307668254,2596.2101178850444,1.0357510333154083
2460349.3146127393,2598.481253487723,1.0366147004596316
2460349.3215572247,2595.329642159598,1.035894149162292
2460349.32850171,2594.681710379464,1.0354744680834864
2460349.3354461957,2594.2044852120534,1.0355991664055226
2460349.3423906807,2590.733956473214,1.0349515931943734
2460349.349335167,2588.1025216238836,1.0345603580875204
2460349.356279652,2586.6300920758927,1.034310884703785
2460349.363224138,2582.8951590401784,1.033357744375241
2460349.370168624,2580.875767299107,1.0334428787748278
2460349.3771131104,2578.1633998325888,1.033051034351384
2460349.3840575963,2577.5921107700888,1.0325677214184952
2460349.3910020827,2575.945940290179,1.0323540374631335
2460349.397946568,2575.3244803292405,1.0323531231890413
2460349.4048910546,2573.4113420758927,1.0317398694498914
2460349.4118355415,2569.5073765345983,1.031335082409427
2460349.4187800274,2568.4316057477677,1.031215119598094
2460349.4257245143,2567.3686000279017,1.0315183280049391
2460349.4326690007,2564.1238141741073,1.0302499287882716
2460349.4396134876,2566.206821986607,1.0312350830788164
2460349.4465579744,2565.24813406808,1.030655866686159
2460349.4535024613,2566.0595528738836,1.030659032981809
2460349.460446948,2566.9383544921875,1.0307527463797865
2460349.4673914355,2564.7997872488836,1.0304472663778295
2460349.4743359224,2570.225202287946,1.0313039909460475
2460349.4812804093,2571.2438964843745,1.031406157655092
2460349.488224897,2571.2947474888388,1.0315614068827952
2460349.495169384,2572.9007917131694,1.0316319245479975
2460349.5021138717,2572.9343261718745,1.0319477546978286
2460349.509058359,2574.802106584821,1.0323531324762922
2460349.516002847,2574.85782296317,1.0323378207549407
2460349.5229473347,2571.88623046875,1.0320872986868652
2460349.529891822,2573.924926757812,1.0318858989942925
2460349.5368363103,2570.7130475725444,1.0312602068089496
2460349.543780798,2567.515241350446,1.0308661667840169
2460349.5507252864,2566.857107979911,1.0306523319481704
2460349.557669774,2563.590924944196,1.0301746661335605
2460349.5646142624,2561.538469587053,1.0299818128639053
2460349.5715587507,2559.338692801339,1.0296844673957233
2460349.5785032394,2558.6591622488836,1.0296227355201288
2460349.5854477272,2554.1098284040177,1.0284633566616006
2460349.592392216,2553.231863839286,1.0284661908042108
2460349.5993367047,2548.09716796875,1.027491069138263
2460349.6062811934,2547.7184535435267,1.0275180923904876
2460349.613225682,2544.5717599051336,1.0266505111144695
2460349.620170171,2542.5744977678573,1.0263062215891734
2460349.6271146596,2538.124354771205,1.0259251966936664
2460349.6340591493,2538.0396030970983,1.0255888144939498
2460349.6410036385,2536.054007393973,1.0253437076082539
2460349.6479481272,2535.6819370814733,1.0252926236852449
2460349.6548926164,2535.8037283761155,1.0256767587728781
2460349.661837106,2536.8686174665177,1.025408029609901
2460349.6687815953,2536.24715750558,1.0250205809296709
2460349.675726085,2535.570085797991,1.0253801763765056
2460349.6826705746,2535.9372384207586,1.0253504640674007
2460349.6896150643,2537.791835239955,1.025599246920941
2460349.696559554,2536.5580705915177,1.0255311833851162
2460349.703504044,2536.606201171875,1.0254365093717162
2460349.7104485338,2536.4498291015625,1.025568883566258
2460349.717393024,2536.1836983816966,1.0253692313444691
2460349.7243375145,2535.57421875,1.0252660420481494
2460349.731282004,2535.650809151786,1.0254585319728906
2460349.7382264948,2535.210100446428,1.025402791325816
2460349.745170985,2533.2663574218745,1.0247804381639387
2460349.7521154755,2530.474469866071,1.0249915722703946
2460349.759059966,2528.282069614955,1.0241730382209406
2460349.7660044567,2525.9462716238836,1.0240032397251948
2460349.7729489473,2524.201276506696,1.0233826459431852
2460349.7798934383,2521.5574951171875,1.0227877306270974
2460349.7868379294,2518.914236886161,1.0221079025556636
2460349.79378242,2513.7048339843745,1.021498162094312
2460349.800726911,2511.4321289062495,1.0211410459863817
2460349.807671402,2511.690935407366,1.0209732577692747
2460349.8146158936,2507.473440987723,1.0201548059510765
2460349.8215603847,2505.2704729352677,1.019756546204497
2460349.8285048762,2502.7604108537944,1.019508762050745
2460349.8354493678,2500.907540457589,1.0190466755125744
2460349.8423938593,2500.611851283482,1.0193494935089995
2460349.849338351,2497.5593261718745,1.0184328825231401
2460349.856282843,2496.610996791295,1.0183288186235313
2460349.8632273343,2493.145333426339,1.0174761973333852
2460349.8701718263,2494.028581891741,1.017686827141033
2460349.8771163183,2491.8056291852677,1.0174019822634308
2460349.884060811,2490.918980189732,1.0172180638838506
2460349.8910053023,2491.5797293526784,1.0179343979652935
2460349.897949795,2489.9027448381694,1.0169484901764296
2460349.904894287,2488.7875802176336,1.0169220056159405
2460349.9118387797,2486.5881173270086,1.0162614337122677
2460349.918783272,2485.1564941406245,1.0161138093130084
2460349.9257277646,2483.7968575613836,1.0159867171077586
2460349.932672257,2482.0411376953125,1.0159609891604695
2460349.9396167495,2481.6338588169638,1.015489351114737
2460349.946561243,2480.812604631696,1.0155374361678466
2460349.953505736,2478.921700613839,1.0150963796786228
2460349.960450229,2479.210065569196,1.0154471365138933
2460349.9673947203,2477.6867327008927,1.0148727963950217
2460349.974339211,2479.0350167410716,1.015435845503304
2460349.9812837043,2477.9884905133927,1.0146918972132843
2460349.9882281977,2477.1226109095983,1.0146814105727187
2460349.995172691,2475.1664167131694,1.014589588063714
2460350.0021171845,2475.826590401786,1.0142221772180202
2460350.0090616783,2474.7076590401784,1.0144042657191472
2460350.016006172,2473.0190080915177,1.0139950380481884
2460350.0229506656,2470.089739118303,1.013442947080563
2460350.02989516,2469.4689592633927,1.0133532280254367
2460350.0368396533,2469.385620117187,1.0133837106978363
2460350.0437841476,2466.247924804687,1.0131800106034834
2460350.0507286415,2465.1173270089284,1.0128562099235516
2460350.057673136,2463.927559988839,1.0123902800242595
2460350.06461763,2465.8155866350444,1.0127575604063201
2460350.0715621244,2461.7131870814733,1.0124071873431528
2460350.078506619,2461.5265241350444,1.011880857188216
2460350.0854511135,2461.7154889787944,1.0120596586805366
2460350.092395608,2458.330182756696,1.01151186085619
2460350.099340103,2457.2013113839284,1.01100080634203
2460350.106284598,2459.2326311383927,1.0115734054957668
2460350.1132290927,2455.703142438616,1.010870218588012
2460350.120173588,2455.786690848214,1.0112450555109145
2460350.1271180827,2453.6886683872767,1.010802270880767
2460350.1340625775,2453.9315708705353,1.0111292010232191
2460350.139849657,2455.5465872628347,1.2378491118053823
2460350.145636737,2452.387520926339,1.010252219721737
2460350.152581232,2450.615164620536,1.0101452075315986
2460350.159525728,2446.5570765904017,1.0091549503852726
2460350.166470223,2446.1259416852677,1.008991286798276
2460350.173414719,2445.41952078683,1.0094941099999362
2460350.1803592145,2442.5185023716517,1.0090677237502208
2460350.1873037107,2441.8420061383927,1.0084774548341284
2460350.1942482064,2438.5053536551336,1.0082705026003234
2460350.201192702,2437.660661969866,1.007811394072788
2460350.2081371984,2434.5133405412944,1.007453112096903
2460350.2150816945,2435.381417410714,1.0072278706843993
2460350.2220261907,2434.481270926339,1.0070848419286693
2460350.2289706874,2431.5624128069194,1.0065186275131743
2460350.2359151836,2431.093819754464,1.006504703837151
2460350.24285968,2431.0492989676336,1.0065111485181306
2460350.249804177,2429.746895926339,1.0063311758467532
2460350.2567486735,2426.7918875558034,1.0057149561991563
2460350.26369317,2427.5294886997767,1.0060777510637982
2460350.270637667,2426.6816057477677,1.0055805828066888
2460350.2775821644,2423.5708530970983,1.0051134032914155
2460350.284526661,2423.7140938895086,1.0052569360867751
2460350.2914711586,2421.0406494140625,1.004892530538627
2460350.2984156553,2420.897094726562,1.004818278782668
2460350.305360153,2419.927734375,1.0043227204092195
2460350.3123046504,2418.0860595703125,1.0043528017604293
2460350.3192491475,2416.238159179687,1.0042116429456958
2460350.326193645,2413.162091936384,1.0032228928998672
2460350.333138143,2412.7448207310267,1.00316144236647
2460350.3400826403,2411.1680210658483,1.002897837777488
2460350.3470271383,2411.1256452287944,1.0032030888944614
2460350.3539716364,2409.251011439732,1.002801038370589
2460350.3609161344,2406.120221819196,1.0026862427340177
2460350.3678606325,2405.4987618582586,1.0020439547051887
2460350.3748051305,2404.04940359933,1.0018412434831032
2460350.3817496286,2401.0214669363836,1.0015558143337746
2460350.3886941276,2402.4445626395086,1.0012719765432692
2460350.3956386256,2399.824061802455,1.0010957572076251
2460350.4025831246,2398.043805803571,1.0006958838132045
2460350.409527623,2397.03866141183,1.0005987974806043
2460350.4164721216,2397.916887555804,1.000648597753368
2460350.4234166206,2396.9364362444194,1.0004463165497526
2460350.4303611196,2394.8976353236603,1.0000068384353038
2460350.4373056185,2395.9762834821427,1.000499681641539
2460350.4442501175,2393.6212855747767,1.0004258042296141
2460350.4511946165,2393.226928710937,0.9996712929769559
2460350.458139116,2391.7285505022323,0.9994681321455983
2460350.4650836154,2392.9908796037944,0.9996627982204048
2460350.4720281144,2392.532592773437,0.9996209559250531
2460350.4789726143,2391.257132393973,0.9995111987966987
2460350.4859171137,2391.305106026786,0.9999870440046749
2460350.492861613,2388.7598876953125,0.9989290170012742
2460350.499806113,2391.102382114955,0.9995155948373874
2460350.506750613,2391.3112269810267,0.9997148207600798
2460350.513695113,2390.065272739955,0.9991869750817036
2460350.5206396133,2390.2110770089284,0.999256757240111
2460350.527584113,2391.841448102678,0.9997034082352894
2460350.5345286136,2389.520664760045,0.9994114381209368
2460350.5414731135,2390.097760881696,0.9993567588090277
2460350.5484176143,2391.06884765625,0.9994742454674973
2460350.5553621147,2390.5966448102677,0.9995219790980302
2460350.562306615,2389.7606898716517,0.9989450845525375
2460350.569251116,2391.6283133370534,1.0001248961220972
2460350.5761956167,2390.8857421874995,0.9996446505984159
2460350.5831401176,2392.963727678571,0.9997272983572469
2460350.5900846184,2390.0475899832586,0.9992904877782932
2460350.5970291197,2390.6438337053573,0.9995797060396581
2460350.6039736206,2389.901838030134,0.9991519356089592
2460350.610918122,2390.4779924665177,0.9995055326741437
2460350.617862623,2390.2808663504466,0.9992478997341854
2460350.624807125,2392.34676688058,0.9996386092166617
2460350.6317516263,2391.30526297433,0.9994338404896185
2460350.6386961276,2390.2324741908483,0.9990317495966373
2460350.6456406293,2388.8836146763388,0.9990700603479169
2460350.652585131,2392.604056222098,1.0000507485112173
2460350.659529633,2389.7959507533483,0.999146329546848
2460350.6664741347,2391.295427594866,0.9995959074935415
2460350.673418637,2392.8368094308034,0.9998316163631911
2460350.680363139,2391.7065778459823,0.9995982264204057
2460350.687307641,2389.987479073661,0.9992320348662918
2460350.6942521436,2390.4742780412944,0.9995054908775621
2460350.701196646,2393.7013811383927,0.999940897969345
2460350.708141148,2392.2840401785716,0.9994295283107614
2460350.7150856513,2393.031529017857,1.0002081334671165
2460350.7220301535,2393.246128627232,0.9995305623248875
2460350.7289746567,2392.096801757812,1.000189996743161
2460350.735919159,2390.678048270089,0.9993742765601458
2460350.742863662,2390.821184430803,0.9990945020614043
2460350.749808165,2392.203055245536,0.9993436222656671
2460350.756752668,2392.2174944196427,0.9998349918312046
2460350.763697171,2390.9899030412944,0.9997289243402824
2460350.7706416748,2392.882742745536,0.9998047689335312
2460350.7775861784,2394.339529854911,0.9999734877160283
2460350.784530682,2392.421212332589,0.9995770315474924
2460350.7914751847,2391.341570172991,0.9995552400797307
2460350.7984196884,2394.4975237165177,1.0000093429762484
2460350.805364192,2394.1394217354905,0.9999544627747259
2460350.812308696,2393.3961181640625,0.9998407971742154
2460350.8192532,2392.8820103236603,0.999883371366482
2460350.826197704,2394.093122209821,1.00027066845943
2460350.8331422084,2394.0268380301336,1.0001247845272465
2460350.840086712,2395.116001674107,0.9999856527093836
2460350.8470312166,2392.4970703125,0.9993947553740924
2460350.853975721,2393.1633126395086,0.9998528764254191
2460350.8609202257,2392.9289376395086,0.999514244416874
2460350.86786473,2393.710588727678,0.9995312592750336
2460350.874809235,2395.7608991350444,1.0000373491990857
2460350.8817537394,2393.44482421875,0.9996604702080171
2460350.888698244,2392.210065569196,0.9997852284001
2460350.895642749,2392.5785784040177,0.9997459957208806
2460350.902587254,2393.295776367187,0.9998754623205812
2460350.909531759,2396.319266183036,1.00023393454886
2460350.916476264,2393.5878034319194,1.0004280526789426
2460350.9234207696,2395.406616210937,1.0003697553028192
2460350.930365275,2394.599434988839,0.9999660811953069
2460350.9373097806,2392.9660295758927,0.9995428559390612
2460350.944254286,2393.562273297991,0.9997826023963318
2460350.9511987916,2392.1625627790177,0.999982812346566
2460350.9581432976,2392.57674734933,0.9997036700643496
2460350.965087803,2394.839198521205,1.0002270028073343
2460350.972032309,2392.485194614955,0.9994764405578178
2460350.9789768145,2390.9011753627233,0.9992166855116046
2460350.9859213214,2392.7534702845983,0.9994646024411197
2460350.9928658274,2392.3338971819194,0.9994364322729861
2460350.999810334,2391.771554129464,0.9996121721861476
2460351.0067548403,2391.940220424107,0.9996754943183896
2460351.013699346,2392.2087053571427,0.9993741946914695
2460351.020643853,2393.6689976283483,0.9996640772246955
2460351.02758836,2393.974417550223,0.9998044720624925
2460351.0345328664,2392.6157226562495,0.9997082866819181
2460351.0414773733,2391.5123291015625,0.9994368846062468
2460351.04842188,2392.0694928850444,0.999625088120586
2460351.055366387,2390.25732421875,0.9990453873193436
2460351.062310894,2391.100027901786,0.9993152764434199
2460351.0692554014,2390.8703090122767,0.9992199507760245
2460351.0761999087,2389.600341796875,0.9991830244452292
2460351.083144416,2388.64599609375,0.9988916699483714
2460351.0900889235,2389.787423270089,0.9993557434077052
2460351.0970334313,2388.834333147321,0.999054176398864
2460351.1039779386,2389.1902378627233,0.9996980300512104
2460351.1109224465,2389.744471958705,0.9988493047242725
2460351.1178669543,2387.7549525669638,0.9984833617215528
2460351.1248114626,2389.1404331752233,0.9993908154089882
2460351.1317559704,2389.4579903738836,0.9992525935816042
2460351.1387004782,2389.5783691406245,0.9992451118266915
2460351.1456449865,2389.971993582589,0.99927886262207
2460351.152589495,2388.202253069196,0.9992866480785785
2460351.159534003,2388.124302455357,0.9987239880477788
2460351.166478512,2388.3288051060267,0.9993006475021158
2460351.17342302,2386.7742919921875,0.9985418215137835
2460351.180367529,2389.2466343470983,0.9991989273738838
2460351.187312038,2388.1462227957586,0.9986150800644569
2460351.1942565464,2387.5859200613836,0.9987155748954839
2460351.2012010557,2385.6438511439733,0.9981867992207535
2460351.2081455644,2388.321847098214,0.9991122643018086
2460351.2150900736,2388.7953055245534,0.9989795907208396
2460351.222034583,2389.057983398437,0.9994198164846653
2460351.228979092,2388.751883370536,0.9988082656065761
2460351.235923602,2389.639578683036,0.9988120632329944
2460351.242868111,2389.0637904575888,0.99907259210738
2460351.24981262,2387.7288992745534,0.9989643862896364
2460351.2567571304,2386.4185965401784,0.9983408798197142
2460351.26370164,2387.738786969866,0.9986660884991364
2460351.2706461498,2388.0857456752233,0.9988013019724132
2460351.27759066,2388.5968191964284,0.9987400645741737
2460351.2845351696,2387.9938790457586,0.9986904324926323
2460351.2914796798,2388.615757533482,0.9986882485923051
2460351.29842419,2389.074881417411,0.998911549661428
2460351.3053687005,2386.920200892857,0.9986829915009978
2460351.3123132107,2387.4757428850444,0.9988537066262363
2460351.319257721,2390.6816057477677,0.999333702418932
2460351.326202232,2386.417236328125,0.9983710912086132
2460351.333146742,2388.3381173270086,0.9991116158737382
2460351.340091253,2388.0030866350444,0.9986171913865568
2460351.347035764,2387.822858537946,0.9989017812538451
2460351.353980275,2387.262765066964,0.9987668984931903
2460351.360924786,2387.1412876674103,0.9983612592472838
2460351.367869297,2387.2391706194194,0.998669849344966
2460351.374813808,2387.1716308593745,0.9985243558417808
2460351.3817583197,2387.5353306361603,0.9988547771917681
2460351.3887028308,2388.6474086216517,0.9986982342720255
2460351.3956473423,2388.2388218470983,0.9985478673058013
2460351.4025918543,2388.819946289062,0.9988832691297777
2460351.409536366,2389.70361328125,0.9991726114801575
2460351.4164808774,2388.3326764787944,0.9988333090158351
2460351.4234253895,2390.598894391741,0.9992750626859691
2460351.430369901,2388.519391741071,0.9986982365810828
2460351.4373144135,2387.5541643415177,0.9988968287847643
2460351.4442589255,2388.503696986607,0.9987083315406576
2460351.451203438,2390.4962506975444,0.9992061723171836
2460351.45814795,2390.2973458426336,0.9999682386403345
2460351.4650924625,2387.333757672991,0.9986957882801284
2460351.472036975,2386.6028006417405,0.9988027361340333
2460351.4789814875,2388.001569475446,0.9987971992267375
2460351.4859260004,2386.477870396205,0.9982913089154836
2460351.492870513,2387.922520228795,0.9988052370932086
2460351.499815026,2390.2594168526784,0.9992222871309354
2460351.506759539,2386.7971017020086,0.9983824176313316
2460351.5137040517,2388.930908203125,0.9991341118971481
2460351.5206485647,2385.0031389508927,0.9983586656113453
2460351.527593078,2385.713431222098,0.9982616241256013
2460351.5345375915,2385.4401855468745,0.9980935918109357
2460351.541482105,2385.5549142020086,0.9980773068964108
2460351.5484266183,2385.866768973214,0.9983379775907949
2460351.5553711317,2384.2651192801336,0.9981731780391693
2460351.5623156456,2384.967825753348,0.998152801393602
2460351.5692601595,2384.8461390904017,0.9978148824381036
2460351.5762046734,2384.8080008370534,0.9981385484356758
2460351.5831491873,2383.6449148995534,0.9977705637818178
2460351.5900937016,2385.114676339286,0.99810701248364
2460351.597038215,2384.036394391741,0.9980695283693121
2460351.6039827294,2383.02450125558,0.9977558271605446
2460351.610927244,2384.3876429966517,0.9979482098163803
2460351.617871758,2383.4857177734375,0.9979114531140052
2460351.624816273,2383.5046037946427,0.9978089910082645
2460351.631760787,2383.809186662946,0.9980216567590529
2460351.638705302,2383.835867745536,0.998402726196492
2460351.645649817,2385.180489676339,0.9980189229254135
2460351.6525943317,2384.6590576171875,0.9981042979743765
2460351.6595388465,2383.800449916295,0.9983963501672005
2460351.6664833617,2384.885271344866,0.9982106153487141
2460351.6734278766,2384.990164620536,0.9982896727346002
2460351.680372392,2382.896013532366,0.9979478835269097
2460351.687316907,2381.743338448661,0.997467286188059
2460351.6942614224,2384.0908028738836,0.9980430022689424
2460351.7012059377,2381.66366141183,0.9976135729083887
2460351.7081504534,2383.9503871372767,0.998057335080308
2460351.715094969,2384.458530970982,0.9986592583607341
2460351.722039485,2384.506766183036,0.997915159359665
2460351.7289840006,2383.4011230468745,0.9978987639662336
2460351.7359285164,2381.980329241071,0.9974894348013322
2460351.7428730326,2384.4287632533483,0.9983006330169194
2460351.749817549,2382.611206054687,0.9984619757789398
2460351.7567620645,2382.771815708705,0.9975768240872046
2460351.763706583,2381.664812360491,0.9978212683012856
2460351.7706510997,2382.318917410714,0.9977203889868148
2460351.7775956155,2382.5778285435267,0.998013079969181
2460351.784540132,2379.8349609374995,0.9974951211441331
2460351.791484649,2380.4486258370534,0.9973471357841639
2460351.7984291655,2381.2961425781245,0.9974086914860537
2460351.805373682,2383.8168247767853,0.9976757368712277
2460351.8123182,2381.953386579241,0.9975770524680926
2460351.8192627165,2381.881243024553,0.9978842304804695
2460351.8262072336,2379.949480329241,0.9976590102062399
2460351.8331517507,2379.5648542131694,0.9972219606133129
2460351.8400962674,2382.164585658482,0.9974845615042947
2460351.847040785,2379.9482247488836,0.9973400423784103
2460351.8539853026,2380.6488909040177,0.9975627511298937
2460351.86092982,2381.28426688058,0.9972865323678956
2460351.8678743374,2381.119210379464,0.9974320969341463
2460351.8748188554,2382.63077218192,0.9975191420832196
2460351.881763373,2380.3107735770086,0.9972255980608363
2460351.888707891,2382.379499162946,0.9983966778564933
2460351.8956524082,2380.9473005022323,0.9975855170965483
2460351.902596927,2380.0878034319194,0.9973386201030393
2460351.909541445,2384.419712611607,0.9978172219783802
2460351.916485963,2379.0294538225444,0.9969532361363526
2460351.9234304815,2381.4237409319194,0.9977688938102265
2460351.9303749995,2381.275006975446,0.9975574776484809
2460351.937319518,2380.5678013392853,0.9972697500356604
2460351.9442640366,2380.3175746372767,0.9973517925353783
2460351.951208555,2382.05184500558,0.9976218612310864
2460351.9581530737,2381.368233816964,0.9975955194110636
2460351.9650975927,2382.1070905412944,0.9975126162769814
2460351.972042111,2381.972481863839,0.9976781442661568
2460351.97898663,2380.831682477678,0.9978310666296787
2460351.985931149,2380.2484654017853,0.9971258603694052
2460351.992875668,2380.042759486607,0.997281744812807
2460351.9998201877,2381.809151785714,0.997596464193513
2460352.0067647067,2380.884102957589,0.9975153150382002
2460352.013709226,2381.2540806361603,0.9973216685276403
2460352.020653745,2381.795183454241,0.9974740562602386
2460352.027598265,2381.205845424107,0.9973369106279427
2460352.0345427846,2380.905814034598,0.9976463742672723
2460352.041487304,2381.943132672991,0.9976023727151196
2460352.0484318244,2380.061697823661,0.9969052245206975
2460352.055376344,2381.722516741071,0.9976564321073921
2460352.062320864,2380.6266566685263,0.9979080901591623
2460352.0692653838,2381.117850167411,0.9975788022708608
2460352.076209904,2380.0123639787944,0.9974077026644421
2460352.0831544246,2382.5163051060267,0.9980570713044722
2460352.090098944,2381.913678850446,0.9979115408825111
2460352.0970434644,2381.4393833705353,0.9979886599727692
2460352.103987985,2382.179024832589,0.9978928657317495
2460352.110932505,2382.4139753069194,0.9979593518546316
2460352.1178770256,2381.286987304687,0.9978275328882024
2460352.1248215465,2382.411934988839,0.9977718250833275
2460352.1317660674,2382.2664969308034,0.9976974002416963
2460352.1387105878,2383.7380894252233,0.9979908705358365
2460352.145655109,2381.136945452009,0.9974122599917115
2460352.1525996295,2382.714425223214,0.9978514792678562
2460352.159544151,2381.587751116071,0.997748675591922
2460352.166488672,2382.6041434151784,0.9974411918403482
2460352.173433193,2381.982264927455,0.9977572097168834
2460352.1803777143,2381.4535609654017,0.9976134437259726
2460352.1873222357,2383.876778738839,0.9978788866719515
2460352.194266757,2380.5900355747767,0.9972893633067419
2460352.2012112783,2381.4811837332586,0.9976144047190186
2460352.2081558,2382.3992222377233,0.9978707396543697
2460352.2151003215,2382.584054129464,0.9977608076104887
2460352.2220448437,2381.29891531808,0.9974444786101356
2460352.2289893655,2381.792463030134,1.2215772643938356
2460352.2359338873,2381.8063790457586,0.9976494582257825
2460352.242878409,2381.7395717075888,0.997430532984119
2460352.249822931,2381.293579101562,0.9975131329078786
2460352.256767453,2380.137084960937,0.9973190751711739
2460352.2637119754,2381.584089006696,0.9976428477351504
2460352.2706564977,2382.8451625279017,0.997449625018596
2460352.27760102,2381.69677734375,0.997561207759997
2460352.284545542,2379.8683907645086,0.9976838783570364
2460352.2914900645,2381.824375697545,0.997806982960132
2460352.298434587,2383.0062430245534,0.9975621945070811
2460352.30537911,2381.4184570312495,0.9977695439511572
2460352.312323632,2380.4425571986603,0.9973551231109133
2460352.3192681544,2382.222290039062,0.9974556416124077
2460352.3262126776,2383.007132393973,0.997511233625121
2460352.333157201,2382.7060023716517,0.9980600807900281
2460352.340101723,2381.026925223214,0.9975245726629315
2460352.3470462468,2382.487688337054,0.9978503236406212
2460352.3539907695,2382.060791015625,0.9977770663439768
2460352.360935293,2383.2738385881694,0.9977791327992455
2460352.367879816,2382.4483991350444,0.9978170879428437
2460352.3748243395,2382.115984235491,0.9981387724535643
2460352.3817688623,2381.730259486607,0.9977970146341785
2460352.388713386,2381.7672991071427,0.9980386080153014
2460352.3956579096,2380.614048549107,0.9975445050053836
2460352.4026024328,2381.757934570312,0.9976988652223279
2460352.409546957,2384.036969866071,0.997807711881535
2460352.4164914805,2383.551531110491,0.997752433787897
2460352.423436004,2382.3959786551336,0.9978242817893026
2460352.430380528,2382.9566999162944,0.998105938881241
2460352.4373250515,2383.376743861607,0.9976388346322175
2460352.4442695756,2381.6048060825888,0.9976943708037255
2460352.4512141,2382.3197021484375,0.9977443652795327
2460352.4581586234,2383.911882672991,0.998139528915519
2460352.4651031476,2382.2746058872767,0.9978980192966188
2460352.4720476717,2384.5736258370534,0.9979134882957917
2460352.4789921963,2384.9941929408483,0.9981695820056512
2460352.4859367204,2383.597987583705,0.9979112105825244
2460352.492881245,2385.671212332589,0.9985542488820207
2460352.499825769,2385.309134347098,0.9986404459007199
2460352.5067702937,2383.3408028738836,0.9978914496849534
2460352.5137148183,2381.405796595982,0.9973688040785205
2460352.5206593424,2384.553850446428,0.9986899117167147
2460352.5276038675,2385.7243129185267,0.9983496328962511
2460352.534548392,2383.9242815290177,0.9982031415525788
2460352.5414929166,2384.1412876674103,0.9981195794843294
2460352.5484374417,2382.07381766183,0.9975677458071791
2460352.5553819668,2382.7709263392853,0.9983541933492543
2460352.5623264913,2382.9404820033483,0.9979961061099916
2460352.5692710164,2384.3436976841517,0.9982753527518865
2460352.576215541,2383.840209960937,0.9978590538039146
2460352.5831600665,2383.3475516183034,0.9978984082728398
2460352.5901045916,2383.446114676339,0.9977057037590789
2460352.5970491166,2383.00430733817,0.9981107952140698
2460352.6039936426,2382.953299386161,0.9980738408084185
2460352.610938167,2382.7508893694194,0.9977371789137292
2460352.6178826927,2382.175885881696,0.997722406060416
2460352.624827218,2381.6209716796875,0.9973866396974072
2460352.6317717433,2383.451817103795,0.9980466297985369
2460352.638716269,2380.839948381696,0.9971800301737693
2460352.645660795,2382.51797921317,0.9981192355529686
2460352.65260532,2381.419712611607,0.9976747135421816
2460352.6595498454,2382.8738316127233,0.9982876350495817
2460352.6664943714,2380.753941127232,0.9976298854628246
2460352.673438897,2382.3256661551336,0.9975689217505334
2460352.680383423,2381.5253383091517,0.9980736162672564
2460352.687327949,2381.298130580357,0.9974459857879395
2460352.694272475,2383.1589006696427,0.9980770448007426
2460352.701217001,2381.7196393694194,0.997412418053515
2460352.708161526,2382.3663155691966,0.997944863617212
2460352.715106053,2382.012712751116,0.997806347222045
2460352.722050578,2380.1871512276784,0.997550384181369
2460352.728995105,2380.892211914062,0.9974975465942473
2460352.735939631,2380.884102957589,0.9975882374978776
2460352.7428841568,2379.3722795758927,0.9970999645004291
2460352.7498286827,2379.901140485491,0.9972353913499502
2460352.7567732087,2380.2093854631694,0.9973959211843216
2460352.763717735,2380.7211390904017,0.9973361804142603
2460352.7706622616,2380.271379743303,0.9976621837869323
2460352.7776067876,2380.2316720145086,0.9974198506790741
2460352.7845513136,2381.660470145089,0.9976321633326283
2460352.7914958405,2380.319667271205,0.9973272933628091
2460352.798440367,2381.170270647321,0.9977420922475114
2460352.8053848934,2380.150268554687,0.9972843778928989
2460352.8123294194,2380.8882359095983,0.9976342562474052
2460352.8192739463,2380.6212681361603,0.9973035207814367
2460352.8262184733,2379.411411830357,0.997426292431124
2460352.8331629992,2379.6493966238836,0.9972138313102749
2460352.840107526,2381.4955182756694,0.9977039311133948
2460352.8470520526,2379.568150111607,0.9973196295467174
2460352.8539965795,2380.8963971819194,0.9975529209941598
2460352.860941106,2380.3584333147323,0.9975550468214732
2460352.867885633,2379.91024344308,0.9975253857458707
2460352.87483016,2381.3487723214284,0.9974177631438365
2460352.8817746863,2381.03231375558,0.9977840497879452
2460352.888719213,2380.6723807198655,0.9974118128019941
2460352.8956637396,2381.856026785714,0.9977551284932592
2460352.9026082666,2381.1608014787944,0.9977005810092677
2460352.9095527935,2380.0383126395086,0.9972919864757309
2460352.9164973204,2379.9816022600444,0.997248512707146
2460352.9234418473,2379.6945452008927,0.9971760417147251
2460352.9303863742,2378.929007393973,0.997341708733222
2460352.937330901,2380.6686139787944,0.9974589089012235
2460352.944275428,2379.8996233258927,0.997200591553994
2460352.951219955,2377.9533168247767,0.9969675395639478
2460352.958164482,2380.0151890345983,0.9973763454519161
2460352.9651090093,2379.709350585937,0.9974068493781743
2460352.972053536,2380.6747872488836,0.997549491286272
2460352.978998063,2379.8214634486603,0.9970237846819169
2460352.9859425905,2380.186941964286,0.9974756321765873
2460352.9928871174,2378.6142229352677,0.9972322258424792
2460352.9998316444,2380.793596540178,0.9978244701567172
2460353.0067761713,2380.275512695312,0.9973468989414654
2460353.0137206987,2379.2195172991073,0.9971191000997716
2460353.0206652256,2381.748779296875,0.9978913895554996
2460353.027609753,2380.7733503069194,0.997380830444384
2460353.03455428,2380.9606410435267,0.9976105505328579
2460353.041498807,2380.9669189453125,0.9977678619943177
2460353.048443334,2380.4765101841517,0.9973494639124126
2460353.0553878616,2380.529610770089,0.9973034021157865
2460353.0623323885,2379.4393484933034,0.9974247274677275
2460353.0692769154,2382.265555245536,0.9974651120319887
2460353.076221443,2383.410749162946,0.9978119798783486
2460353.08316597,2381.2069440569194,0.9975238117348276
2460353.090110497,2381.395333426339,0.9977699423896143
2460353.0970550245,2381.930524553571,0.9978610385058193
2460353.1039995514,2381.0007149832586,0.9973717471466949
2460353.110944079,2380.093296595982,0.9976273964753908
2460353.1178886057,2380.851196289062,0.9975585193054733
2460353.124833133,2380.2355433872767,0.9975185914728452
2460353.13177766,2382.596505301339,0.9977162746389793
2460353.1387221874,2379.8910435267853,0.9971716009021437
2460353.1456667143,2383.0241350446427,0.9978500913538362
2460353.152611241,2382.40780203683,0.9980332227088353
2460353.1595557686,2382.333984375,0.9976017904546003
2460353.166500296,2381.0860944475444,0.9975352035553403
2460353.173444823,2381.0846296037944,0.9979457263405312
2460353.18038935,2381.8156912667405,0.997727167630349
2460353.187333877,2381.0988071986603,0.9978575002172624
2460353.194278404,2381.723772321428,0.9974703214776608
2460353.2012229315,2380.095232282366,0.9976819896690183
2460353.2081674584,2379.700561523437,0.9972682682760264
2460353.2151119853,2380.0857107979905,0.997327768880738
2460353.2220565127,2381.6879359654017,0.9978382083209745
2460353.2290010396,2381.2873011997767,0.9974440425885035
2460353.2359455666,2380.0979003906245,0.9975667206467178
2460353.2428900935,2382.3619733537944,0.9974437616320665
2460353.2498346204,2383.1884591238836,0.9978347466519053
2460353.2567791473,2379.6625279017853,0.9973352424087231
2460353.2637236747,2381.188633510045,0.9972896681315139
2460353.270668201,2379.562133789062,0.9973108574184204
2460353.2776127285,2380.0907331194194,0.9972533642279412
2460353.284557255,2378.3530099051336,0.9969428748530228
2460353.291501782,2380.142211914062,0.997114212841002
2460353.298446309,2379.899937220982,0.9970016079806013
2460353.3053908357,2380.290841238839,0.9978867318391692
2460353.312335362,2381.313511439732,0.9977124040156942
2460353.319279889,2380.433872767857,0.9973515077461546
2460353.326224416,2380.898123604911,0.9973510455089039
2460353.333168943,2379.433175223214,0.997360697732444
2460353.3401134694,2378.110630580357,0.9971069992074107
2460353.3470579963,2379.4660295758927,0.9971184855655256
2460353.354002523,2378.604282924107,0.9969359227188255
2460353.3609470497,2379.8027343749995,0.9972565430184215
2460353.3678915757,2379.1318359374995,0.9971014375409193
2460353.3748361026,2379.8943394252233,0.9972637670288381
2460353.3817806286,2380.6244070870534,0.9974691400900704
2460353.3887251555,2380.586268833705,0.9976705361905055
2460353.395669682,2380.8048967633927,0.9975614585277656
2460353.4026142084,2381.243303571428,0.9974681536806392
2460353.4095587344,2379.527605329241,0.9974760259914985
2460353.4165032613,2379.519077845982,0.997067033297399
2460353.4234477873,2379.9945242745534,0.997693303243476
2460353.4303923137,2379.5953543526784,0.9974325437593153
2460353.43733684,2380.5662318638388,0.9975978666973925
2460353.444281366,2380.6136823381694,0.9973235809647578
2460353.451225892,2379.2039271763388,0.9972813145734136
2460353.458170418,2379.5812813895086,0.9973937260365896
2460353.465114944,2380.291521344866,0.9971940665959566
2460353.472059471,2382.513689313616,0.9976346288749172
2460353.479003997,2379.869698660714,0.9973192337928795
2460353.485948523,2382.9725516183034,0.9976047190624019
2460353.492893049,2382.2070138113836,0.9976400425769544
2460353.499837574,2380.7792096819194,0.9973323784486628
2460353.5067821,2381.8009381975444,0.9977261975973867
2460353.513726626,2382.9306466238836,0.9978499031086034
2460353.520671152,2382.133143833705,0.9978467706604444
2460353.5276156776,2380.9240722656245,0.9976154612869195
2460353.5345602036,2382.100917271205,0.9974901340494124
2460353.541504729,2383.1234305245534,0.9979963711050889
2460353.548449255,2383.8710239955353,0.9982151900361166
2460353.770674061,2386.1623535156245,0.998730199345062
2460353.777618585,2386.4391043526784,0.998509961497315
2460353.784563109,2384.298496791295,0.9987315973930732
2460353.7915076325,2385.483241489955,0.99862479667103
2460353.798452156,2386.2529122488836,0.9991243293878939
2460353.80539668,2385.6481410435263,0.9990518618095128
2460353.812341203,2384.983729771205,0.9987083870176791
2460353.8192857266,2385.603829520089,0.9989577300909791
2460353.8262302503,2385.632184709821,0.9993561490831384
2460353.8331747735,2386.4930419921875,0.9988170833349796
2460353.8401192967,2384.5338657924103,0.998667679405132
2460353.84706382,2385.578404017857,0.9987505373516047
2460353.854008343,2386.3879917689733,0.9994503643485265
2460353.860952866,2384.5765555245534,0.9984665999215939
2460353.8678973895,2385.2114083426336,0.998823709143613
2460353.874841912,2385.9539794921875,0.9989342135171501
2460353.8817864354,2385.041015625,0.9988382591557491
2460353.888730958,2386.9194161551336,0.9990377732380537
2460353.895675481,2385.252947126116,0.9985074795310197
2460353.902620003,2386.072004045759,0.9987319725230569
2460353.9095645263,2385.2152797154017,0.9987227107290305
2460353.916509049,2386.0297328404017,0.9990191344445704
2460353.9234535717,2386.407296316964,0.9989901390493355
2460353.930398094,2384.6654924665177,0.9984382389833627
2460353.9373426163,2386.0897391183034,0.9988576406897601
2460353.9442871385,2386.6938302176336,0.9989721708274201
2460353.951231661,2387.590209960937,0.9989471114785397
2460353.958176183,2386.5922328404017,0.9990538119529825
2460353.9651207053,2385.100341796875,0.9988451091053402
2460353.9720652276,2387.559919084821,0.999518183088922
2460353.97900975,2389.0547398158483,0.9992124626839679
2460353.9859542716,2386.904663085937,0.9990111028738502
2460353.9928987934,2390.8316999162944,0.9995637374458651
2460353.9998433157,2387.90829031808,0.9995408484128342
2460354.006787837,2389.328456333705,0.9994091856508223
2460354.0137323593,2390.1790073939733,1.0000598195836838
2460354.0206768806,2387.795968191964,0.9988511924912816
2460354.027621403,2389.7812499999995,0.999356273222431
2460354.034565924,2390.807896205357,1.0001649776357258
2460354.0415104455,2389.7023053850444,0.9997469960332386
2460354.048454967,2389.1696254185267,0.9994762334466368
2460354.055399488,2389.455322265625,0.9995202827422749
2460354.06234401,2388.370239257812,0.9993493453911518
2460354.069288531,2389.7223946707586,0.9996059250185625
2460354.076233052,2389.908011300223,1.0000046872254018
2460354.0831775735,2390.612444196428,0.9996049327746118
2460354.090122095,2389.193376813616,0.9996974945712221
2460354.0970666152,2389.4766148158483,0.9993468088073122
2460354.1040111366,2388.7231096540177,0.9993722878850745
2460354.1109556574,2389.6247209821427,0.9993229763419875
2460354.1179001783,2388.898472377232,0.9995729492519194
2460354.1248446987,2389.61483328683,0.9993157300128798
2460354.13178922,2389.1359340122767,0.9996759383969631
2460354.1387337404,2390.3754534040177,0.9993804357700155
2460354.145678261,2390.091430664062,0.9995392162838804
2460354.1526227817,2388.8480398995534,0.9991365872014972
2460354.159567302,2389.952479771205,0.9994362420448498
2460354.166511823,2390.599469866071,0.9996905239604557
2460354.173456343,2391.5358712332586,0.9996932611707795
2460354.1804008633,2392.160940987723,0.9997521424744437
2460354.1873453837,2391.242431640625,0.9993912327931508
2460354.1942899036,2389.735996791295,0.9997885755856947
2460354.201234424,2391.677176339286,0.9997313807054495
2460354.2081789444,2393.0202287946427,0.9998501817338833
2460354.215123464,2392.303501674107,0.9998072051429001
2460354.222067984,2391.7111293247767,0.9998773015474169
2460354.2290125038,2390.0517229352677,1.000048876624699
2460354.235957024,2390.334594726562,0.9995363407226178
2460354.2429015436,2390.619245256696,0.9995847622525046
2460354.2498460636,2390.4252580915177,0.9999072151816032
2460354.2567905835,2390.449951171875,0.9995827996093972
2460354.2637351025,2390.290597098214,0.9992818360019391
2460354.2706796224,2389.2111642020086,0.9994568118969006
2460354.277624142,2387.961704799107,0.9991823960768499
2460354.2845686614,2388.6796351841517,0.9992510439426866
2460354.291513181,2388.928972516741,0.9996088496454779
2460354.2984577003,2387.97420828683,0.9991197423841238
2460354.3054022193,2387.832013811384,0.9989555327189605
2460354.3123467388,2388.088256835937,0.998991080240612
2460354.3192912578,2389.300624302455,0.999299647476319
2460354.3262357768,2388.1244594029017,0.999305599499174
2460354.3331802962,2388.962663922991,0.998961356417062
2460354.3401248152,2389.691999162946,0.9997264470073003
2460354.3470693342,2390.131190708705,0.9995919274304471
2460354.3540138532,2389.658987862723,0.9991740811363142
2460354.3609583722,2389.223929268973,0.999359887305713
2460354.367902891,2388.4567696707586,0.9992861456652561
2460354.37484741,2388.5656389508927,0.9992120007697182
2460354.3817919283,2387.0475899832586,0.9986208850611095
2460354.3887364473,2389.961687360491,0.9992519811111306
2460354.395680966,2387.873186383928,0.9990190677370473
2460354.4026254844,2387.5544782366073,0.9986896786495397
2460354.4095700034,2387.63875906808,0.9989578278122552
2460354.4165145215,2387.931256975446,0.9991472995659324
2460354.42345904,2387.4391741071427,0.9989945428820821
2460354.4304035585,2387.853149414062,0.998834786081055
2460354.437348077,2390.2456577845983,0.9996178958488504
2460354.4442925956,2386.3109828404017,0.9990844721497907
2460354.4512371137,2388.469796316964,0.9990034663017254
2460354.4581816318,2387.718540736607,0.9991008974454539
2460354.4651261503,2388.7741699218745,0.9991293072398714
2460354.4720706684,2389.4301060267853,0.9989897590858194
2460354.4790151864,2386.2931954520086,0.9987094868011791
2460354.4859597045,2387.643676757812,0.999191530566148
2460354.492904222,2387.481288364955,0.9990859532901272
2460354.4998487406,2386.901681082589,0.999208984759944
2460354.5067932587,2389.187255859375,0.9991986419035285
2460354.5137377763,2387.946794782366,0.9995202668345905
2460354.5206822944,2388.5712367466517,0.9990561651181231
2460354.527626812,2387.301583426339,0.9992255993814778
2460354.5345713296,2387.7189069475444,0.9990751890509673
2460354.5415158477,2387.1564069475444,0.9986945449174529
2460354.548460365,2389.531755719866,0.9992355227533741
2460354.555404883,2388.292602539062,0.9991645417339631
2460354.5623494005,2388.259120396205,0.9989940048168416
2460354.569293918,2386.3967808314733,0.998517187110476
2460354.576238435,2386.2306780133927,0.9987397361605685
2460354.5831829533,2387.8954729352677,0.9989809727620466
2460354.5901274704,2387.542027064732,0.9988486883179589
2460354.597071988,2389.992501395089,0.9990767705707114
2460354.6040165056,2390.0378069196427,0.9996125293161686
2460354.6109610223,2387.9056745256694,0.9988228100709037
2460354.6179055404,2388.0363595145086,0.9988449251105521
2460354.6248500575,2390.668003627232,0.999761505271307
2460354.631794574,2389.059500558036,0.9990998828891188
2460354.6387390923,2390.4771030970983,0.9995052695564968
2460354.6456836094,2390.1593889508927,0.9996648426400613
2460354.652628126,2389.7389264787944,0.9993123393578401
2460354.6595726437,2395.722917829241,1.0003086735413704
2460354.6665171604,2407.3313337053573,1.0021039249570693
2460354.673461678,2430.147478376116,1.006424769137659
2460354.6804061946,2461.505702427455,1.012051309126923
2460354.6873507113,2496.438302176339,1.0184618727692332
2460354.694295229,2538.6210414341517,1.0259629310744371
2460354.7012397456,2596.412946428571,1.0357510687780953
2460354.7081842623,2663.193289620536,1.0474790097518352
2460354.7151287794,2751.185302734375,1.0624528656116352
2460354.7220732966,2852.9027971540177,1.0801620165246728
2460354.729017813,2969.3125697544638,1.0990467802631152
2460354.73596233,3101.700544084821,1.1204476646217334
2460354.7429068466,3254.249895368303,1.1450108333462927
2460354.7498513632,3430.974504743303,1.1721986838309326
2460354.75679588,3630.431815011161,1.202772321377098
2460354.7637403966,3851.3312988281245,1.2356741876755895
2460354.7706849133,4080.360874720982,1.2682923255791196
2460354.77762943,4316.402239118303,1.3017170902055322
2460354.7845739466,4549.114641462053,1.3336525990794321
2460354.7915184633,4789.670968191964,1.3653929945231316
2460354.79846298,5028.172956194197,1.3965948493319067
2460354.8054074966,5273.448381696428,1.4279426363573675
2460354.812352013,5526.7564871651775,1.4596005562287473
2460354.819296529,5777.806431361608,1.4906033312657467
2460354.8262410457,6022.810128348214,1.5199522213481382
2460354.8331855624,6265.885044642858,1.5486107303332328
2460354.840130079,6493.511090959822,1.5749813000196429
2460354.847074595,6712.2340262276775,1.5994964910410852
2460354.8540191115,6920.257533482142,1.6228804724177028
2460354.860963628,7118.812081473214,1.6448946204993768
2460354.8679081444,7317.763602120535,1.6665166200654706
2460354.8748526606,7509.03369140625,1.6868698198334824
2460354.8817971773,7696.357282366072,1.7069603829993403
2460354.888741693,7881.08349609375,1.7265188480220262
2460354.8956862097,8057.1583426339275,1.7450108403397337
2460354.9026307254,8230.85972377232,1.762457137764269
2460354.909575242,8400.590959821428,1.7797135188459237
2460354.9165197583,8565.50474330357,1.7966385404236693
2460354.9234642745,8727.945242745534,1.81268616842459
2460354.9304087907,8886.207589285714,1.8285255095070883
2460354.937353307,9040.4912109375,1.8433723837687472
2460354.9442978227,9198.698311941966,1.858940544660915
2460354.951242339,9353.005789620534,1.8740360140801586
2460354.958186855,9506.559082031248,1.8885522981341805
2460354.9651313713,9659.61181640625,1.9031141255694786
2460354.9720758875,9810.864885602678,1.9175558068074272
2460354.979020403,9962.592773437498,1.9317157215512326
2460354.98596492,10114.395786830355,1.9457342858064937
2460354.9929094356,10265.45947265625,1.9597803893132557
2460354.9998539514,10413.62046595982,1.9733109957728046
2460355.0067984676,10561.876046316962,1.9866266975273559
2460355.013742984,10696.761997767857,1.9992502900370137
2460355.0206874995,10823.606584821428,2.0105332937524865
2460355.0276320158,10943.664760044643,2.0212550548569315
2460355.0345765315,11064.18247767857,2.031852078551074
2460355.0415210477,11181.898577008928,2.042398964371572
2460355.0484655635,11305.530552455355,2.0532205476157785
2460355.0554100797,11438.435825892855,2.0648575950826857
2460355.0623545954,11571.18038504464,2.076595596416094
2460355.0692991116,11720.070870535712,2.08930100155842
2460355.0762436274,11870.2119140625,2.1022467085037646
2460355.083188143,12032.571847098212,2.1160758724519257
2460355.0901326593,12197.05078125,2.1302842497497774
2460355.0970771755,12366.365792410716,2.144329492773155
2460355.1040216913,12540.921595982143,2.159271945197994
2460355.110966207,12711.089146205357,2.173208294412316
2460355.1179107227,12885.986467633928,2.18761024999541
2460355.124855239,13059.212193080357,2.20195756769448
2460355.1317997547,13230.041015625,2.2159415133682754
2460355.1387442704,13384.84068080357,2.2284566723728303
2460355.1456887866,13539.93247767857,2.241127907907471
2460355.1526333024,13679.668526785716,2.2520492273044854
2460355.159577818,13806.379185267855,2.2622699273584987
2460355.1665223343,13918.98423549107,2.271316464851407
2460355.17346685,14021.48521205357,2.279206164505196
2460355.180411366,14102.257952008928,2.285996180434447
2460355.1873558816,14166.65415736607,2.290963951060874
2460355.1943003978,14220.722795758928,2.295040861948993
2460355.2012449135,14262.447405133928,2.2986031690821513
2460355.2081894292,14306.489397321428,2.3017694964468793
2460355.215133945,14336.848911830355,2.304311089718406
2460355.2220784607,14359.290318080355,2.3058851252902337
2460355.229022977,14375.183872767855,2.307197083818614
2460355.2359674927,14367.15025111607,2.3066676235373995
2460355.2429120084,14354.399414062498,2.305875145360002
2460355.249856524,14329.42173549107,2.3038512052393236
2460355.2568010404,14301.513950892855,2.3013458431494995
2460355.263745556,14267.579799107143,2.2988000827334973
2460355.270690072,14236.332589285716,2.296581757376314
2460355.277634588,14204.700753348212,2.294028910238898
2460355.284579104,14174.25,2.29161649365243
2460355.2915236196,14142.468331473212,2.288926871207043
2460355.2984681353,14113.265206473216,2.2866900636160983
2460355.3054126515,14088.596819196428,2.2847562781274946
2460355.3123571672,14062.419642857143,2.2825315871192684
2460355.319301683,14039.489815848216,2.280871110880309
2460355.326246199,14023.994698660712,2.2795905903927163
2460355.333190715,14005.60546875,2.278160764365718
2460355.340135231,13993.158900669643,2.277052615379808
2460355.347079747,13986.670061383928,2.2765655199264945
2460355.3540242617,13970.384347098212,2.2754551491631543
2460355.3609687774,13965.871372767855,2.2750596454991965
2460355.367913293,13965.399693080355,2.274931451432031
2460355.3748578094,13963.217912946428,2.2748258517394824
2460355.3818023256,13971.0087890625,2.2753001797829246
2460355.3887468413,13972.565708705355,2.275488474749044
2460355.395691357,13983.312639508928,2.2764476012592083
2460355.4026358733,13990.062639508928,2.276903870035193
2460355.409580389,13986.57882254464,2.2767588522862865
2460355.4165249052,13983.00376674107,2.276495771189914
2460355.4234694215,13984.580357142855,2.2766207963706546
2460355.430413937,13985.710379464284,2.2767000422365653
2460355.4373584534,13988.127371651784,2.2770453620389692
2460355.444302969,13988.565569196428,2.276931090499916
2460355.4512474854,13989.661272321428,2.2769709702891947
2460355.4581920016,13992.73116629464,2.277232288892737
2460355.4651365173,13993.039202008928,2.277143700043417
2460355.4720810335,13994.437918526784,2.2776250352460363
2460355.4790255497,13999.932756696428,2.277855987306641
2460355.4859700655,13999.804268973212,2.277770093064369
2460355.4929145817,13995.41685267857,2.2777052099170834
2460355.499859098,13985.853934151784,2.2767602697862612
2460355.506803614,13979.537527901784,2.276133624969344
2460355.5137481303,13960.25181361607,2.274501101333468
2460355.5206926465,13940.697823660712,2.272988420770819
2460355.5276371627,13910.892020089284,2.270853756905663
2460355.534581679,13872.456612723212,2.2676735932106125
2460355.541526195,13826.756417410712,2.264162357910573
2460355.5484707113,13780.053013392855,2.2604861749144916
2460355.5554152275,13728.2958984375,2.2561428612385077
2460355.5623597438,13675.9951171875,2.2521640278235213
2460355.56930426,13623.830775669643,2.248080739256888
2460355.576248776,13583.00390625,2.2445924512694564
2460355.5831932924,13539.022600446428,2.2411616729367627
2460355.590137809,13487.72042410714,2.237057906869652
2460355.5970823253,13448.95103236607,2.2340836787705514
2460355.6040268415,13397.123186383928,2.22986584488787
2460355.610971358,13351.974609375,2.2264158987976583
2460355.617915874,13301.11900111607,2.2221287866068535
2460355.6248603906,13257.30552455357,2.21817912580046
2460355.631804907,13216.257254464284,2.214946620722632
2460355.638749424,13173.797293526784,2.211565346733341
2460355.6456939396,13130.64634486607,2.208246806941904
2460355.6526384563,13100.78111049107,2.2056111467400172
2460355.659582973,13060.698800223216,2.2024441235289043
2460355.666527489,13026.374162946428,2.199727802075364
2460355.673472006,12994.54310825893,2.1968552257013028
2460355.680416522,12971.984095982143,2.1951248308338687
2460355.6873610388,12954.116768973212,2.193690667782711
2460355.6943055554,12936.359933035712,2.1921604008583
2460355.701250072,12919.47154017857,2.191011781993686
2460355.708194589,12912.651646205355,2.1903944805512494
2460355.7151391055,12902.58482142857,2.1892837100053293
2460355.722083622,12897.79771205357,2.18878935248717
2460355.729028139,12894.656668526784,2.1886968422664315
2460355.7359726555,12886.098214285716,2.188185293199027
2460355.742917172,12880.484933035716,2.1875060976983116
2460355.7498616893,12871.466099330355,2.1869502996781507
2460355.756806206,12864.936244419643,2.1862683618734016
2460355.7637507226,12871.766183035716,2.1869601734945783
2460355.77069524,12875.318638392855,2.1870037954321546
2460355.7776397564,12881.232840401784,2.1875670993761513
2460355.784584273,12889.349748883928,2.188422819058468
2460355.79152879,12890.919224330355,2.1885112265513658
2460355.7984733074,12904.712193080355,2.189580298819818
2460355.805417824,12916.213309151784,2.1907166090430445
2460355.812362341,12917.782366071428,2.1905939257483036
2460355.819306858,12926.376395089284,2.1913581518929166
2460355.826251375,12926.20186941964,2.1914285633439126
2460355.8331958917,12917.4931640625,2.190685977754164
2460355.8401404093,12909.588448660716,2.1900563421019745
2460355.847084926,12893.43247767857,2.188886024612065
2460355.854029443,12876.9609375,2.187496493439857
2460355.8609739603,12856.38071986607,2.185641957553085
2460355.867918477,12824.573939732143,2.1831683154516663
2460355.874862995,12794.2646484375,2.180786195739442
2460355.881807512,12754.107421875,2.1774373218493115
2460355.888752029,12713.430803571428,2.174221992293862
2460355.8956965464,12657.886439732143,2.1694117689934065
2460355.9026410636,12605.08970424107,2.1651363235849153
2460355.9095855807,12542.574776785712,2.159648897243
2460355.9165300983,12482.612025669643,2.1547063946208334
2460355.923474616,12421.02455357143,2.1497893632740754
2460355.9304191335,12359.33956473214,2.1445764917158416
2460355.9373636506,12287.72544642857,2.13836039960415
2460355.944308168,12215.797014508928,2.132320613484627
2460355.951252686,12139.209123883928,2.126059935979188
2460355.958197203,12060.893136160716,2.1191668228990337
2460355.9651417206,11981.791155133928,2.1124806804434906
2460355.972086238,11901.548270089284,2.1057338059667283
2460355.9790307563,11820.958426339284,2.0988051270071355
2460355.9859752734,11742.5888671875,2.0921820134889653
2460355.9929197915,11665.425083705355,2.0853589416533866
2460355.9998643086,11588.084681919643,2.0787171553764945
2460356.0068088267,11511.02720424107,2.071966036821691
2460356.0137533443,11443.166015625,2.065885800365605
2460356.0206978624,11366.483537946428,2.0592909257160525
2460356.02764238,11292.704799107143,2.0526733389625784
2460356.0345868976,11225.619140625,2.046923848402922
2460356.0415314157,11164.784598214284,2.041498781791818
2460356.0484759337,11101.14467075893,2.036169683348301
2460356.0554204513,11029.651506696428,2.0297504291364277
2460356.0623649694,10954.31124441964,2.0229135946667545
2460356.069309488,10880.490652901784,2.0162625941148744
2460356.0762540055,10815.729910714284,2.010589725359575
2460356.0831985236,10756.753627232143,2.0053397374302286
2460356.0901430417,10695.2021484375,1.9995874391366126
2460356.09708756,10644.117606026784,1.994857707302432
2460356.1040320783,10592.524553571428,1.990166500206086
2460356.1109765964,10540.539760044643,1.9855638080999956
2460356.1179211144,10489.72265625,1.9811280350463925
2460356.1248656325,10435.40625,1.9760917844218697
2460356.131810151,10382.526436941964,1.9710939192156214
2460356.1387546696,10323.866141183034,1.9657111998833716
2460356.145699188,10265.59800502232,1.9603855225438045
2460356.152643706,10210.25453404018,1.9555326281819225
2460356.1595882247,10144.723074776784,1.9494050183317757
2460356.1665327433,10083.590122767857,1.943430337069638
2460356.173477262,10016.095145089284,1.9375893725300817
2460356.1804217803,9954.737444196428,1.931960302396539
2460356.1873662984,9891.424595424107,1.9259675360291781
2460356.1943108174,9830.74155970982,1.9200791162031814
2460356.201255336,9766.708007812498,1.9140743304940286
2460356.2081998545,9708.639090401784,1.9084573328846848
2460356.2151443735,9658.45166015625,1.9042387077601475
2460356.222088892,9607.475097656248,1.8991219717788406
2460356.2290334105,9541.781040736605,1.8926923729442915
2460356.2359779296,9464.46177455357,1.8853590826221842
2460356.2429224486,9392.084054129462,1.878564504303234
2460356.2498669676,9323.509277343748,1.8717678771699522
2460356.256811486,9251.718959263391,1.8648306072754757
2460356.263756005,9179.6689453125,1.857996197664905
2460356.270700524,9109.916015625,1.8512574666580504
2460356.2776450436,9039.014439174105,1.8442867548784996
2460356.284589562,8973.571916852678,1.8381382174863716
2460356.291534081,8901.410574776784,1.8305030015211472
2460356.2984786006,8833.622000558034,1.8239261727506368
2460356.3054231196,8766.294224330357,1.8176095899690006
2460356.3123676386,8701.205984933034,1.8109542509251135
2460356.3193121585,8630.209402901784,1.8037085661214958
2460356.3262566775,8569.180873325893,1.797672240390705
2460356.333201197,8510.31089564732,1.7917952533277195
2460356.340145716,8447.989327566962,1.7854425879294007
2460356.3470902354,8383.310616629462,1.778733668519924
2460356.354034755,8332.246163504462,1.7738436690631207
2460356.3609792744,8279.682128906248,1.7685424807141696
2460356.367923794,8225.269461495534,1.7628871061747071
2460356.3748683133,8177.671875,1.7578445670227778
2460356.3818128332,8135.678152901785,1.753293634007508
2460356.388757353,8097.432547433035,1.7495661137694258
2460356.3957018727,8056.2750418526775,1.7455043594781083
2460356.402646392,8018.61181640625,1.7416155198105905
2460356.4095909116,7978.1095145089275,1.7374962032760706
2460356.4165354315,7945.828334263392,1.734355876965209
2460356.4234799515,7916.419712611606,1.7310917996564605
2460356.430424472,7888.32568359375,1.727952329645891
2460356.4373689913,7866.09521484375,1.7255373287476805
2460356.4443135113,7840.902622767858,1.7228498116921243
2460356.451258031,7819.921875,1.7205822731530436
2460356.4582025516,7799.981375558035,1.7188391339163787
2460356.465147072,7782.613351004464,1.716859801450255
2460356.4720915915,7763.4111328125,1.7148379598507446
2460356.479036112,7745.8505859375,1.7130389724707413
2460356.485980632,7726.891322544642,1.711149465470186
2460356.492925152,7713.57359095982,1.7097206018844142
2460356.499869672,7699.096958705356,1.7084401690149136
2460356.5068141925,7681.9371512276775,1.7064658655035059
2460356.513758713,7665.713588169642,1.7046634156413312
2460356.5207032333,7653.897530691964,1.7032708141913364
2460356.5276477537,7639.429478236606,1.702098429096023
2460356.534592274,7620.953404017856,1.6999624490366416
2460356.541536795,7605.382742745535,1.698201329918275
2460356.5484813154,7589.5567801339275,1.696547891117791
2460356.5554258362,7570.201590401785,1.6945135935075308
2460356.5623703566,7551.878696986608,1.692582607935595
2460356.569314877,7536.2965262276775,1.690873456618761
2460356.5762593984,7515.957589285714,1.6889120802020805
2460356.5832039188,7497.80126953125,1.686744159256689
2460356.5901484396,7479.3427734375,1.6849268172058824
2460356.5970929605,7462.202427455356,1.6831183565910537
2460356.6040374814,7444.278599330356,1.6813683984206387
2460356.610982002,7432.312290736606,1.6798094693084404
2460356.6179265236,7418.43603515625,1.678306393219538
2460356.624871044,7402.55357142857,1.6769150836099398
2460356.6318155653,7391.894949776785,1.675453021351367
2460356.6387600866,7375.672433035714,1.6737576072696523
2460356.6457046075,7359.96177455357,1.6720672332728233
2460356.652649129,7347.375837053572,1.6706383974446775
2460356.65959365,7336.49644252232,1.669656908265985
2460356.6665381715,7313.2491629464275,1.6670256459419797
2460356.673482693,7305.437569754464,1.6661831020658922
2460356.680427214,7288.76011439732,1.6641870638247054
2460356.6873717355,7272.748953683035,1.6627501225324208
2460356.694316257,7264.586425781249,1.6618858281545796
2460356.7012607786,7244.479561941964,1.6597023092072345
2460356.7082053,7233.371651785714,1.658515863146081
2460356.7151498217,7225.785016741072,1.6576843216313542
2460356.7220943435,7216.23193359375,1.656901857790437
2460356.729038865,7204.457728794642,1.6554680264834392
2460356.7359833866,7197.133091517858,1.6547316562077803
2460356.7429279084,7187.268624441964,1.653542116775238
2460356.74987243,7174.228585379464,1.6521303349206686
2460356.756816952,7162.782296316965,1.650940994310235
2460356.7637614743,7152.507045200892,1.649746491001567
2460356.7707059956,7140.230189732142,1.6484297312160097
2460356.777650518,7132.148228236608,1.6476103782426084
2460356.78459504,7124.592982700892,1.6465206223590565
2460356.7915395624,7114.736886160714,1.6454396909168745
2460356.7984840847,7110.901088169642,1.6450305472781592
2460356.805428606,7102.856166294642,1.6442278679184936
2460356.8123731283,7099.955984933035,1.6441638336414692
2460356.8193176505,7088.65366908482,1.6428384489689245
2460356.8262621737,7084.761788504464,1.642156882108976
2460356.833206696,7076.067103794642,1.6412039170290778
2460356.840151218,7067.1181640625,1.6403892318382498
2460356.8470957405,7055.0719168526775,1.6390491150133453
2460356.854040263,7041.193987165178,1.6380020871710759
2460356.8609847855,7023.97705078125,1.635741311638597
2460356.867929308,7007.136788504464,1.6337006676957013
2460356.8748738305,6987.934779575892,1.6318028385745726
2460356.8818183537,6969.287318638392,1.629767013328587
2460356.8887628764,6951.665876116072,1.6278277716781453
2460356.895707399,6931.435337611606,1.6257572779650011
2460356.9026519214,6908.750767299108,1.6229323844755352
2460356.909596445,6888.328125,1.6207189014132586
2460356.9165409678,6862.048828125,1.617957956643057
2460356.923485491,6835.5797293526775,1.6147515070646217
2460356.9304300137,6803.950613839285,1.6113857361092008
2460356.9373745364,6774.540945870535,1.6082712488199584
2460356.944319055,6750.603306361608,1.6052358190681357
2460356.9512635786,6727.265415736608,1.602559444197846
2460356.958208102,6701.315290178572,1.6000582105612065
2460356.965152625,6675.067173549108,1.5968069900289563
2460356.9720971487,6650.949567522322,1.594165703001276
2460356.979041672,6625.042550223214,1.5914700330967453
2460356.9859861955,6600.498465401785,1.588414428672114
2460356.992930718,6576.880998883928,1.5855945439805224
2460356.9998752424,6550.0113699776775,1.5826831920846696
2460357.006819766,6525.695591517858,1.5800953553572235
2460357.0137642897,6498.5001395089275,1.576703409783267
2460357.020708813,6473.5450613839275,1.5737733733505153
2460357.0276533365,6445.524693080358,1.5710850879845912
2460357.0345978606,6424.605259486608,1.56808432697554
2460357.0415423843,6398.5846121651775,1.5654452028765373
2460357.048486908,6380.30064174107,1.5631290798289303
2460357.055431432,6365.905203683035,1.5613012889855507
2460357.0623759557,6351.228097098214,1.559722979126913
2460357.06932048,6332.958565848215,1.5574899089217338
2460357.076265004,6322.4039481026775,1.556364328129602
2460357.083209528,6302.733816964285,1.5540603186238153
2460357.0901540522,6288.6832449776775,1.5525785258382658
2460357.0970985764,6270.168247767856,1.550519067566377
2460357.1040431005,6252.028878348214,1.548526785448055
2460357.110987625,6240.9542410714275,1.5472412674316711
2460357.117932149,6225.861746651785,1.5453695697663743
2460357.124876674,6210.034737723214,1.5435031462181794
2460357.131821198,6198.627162388392,1.5419127377533837
2460357.1387657225,6181.536411830358,1.5401819370716645
2460357.145710247,6169.68101283482,1.5391294966087523
2460357.1526547717,6156.677176339285,1.537200034057259
2460357.1595992963,6137.333914620535,1.5347193155783814
2460357.166543821,6125.362374441964,1.5333870718053657
2460357.173488346,6107.498604910714,1.5312064737532933
2460357.1804328705,6096.426688058035,1.5300069117303743
2460357.187377395,6082.971261160714,1.5284924241586084
2460357.1943219206,6071.13511439732,1.5272358338326508
2460357.201266445,6061.046944754464,1.5258001805298729
2460357.2082109707,6051.498883928572,1.5247551588272856
2460357.2151554953,6036.544712611606,1.5229537816435723
2460357.222100021,6024.86865234375,1.521458860133851
2460357.2290445454,6011.624581473215,1.520171680919428
2460357.235989071,6001.7481863839275,1.5191616295775405
2460357.242933596,5988.908203125,1.517383025789363
2460357.249878121,5976.123046875,1.515820330654165
2460357.256822647,5960.588797433035,1.5141405394503666
2460357.2637671717,5941.625558035715,1.511638694483757
2460357.2707116976,5917.230678013392,1.5086561138196528
2460357.277656223,5894.722098214285,1.5058943387458434
2460357.284600748,5868.195870535714,1.5027152322143003
2460357.291545274,5835.99169921875,1.4991552817179423
2460357.2984897997,5807.613490513392,1.4957246703156803
2460357.3054343252,5778.517926897322,1.4920669479427302
2460357.312378851,5743.039620535715,1.4877652993476456
2460357.319323377,5708.397530691964,1.483455871792173
2460357.326267903,5674.409388950892,1.479165843940607
2460357.333212429,5641.5167410714275,1.475102831642259
2460357.340156955,5605.304966517858,1.4707888794962585
2460357.347101481,5571.780970982142,1.4667249614050017
2460357.354046007,5541.511439732142,1.4629483985307357
2460357.360990533,5510.050571986606,1.4591162442762358
2460357.367935059,5477.82359095982,1.4550022161499383
2460357.374879585,5449.512974330357,1.45140128840994
2460357.381824112,5420.283063616072,1.447949680767886
2460357.388768638,5394.923479352678,1.444591730628648
2460357.3957131645,5365.688755580356,1.4411521561078289
2460357.402657691,5339.763741629464,1.4378045788056968
2460357.4096022174,5317.568429129464,1.43507487085753
2460357.416546744,5289.751674107142,1.4316605033293854
2460357.4234912703,5266.131382533482,1.4288236495117825
2460357.430435797,5244.495535714285,1.4258925311294977
2460357.4373803237,5223.675816127232,1.423098122670372
2460357.4443248506,5205.208426339285,1.4213000170892134
2460357.4512693775,5186.070870535714,1.418059184158004
2460357.4582139044,5167.333426339285,1.416040785339429
2460357.4651584313,5152.881382533482,1.4141707788825348
2460357.4721029582,5137.881801060267,1.4122547929517462
2460357.479047485,5124.442592075892,1.4102451211496667
2460357.485992012,5114.237548828124,1.4093431130551715
2460357.4929365395,5102.6139090401775,1.4079427305865906
2460357.4998810664,5089.906180245535,1.4059965619190278
2460357.5068255938,5082.700404575892,1.4050670126471845
2460357.5137701207,5070.589808872767,1.4036989658883678
2460357.5207146485,5064.874720982143,1.4030239516697451
2460357.5276591755,5055.095947265624,1.4016799573909366
2460357.5346037033,5050.771519252232,1.4012667445436788
2460357.5415482307,5040.076590401785,1.3995262530989538
2460357.548492758,5028.469796316964,1.3978356887009469
2460357.555437286,5017.777901785715,1.3967522094353935
2460357.5623818133,5009.829345703125,1.3958849350303482
2460357.569326341,4999.869873046874,1.3943039271392363
2460357.5762708685,4989.628208705357,1.3931240419580242
2460357.583215397,4981.165910993303,1.3919194809372835
2460357.5901599247,4972.184012276785,1.391157829990995
2460357.5971044526,4964.202078683035,1.3899159196798268
2460357.604048981,4953.189278738839,1.3882223674061038
2460357.6109935087,4943.93816266741,1.3870521845198243
2460357.6179380366,4934.586181640624,1.3859525642350736
2460357.6248825644,4921.191964285714,1.3843188772000794
2460357.631827093,4910.137939453124,1.382679922187122
2460357.6387716215,4898.553850446428,1.381282799264728
2460357.6457161494,4887.231863839285,1.3796665205408927
2460357.6526606777,4877.830915178571,1.378338583096269
2460357.6596052065,4866.252685546875,1.376958570316326
2460357.666549735,4855.056152343749,1.3757752959707694
2460357.673494263,4844.166608537947,1.3740309669173836
2460357.6804387923,4833.497000558035,1.372725439829871
2460357.6873833206,4821.439243861607,1.3712445853100625
2460357.6943278494,4809.789446149553,1.3697251168280726
2460357.701272378,4794.708565848214,1.3678887920572664
2460357.708216907,4783.634242466517,1.3662136402561849
2460357.715161436,4773.16521344866,1.3645095883718001
2460357.722105965,4759.919259207589,1.3628004474652633
2460357.7290504933,4748.196847098214,1.361289846664832
2460357.7359950226,4735.524065290178,1.3599342452538092
2460357.742939552,4724.745431082589,1.3582981221903745
2460357.7498840806,4710.621826171874,1.3565854020291088
2460357.75682861,4696.772565569196,1.3546445225073152
2460357.7637731396,4682.443882533482,1.352801486450284
2460357.770717669,4673.444719587053,1.3515549131539863
2460357.777662198,4659.584891183035,1.3500822060261648
2460357.7846067273,4647.391322544642,1.347938444888336
2460357.791551257,4638.796770368303,1.346676890206819
2460357.7984957863,4629.835065569196,1.3454970353268376
2460357.805440316,4623.969621930803,1.344837683732316
2460357.8123848457,4617.997872488839,1.3439041956873778
2460357.8193293754,4614.990129743303,1.34371561914615
2460357.826273905,4610.269880022322,1.3428541171729724
2460357.833218435,4606.031982421875,1.3425419323155936
2460357.840162965,4602.2921316964275,1.341875002798547
2460357.8471074947,4597.493303571428,1.3413367444891005
2460357.854052025,4595.090436662947,1.3408870501744525
2460357.8609965546,4589.735281808035,1.3400313233601187
2460357.867941085,4585.844342912946,1.3395569423252327
2460357.874885615,4578.942836216517,1.338718914181798
2460357.8818301447,4578.810372488839,1.3387357672978428
2460357.888774676,4567.788678850447,1.3372844825622359
2460357.8957192055,4569.298618861606,1.3375525245964972
2460357.902663736,4562.833112444197,1.3365946571930942
2460357.909608267,4554.165736607142,1.335340830179325
2460357.916552797,4549.105747767856,1.3346822761213017
2460357.9234973276,4541.492222377233,1.3337126033754252
2460357.930441858,4534.612374441964,1.3327372641854975
2460357.937386389,4525.931919642857,1.331772268856524
2460357.9443309195,4517.966413225446,1.3303698568469997
2460357.9512754506,4505.991629464285,1.3290955359342511
2460357.958219981,4496.8299734933025,1.3279099421781317
2460357.965164512,4483.025285993303,1.3258208110235925
2460357.9721090426,4470.573486328124,1.3243026774847755
2460357.9790535737,4461.486851283481,1.3226754474751499
2460357.985998105,4451.34636579241,1.321541530706755
2460357.9929426364,4443.327392578125,1.3203538238502992
2460357.999887167,4431.613037109375,1.3186230355001736
2460358.006831698,4423.780203683035,1.3177862758701957
2460358.0137762297,4413.88623046875,1.316184110864372
2460358.020720761,4406.220912388392,1.3154730576636011
2460358.0276652924,4399.152308872767,1.314430436603171
2460358.034609824,4391.049525669642,1.3129986003109806
2460358.0415543555,4377.136753627231,1.3111351267383662
2460358.048498887,4366.654854910714,1.3099519249188867
2460358.0554434187,4354.281842912947,1.3081597380635153
2460358.0623879503,4340.317173549106,1.306095281755477
2460358.069332482,4329.779296874999,1.30459655514529
2460358.076277014,4319.60417829241,1.3033384276161712
2460358.083221546,4310.795340401785,1.3019312996944332
2460358.0901660775,4302.136648995535,1.3006873899341613
2460358.097110609,4294.313441685267,1.299591553376822
2460358.1040551416,4284.589181082589,1.2984874605961243
2460358.1109996736,4271.616838727678,1.296818142458045
2460358.1179442056,4265.070765904017,1.2958898006046635
2460358.124888738,4252.604317801339,1.2936617911097672
2460358.13183327,4244.092110770089,1.2928062884507017
2460358.138777802,4235.655238560267,1.2915835734625334
2460358.1457223347,4224.268484933035,1.290117198887823
2460358.1526668672,4218.972865513392,1.28934347789978
2460358.1596113998,4211.55615234375,1.2879855392635713
2460358.1665559323,4203.692243303572,1.2870185759083108
2460358.1735004648,4199.445138113839,1.2864233007413328
2460358.1804449973,4193.347621372767,1.2854427077852069
2460358.18738953,4189.043387276785,1.2846666965351408
2460358.1943340627,4185.438092912947,1.2844669198587464
2460358.2012785957,4184.54119001116,1.2839101146419318
2460358.2082231287,4182.618791852678,1.284020550343316
2460358.2151676617,4184.649065290178,1.2842281544023324
2460358.2221121946,4184.702427455357,1.2843552777211724
2460358.2290567276,4182.721017020089,1.283884030177102
2460358.2360012606,4184.306605747767,1.2843105223551456
2460358.2429457936,4182.961042131697,1.2839340248395266
2460358.249890327,4183.44255719866,1.28406622499963
2460358.2568348604,4179.397286551339,1.2836061180741678
2460358.263779394,4173.3683035714275,1.2827670602920735
2460358.2707239273,4170.898681640625,1.2825687002973452
2460358.2776684607,4164.127650669642,1.2813230444409693
2460358.284612994,4153.839006696428,1.2801523175669811
2460358.2915575276,4142.372942243303,1.2782390549572096
2460358.2985020615,4131.558628627232,1.2769791019394332
2460358.305446595,4115.847237723214,1.2749473180216242
2460358.312391129,4099.051862444197,1.2721391947625897
2460358.3193356623,4080.3189174107138,1.2696804416311689
2460358.3262801967,4060.670235770089,1.266730204589915
2460358.3332247306,4038.6177455357138,1.2634614046038195
2460358.3401692645,4015.894775390625,1.2602816357231243
2460358.347113799,3990.862583705357,1.257195754042367
2460358.3540583327,3968.5949707031245,1.2532806200121636
2460358.3610028666,3944.331926618304,1.2499656789565547
2460358.367947401,3925.156808035714,1.2471430323398052
2460358.3748919354,3902.76123046875,1.2441941787907012
2460358.3818364698,3881.598005022321,1.2408393659332349
2460358.388781004,3865.272321428571,1.2386784649432507
2460358.395725539,3848.009033203125,1.236148501189353
2460358.402670073,3830.219761439732,1.233128640590471
2460358.4096146077,3811.342320033482,1.2302322526337808
2460358.4165591425,3798.000627790178,1.228149396032778
2460358.423503677,3782.021065848214,1.2260946646457997
2460358.4304482117,3767.3316127232138,1.2239167946923442
2460358.437392747,3759.12451171875,1.2228736491410133
2460358.444337282,3746.692173549107,1.220752874904013
2460358.4512818162,3735.7216448102677,1.219401726299137
2460358.4582263515,3725.182303292411,1.2177075523445047
2460358.4651708864,3719.137311662946,1.21684742563663
2460358.4721154217,3711.878696986607,1.2156114346127431
2460358.479059957,3706.302664620536,1.2146365024423431
2460358.4860044923,3700.8554338727677,1.2139078886634285
2460358.4929490276,3699.03515625,1.213713338661848
2460358.499893563,3693.620465959821,1.2132582400160745
2460358.506838098,3694.541852678571,1.2130207172901135
2460358.5137826335,3694.142368861607,1.212863931478429
2460358.5207271692,3694.7118791852677,1.2132439556071368
2460358.5276717036,3697.732700892857,1.2139249002346562
2460358.534616236,3700.98486328125,1.2141317988488678
2460358.541560772,3703.168212890625,1.2143806422274503
2460358.5485053076,3705.149204799107,1.2147808761503098
2460358.5554498434,3707.698032924107,1.2151572688077865
2460358.562394379,3709.584333147321,1.2152854773601252
2460358.5693389154,3711.9235839843745,1.215830528557171
2460358.576283451,3715.5310756138388,1.216187292505904
2460358.583227988,3713.083112444196,1.2161285435924465
2460358.5901725236,3715.462751116071,1.2161625074758209
2460358.5971170603,3717.724155970982,1.216731774615084
2460358.604061596,3717.77019391741,1.2169281798196372
2460358.611006133,3718.285086495535,1.2165670436518266
2460358.6179506686,3716.9267578124995,1.2166413289037312
2460358.6248952053,3718.626081194196,1.216603012453757
2460358.6318397424,3716.087088448661,1.2164338318518644
2460358.638784278,3714.03337751116,1.2161354005556229
2460358.645728815,3708.4646693638388,1.2155009356019415
2460358.652673352,3705.714948381696,1.2147765911655979
2460358.6596178883,3704.08154296875,1.2143206250012584
2460358.666562425,3701.8985072544638,1.214117193218892
2460358.673506962,3702.319859095982,1.2141362189839666
2460358.680451499,3701.983677455357,1.2142003034112012
2460358.687396036,3699.296526227679,1.2137741767133632
2460358.694340573,3697.329241071428,1.2135906190190224
2460358.7012851103,3695.958775111607,1.213645374839386
2460358.7082296475,3696.270054408482,1.2133099971888597
2460358.7151741846,3695.699811662946,1.2132507386982336
2460358.722118722,3692.222900390625,1.212785156557936
2460358.729063259,3691.824358258928,1.2128759552427606
2460358.7360077966,3693.2171107700888,1.2131905661174494
2460358.742952334,3694.771414620535,1.2130743370993986
2460358.7498968714,3695.08269391741,1.213582807372315
2460358.756841409,3695.022844587054,1.2130541979097564
2460358.7637859466,3695.349609375,1.2132174034123853
2460358.7707304847,3695.305454799107,1.2129457314156136
2460358.7776750224,3692.839704241071,1.2132378587694708
2460358.78461956,3694.7887834821427,1.2134792610000196
2460358.791564098,3691.7700544084814,1.2128335902720935
2460358.798508636,3686.384451729911,1.2118875280035324
2460358.8054531743,3683.011858258928,1.2115358298381576
2460358.812397712,3681.489780970982,1.211162072271868
2460358.8193422505,3676.392857142857,1.2102031701408569
2460358.8262867886,3672.5920061383927,1.2097454189678414
2460358.8332313267,3669.820731026785,1.2097847009799971
2460358.8401758648,3670.216238839286,1.2094659907419192
2460358.8471204033,3664.55126953125,1.2086593706792923
2460358.854064942,3661.7243303571427,1.2082464088970049
2460358.86100948,3657.4031459263388,1.2076072760943333
2460358.867954019,3657.04070172991,1.2075718865665654
2460358.8748985576,3654.6315569196427,1.207121764223545
2460358.881843096,3652.232456752232,1.2072750790646185
2460358.888787635,3652.568533761161,1.2066001686655297
2460358.8957321737,3648.3701869419638,1.2062379030243962
2460358.9026767123,3649.522495814732,1.2062505553223335
2460358.9096212513,3646.921037946429,1.2058768408603167
2460358.9165657903,3643.50994001116,1.205613741538861
2460358.9235103293,3644.953229631696,1.2054618624743918
2460358.930454869,3640.065359933036,1.2048303212313038
2460358.937399408,3639.0317034040177,1.2049032273372617
2460358.9443439473,3637.838483537946,1.2044458579826494
2460358.9512884864,3632.5769740513388,1.2040907258025737
2460358.9582330254,3630.4925013950888,1.2035936416697763
2460358.9651775653,3624.607700892857,1.2027512358526167
2460358.972122105,3618.497942243303,1.20170202743148
2460358.9790666443,3616.559430803571,1.201328309790974
2460358.9860111834,3612.23876953125,1.200610683955517
2460358.992955724,3605.901018415179,1.199749481635117
2460358.9999002633,3599.211181640625,1.199039792303019
2460359.006844803,3593.4817592075888,1.198345096712698
2460359.013789343,3590.6808733258927,1.1979481593234877
2460359.0207338827,3588.398856026786,1.197155708828736
2460359.027678423,3584.020542689732,1.1968287497192702
2460359.034622963,3581.947370256696,1.1964795933997205
2460359.041567503,3577.218854631696,1.1956067661329601
2460359.0485120434,3577.314488002232,1.1952827606787266
2460359.0554565834,3572.0139508928573,1.1949844681111463
2460359.062401124,3568.033551897321,1.1948873900738273
2460359.0693456642,3565.6261858258927,1.1937444394612942
2460359.0762902047,3561.267438616071,1.193227665775541
2460359.0832347446,3558.391950334821,1.1926815747141408
2460359.0901792855,3554.43896484375,1.192030846147586
2460359.097123826,3550.1157924107138,1.1915746100959714
2460359.104068367,3545.457170758928,1.1910207952961982
2460359.1110129077,3540.933733258928,1.190164277606355
2460359.117957448,3539.950823102678,1.189686561078142
2460359.1249019895,3536.8332170758927,1.1894207231950096
2460359.13184653,3531.589494977678,1.188772880981699
2460359.1387910713,3529.470493861607,1.1881212294389527
2460359.145735612,3521.3872767857138,1.1869487948039743
2460359.152680153,3521.621442522321,1.1870625543766946
2460359.1596246944,3514.7603236607138,1.1859576676542585
2460359.1665692357,3512.139090401786,1.1855716915620496
2460359.173513777,3511.314592633928,1.185416493335035
2460359.180458318,3512.188895089285,1.1856586948299694
2460359.18740286,3511.726841517857,1.1856684223669083
2460359.194347401,3511.997942243303,1.1855148555584611
2460359.201291943,3511.4672502790177,1.1856139214628671
2460359.208236484,3517.542271205357,1.186325698295176
2460359.215181026,3518.960553850446,1.1867243292584317
2460359.2221255675,3524.115652901785,1.1876341574270157
2460359.22907011,3525.2316545758927,1.1878409720857943
2460359.236014651,3528.5888671875,1.1882479575929874
2460359.2429591934,3528.453787667411,1.1881075910808536
2460359.2499037352,3528.388706752232,1.188167168639416
2460359.256848277,3529.06316266741,1.1883329126581248
2460359.26379282,3525.1899065290177,1.1879885195624655
2460359.2707373616,3524.250627790178,1.187307582213372
2460359.277681904,3519.459123883929,1.1868127425568205
2460359.284626446,3515.077253069196,1.1860591446112763
2460359.291570989,3507.866141183035,1.184707512843955
2460359.298515531,3499.457414899553,1.183768934110609
2460359.3054600735,3489.000732421875,1.1824279338201709
2460359.312404616,3480.812779017857,1.1806921145312983
2460359.3193491586,3469.6677246093745,1.1790341848044814
2460359.3262937013,3458.5827287946427,1.1773946656939027
2460359.333238244,3445.8744768415177,1.1754693201972894
2460359.3401827863,3430.4241420200888,1.1731067156175274
2460359.3471273296,3415.288330078125,1.170879608909164
2460359.354071873,3399.627057756696,1.168181983100794
2460359.3610164155,3382.409493582589,1.165875427997891
2460359.3679609583,3366.886544363839,1.1633132997285927
2460359.3749055015,3350.5813685825888,1.1608887125529739
2460359.3818500447,3336.44677734375,1.1585542103145345
2460359.388794588,3320.0305873325888,1.1557468378263753
2460359.395739131,3307.039306640625,1.1535768611033965
2460359.402683675,3295.771100725446,1.1518276639370042
2460359.409628218,3283.728306361607,1.1499697506674251
2460359.4165727613,3271.631103515625,1.1482434539575201
2460359.4235173054,3262.407505580357,1.146983213902573
2460359.4304618486,3252.611258370536,1.1453856300306464
2460359.4374063923,3245.127790178571,1.1440727475991526
2460359.444350936,3237.152762276786,1.1427938901588912
2460359.4512954797,3230.608049665179,1.1417479738664933
2460359.458240024,3222.551304408482,1.140568357881379
2460359.4651845675,3221.484793526785,1.1401467321380507
2460359.4721291116,3216.231340680803,1.1392483916579417
2460359.479073656,3212.366559709821,1.1388070177434726
2460359.4860182,3212.942138671875,1.1386224347805094
2460359.492962744,3213.2346888950888,1.1390720340308012
2460359.4999072882,3213.707624162946,1.1390463109424258
2460359.506851833,3215.8778948102677,1.1395423321774092
2460359.5137963775,3217.416399274554,1.139470024643664
2460359.520740921,3218.604387555804,1.1396504002142558
2460359.5276854658,3220.674002511161,1.1402872479126724
2460359.5346300104,3226.6526576450888,1.141056177129341
2460359.541574555,3231.510288783482,1.1418583781716092
2460359.5485190996,3234.7941545758927,1.142626842736242
2460359.555463644,3240.204136439732,1.1433607512990827
2460359.5624081898,3245.0000348772323,1.1438908876575888
2460359.5693527344,3248.700125558036,1.1445858925779064
2460359.5762972794,3252.447300502232,1.1449742644439393
2460359.5832418245,3260.8347865513388,1.146549824331469
2460359.590186369,3266.267473493303,1.1474574326990756
2460359.5971309147,3269.672607421875,1.1478661855360526
2460359.6040754598,3274.143833705357,1.1484415673928794
2460359.611020005,3277.994070870536,1.1489980661626367
2460359.6179645504,3281.8823939732138,1.1497710610551415
2460359.624909096,3285.760881696429,1.1504461426409673
2460359.6318536415,3285.8374720982138,1.1504271300740585
2460359.6387981866,3290.87810407366,1.1513779779645765
2460359.6457427326,3292.2600795200888,1.151295649079143
2460359.652687278,3291.278424944196,1.1513360996623667
2460359.659631824,3292.711460658482,1.1512657465642375
2460359.666576369,3293.849016462054,1.1514591147438709
2460359.673520915,3291.9975585937495,1.1515655007009429
2460359.6804654617,3292.8224748883927,1.1516258328481015
2460359.687410007,3293.929582868303,1.1519830486588438
2460359.6943545532,3295.27001953125,1.151790969302256
2460359.7012990993,3297.7415248325888,1.1520856267102115
2460359.7082436457,3297.0439453125,1.1520825891566615
2460359.7151881917,3296.791887555804,1.1522605288052747
2460359.722132738,3300.7180873325888,1.1528155425264284
2460359.7290772847,3299.948835100446,1.152676277510402
2460359.736021831,3302.162527901786,1.153034811904911
2460359.7429663776,3303.825334821429,1.153205031778642
2460359.749910924,3305.451520647321,1.1535016730883974
2460359.7568554706,3307.8374372209823,1.154063659741836
2460359.763800017,3308.435302734375,1.1540412836873755
2460359.770744564,3311.607421875,1.1544266073253724
2460359.777689111,3312.258335658482,1.1546195113070696
2460359.7846336574,3312.163330078125,1.1546248894884334
2460359.791578205,3312.8701171875,1.1546648245483706
2460359.798522752,3313.306640625,1.1548306303194495
2460359.8054672987,3311.840750558036,1.154936350940626
2460359.812411846,3309.1818498883927,1.1541219413122357
2460359.819356393,3300.03191266741,1.1525998112587412
2460359.8263009405,3292.899797712053,1.1516776928299353
2460359.833245488,3287.2637067522323,1.1504556033894466
2460359.840190035,3281.68505859375,1.1494613879537303
2460359.8471345827,3277.07958984375,1.1490642622791718
2460359.8540791306,3274.063581194196,1.148499844971645
2460359.8610236775,3271.8122209821427,1.1481265805332779
2460359.8679682254,3270.517822265625,1.148319199470516
2460359.874912773,3268.575439453125,1.147640133842817
2460359.8818573207,3268.272007533482,1.1474219975377487
2460359.8888018685,3265.0951799665177,1.1471605957953894
2460359.895746417,3264.9949428013388,1.147130700517148
2460359.9026909643,3262.5977260044638,1.1466015801768392
2460359.9096355126,3263.789899553571,1.1469417569074742
2460359.916580061,3263.126848493304,1.1468837853365685
2460359.923524609,3263.4633440290177,1.1469217325468934
2460359.930469157,3265.055419921875,1.1469316446325133
2460359.9374137055,3265.2387346540177,1.1472877489662254
2460359.944358254,3262.943115234375,1.147017081250089
2460359.951302802,3265.459089006696,1.1470645025822745
2460359.958247351,3265.857212611607,1.1468753496991686
2460359.9651918993,3266.085205078125,1.1470563961836773
2460359.9721364477,3261.8688616071427,1.1464769826509935
2460359.979080997,3257.7041015625,1.1458160381479787
2460359.9860255453,3256.9543108258927,1.1460772231085772
2460359.992970094,3253.745989118303,1.1450893476892077
2460359.999914643,3248.31413922991,1.1444748979052652
2460360.006859192,3245.602399553571,1.14402881020451
2460360.013803741,3243.765276227678,1.1438734584442212
2460360.02074829,3239.5088588169638,1.143104162202424
2460360.027692839,3238.924072265625,1.1430562712796695
2460360.0346373883,3238.1099330357138,1.143522165798539
2460360.0415819376,3237.2228655133927,1.1428266166217356
2460360.048526487,3237.087890625,1.1425761274965394
2460360.055471036,3232.325788225446,1.1422841922694869
2460360.062415586,3230.742606026786,1.141769120422571
2460360.0693601356,3230.8037109375,1.1415697355713101
2460360.076304685,3229.704450334821,1.1416264201441457
2460360.0832492346,3227.0959821428573,1.1412945249729958
2460360.0901937843,3227.921944754464,1.1413435207891387
2460360.097138334,3226.306431361607,1.140926042939722
2460360.104082884,3224.260358537946,1.1406121392819464
2460360.111027434,3221.972900390625,1.14016518789659
2460360.115657134,3219.8818359375,1.9740433011736187
2460360.3355679126,3161.006103515625,1.9612316914967127
2460360.340197614,3155.7871791294638,1.1297320008119918
2460360.347142166,3141.881208147321,1.1276248248899314
2460360.354086718,3130.2409319196427,1.1257112320767828
2460360.3610312706,3122.892752511161,1.124424979857377
2460360.367975823,3109.1267787388388,1.1222992001758207
2460360.3749203756,3100.285400390625,1.1207333155675556
2460360.3818649277,3093.1753627232138,1.1193842491358277
2460360.3888094807,3081.405029296875,1.1177933168911987
2460360.3957540332,3071.5907854352677,1.1162621295617547
2460360.4026985858,3061.108991350446,1.1145543061897574
2460360.4096431388,3052.610386439732,1.1129856984190987
2460360.4165876913,3042.735979352679,1.1113643783896268
2460360.4235322443,3036.0069056919638,1.1102602691558758
2460360.4304767973,3028.9257463727677,1.109348428789261
2460360.4374213507,3024.691824776786,1.1088928187919764
2460360.4443659037,3022.3948451450888,1.1079377986929944
2460360.451310457,3020.9560546875,1.1078010696322558
2460360.4582550097,3016.756975446429,1.1073842872545765
2460360.465199563,3013.371198381696,1.1067985439574388
2460360.472144117,3009.569510323661,1.1059605290910182
2460360.47908867,3007.625244140625,1.1060753322917072
2460360.4860332236,3008.528948102678,1.1060319564764387
2460360.492977777,3008.6465541294638,1.1060043702933866
2460360.499922331,3011.416678292411,1.1067171129784976
2460360.506866885,3013.822265625,1.1067488746539194
2460360.513811438,3018.2316545758927,1.1076986631765295
2460360.520755992,3020.4656459263388,1.1076147045568043
2460360.5277005457,3022.109409877232,1.108174420578343
2460360.5346451006,3026.104875837053,1.109035773275882
2460360.5415896545,3031.218331473214,1.109561205031468
2460360.5485342084,3032.9328264508927,1.1101300374528216
2460360.5554787624,3038.5740443638388,1.111325168657361
2460360.5624233168,3044.819614955357,1.1116796418046266
2460360.569367871,3048.106201171875,1.1125584997520674
2460360.576312425,3053.0979701450888,1.113107204346495
2460360.58325698,3060.088204520089,1.1141848765564224
2460360.5902015343,3066.604038783482,1.115559077640553
2460360.5971460887,3071.57958984375,1.1158650952749782
2460360.6040906436,3078.6161760602677,1.1172834733848458
2460360.6110351984,3083.305454799107,1.1178817912697598
2460360.617979753,3087.8984723772323,1.1186024053250037
2460360.6249243077,3095.283796037946,1.119920794800549
2460360.6318688625,3101.980852399554,1.121101250041639
2460360.6388134174,3106.43376813616,1.1217840454322916
2460360.6457579727,3108.83935546875,1.122502572513351
2460360.6527025276,3115.225655691964,1.1231788578356943
2460360.659647083,3114.670270647321,1.1230803114207026
2460360.6665916382,3117.978410993304,1.1236078324280234
2460360.673536194,3118.676513671875,1.1239421435633483
2460360.680480749,3119.993931361607,1.1240970809028499
2460360.687425304,3117.306780133929,1.1234718435481168
2460360.69436986,3118.413469587053,1.123887235896986
2460360.7013144153,3117.533935546875,1.123370657415521
2460360.708258971,3118.520298549107,1.1237471408063897
2460360.715203527,3115.340227399554,1.1230476689975661
2460360.7221480827,3115.127720424107,1.123498652812332
2460360.7290926385,3115.146135602678,1.1230719730205299
2460360.7360371943,3116.8009905133927,1.1238311354846429
2460360.7429817505,3115.8753138950888,1.123001730477211
2460360.749926307,3113.812186104911,1.1229004193797893
2460360.7568708626,3115.092041015625,1.1232082046663956
2460360.7638154184,3115.219377790179,1.123143067605129
2460360.770759975,3114.57568359375,1.1233718433634592
2460360.7777045313,3114.514264787946,1.1233351487089056
2460360.7846490876,3113.170793805804,1.1227389358435793
2460360.7915936443,3113.367292131696,1.1229102095158299
2460360.7985382006,3114.7875627790177,1.1228765005610166
2460360.8054827573,3112.352783203125,1.1225716425099694
2460360.812427314,3111.878696986607,1.122511141750291
2460360.8193718707,3109.503348214286,1.1221646583282843
2460360.8263164274,3106.19499860491,1.1217467646613273
2460360.8332609846,3099.596923828125,1.1206150454563837
2460360.8402055413,3089.651262555804,1.1190772302453487
2460360.8471500985,3080.952287946429,1.1175300467532627
2460360.8540946557,3073.781040736607,1.1163236960097982
2460360.861039213,3067.1823381696427,1.1154299303834316
2460360.86798377,3064.147391183035,1.114925483909485
2460360.8749283273,3058.200334821429,1.1138471315501075
2460360.881872885,3052.941441127232,1.1129195622300703
2460360.888817442,3051.5635463169638,1.1129826514828518
2460360.8957619993,3046.745465959821,1.112010842012633
2460360.902706557,3043.969900948661,1.1120885462345484
2460360.9096511146,3043.201276506696,1.1114927144617737
2460360.9165956723,3039.953717912946,1.1111202067010995
2460360.92354023,3038.219656808035,1.1108790235949633
2460360.930484788,3039.269217354911,1.1106052623595937
2460360.9374293457,3036.78662109375,1.1105690622941216
2460360.944373904,3037.208600725446,1.110265995916872
2460360.951318462,3036.791852678571,1.1103571768915108
2460360.95826302,3038.1205705915177,1.1106571061141501
2460360.965207578,3039.636474609375,1.1107112054880097
2460360.9721521363,3039.729282924107,1.1108505929675756
2460360.979096695,3039.120954241071,1.110946040111841
2460360.986041253,3037.7097865513388,1.1105565755529436
2460360.992985811,3040.5309709821427,1.1113339755515899
2460360.99993037,3040.2498256138388,1.1111722237891575
2460361.0068749283,3040.287493024554,1.110682149830259
2460361.0138194873,3037.7660784040177,1.1107266381884113
2460361.020764046,3040.692626953125,1.1111765259649375
2460361.0277086045,3042.718401227678,1.1112367091922357
2460361.034653164,3040.840471540179,1.1111818600012209
2460361.0415977226,3040.737409319196,1.1109942481252126
2460361.048542281,3043.8393205915177,1.1115132024258354
2460361.0554868407,3046.0777064732138,1.1117035960526236
2460361.0624314,3048.015171595982,1.1120578722750436
2460361.0693759588,3049.919573102678,1.112306930667936
2460361.0763205183,3051.685546875,1.1132448553125964
2460361.083265078,3052.261962890625,1.113131216370797
2460361.090209637,3052.801862444196,1.1130920687751016
2460361.0971541964,3056.130615234375,1.1132835971167607
2460361.104098756,3056.396798270089,1.1138924835513229
2460361.1110433154,3058.7431640625,1.1140957982108268
2460361.1179878754,3059.255126953125,1.1144982765447657
2460361.124932435,3061.281110491071,1.1143460585087823
2460361.1318769944,3061.566336495536,1.1143574457525383
2460361.138821555,3064.1231166294638,1.1144991004362803
2460361.1457661144,3062.0830078125,1.1145722136732739
2460361.152710675,3064.320138113839,1.115094758566726
2460361.1596552343,3065.433733258928,1.1148664327734208
2460361.1665997948,3066.216587611607,1.114817326676057
2460361.173544355,3066.802839006696,1.1153251588676998
2460361.180488915,3068.4341517857138,1.115330127298609
2460361.1874334756,3067.162981305804,1.1149942469927678
2460361.194378036,3066.312534877232,1.1153246825496157
2460361.2013225965,3068.496826171875,1.1157318309615207
2460361.208267157,3067.020368303571,1.1153242284327975
2460361.215211718,3067.839006696429,1.1154625923703307
2460361.2221562783,3068.214634486607,1.1154791701797027
2460361.2291008397,3070.22314453125,1.1159891432831461
2460361.2360454,3070.165387834821,1.115837518104292
2460361.242989961,3069.88330078125,1.1157081763521874
2460361.249934522,3068.953125,1.1158082493390076
2460361.2568790833,3068.465750558036,1.1156280703116663
2460361.2638236447,3065.931047712053,1.1150495087946053
2460361.270768205,3063.77019391741,1.1146226021819645
2460361.2777127665,3061.249616350446,1.1142052641075888
2460361.284657328,3057.167410714286,1.1135409358270743
2460361.2916018893,3054.202985491071,1.1130906982592268
2460361.2985464507,3048.755859375,1.1123510201561218
2460361.305491012,3041.995291573661,1.1111221852123085
2460361.3124355744,3034.890276227678,1.1099952489040414
2460361.3193801357,3025.6525530133927,1.1085011930123065
2460361.3263246976,3017.810407366071,1.107193215101088
2460361.3332692594,3009.0895647321427,1.1055394359322654
2460361.340213821,2998.656633649554,1.1040992340487235
2460361.347158383,2989.304129464286,1.102464850719181
2460361.3541029454,2979.7751116071427,1.1011612768156427
2460361.361047507,2969.710484095982,1.0991444666604444
2460361.3679920696,2960.623430524554,1.097869405788222
2460361.3749366314,2954.431012834821,1.0966724502108425
2460361.381881194,2945.61474609375,1.0950409983164773
2460361.388825756,2939.36865234375,1.0941499291303252
2460361.395770319,2930.2231096540177,1.0925783328850351
2460361.4027148816,2921.6274065290177,1.0913798159983112
2460361.409659444,2912.508231026786,1.089621695391352
2460361.4166040067,2906.140764508929,1.0887232204029138
2460361.4235485694,2901.46990094866,1.0879557694338862
2460361.430493132,2895.934674944196,1.0871221705912857
2460361.437437695,2887.7458844866073,1.08560921178135
2460361.444382258,2883.41570172991,1.0851248706226235
2460361.451326821,2880.300397600446,1.0842837343477072
2460361.4582713842,2878.7653459821427,1.0840749487506451
2460361.4652159475,2876.2627650669638,1.0835742604463408
2460361.4721605107,2876.7088099888388,1.0840064776593248
2460361.4791050735,2874.133196149554,1.0837870945652874
2460361.486049637,2877.400320870536,1.083705518947655
2460361.4929942004,2876.722516741071,1.0837430981074059
2460361.499938764,2876.6465541294638,1.0844086820506589
2460361.506883328,2880.4719935825888,1.0844197325940454
2460361.5138278916,2880.970354352678,1.0845424400256523
2460361.5207724553,2883.1636439732138,1.0847051240382743
2460361.5277170185,2885.0005580357138,1.0855034980965745
2460361.5346615827,2888.286725725446,1.0858312547642741
2460361.5416061464,2888.717808314732,1.0860833176544504
2460361.5485507105,2892.2345842633927,1.0865723960298805
2460361.5554952747,2892.793212890625,1.0864178752730067
2460361.562439839,2895.8512834821427,1.0869404744370457
2460361.569384403,2897.620396205357,1.087331668311107
2460361.576328967,2901.246721540179,1.087914909910338
2460361.5832735314,2906.176862444196,1.0886583699010746
2460361.5902180965,2907.517822265625,1.0888978887770453
2460361.5971626607,2910.047398158482,1.0896027518196936
2460361.604107225,2917.225760323661,1.0907130864784673
2460361.61105179,2921.150913783482,1.0912958096544585
2460361.617996355,2926.787737165178,1.0923400383541038
2460361.624940919,2931.753034319196,1.0928580814147195
2460361.631885484,2936.203962053571,1.093394937949111
2460361.638830049,2941.7726702008927,1.0944949705671523
2460361.645774614,2946.5443987165177,1.095199539329355
2460361.6527191787,2953.96142578125,1.0967881134287283
2460361.6596637443,2957.672293526786,1.0974127043940916
2460361.6666083094,2960.6098284040177,1.0977560162330473
2460361.673552875,2959.960065569196,1.0974521860406619
2460361.68049744,2958.271519252232,1.0973632702494966
2460361.687442005,2960.237444196428,1.0979053566267616
2460361.694386571,2956.4870256696427,1.0969008047335937
2460361.7013311363,2954.3662458147323,1.0968423746171678
2460361.7082757023,2951.629813058035,1.0959616770367282
2460361.7152202674,2950.9352678571427,1.095801683017419
2460361.7221648335,2948.553850446429,1.095492530392914
2460361.7291093995,2945.098074776785,1.095058846427808
2460361.736053965,2944.163609095982,1.094762201002344
2460361.742998531,2942.801932198661,1.0949093384879711
2460361.749943097,2939.7541155133927,1.0941159758883252
2460361.756887663,2936.877371651785,1.0938365658297549
2460361.7638322297,2938.431047712054,1.0940980252307497
2460361.7707767957,2936.026297433036,1.0937651134602961
2460361.777721362,2934.147216796875,1.0932513505580694
2460361.7846659287,2931.61785016741,1.0927321333358786
2460361.7916104947,2931.202776227679,1.0927695414481804
2460361.7985550617,2931.980608258929,1.0930805250822684
2460361.805499628,2929.6782924107138,1.0927552376344924
2460361.8124441947,2930.666748046875,1.0926405227919425
2460361.8193887617,2926.51140485491,1.0919080533211856
2460361.8263333286,2923.275565011161,1.091632533047691
2460361.8332778956,2921.025565011161,1.0912471122820684
2460361.8402224625,2916.501604352678,1.090442669381908
2460361.8471670295,2914.764404296875,1.0903038695722922
2460361.8541115965,2908.568219866071,1.0892684667572878
2460361.861056164,2902.4423479352677,1.0880708900866185
2460361.868000731,2899.8797084263388,1.0876228918717037
2460361.8749452983,2895.545445033482,1.0869090698782322
2460361.8818898653,2889.579973493304,1.0858487878382845
2460361.888834433,2885.7890625,1.0851168117931485
2460361.8957790006,2880.070207868304,1.0847188096095308
2460361.902723568,2877.5146833147323,1.0840531133021798
2460361.9096681364,2875.088065011161,1.083519287183069
2460361.916612704,2871.4119349888388,1.0833384991480253
2460361.9235572717,2869.5171595982138,1.0826151555172256
2460361.9305018396,2866.853550502232,1.0824220096727124
2460361.9374464075,2863.404680524553,1.0818383115206942
2460361.9443909754,2864.308384486607,1.0817200941246787
2460361.9513355438,2864.091587611607,1.0815480802336828
2460361.958280112,2865.04541015625,1.0817245230021924
2460361.96522468,2865.4901994977677,1.0821456413552952
2460361.9721692484,2865.845110212054,1.0818362203702068
2460361.979113817,2869.053641183036,1.0825128176700392
2460361.9860583856,2874.735246930804,1.083475157298808
2460361.993002954,2872.085553850446,1.0831837535106583
2460361.9999475223,2875.577322823661,1.0835077575418601
2460362.006892091,2878.9118303571427,1.0839818730497088
2460362.01383666,2879.3294154575888,1.0843596087814469
2460362.0207812293,2882.106968470982,1.0845739269095194
2460362.027725798,2885.499441964286,1.0851361933385666
2460362.034670367,2887.612583705357,1.085503999704166
2460362.041614936,2890.7382463727677,1.0862881939872338
2460362.048559505,2895.436941964286,1.0867633467603344
2460362.0555040743,2897.297188895089,1.087662028242055
2460362.0624486436,2901.774274553571,1.0878450727587283
2460362.0693932134,2904.266496930803,1.0884836650568526
2460362.076337782,2909.841482979911,1.0893988786189697
2460362.0832823515,2914.33708844866,1.0901945342816535
2460362.0902269217,2914.494768415178,1.0902494649509118
2460362.097171491,2919.647984095982,1.0907612061834608
2460362.1041160612,2918.618408203125,1.0911642435142739
2460362.1110606305,2923.362200055804,1.0913989413223684
2460362.118005198,2924.7126813616073,1.0918283851100965
2460362.124949766,2924.612130301339,1.0916837655549319
2460362.1318943365,2925.111432756696,1.091696412508232
2460362.138838906,2924.3190569196427,1.0915929594117564
2460362.145783476,2923.9301409040177,1.0916611680930053
2460362.1527280468,2921.2744838169638,1.0913521225254488
2460362.1596726165,2923.0341796875,1.0914373722550474
2460362.166617187,2920.507742745535,1.0912372776235812
2460362.1735617574,2917.8481096540177,1.09070356778423
2460362.180506328,2916.708251953125,1.0908661163600466
2460362.187450899,2916.402622767857,1.0905822363565827
2460362.1943954695,2913.166887555803,1.0896511625364746
2460362.20134004,2913.3372279575888,1.0901870182991953
2460362.208284611,2911.1816057477677,1.0892955027498996
2460362.215229182,2909.364153180804,1.0896859062865956
2460362.2221737527,2908.6904296875,1.0893319919830222
2460362.2291183234,2905.858154296875,1.0893796419072725
2460362.236062895,2906.356828962054,1.0886746755318342
2460362.243007466,2904.264718191964,1.0882642875212245
2460362.2499520374,2903.501325334821,1.0882244357144983
2460362.2568966085,2900.5517578125,1.0876890678748268
2460362.26384118,2900.291852678571,1.0878927514090873
2460362.2707857513,2894.797642299107,1.086716153097111
2460362.277730323,2890.112653459821,1.086130639103679
2460362.2846748945,2888.209716796875,1.0857519357371066
2460362.291619466,2883.10546875,1.0850643305085133
2460362.2985640382,2878.695242745536,1.0844957546920058
2460362.30550861,2873.428397042411,1.0832675623651096
2460362.312453182,2865.4507533482138,1.081961717920388
2460362.3193977536,2861.524553571429,1.0813488389453003
2460362.326342326,2856.831298828125,1.0807459400344233
2460362.3332868977,2849.71875,1.0793253568152654
2460362.3402314703,2843.96599469866,1.0779121923203936
2460362.347176043,2837.114397321429,1.0770385546806027
2460362.3541206145,2830.839215959821,1.0757293317470846
2460362.361065187,2823.9517299107138,1.0749045412527642
2460362.3680097596,2815.465471540179,1.0736588523528627
2460362.374954332,2807.711530412946,1.0722207872337381
2460362.3818989047,2802.5678362165177,1.0711323925431548
2460362.388843478,2796.348946707589,1.0701741572990722
2460362.3957880507,2790.10107421875,1.0692405531887905
2460362.4027326233,2784.5736955915177,1.0678424830904587
2460362.4096771963,2780.700544084821,1.0673965524071807
2460362.4166217693,2776.50146484375,1.066846907265553
2460362.423566342,2771.885532924107,1.0662376054287694
2460362.430510916,2768.531877790179,1.0655583874881807
2460362.437455489,2765.955740792411,1.0654406446728668
2460362.4444000623,2762.4656459263388,1.0646927514409315
2460362.451344636,2760.122419084821,1.0640564390566873
2460362.4582892093,2759.503313337054,1.0639769323264034
2460362.465233783,2755.438895089285,1.0632070674853737
2460362.4721783563,2755.398821149554,1.0631574913276303
2460362.4791229297,2753.379534040178,1.0629898254939811
2460362.4860675037,2750.890973772321,1.0621927813348482
2460362.4930120776,2752.8451799665177,1.0628585462496931
2460362.4999566516,2751.262311662946,1.0629845860143383
2460362.5069012255,2750.90625,1.0623473316396217
2460362.5138457995,2753.0124860491073,1.0629500736224406
2460362.520790374,2753.7505580357138,1.0629039831388634
2460362.527734948,2752.660400390625,1.0630535868236326
2460362.5346795223,2755.2275390625,1.0632932930199004
2460362.5416240967,2756.1047712053573,1.0632803262300163
2460362.548568671,2757.111851283482,1.0634215858240461
2460362.5555132455,2758.767020089285,1.063863025191311
2460362.5624578204,2760.343191964286,1.0639127385483291
2460362.569402395,2758.957659040179,1.0635578354004467
2460362.576346969,2758.26091657366,1.0636099898111724
2460362.583291544,2760.883823939732,1.0644265581263233
2460362.5902361195,2762.7075544084823,1.064328865517585
2460362.5971806943,2764.1553431919638,1.064760820531674
2460362.6041252688,2764.3610491071427,1.0650959336650199
2460362.6110698446,2767.125,1.0654535507235412
2460362.6180144195,2769.673932756696,1.0655839650141723
2460362.6249589953,2771.864397321429,1.0661931607472879
2460362.63190357,2774.403703962054,1.066314558384189
2460362.638848146,2776.78093610491,1.0666821101693664
2460362.645792721,2778.54638671875,1.0669421699870703
2460362.6527372967,2782.6944056919638,1.06836944026323
2460362.6596818725,2783.2905970982138,1.0679396611608334
2460362.666626448,2784.6352190290177,1.0682597278855595
2460362.6735710236,2781.7414202008927,1.067788477729973
2460362.6805156,2783.0569545200888,1.0681362093785085
2460362.6874601752,2779.272321428571,1.067029881311003
2460362.6944047515,2777.9723772321427,1.0672203761857797
2460362.701349328,2776.9506487165177,1.0669303137029997
2460362.708293904,2773.021100725446,1.0663875104646958
2460362.7152384804,2772.6301967075888,1.0660775141057155
2460362.7221830566,2771.161272321429,1.0659263640843775
2460362.729127633,2770.496337890625,1.0657248823859506
2460362.736072209,2767.810651506696,1.0653279237481161
2460362.7430167855,2767.055524553571,1.064959551127417
2460362.7499613627,2765.293840680804,1.0649033862671748
2460362.756905939,2764.036690848214,1.06483136041655
2460362.763850516,2766.6338588169638,1.064961773420771
2460362.7707950925,2764.543003627232,1.0645126157540534
2460362.7777396697,2762.28369140625,1.0645206773713407
2460362.784684247,2758.319091796875,1.0637579842756635
2460362.7916288236,2754.8717912946427,1.0632028587727231
2460362.798573401,2751.867082868303,1.0624475864477931
2460362.805517978,2748.0962611607138,1.061814727831739
2460362.8124625552,2743.5925990513388,1.0611280480147764
2460362.819407133,2741.44189453125,1.0606494851494275
2460362.82635171,2737.0894252232138,1.0602159308199801
2460362.833296288,2734.588309151786,1.0596902019193957
2460362.8402408655,2733.230503627232,1.0602177904604984
2460362.8471854436,2730.624546595982,1.0592830103978401
2460362.854130021,2725.725690569196,1.0581168107336323
2460362.861074599,2724.382638113839,1.0579084109205439
2460362.8680191766,2721.37060546875,1.0577465053324644
2460362.874963755,2717.8117675781245,1.0569264569150716
2460362.8819083325,2713.8653738839284,1.0561847001162876
2460362.8888529106,2709.387974330357,1.055449316836462
2460362.895797489,2705.612548828125,1.0545120004210295
2460362.9027420674,2703.321533203125,1.0543860944669181
2460362.909686646,2700.6126185825888,1.053491628226068
2460362.916631224,2693.3924037388388,1.0523661877078652
2460362.9235758022,2692.116315569196,1.0525047346299836
2460362.9305203813,2686.989153180803,1.0515314434688747
2460362.93746496,2684.6484374999995,1.0507294531602982
2460362.9444095385,2686.3485979352677,1.050976085031131
2460362.9513541176,2685.732526506696,1.0508309451420688
2460362.9582986967,2684.041155133928,1.0507583083179093
2460362.9652432757,2683.773716517857,1.0508527398782117
2460362.972187855,2684.428397042411,1.051378269365277
2460362.979132434,2687.1562499999995,1.0516486509637784
2460362.986077013,2688.780552455357,1.0521320818128697
2460362.9930215925,2692.5317034040177,1.0524916724947295
2460362.9999661716,2696.2586844308034,1.0528103404511413
2460363.006910751,2699.0357142857138,1.0534393306987473
2460363.0138553306,2702.8973563058034,1.0542071097518002
2460363.0207999106,2708.3912527901784,1.0550943673861337
2460363.02774449,2712.8527483258927,1.0556830802536992
2460363.0346890697,2715.4658203124995,1.0562201564760036
2460363.0416336497,2720.0575823102677,1.0568992817273213
2460363.0485782297,2724.5371791294638,1.0582909130306242
2460363.0555228097,2727.299665178571,1.0581022251063803
2460363.0624673897,2728.6452287946427,1.0590409023878942
2460363.0694119697,2731.51726422991,1.0592090864626547
2460363.07635655,2734.914864676339,1.0598032428796673
2460363.0833011307,2735.6802455357138,1.0598153796510656
2460363.0902457107,2734.784075055803,1.0595805908832194
2460363.097190291,2733.6298828125,1.0595135815761603
2460363.104134872,2730.2977818080353,1.0592585614079688
2460363.1110794526,2728.1843261718745,1.0583856607174718
2460363.118024033,2724.1939871651784,1.0584560334960285
2460363.124968614,2723.307965959821,1.057372482363628
2460363.1319131944,2720.3172781808034,1.05733540358313
2460363.138857776,2714.4279785156245,1.0562844539916638
2460363.145802357,2709.187918526786,1.0556927192424277
2460363.1527469377,2704.736990792411,1.0545178367964447
2460363.1596915196,2701.804792131696,1.0538432040276209
2460363.1666361,2694.122419084821,1.0530322316985548
2460363.1735806814,2691.030866350446,1.0520919631496342
2460363.1805252633,2689.3097795758927,1.051987446826235
2460363.1874698442,2686.6259765624995,1.0516947293905103
2460363.194414426,2681.6916503906245,1.0505486299431055
2460363.2013590075,2678.952497209821,1.050068082116469
2460363.2083035894,2678.6988699776784,1.0500130059575128
2460363.2152481712,2678.642682756696,1.049900437615724
2460363.222192753,2680.020786830357,1.0501161911935786
2460363.229137335,2678.588274274554,1.0498466123377537
2460363.2360819173,2677.389927455357,1.0495018970854115
2460363.243026499,2676.160818917411,1.0493814707884666
2460363.249971081,2674.645856584821,1.049605263201417
2460363.256915664,2672.227818080357,1.048703525363438
2460363.2638602457,2670.6169084821427,1.0487956574977055
2460363.2708048285,2669.369907924107,1.04823273989933
2460363.277749411,2665.0341796874995,1.0475452906362945
2460363.284693993,2662.532540457589,1.0469254647609028
2460363.291638576,2659.4320940290177,1.0469128289050758
2460363.2985831588,2656.317313058036,1.0460353847906254
2460363.3055277416,2650.1878836495534,1.0452115306621537
2460363.3124723244,2645.5819963727677,1.0444784715448032
2460363.3194169076,2642.7035784040177,1.0437310032192149
2460363.3263614904,2636.524762834821,1.04249760546011
2460363.3333060737,2630.033987862723,1.0415050472249323
2460363.340250657,2625.177507672991,1.040597599847032
2460363.34719524,2620.5478166852677,1.039811050773139
2460363.354139824,2614.2594517299103,1.038686080752315
2460363.3610844067,2609.912004743303,1.0378379479067246
2460363.3680289905,2604.2006312779017,1.0371144507087902
2460363.374973574,2600.4003557477677,1.0362040104465278
2460363.381918158,2597.0886056082586,1.0357908793651982
2460363.3888627416,2595.781808035714,1.0357331471423177
2460363.3958073254,2589.8508126395086,1.034512187829876
2460363.4027519096,2588.550083705357,1.0344175389460883
2460363.4096964933,2585.8340541294638,1.0336095656311948
2460363.4166410775,2582.0621337890625,1.03304532090808
2460363.423585661,2579.5979003906245,1.0331328363741659
2460363.4305302463,2580.0472412109375,1.0327132443514273
2460363.4374748305,2578.483258928571,1.0328694973343766
2460363.4444194143,2577.799490792411,1.0325148215631808
2460363.4513639994,2577.5622384207586,1.0321788242817989
2460363.4583085836,2576.3139299665177,1.0321719667110896
2460363.4652531687,2575.221993582589,1.0318703157591822
2460363.472197753,2573.800833565848,1.031820108196902
2460363.479142338,2572.819440569196,1.0317220378348575
2460363.486086923,2575.3986642020086,1.0318662121257873
2460363.493031508,2575.112339564732,1.0317759595342568
2460363.499976093,2574.9992327008927,1.0319415344092113
2460363.506920678,2574.8561488560267,1.0322178893733347
2460363.513865263,2573.7899518694194,1.0317684674120169
2460363.5208098483,2574.8454241071427,1.0322391536810542
2460363.527754434,2572.780203683036,1.031512803630242
2460363.5346990195,2575.5270472935263,1.032493231107077
2460363.541643605,2572.0353829520086,1.031282833569277
2460363.5485881907,2570.8114536830353,1.0310979112539769
2460363.5555327763,2572.4824218749995,1.0314161017543964
2460363.5624773623,2571.839669363839,1.0312895233825299
2460363.569421948,2569.6170828683034,1.0309387486741128
2460363.576366534,2570.193184988839,1.0311832949694117
2460363.58331112,2569.801025390625,1.0310388824399035
2460363.5902557056,2570.027029854911,1.0309379607875184
2460363.5972002926,2568.422031947545,1.0309734954859373
2460363.604144878,2569.319876534598,1.0310078272120846
2460363.6110894647,2572.098423549107,1.0314034166115842
2460363.6180340513,2571.905796595982,1.0312226328531457
2460363.624978638,2572.5170549665177,1.0314792342138763
2460363.6319232243,2572.0265938895086,1.0311387998078307
2460363.6388678113,2572.9242292131694,1.0315912379827397
2460363.645812398,2573.5517054966513,1.031561894475504
2460363.652756985,2574.0848563058034,1.0314842477289372
2460363.6597015723,2572.692993164062,1.0319393206213163
2460363.6666461583,2573.5311453683034,1.031685815803754
2460363.673590746,2573.6301269531245,1.0313883987021644
2460363.6805353328,2570.858014787946,1.0313604639063612
2460363.68747992,2570.2626081194194,1.0309229232098454
2460363.6944245077,2571.4056570870534,1.0315055563062374
2460363.701369095,2569.126883370536,1.0311702964653289
2460363.7083136826,2566.912824358259,1.0305946985649024
2460363.71525827,2565.3534981863836,1.030419655315865
2460363.7222028575,2564.776506696428,1.0303551356932938
2460363.7291474454,2566.903355189732,1.030587985835894
2460363.7360920333,2565.5370744977677,1.0303708506736935
2460363.743036621,2561.878261021205,1.0296055020927357
2460363.749981209,2561.395438058036,1.0295036369740693
2460363.756925797,2559.672781808036,1.0290855498493394
2460363.763870385,2559.6157052176336,1.0292146961603592
2460363.7708149734,2557.3393380301336,1.0287388691942179
2460363.777759562,2558.253766741071,1.0290512897700055
2460363.78470415,2555.9459577287944,1.0283768430591687
2460363.7916487386,2555.915876116071,1.0284494288613932
2460363.7985933274,2553.5238385881694,1.028071816556918
2460363.805537916,2550.2758614676336,1.0273162657001775
2460363.8124825046,2549.8104596819194,1.027064941004494
2460363.819427093,2546.4198695591513,1.0268034633186078
2460363.8263716823,2541.117501395089,1.0261134001458012
2460363.833316271,2538.7577950613836,1.0252600272184302
2460363.84026086,2535.206386021205,1.024733397068046
2460363.8472054494,2533.6604003906245,1.0243296745391866
2460363.8541500387,2530.746459960937,1.0243842629137199
2460363.861094628,2527.8758893694194,1.0234913009990196
2460363.8680392173,2524.762991768973,1.023037678835612
2460363.8749838066,2523.4216657366073,1.0227510221585252
2460363.881928396,2519.890241350446,1.021592084810668
2460363.8888729857,2518.0812639508927,1.021843131066957
2460363.8958175755,2513.504411969866,1.0212766224538115
2460363.902762164,2509.379045758928,1.020241507006604
2460363.9097067514,2507.536690848214,1.020023235083599
2460363.9166513416,2507.089233398437,1.019840496086473
2460363.923595932,2505.681937081473,1.0194548511951638
2460363.930540521,2505.696637834821,1.0192518690123313
2460363.937485112,2501.4738595145086,1.0186848633853238
2460363.944429702,2501.537894112723,1.0190356916465262
2460363.9513742924,2496.611258370536,1.0180228386179164
2460363.9583188836,2495.0265590122767,1.0180632782723997
2460363.9652634733,2491.154924665179,1.016672029882742
2460363.9722080645,2492.8922816685267,1.0173138549020517
2460363.979152655,2492.563895089286,1.0170140685693954
2460363.986097246,2492.1701136997767,1.0176115221095878
2460363.9930418367,2490.8180629185267,1.0166680625670006
2460363.999986428,2491.454119001116,1.0168695088007578
2460364.0069310185,2491.731811523437,1.016850928105421
2460364.0138756097,2491.9102085658483,1.0167460249072462
2460364.0208202014,2493.466238839286,1.0171921972006988
2460364.0277647926,2492.039114815848,1.0170392191661006
2460364.0347093837,2491.813581194196,1.0170750498199632
2460364.0416539754,2494.2070312499995,1.0179759514105526
2460364.0485985666,2494.4450683593745,1.0174592683078478
2460364.055543158,2495.168596540179,1.0175999342778292
2460364.0624877503,2494.440098353795,1.017387050025784
2460364.069432342,2495.418718610491,1.0174538249230236
2460364.0763769336,2494.3279331752233,1.0174576384973264
2460364.083321526,2493.1020159040177,1.0174994793849361
2460364.090266118,2492.380894252232,1.017169132281922
2460364.0972107104,2491.291730608259,1.01668374486658
2460364.1041553025,2490.4673374720983,1.016594982870619
2460364.1110998946,2489.096034458705,1.0165887911520535
2460364.1180444877,2485.9213518415177,1.0162225192125172
2460364.1249890793,2481.742047991071,1.0152423199571903
2460364.1319336724,2477.24764578683,1.0145520200479814
2460364.138878265,2476.4391566685267,1.014217701313408
2460364.145822858,2470.90811593192,1.0131610649264038
2460364.152767451,2469.497105189732,1.013207175356222
2460364.159712043,2463.5861467633927,1.012277783319391
2460364.166656636,2461.9308733258927,1.0119618891695263
2460364.173601229,2456.7660958426336,1.0109255677034996
2460364.180545823,2455.5518973214284,1.0106209306185028
2460364.187490416,2454.4069649832586,1.0104265816569447
2460364.1944350093,2449.5731898716517,1.0098016188959205
2460364.201379603,2445.742466517857,1.0087253913377128
2460364.2083241963,2445.2419084821427,1.0087136389702227
2460364.21526879,2442.6535818917405,1.0085709736641897
2460364.2222133833,2439.722429547991,1.007660186785624
2460364.2291579773,2437.3970947265625,1.0076100396024752
2460364.2361025712,2434.3615722656245,1.0067345054687122
2460364.243047165,2432.745431082589,1.0063342379587399
2460364.249991759,2430.8312465122767,1.0059851494675494
2460364.256936353,2428.2560511997767,1.0055188379459299
2460364.2638809476,2427.7738560267853,1.0055287802818997
2460364.270825542,2424.8525390625,1.005089154391191
2460364.277770136,2420.8083147321427,1.0043523328281496
2460364.2847147305,2419.7598005022323,1.0043527012916078
2460364.291659325,2416.429216657366,1.003845395903788
2460364.29860392,2414.1757638113836,1.003136768607215
2460364.3055485147,2411.383091517857,1.0027651150498476
2460364.3124931096,2407.9116210937495,1.002297978628812
2460364.3194377036,2405.636771065848,1.0016547646108676
2460364.3263822994,2401.9477190290177,1.0011046688355072
2460364.3333268943,2398.7096819196427,1.0002815418485962
2460364.340271489,2397.052629743303,1.0001298886322099
2460364.3472160846,2393.7178083147323,0.999564492799724
2460364.35416068,2389.181710379464,0.9984289033129651
2460364.361105275,2386.71590750558,0.9986787055540584
2460364.368049871,2383.451503208705,0.9978333627184082
2460364.3749944665,2381.4655936104905,0.9970199751133805
2460364.381939062,2379.001517159598,0.996540359514606
2460364.3888836578,2375.069667271205,0.9958021185951417
2460364.395828253,2375.1616908482138,0.9961152489831937
2460364.40277285,2371.0012730189733,0.9955660156742234
2460364.4097174457,2370.4850202287944,0.9950793930498146
2460364.4166620416,2366.875802176339,0.9942414351309846
2460364.423606638,2365.655587332589,0.9944570770657689
2460364.430551234,2364.8146623883927,0.9939121707300895
2460364.4374958305,2359.9017333984375,0.9932791187976567
2460364.4444404272,2357.5372663225444,0.9927456508277981
2460364.4513850235,2356.9171142578125,0.9925615233278829
2460364.4583296203,2357.654715401786,0.9923913501365423
2460364.465274217,2355.0890415736603,0.9920672768858734
2460364.472218814,2353.8168770926336,0.991968484458217
2460364.4791634106,2351.5783342633927,0.9920859900234477
2460364.486108008,2351.0575299944194,0.9912966360595282
2460364.493052605,2349.84286063058,0.9914163199778776
2460364.499997202,2348.3232421875,0.9912957707703146
2460364.506941799,2348.189732142857,0.9912159000448387
2460364.5138863963,2346.442173549107,0.9904388512037174
2460364.520830994,2347.5089460100444,0.9912284483288465
2460364.5277755912,2345.025460379464,0.9902768787944387
2460364.5347201894,2346.3459123883927,0.9905778852742243
2460364.5416647866,2342.584978376116,0.9901385363410568
2460364.548609385,2344.320347377232,0.990628254823171
2460364.5555539825,2341.3955252511164,0.990468446139154
2460364.56249858,2343.227469308036,0.990374891030521
2460364.569443179,2342.757202148437,0.9898600548817993
2460364.5763877765,2343.4248046875,0.9901325981191661
2460364.5833323747,2342.1048758370534,0.9900996710673519
2460364.590276973,2342.5056152343745,0.9901467977774997
2460364.5972215715,2342.8094656808034,0.9900594651742867
2460364.60416617,2342.189732142857,0.989696817808995
2460364.6111107687,2341.9818812779017,0.9907233759763754
2460364.6180553674,2342.409197126116,0.9905508405075844
2460364.624999966,2342.2739083426336,0.9900889745655795
2460364.6319445646,2341.7272077287944,0.9896461549160214
2460364.6388891637,2342.9538574218745,0.9900243400017876
2460364.645833763,2341.228794642857,0.9898220251672033
2460364.6527783615,2340.8774414062495,0.9896657190556067
2460364.659722961,2341.917742047991,0.989931208124697
2460364.66666756,2342.9799630301336,0.9900253890297447
2460364.673612159,2340.2458321707586,0.9895072961997714
2460364.680556759,2340.816336495536,0.989742791363528
2460364.6875013583,2342.1840297154017,0.9898911344756397
2460364.694445958,2341.126098632812,0.9900278743687593
2460364.7013905575,2340.922903878348,0.9901861318494495
2460364.7083351575,2341.055106026786,0.9897500835461677
2460364.7152797575,2339.8754882812495,0.9896811226652802
2460364.7222243575,2338.7902483258927,0.989825095248586
2460364.7291689576,2340.356794084821,0.9897641068624957
2460364.7361135576,2338.151733398437,0.9894335838569863
2460364.7430581576,2339.3564104352677,0.9891829321489248
2460364.750002758,2341.290318080357,0.9897276233875262
2460364.7569473586,2340.8733084542414,0.9896781610833556
2460364.763891959,2339.2791922433034,0.9898120416273758
2460364.77083656,2338.704659598214,0.9897177092451624
2460364.7777811605,2337.2138148716517,0.9891918047448511
2460364.7847257615,2339.5239780970983,0.9895008793901221
2460364.791670362,2338.421212332589,0.9893473147835831
2460364.7986149634,2339.028337751116,0.9892395825866273
2460364.8055595644,2340.6816231863836,0.9901273871368931
2460364.8125041653,2338.344517299107,0.9891141268512258
2460364.8194487668,2340.0740269252233,0.9898518847574302
2460364.826393368,2337.2694266183034,0.988757812494534
2460364.8333379696,2337.189488002232,0.9890261117286241
2460364.840282571,2338.093610491071,0.9895765201508026
2460364.847227173,2339.4018205915177,0.9893004646055471
2460364.854171774,2337.7276611328125,0.9890546040184142
2460364.8611163762,2338.6672014508927,0.9896071614697995
2460364.868060978,2339.31063406808,0.9895506672586043
2460364.87500558,2336.4563337053573,0.9889121182285487
2460364.881950182,2336.286254882812,0.9886541181011971
2460364.8888947843,2339.42489188058,0.9892042532031099
2460364.895839386,2336.7753557477677,0.989129338852088
2460364.9027839885,2336.748883928571,0.9888833105059064
2460364.9097285913,2336.584089006696,0.9888198143203512
2460364.9166731937,2335.371721540178,0.9888199362705837
2460364.9236177965,2337.681570870536,0.9891032224125288
2460364.930562399,2336.411185128348,0.9887371431046678
2460364.9375070017,2334.642857142857,0.9885346891513053
2460364.9444516045,2337.0465087890625,0.9888766230164897
2460364.951396208,2337.2922363281245,0.9893621747304072
2460364.9583408106,2336.6811349051336,0.9889763648582721
2460364.9652854134,2335.8348737444194,0.9894685570902229
2460364.972230017,2337.7858886718745,0.9894196750913045
2460364.97917462,2336.633370535714,0.9890760605009264
2460364.9861192238,2336.934919084821,0.9894139595677075
2460364.9930638275,2338.2079729352677,0.9889277276870713
2460365.000008431,2336.1971609933034,0.989035727062451
2460365.0069530345,2338.046316964286,0.9890409290034715
2460365.0138976383,2338.2785470145086,0.9892114811926519
2460365.0208422425,2339.610874720982,0.9893180420371434
2460365.027786846,2337.4023088727677,0.9893659068682533
2460365.03473145,2338.2284284319194,0.989396614441934
2460365.0416760542,2336.928745814732,0.9890462637517702
2460365.0486206585,2337.7879813058034,0.9889952967901863
2460365.0555652627,2339.503313337053,0.9891558809476844
2460365.062509867,2338.132847377232,0.9890833132601388
2460365.069454472,2338.7810407366073,0.9893467971484279
2460365.0763990763,2340.3910609654017,0.9895124514037402
2460365.083343681,2341.609967912946,0.9899632913222711
2460365.0902882856,2340.6293073381694,0.9893929235046993
2460365.097232891,2340.5648018973216,0.9898653980289024
2460365.1041774955,2341.027273995536,0.9898210736846337
2460365.1111221006,2341.7102050781245,0.9897752219040546
2460365.1180667058,2343.825334821428,0.9902651101116748
2460365.125011311,2342.91299874442,0.9901958871000401
2460365.131955916,2343.3560093470983,0.9905837108730902
2460365.1389005217,2343.2821393694194,0.9899789306015813
2460365.145845127,2342.700334821428,0.9902971535542496
2460365.152789733,2343.097464425223,0.9903240126247229
2460365.159734338,2344.940813337053,0.9903836625684365
2460365.166678944,2342.648960658482,0.9897625459353635
2460365.17362355,2342.6441999162944,0.9899240025004116
2460365.1805681563,2344.702671595982,0.9902924113399121
2460365.1875127624,2342.9741559709823,0.9899616241027122
2460365.1944573685,2341.4404645647323,0.9898534320349892
2460365.2014019745,2342.330932617187,0.9896921967237721
2460365.2083465806,2339.438598632812,0.9893026572292248
2460365.215291187,2342.0145786830353,0.989649424267886
2460365.2222357937,2340.880161830357,0.9894906327520485
2460365.2291804,2338.474155970982,0.9890772181876059
2460365.236125007,2340.515154157366,0.9896198833381118
2460365.243069614,2341.5414341517853,0.9898708948625091
2460365.2500142204,2341.5629359654017,0.9899143737829385
2460365.256958828,2340.71630859375,0.9895563928780953
2460365.2639034344,2341.2107456752233,0.9900053146568486
2460365.2708480414,2339.092163085937,0.9894372508609736
2460365.2777926493,2339.3539515904017,0.9894575545226537
2460365.284737256,2339.87548828125,0.9893426218245347
2460365.291681864,2342.0467006138388,0.9896833859290496
2460365.2986264713,2342.0869315011155,0.9900386246973681
2460365.305571079,2342.263706752232,0.9901931381254934
2460365.3125156863,2341.67724609375,0.9896445548322025
2460365.319460294,2340.796404157366,0.9898472914058968
2460365.326404902,2341.208025251116,0.9897440371172818
2460365.33334951,2340.0086844308034,0.9899574470128987
2460365.340294118,2341.9841831752233,0.9901707497508029
2460365.3472387264,2341.188982282366,0.9901874451193415
2460365.3541833344,2339.7685023716513,0.9895635239327967
2460365.361127943,2339.6999162946427,0.9893665233659935
2460365.368072551,2341.343314034598,0.9897246012712788
2460365.37501716,2343.0939069475444,0.9899027214735207
2460365.3819617685,2341.974243164062,0.9897331163692747
2460365.388906377,2340.0321742466517,0.9894603136233385
2460365.395850986,2341.446219308036,0.9897522886544364
2460365.4027955947,2337.8722621372767,0.9892025158249792
2460365.4097402035,2337.282819475446,0.9892489026190733
2460365.4166848133,2339.012067522321,0.9896444754559323
2460365.4236294217,2339.380528041295,0.9895343714361345
2460365.430574031,2339.150809151786,0.9890610229031429
2460365.437518641,2339.4160505022323,0.9892755003852596
2460365.4444632498,2338.2715366908483,0.9894039345893016
2460365.4514078596,2340.8115757533483,0.9893480347546797
2460365.458352469,2337.7069963727677,0.9890543526657426
2460365.4652970787,2339.0256696428573,0.9893671634064808
2460365.4722416885,2337.364013671875,0.9892524448824012
2460365.4791862983,2335.863542829241,0.9888244556114855
2460365.4861309086,2338.2778145926336,0.9892378886921502
2460365.4930755184,2338.833147321429,0.989438441393216
2460365.500020128,2338.3421630859375,0.9893015999536822
2460365.506964739,2336.938581194196,0.9891055349582167
2460365.513909349,2338.557861328125,0.9891881936086172
2460365.5208539595,2340.589285714286,0.9897010414179873
2460365.52779857,2339.6116071428573,0.989433197647395
2460365.5347431805,2339.9755684988836,0.9893769745602503
2460365.5416877912,2341.0737304687495,0.989918178857489
2460365.548632402,2341.5968889508927,0.9896474059373128
2460365.555577013,2340.3397391183034,0.9901674234451834
2460365.562521624,2340.763654436384,0.9897154579676067
2460365.5694662347,2341.8650076729905,0.9898082851908797
2460365.5764108463,2342.023053850446,0.9898459494760664
2460365.583355457,2341.7987758091517,0.989951238077048
2460365.5903000687,2344.755876813616,0.9902635902728106
2460365.5972446795,2343.5731201171875,0.9900821536759125
2460365.604189291,2344.0797991071427,0.990593344214851
2460365.611133903,2343.5693010602677,0.9905141882427317
2460365.6180785145,2343.6811000279017,0.9903948410295501
2460365.625023126,2344.5517926897323,0.9901838584447525
2460365.631967738,2344.6852504185267,0.990586055427078
2460365.63891235,2344.6151471819194,0.9904241228995828
2460365.645856962,2343.3560616629466,0.9904538165138842
2460365.6528015737,2342.8812430245534,0.9900542676262353
2460365.6597461863,2343.0933837890625,0.9899114052391798
2460365.6666907985,2346.362077985491,0.9909427463868575
2460365.6736354106,2342.7077113560267,0.9898498378715446
2460365.6805800237,2342.591413225446,0.9903403626049556
2460365.687524636,2342.27987234933,0.9898826480021664
2460365.694469251,2341.763828822545,0.9901005397955376
2460365.7014138643,2340.6149727957586,0.9894695230942769
2460365.708358477,2341.1259416852677,0.9894839597312917
2460365.71530309,2341.5194091796875,0.9897453007148401
2460365.722247703,2342.095092773437,0.9896078742160963
2460365.729192316,2339.8432094029017,0.9893291640806128
2460365.736136929,2339.73543875558,0.9896520486699768
2460365.743081542,2340.8804234095983,0.9894988888914225
2460365.7500261557,2340.6789027622767,0.9900803934354895
2460365.7569707693,2341.948765345982,0.9897610031667662
2460365.763915383,2341.0789097377233,0.9896733950868852
2460365.7708599963,2339.135899135045,0.989281463909283
2460365.77780461,2338.056518554687,0.989361490316942
2460365.784749224,2339.626883370536,0.989400429446933
2460365.791693838,2338.0087018694194,0.9891852103888136
2460365.798638452,2338.9011579241073,0.9893422461964169
2460365.8055830654,2340.41805594308,0.9894080448745529
2460365.81252768,2339.438755580357,0.9897746449744272
2460365.819472294,2336.8101981026784,0.9891639195838605
2460365.8264169083,2338.7614746093745,0.9892490760133699
2460365.8333615228,2337.58065359933,0.9890653391111471
2460365.8403061368,2338.7460414341517,0.9891570637214514
2460365.8472507517,2336.986136300223,0.9890720809115052
2460365.854195366,2337.4433244977677,0.989022534622315
2460365.861139981,2336.968924386161,0.9887703178566244
2460365.868084596,2338.8874511718745,0.9894517343107873
2460365.8750292105,2336.271868024553,0.9888392582852396
2460365.8819738254,2337.5952497209823,0.9886915152205679
2460365.8889184403,2336.0527169363836,0.98939964579542
2460365.8958630557,2338.2859235491073,0.9889609459692923
2460365.902807671,2338.129185267857,0.9891088805176412
2460365.9097522865,2337.1373291015625,0.9890521347053425
2460365.916696902,2337.146902901786,0.9892463653402473
2460365.9236415173,2337.7619803292414,0.9890859642963455
2460365.9305861327,2339.7839355468745,0.9894680799248791
2460365.937530748,2337.8200509207586,0.9891682534683442
2460365.944475364,2338.39217703683,0.9891965806170641
2460365.95141998,2339.682233537946,0.9899800831368877
2460365.958364595,2337.627214704241,0.9892157663248703
2460365.9653092115,2337.148786272321,0.9891903609302012
2460365.9722538274,2338.1457170758927,0.9891433433664364
2460365.9791984437,2337.038242885045,0.9890704028508189
2460365.9861430596,2334.9022914341517,0.98897017283992
2460365.993087676,2335.71151297433,0.9888135748957755
2460366.000032292,2334.223179408482,0.9886687503310881
2460366.006976909,2334.1713344029017,0.988333252321055
2460366.0139215253,2332.447893415179,0.9883748017544786
2460366.020866142,2332.8251429966517,0.9881733087179817
2460366.0278107584,2332.302350725446,0.988044934929848
2460366.0347553752,2333.1276332310263,0.9879282013517857
2460366.041699992,2330.748151506696,0.9877760183392934
2460366.0486446093,2330.315447126116,0.9878945166557066
2460366.055589226,2328.5883440290177,0.9880298198518921
2460366.062533843,2330.463657924107,0.9880014011509405
2460366.06947846,2328.489885602678,0.987357252243254
2460366.0764230774,2328.3141043526784,0.987349773959163
2460366.0833676946,2327.2946777343745,0.9868438090261008
2460366.090312312,2328.51651436942,0.987299584075655
2460366.097256929,2327.3219342912944,0.9870378595267445
2460366.1042015473,2328.3883405412944,0.9872219681481001
2460366.1111461646,2325.9789864676336,0.9869039528211406
2460366.1180907823,2326.1564418247763,0.9872029563157595
2460366.1250354,2326.1602085658483,0.9870665870102809
2460366.1319800173,2327.6884591238836,0.9873384629981331
2460366.138924636,2327.363420758929,0.9872654955431494
2460366.1458692537,2328.4889962332586,0.9875132040736262
2460366.152813872,2326.855590820312,0.9870348011725717
2460366.1597584896,2327.257742745536,0.9870092368750379
2460366.166703108,2327.0402657645086,0.9874536559706698
2460366.173647726,2327.032156808036,0.987291220232022
2460366.1805923446,2329.9220842633927,0.9881201480899451
2460366.187536963,2329.072684151786,0.9874692553864716
2460366.1944815814,2326.8268171037944,0.9872006051447227
2460366.2014262,2324.279610770089,0.9866100920368835
2460366.2083708183,2325.605817522321,0.9871395996392273
2460366.2153154374,2324.791573660714,0.9866892250689814
2460366.222260056,2325.158726283482,0.9866425183440756
2460366.2292046747,2329.7307128906245,0.9873337067971525
2460366.2361492934,2328.813406808036,0.9875692301983222
2460366.2430939125,2325.436366489955,0.9869498738412393
2460366.2500385316,2323.6359165736603,0.9865616166027457
2460366.2569831507,2321.8581194196427,0.9865158606982987
2460366.26392777,2321.803972516741,0.9861922564838527
2460366.270872389,2320.9877406529017,0.9857258409639024
2460366.277817008,2321.889508928571,0.9866273288197424
2460366.2847616277,2319.6474086216517,0.9855525086254088
2460366.2917062473,2319.806762695312,0.9861927496211562
2460366.2986508664,2320.5502755301336,0.9857237461798748
2460366.3055954855,2318.576032366071,0.9856904755586609
2460366.3125401055,2317.43758719308,0.9854340669913846
2460366.319484725,2319.0732421875,0.9858216947322229
2460366.3264293447,2315.601824079241,0.9850452490694556
2460366.333373965,2317.152099609375,0.9852000077993309
2460366.340318585,2316.0172119140625,0.9851734383755022
2460366.347263204,2315.5546874999995,0.985239627369627
2460366.3542078244,2316.784842354911,0.9857606117213509
2460366.361152444,2315.4547119140625,0.9849418907412638
2460366.3680970646,2315.208775111607,0.9848994001816292
2460366.3750416846,2313.958112444196,0.9848349127254106
2460366.3819863047,2314.8588344029017,0.9852976828390559
2460366.3889309256,2314.3821323939733,0.9849884045317334
2460366.395875545,2314.2658865792414,0.9853973230601124
2460366.4028201657,2314.2009102957586,0.9847285090570258
2460366.4097647867,2313.5697195870534,0.9847091499649526
2460366.4167094068,2312.9693952287944,0.9851184957070324
2460366.4236540273,2312.362897600446,0.9847923486390822
2460366.430598648,2311.917532784598,0.9844904217293508
2460366.437543269,2312.439278738839,0.9843710493679824
2460366.444487889,2312.4132777622767,0.984399921501577
2460366.45143251,2311.5594831194194,0.9842533977321549
2460366.458377131,2310.53084891183,0.9841073323598505
2460366.465321752,2309.2463378906245,0.9842355652964166
2460366.4722663723,2309.6281389508927,0.9840396759089848
2460366.4792109933,2310.1939871651784,0.9844298301511243
2460366.4861556143,2310.238612583705,0.9844603395309468
2460366.4931002352,2311.3356759207586,0.9844582740493534
2460366.5000448567,2310.7167794363836,0.9844630820306565
2460366.5069894777,2309.736171177455,0.9839139981724087
2460366.5139340986,2308.4045235770086,0.983960641939306
2460366.5208787196,2309.4308035714284,0.9838554893649483
2460366.527823341,2309.435721261161,0.9839176724539652
2460366.5347679625,2308.1447230747767,0.9840671225796443
2460366.541712584,2306.4353027343745,0.9836047201054133
2460366.5486572054,2309.0165666852677,0.9836676040090776
2460366.5556018264,2309.6533551897323,0.9840977408449884
2460366.5625464483,2308.163870675223,0.9838559291451658
2460366.5694910693,2307.4264787946427,0.9837431506423387
2460366.576435691,2308.4735281808034,0.9836702666475835
2460366.5833803127,2307.5888671875,0.983700298518923
2460366.590324934,2305.405151367187,0.9833417181917032
2460366.597269556,2305.419852120536,0.9831575429998867
2460366.604214178,2306.1247035435267,0.9835212879674291
2460366.6111587994,2305.9787423270086,0.9831414255655558
2460366.6181034213,2304.7540806361603,0.9830470430507147
2460366.625048043,2306.9008614676336,0.9838484321331603
2460366.6319926647,2306.639491489955,0.983342742110992
2460366.6389372866,2303.9403599330353,0.9832001319434287
2460366.6458819085,2306.447126116071,0.9832915505122517
2460366.6528265304,2305.6737932477677,0.9832483057693425
2460366.659771153,2304.0729806082586,0.9834175494756513
2460366.6667157747,2306.268624441964,0.9832979572687659
2460366.6736603966,2304.726300920759,0.9834136298560238
2460366.6806050185,2306.539882114955,0.9833498405329193
2460366.687549641,2305.114589146205,0.9831077310853286
2460366.694494263,2303.997488839286,0.9832611119580491
2460366.7014388847,2304.495431082589,0.9833326403465287
2460366.708383507,2304.433646065848,0.9836108689934756
2460366.715328129,2306.2233712332586,0.983557989317506
2460366.7222727514,2305.1277204241073,0.9833753437390818
2460366.7292173738,2305.556710379464,0.983295650159203
2460366.736161996,2305.0022147042414,0.9829154056124878
2460366.743106618,2305.59432547433,0.9834884451264281
2460366.750051241,2305.9419119698655,0.9835565214111194
2460366.756995863,2305.325997488839,0.9832862095225132
2460366.763940485,2304.80508858817,0.9832835491061879
2460366.7708851076,2303.783307756696,0.9828342866743126
2460366.7778297304,2302.6633823939733,0.9827395806692264
2460366.7847743523,2304.73038155692,0.9831267562706638
2460366.7917189747,2305.3539864676336,0.9834805491661194
2460366.798663597,2305.2605503627233,0.9836732401878222
2460366.8056082195,2306.051618303571,0.9835946958633075
2460366.812552842,2304.973911830357,0.9829715131264308
2460366.819497464,2304.1315743582586,0.9829380905065287
2460366.8264420866,2304.6433279854905,0.9832331127730972
2460366.8333867094,2304.5364990234375,0.9831476727594765
2460366.8403313314,2303.83651297433,0.9827466037753368
2460366.847275954,2304.603149414062,0.9835947534268711
2460366.8542205766,2304.0646623883927,0.9834589961642974
2460366.861165199,2304.363699776786,0.9834118542005507
2460366.868109822,2303.4259381975444,0.9830466360044076
2460366.8750544437,2305.8068324497767,0.9836681537682112
2460366.8819990666,2306.873814174107,0.9837728168665375
2460366.888943689,2306.2648053850444,0.9833783128837452
2460366.895888312,2305.270124162946,0.9832351551863469
2460366.902832934,2306.165823800223,0.9832912361348672
2460366.909777557,2304.637520926339,0.9834809901649321
2460366.916722179,2302.7212437220983,0.9828975744208704
2460366.923666802,2304.1781877790177,0.9835250679973243
2460366.930611424,2304.809326171875,0.9833295947786493
2460366.9375560465,2304.322108677455,0.9831589634594383
2460366.9445006694,2303.7270159040177,0.9832975886834237
2460366.9514452913,2304.537126813616,0.9828674129436014
2460366.958389914,2306.287144252232,0.9831836828518874
2460366.9653345365,2304.0451485770086,0.9829971788128978
2460366.972279159,2302.2123151506694,0.9825590904756126
2460366.9792237817,2303.858224051339,0.9830602429200396
2460366.9861684036,2305.791033063616,0.9833319928466637
2460366.9931130265,2303.48055594308,0.9832152695368935
2460367.0000576484,2304.4724121093745,0.9830209856428921
2460367.0070022712,2304.8500802176336,0.9830797949962616
2460367.013946893,2304.5133754185267,0.9828676421564256
2460367.020891516,2305.5195138113836,0.9833588584989957
2460367.0278361384,2305.5381382533483,0.9835381007844323
2460367.0347807608,2305.9907226562495,0.9835071845605471
2460367.0417253827,2305.3461390904017,0.983591807575973
2460367.048670005,2306.6572265624995,0.9837470835773127
2460367.0556146274,2304.5551234654017,0.9828863902950561
2460367.06255925,2304.1386369977677,0.9832528878267223
2460367.069503872,2304.296526227679,0.9832274346792284
2460367.076448494,2303.9106445312495,0.9828853717765947
2460367.083393116,2304.364484514509,0.9830085346052585
2460367.0903377384,2307.401471819196,0.9836566777802328
2460367.097282361,2305.31600516183,0.9830394222972453
2460367.1042269827,2300.9858224051336,0.9824466871144603
2460367.1111716046,2301.608642578125,0.9826165108168637
2460367.118116227,2302.253801618304,0.9830767044138252
2460367.125060849,2302.490897042411,0.9829833760931423
2460367.1320054713,2301.1699741908483,0.982542257841814
2460367.138950093,2301.2718854631694,0.982637123491381
2460367.145894715,2301.875871930803,0.9825780179347109
2460367.152839337,2300.7329799107138,0.9828842459216633
2460367.159783959,2301.3776681082586,0.9821745283192443
2460367.166728581,2300.139822823661,0.9824314551042249
2460367.1736732023,2300.7865513392853,0.9826843097202774
2460367.180617824,2300.5002267020086,0.9826182347634371
2460367.1875624456,2301.576520647321,0.9825366694689639
2460367.1945070676,2300.46240234375,0.9824091449344282
2460367.2014516895,2298.7414202008927,0.9818334982902304
2460367.208396311,2300.6319580078125,0.9823037703371216
2460367.2153409324,2300.284946986607,0.9824172177204039
2460367.2222855543,2301.1610281808034,0.9826230494926564
2460367.2292301753,2302.6579415457586,0.9830521530784999
2460367.236174797,2301.6484026227677,0.982603580085455
2460367.2431194186,2302.6879708426336,0.982755069508873
2460367.25006404,2301.4982038225444,0.98246244846215
2460367.257008661,2300.358921595982,0.9822023643135244
2460367.263953282,2301.477643694196,0.9822953935470716
2460367.270897904,2301.385881696429,0.9825122190223414
2460367.277842525,2299.6984863281245,0.9823017499594798
2460367.284787146,2301.4081682477677,0.9826046312150528
2460367.291731767,2301.6000104631694,0.982523155764107
2460367.298676388,2301.9095633370534,0.9829904862704616
2460367.3056210093,2299.851667131696,0.9825256550400163
2460367.31256563,2300.8118198939733,0.9820429916065055
2460367.319510251,2303.071079799107,0.9825288902819143
2460367.326454872,2301.3070417131694,0.982635641447109
2460367.333399493,2303.1535295758927,0.9827157671118686
2460367.3403441138,2300.877580915178,0.9822262518991031
2460367.347288734,2301.0707833426336,0.9825318591662301
2460367.354233355,2301.392682756696,0.9824112285451082
2460367.3611779753,2300.423583984375,0.9821851116124231
2460367.368122596,2301.1327253069194,0.9827924952721361
2460367.375067217,2300.272809709821,0.9823338359994628
2460367.382011837,2299.5069056919638,0.982467363056033
2460367.3889564574,2300.0820138113836,0.9823811742983759
2460367.395901078,2301.2990897042405,0.9825341238853743
2460367.4028456975,2298.979352678571,0.982010425264554
2460367.409790318,2301.177036830357,0.9826327224413943
2460367.416734938,2302.03768484933,0.9826530439220712
2460367.423679558,2300.065325055803,0.982469024357166
2460367.430624178,2300.1188441685267,0.9821457046435408
2460367.437568798,2300.7347586495534,0.9821501534861804
2460367.444513418,2300.7631661551336,0.9821652801613178
2460367.4514580383,2299.4635358537944,0.9821697895835863
2460367.4584026574,2301.1298479352677,0.9823074081036755
2460367.4653472775,2299.4766148158483,0.9821568422917862
2460367.472291897,2300.406529017857,0.9822922603904272
2460367.476921643,2300.449061802455,1.7022702353341237
